id,ts,originator_id,receiver_id,amount,originator_name,receiver_name,originator_state,receiver_state,account_age_days,payment_type,sec_code,channel,is_fraud
106bdbc0-9483-412a-b94a-556aa44f9d2f,2026-06-23T15:38:18.584976+00:00,ORIG-42098,RCVR-39256,3322.91,Pine Valley Foods,Avery Johnson,WA,IL,358,Tax payment,CCD,Online banking,0
ce763969-5673-449f-a08a-0576b9981efa,2026-08-12T07:48:18.584976+00:00,ORIG-13478,RCVR-83563,168.05,Pine Valley Foods,Maple Consulting,OH,TX,3317,Payroll,PPD,API,0
aae51232-9253-43d4-a040-19895bf1d260,2026-07-20T21:11:18.584976+00:00,ORIG-23396,RCVR-22156,305.95,Summit Health,Avery Johnson,GA,MA,1085,Payroll,WEB,API,0
2758c451-e1dc-4027-8c71-b8d34e1bf010,2026-08-09T11:47:18.584976+00:00,ORIG-82357,RCVR-48427,531.58,Harbor Manufacturing,Brightline Supply,NC,CO,935,Bill payment,PPD,File upload,0
5bc78704-f7db-427b-ac5b-d01d2b59627b,2026-08-11T15:50:18.584976+00:00,ORIG-57819,RCVR-31319,242.28,Harbor Manufacturing,Cedar Utilities,NY,VA,2801,Payroll,WEB,API,0
6bcdf91e-8a7d-430b-a446-7373ef178f7c,2026-07-03T05:38:18.584976+00:00,ORIG-59735,RCVR-45382,291.7,Pine Valley Foods,Cedar Utilities,FL,NY,866,Tax payment,WEB,Online banking,0
e92e8ecc-632f-4ea9-a7f6-c3fbda58f5c8,2026-06-22T04:39:18.584976+00:00,ORIG-28726,RCVR-44718,799.29,Pine Valley Foods,Brightline Supply,VA,NY,3061,Tax payment,CCD,File upload,0
0491f940-843e-4ef0-93b5-54641ae2e570,2026-07-15T11:58:18.584976+00:00,ORIG-74686,RCVR-21915,237.05,Northstar Services,Avery Johnson,FL,OH,2789,Direct deposit,WEB,Online banking,0
2ab850a7-c81f-459f-a664-f2cfd114b63c,2026-07-17T02:49:18.584976+00:00,ORIG-42953,RCVR-82512,668.43,Northstar Services,Avery Johnson,NY,OH,1094,Bill payment,PPD,Online banking,0
0524138c-77d1-4a3d-8a74-e17738eae5d6,2026-08-06T10:58:18.584976+00:00,ORIG-44522,RCVR-75612,795.94,Pine Valley Foods,Avery Johnson,WA,WA,2619,Tax payment,WEB,Online banking,0
95468ef9-268f-4c02-b9c4-58448c4786c2,2026-07-17T19:39:18.584976+00:00,ORIG-10074,RCVR-88504,310.17,Harbor Manufacturing,Maple Consulting,OH,OH,3598,Tax payment,PPD,Online banking,0
2b509ab2-bea5-4a6a-9f95-1974b48b2bbc,2026-07-07T14:49:18.584976+00:00,ORIG-26828,RCVR-96474,355.86,Summit Health,Brightline Supply,OH,FL,2210,Vendor payment,WEB,Online banking,0
f0c8a88d-26f4-490f-9300-7766f08a858b,2026-06-22T16:48:18.584976+00:00,ORIG-25860,RCVR-42493,243.22,Pine Valley Foods,Avery Johnson,OH,NY,944,Tax payment,PPD,Online banking,0
d52a2fe7-8d67-4886-be67-baf55f3e3039,2026-06-24T09:49:18.584976+00:00,ORIG-53309,RCVR-19287,532.03,Pine Valley Foods,Cedar Utilities,CO,CA,543,Tax payment,WEB,API,0
c8cf2f27-508a-4c5a-98ad-7e7e61697888,2026-07-08T19:15:18.584976+00:00,ORIG-22704,RCVR-96374,335.46,Summit Health,Cedar Utilities,GA,CO,2988,Payroll,WEB,API,0
62e28f03-704a-408d-a7a1-28d57af91865,2026-06-23T00:52:18.584976+00:00,ORIG-54473,RCVR-24322,195.8,Pine Valley Foods,Brightline Supply,NC,WA,1730,Vendor payment,CCD,API,0
5bcc5b98-b893-4ebd-9042-bd16e6b1ea77,2026-08-13T23:48:18.584976+00:00,ORIG-16630,RCVR-95477,175.09,Northstar Services,Avery Johnson,OH,CO,877,Direct deposit,PPD,Online banking,0
5c6be79e-ea5d-442a-811b-16986e0b4af3,2026-08-20T15:46:18.584976+00:00,ORIG-47388,RCVR-65444,242.25,Summit Health,Brightline Supply,IL,NY,241,Tax payment,WEB,API,0
4b206210-e9ea-4580-9b5b-16bdd03e77e1,2026-07-23T07:24:18.584976+00:00,ORIG-75909,RCVR-79615,148.68,Pine Valley Foods,Avery Johnson,TX,NY,2767,Vendor payment,CCD,Online banking,0
7640d12e-ff98-4362-955e-01e476c7f558,2026-06-30T00:00:18.584976+00:00,ORIG-91183,RCVR-20745,814.75,Summit Health,Cedar Utilities,TX,CA,2935,Bill payment,PPD,Online banking,0
5b5671db-1fb0-4a48-a41b-4c1c78cd069f,2026-08-08T22:34:18.584976+00:00,ORIG-51441,RCVR-19508,576.35,Northstar Services,Maple Consulting,IL,NY,411,Payroll,WEB,Online banking,0
c58b801f-f81e-4701-a996-538ec00ed7e9,2026-07-27T17:08:18.584976+00:00,ORIG-42018,RCVR-58434,338.96,Harbor Manufacturing,Brightline Supply,MA,CO,1241,Tax payment,WEB,API,0
7127e84e-3ed2-48b9-adfb-214687ef5bcb,2026-07-01T08:56:18.584976+00:00,ORIG-27601,RCVR-44664,583.66,Northstar Services,Avery Johnson,VA,CO,1156,Tax payment,PPD,File upload,0
50191466-7b1a-49b9-85e3-80f993340072,2026-08-02T07:43:18.584976+00:00,ORIG-74032,RCVR-42914,1110.37,Northstar Services,Avery Johnson,IL,OH,182,Payroll,CCD,File upload,0
12ccc4cf-c00a-41ce-9296-3032902ba311,2026-06-23T20:41:18.584976+00:00,ORIG-67912,RCVR-82309,538.52,Summit Health,Avery Johnson,FL,WA,149,Bill payment,WEB,API,0
024b08b2-058b-46ad-b354-eddcae65229a,2026-07-12T17:35:18.584976+00:00,ORIG-15229,RCVR-56898,562.46,Pine Valley Foods,Brightline Supply,IL,MA,2295,Direct deposit,WEB,File upload,0
19e325ff-a77f-4ed9-a63b-f4b31c475b4c,2026-07-30T07:19:18.584976+00:00,ORIG-13248,RCVR-33509,695.98,Harbor Manufacturing,Maple Consulting,FL,NC,3227,Payroll,CCD,File upload,0
4c0e90c1-3e87-496a-b5f5-ea74d5d015c0,2026-07-09T00:14:18.584976+00:00,ORIG-50001,RCVR-39831,568.1,Pine Valley Foods,Avery Johnson,NY,MA,1143,Payroll,CCD,Online banking,0
421f78ba-06ae-46a4-a030-ac5b7087723d,2026-07-05T11:40:18.584976+00:00,ORIG-13617,RCVR-25118,159.23,Harbor Manufacturing,Brightline Supply,OH,MA,1789,Tax payment,WEB,Online banking,0
85bdc703-3d98-4b45-a1e7-513aaa8822f4,2026-06-29T08:54:18.584976+00:00,ORIG-67154,RCVR-10221,71.59,Pine Valley Foods,Cedar Utilities,CA,WA,1354,Tax payment,CCD,API,0
8e843a25-afb5-4fbf-8f6c-45b691546e85,2026-08-09T12:14:18.584976+00:00,ORIG-50538,RCVR-97410,337.55,Summit Health,Cedar Utilities,IL,OH,523,Vendor payment,CCD,API,0
6b3e41bc-a473-4505-bc8b-efa6834b6e22,2026-07-17T08:13:18.584976+00:00,ORIG-84593,RCVR-49446,293.1,Summit Health,Avery Johnson,FL,TX,3220,Tax payment,WEB,API,0
68374f1a-0d2f-4887-ac82-a638dd76c577,2026-07-09T12:42:18.584976+00:00,ORIG-77000,RCVR-72021,176.34,Pine Valley Foods,Avery Johnson,VA,GA,2538,Bill payment,PPD,File upload,0
3d0992c4-df64-4830-b541-e9a351006892,2026-07-30T11:24:18.584976+00:00,ORIG-29313,RCVR-13201,760.78,Northstar Services,Brightline Supply,GA,GA,3631,Tax payment,PPD,File upload,0
0ca0e404-9c21-47ef-91a2-cc7b7e6f9d02,2026-07-16T21:40:18.584976+00:00,ORIG-95990,RCVR-10726,63.64,Northstar Services,Maple Consulting,GA,FL,2852,Tax payment,CCD,Online banking,0
289663d5-b348-45e0-bcdd-f880d0cfe5dc,2026-07-29T04:06:18.584976+00:00,ORIG-27477,RCVR-70901,676.08,Harbor Manufacturing,Maple Consulting,CO,NY,2069,Direct deposit,WEB,Online banking,0
b9cafd2e-be7b-478f-a918-e92cc2b26c5e,2026-08-06T08:47:18.584976+00:00,ORIG-43972,RCVR-42406,505.13,Harbor Manufacturing,Maple Consulting,NY,NY,319,Bill payment,PPD,Online banking,0
7ba9061a-d5b5-406d-9305-c3b82c0eb914,2026-07-22T18:04:18.584976+00:00,ORIG-29769,RCVR-40311,535.83,Summit Health,Brightline Supply,CO,FL,1671,Bill payment,WEB,API,0
0a2b5bae-fcc7-40f0-b771-efc9e2cef3c8,2026-08-15T04:27:18.584976+00:00,ORIG-86556,RCVR-12560,151.3,Summit Health,Maple Consulting,NC,NC,3088,Direct deposit,CCD,API,0
7087d9f4-e88c-4918-ab51-e7098ed65c23,2026-07-02T03:26:18.584976+00:00,ORIG-38760,RCVR-45774,161.94,Summit Health,Maple Consulting,GA,NY,2783,Direct deposit,WEB,Online banking,0
62ce8fa0-0996-4123-b27c-13c17702a99c,2026-07-09T07:27:18.584976+00:00,ORIG-13534,RCVR-61645,498.95,Northstar Services,Avery Johnson,TX,OH,1893,Vendor payment,PPD,Online banking,0
86338a7c-6d09-4762-a209-fad469b6f409,2026-07-22T01:22:18.584976+00:00,ORIG-59692,RCVR-46471,910.06,Summit Health,Cedar Utilities,MA,MA,3070,Tax payment,PPD,Branch initiated,0
3de9cfb3-08fd-4453-bdc6-d0071fdea15f,2026-07-19T23:58:18.584976+00:00,ORIG-15276,RCVR-14067,1277.49,Pine Valley Foods,Brightline Supply,CO,VA,979,Vendor payment,CCD,API,0
b7968dc7-a06a-425d-ab5c-ddea4a3025ec,2026-06-30T12:28:18.584976+00:00,ORIG-43586,RCVR-58351,618.57,Pine Valley Foods,Avery Johnson,NY,WA,1276,Payroll,WEB,Online banking,0
ec5537a6-7965-4033-b6cd-34009ce36631,2026-07-23T11:00:18.584976+00:00,ORIG-35995,RCVR-19961,580.14,Pine Valley Foods,Avery Johnson,NC,NC,2804,Tax payment,PPD,File upload,0
ae40c935-9c69-4c40-8c9e-83a7e367b612,2026-06-30T08:11:18.584976+00:00,ORIG-66148,RCVR-96706,408.15,Harbor Manufacturing,Avery Johnson,MA,OH,3481,Direct deposit,CCD,Online banking,0
3c992620-8759-4210-9f18-bbacf3d05ca3,2026-07-18T21:16:18.584976+00:00,ORIG-30052,RCVR-67080,2579.52,Pine Valley Foods,Cedar Utilities,NY,WA,3174,Direct deposit,CCD,Online banking,0
c8cff4a2-b037-4890-8a0b-6f2b9431ba2f,2026-06-27T22:12:18.584976+00:00,ORIG-46559,RCVR-69087,528.93,Pine Valley Foods,Maple Consulting,GA,CO,1379,Payroll,CCD,File upload,0
95a6a457-1cd9-4133-a790-a0d1a595445a,2026-08-04T07:14:18.584976+00:00,ORIG-54608,RCVR-46655,414.24,Harbor Manufacturing,Avery Johnson,MA,IL,990,Direct deposit,CCD,API,0
4ba9d2db-bbb8-4892-90e9-cf4a18f20fa2,2026-07-29T23:29:18.584976+00:00,ORIG-74332,RCVR-68743,258.66,Northstar Services,Avery Johnson,VA,WA,998,Bill payment,WEB,API,0
8ca57b2c-7e40-4a53-a0a5-c33f7ad68fec,2026-07-08T18:37:18.584976+00:00,ORIG-82140,RCVR-53357,272.13,Harbor Manufacturing,Maple Consulting,MA,NC,496,Vendor payment,CCD,Online banking,0
3152e1d4-0e85-4eda-af79-d27671d8455f,2026-07-03T01:52:18.584976+00:00,ORIG-35105,RCVR-38361,421.66,Summit Health,Cedar Utilities,WA,FL,413,Vendor payment,CCD,Online banking,0
ed791b92-7345-447a-96c6-4e0da1cecaeb,2026-08-04T12:29:18.584976+00:00,ORIG-26591,RCVR-45954,506.18,Northstar Services,Avery Johnson,WA,OH,519,Direct deposit,PPD,File upload,0
6cda5a59-d5b2-451a-9d54-3c46f033d836,2026-06-29T14:25:18.584976+00:00,ORIG-54657,RCVR-34164,1195.82,Northstar Services,Cedar Utilities,NY,NY,3369,Payroll,CCD,API,0
88ac187b-44dd-4020-93f7-6f2b9990deb8,2026-06-29T07:57:18.584976+00:00,ORIG-29555,RCVR-83772,957.44,Harbor Manufacturing,Avery Johnson,CA,FL,3240,Tax payment,PPD,File upload,0
bbca57eb-4e58-464e-9db4-6dfbe75927ff,2026-07-17T05:32:18.584976+00:00,ORIG-87139,RCVR-66207,694.17,Harbor Manufacturing,Avery Johnson,NY,IL,3126,Vendor payment,WEB,Online banking,0
a069de8c-2a7a-478c-a050-717e5fb79ed5,2026-08-13T11:07:18.584976+00:00,ORIG-19838,RCVR-30517,344.89,Northstar Services,Maple Consulting,FL,OH,1194,Payroll,PPD,Online banking,0
d968be61-dc80-42d2-8b27-17c3aeabd9b6,2026-07-26T02:52:18.584976+00:00,ORIG-40595,RCVR-44675,212.86,Pine Valley Foods,Maple Consulting,NY,CO,612,Bill payment,PPD,Online banking,0
51d21565-763b-4d74-8a2f-8037f70d038a,2026-08-05T18:01:18.584976+00:00,ORIG-84607,RCVR-47828,380.74,Summit Health,Avery Johnson,TX,WA,1650,Bill payment,WEB,API,0
6949884a-5e1c-4653-bcc5-c0faeabc0cd6,2026-07-12T00:11:18.584976+00:00,ORIG-52247,RCVR-89129,1116.06,Harbor Manufacturing,Avery Johnson,CA,NC,86,Bill payment,WEB,Online banking,0
c93f895b-c9fe-45fb-88b1-40b0476ad0fb,2026-08-04T21:46:18.584976+00:00,ORIG-46458,RCVR-33788,1259.81,Summit Health,Maple Consulting,VA,NY,1674,Bill payment,CCD,API,0
69e29712-f1fc-43c0-be71-dc2330651279,2026-08-06T05:09:18.584976+00:00,ORIG-47777,RCVR-96846,370.63,Summit Health,Avery Johnson,WA,NY,1326,Payroll,CCD,File upload,0
1fdcdfb7-3ff0-401f-a643-e52e093f6f8f,2026-08-20T17:58:18.584976+00:00,ORIG-64165,RCVR-17104,552.59,Pine Valley Foods,Cedar Utilities,OH,NY,1812,Payroll,PPD,Online banking,0
7d83ed13-3f06-4730-9d1a-425894e730b1,2026-08-08T22:16:18.584976+00:00,ORIG-73532,RCVR-25915,596.82,Northstar Services,Brightline Supply,NY,WA,58,Tax payment,CCD,Online banking,0
ebd28be4-e26c-44f9-b172-73a5f9a450d1,2026-08-10T12:37:18.584976+00:00,ORIG-30181,RCVR-75323,326.98,Harbor Manufacturing,Cedar Utilities,CO,VA,1936,Vendor payment,CCD,API,0
34522c09-3b78-487b-a313-4fffee699eb6,2026-07-16T22:31:18.584976+00:00,ORIG-27892,RCVR-19150,152.85,Harbor Manufacturing,Maple Consulting,TX,OH,1096,Payroll,CCD,File upload,0
38c2b177-6605-466a-9c3a-381782fa75ac,2026-06-28T10:17:18.584976+00:00,ORIG-29476,RCVR-68529,162.52,Summit Health,Cedar Utilities,VA,NY,1547,Direct deposit,CCD,File upload,0
88b7b8fd-9a3e-47eb-a7b6-2e94bbd82f21,2026-07-30T02:48:18.584976+00:00,ORIG-15720,RCVR-51704,260.91,Summit Health,Maple Consulting,GA,NC,3363,Vendor payment,CCD,Branch initiated,0
8cbb1693-2c96-408e-a3d9-e8e3bc7f521f,2026-08-09T08:41:18.584976+00:00,ORIG-23154,RCVR-67711,180.82,Northstar Services,Maple Consulting,TX,MA,1630,Payroll,CCD,File upload,0
ff593cd7-1f02-48b6-baee-e24020ddd6c6,2026-07-03T06:46:18.584976+00:00,ORIG-73956,RCVR-80912,136.83,Northstar Services,Avery Johnson,MA,VA,1179,Vendor payment,WEB,Online banking,0
7e9bb29f-14b9-4627-8b3f-04c3288d0ed3,2026-08-11T21:25:18.584976+00:00,ORIG-68153,RCVR-31805,263.68,Harbor Manufacturing,Avery Johnson,WA,CO,598,Vendor payment,WEB,Online banking,0
c3adc09c-a1f7-4716-a4aa-26a9242acd63,2026-08-04T11:08:18.584976+00:00,ORIG-60140,RCVR-91226,377.28,Pine Valley Foods,Maple Consulting,CO,TX,1047,Payroll,CCD,Branch initiated,0
31f2051e-b211-499f-9f27-c5bcca029068,2026-07-02T02:25:18.584976+00:00,ORIG-87014,RCVR-49210,372.57,Summit Health,Cedar Utilities,NY,MA,1577,Direct deposit,PPD,Online banking,0
1da40a95-1a6d-4fe7-b358-9f3348d2b44c,2026-06-29T19:05:18.584976+00:00,ORIG-48696,RCVR-12875,639.59,Summit Health,Cedar Utilities,IL,WA,3286,Bill payment,PPD,API,0
72f0f18d-fa47-4185-965b-2ba570f40848,2026-06-25T08:07:18.584976+00:00,ORIG-99241,RCVR-27927,259.92,Northstar Services,Avery Johnson,WA,VA,2375,Bill payment,WEB,Online banking,0
61a1b804-86df-4a42-a12e-bea2a0d39a05,2026-07-24T23:48:18.584976+00:00,ORIG-36318,RCVR-27322,714.98,Harbor Manufacturing,Cedar Utilities,NC,FL,3379,Direct deposit,CCD,File upload,0
2cffc8fb-7f65-4c37-9e44-ea0852af4bef,2026-07-21T00:32:18.584976+00:00,ORIG-28449,RCVR-39571,168.9,Summit Health,Cedar Utilities,NY,CO,1085,Tax payment,PPD,API,0
c1739450-346d-4b0d-9a3c-96a60b578328,2026-07-27T23:46:18.584976+00:00,ORIG-24201,RCVR-98452,1024.88,Pine Valley Foods,Maple Consulting,VA,MA,908,Payroll,WEB,File upload,0
e5f91b47-735b-4c27-8f5a-c40d669d92fd,2026-07-24T08:20:18.584976+00:00,ORIG-15943,RCVR-14877,211.56,Harbor Manufacturing,Maple Consulting,CO,FL,2203,Vendor payment,CCD,API,0
280dcbbc-3d19-4361-948d-07a9a88a94e9,2026-07-02T16:24:18.584976+00:00,ORIG-30253,RCVR-64379,4635.62,Northstar Services,Maple Consulting,WA,WA,1147,Payroll,WEB,Online banking,0
d08f250e-d0d4-45f6-9597-31603ed97526,2026-07-11T11:53:18.584976+00:00,ORIG-23022,RCVR-99873,184.78,Harbor Manufacturing,Cedar Utilities,GA,MA,502,Direct deposit,PPD,API,0
c0f29a95-7b57-4938-9478-66cf5f1847db,2026-06-23T10:39:18.584976+00:00,ORIG-53713,RCVR-41925,249.49,Pine Valley Foods,Brightline Supply,CA,CA,3564,Vendor payment,CCD,File upload,0
be8dfca9-c06a-4438-883e-355f6fef1f67,2026-06-27T14:32:18.584976+00:00,ORIG-80807,RCVR-42853,1728.92,Pine Valley Foods,Avery Johnson,FL,FL,4,Bill payment,CCD,API,1
bd821429-8bc3-478d-8d77-b26b77c503db,2026-08-19T10:00:18.584976+00:00,ORIG-65176,RCVR-78955,351.54,Northstar Services,Avery Johnson,CA,FL,2104,Tax payment,PPD,API,0
d53b82dd-35cd-4ee5-b3bd-52a2b34189ef,2026-07-31T16:30:18.584976+00:00,ORIG-96363,RCVR-78347,488.02,Harbor Manufacturing,Maple Consulting,CA,WA,1963,Direct deposit,CCD,API,0
d96f886a-dc6c-45a3-94aa-73ebf7967c92,2026-07-07T05:28:18.584976+00:00,ORIG-20589,RCVR-52219,112.14,Pine Valley Foods,Avery Johnson,NY,CO,2399,Tax payment,WEB,Online banking,0
655d02ea-ff9d-401e-b1ec-628827b188fd,2026-06-27T11:27:18.584976+00:00,ORIG-89354,RCVR-66387,1480.77,Northstar Services,Avery Johnson,NY,OH,3151,Tax payment,WEB,File upload,0
0eacc4ba-6a16-48a7-91c9-5c52a2c8c605,2026-07-12T16:58:18.584976+00:00,ORIG-54424,RCVR-69441,620.02,Summit Health,Maple Consulting,GA,NC,1282,Bill payment,CCD,Branch initiated,0
1db61ba6-0511-4eec-809e-5a39ddba17f2,2026-07-08T16:25:18.584976+00:00,ORIG-66606,RCVR-22656,480.77,Harbor Manufacturing,Brightline Supply,CO,CO,2302,Tax payment,CCD,API,0
c2aa4bd4-58a4-491d-8e6e-8c673f2b3064,2026-07-14T11:03:18.584976+00:00,ORIG-16743,RCVR-47700,143.25,Harbor Manufacturing,Cedar Utilities,VA,NC,635,Direct deposit,PPD,File upload,0
d823e494-5fbf-4c6c-a333-8b8832fb8b7a,2026-07-19T23:38:18.584976+00:00,ORIG-46512,RCVR-85248,1164.72,Pine Valley Foods,Maple Consulting,MA,CO,2634,Tax payment,PPD,API,0
6f9385db-4b08-442f-8386-c5345cc44a73,2026-06-21T23:25:18.584976+00:00,ORIG-33647,RCVR-45818,319.21,Harbor Manufacturing,Cedar Utilities,IL,CA,588,Tax payment,WEB,Online banking,0
77b605ea-9870-49fa-a8d0-9986127d8b7d,2026-08-07T22:33:18.584976+00:00,ORIG-79531,RCVR-38197,375.86,Summit Health,Maple Consulting,CA,CO,1278,Bill payment,WEB,API,0
6bb083f4-d9b0-4dc0-8b8c-b80cba04924a,2026-08-16T01:33:18.584976+00:00,ORIG-98338,RCVR-20693,604.92,Harbor Manufacturing,Maple Consulting,TX,CA,1812,Direct deposit,CCD,Online banking,0
21844375-7789-45ec-b6b7-6c01123138f5,2026-07-05T05:14:18.584976+00:00,ORIG-47125,RCVR-98895,153.37,Summit Health,Cedar Utilities,NC,CO,2456,Payroll,PPD,Online banking,0
f33b58b2-2888-4a2f-9620-dd389fc66556,2026-08-01T15:02:18.584976+00:00,ORIG-53007,RCVR-25726,593.22,Northstar Services,Maple Consulting,IL,IL,1559,Tax payment,WEB,Online banking,0
575894bc-77a0-486b-9375-438c366584f5,2026-06-30T23:55:18.584976+00:00,ORIG-62044,RCVR-15544,381.4,Summit Health,Avery Johnson,MA,CO,1284,Tax payment,CCD,API,0
9cb0d8d2-79f7-4665-8734-13dc601939c7,2026-06-23T14:04:18.584976+00:00,ORIG-12733,RCVR-52568,180.67,Pine Valley Foods,Maple Consulting,CO,NC,2148,Payroll,CCD,File upload,0
080827dc-863b-4262-a036-cdc344352aa6,2026-07-20T22:48:18.584976+00:00,ORIG-76910,RCVR-92998,900.31,Northstar Services,Brightline Supply,FL,CO,2981,Vendor payment,PPD,Online banking,0
17d35caf-4202-402f-842f-6bdd3020b7ca,2026-07-28T13:18:18.584976+00:00,ORIG-95918,RCVR-19876,362.74,Pine Valley Foods,Maple Consulting,TX,FL,2375,Direct deposit,WEB,Branch initiated,0
7ba827b1-5997-47fd-aab5-9814668d4235,2026-06-30T11:19:18.584976+00:00,ORIG-92210,RCVR-51436,149.03,Pine Valley Foods,Maple Consulting,TX,MA,1242,Bill payment,WEB,Online banking,0
49281cb1-a763-419a-bea2-abf56f83f9ec,2026-07-05T16:11:18.584976+00:00,ORIG-14929,RCVR-17456,1322.65,Harbor Manufacturing,Cedar Utilities,NY,NY,2078,Direct deposit,CCD,API,0
1123c8ac-d1de-40b7-ad1d-17abc3a7c923,2026-08-17T02:52:18.584976+00:00,ORIG-34672,RCVR-52143,1178.26,Summit Health,Brightline Supply,TX,VA,3323,Bill payment,WEB,Online banking,0
5fae854e-2fae-49d3-8baa-df2fb1c68304,2026-06-23T00:59:18.584976+00:00,ORIG-67377,RCVR-67595,321.14,Pine Valley Foods,Cedar Utilities,GA,WA,1676,Bill payment,WEB,API,0
be2e88ec-4db2-4398-817b-9abaf656e9e4,2026-06-24T10:17:18.584976+00:00,ORIG-22387,RCVR-83133,198.36,Summit Health,Cedar Utilities,CO,MA,2714,Direct deposit,PPD,API,0
9ad30ce2-4f44-4041-a7e2-3160285ba4e3,2026-08-13T03:24:18.584976+00:00,ORIG-53054,RCVR-26750,407.94,Northstar Services,Maple Consulting,NC,VA,1267,Vendor payment,PPD,Online banking,0
16576252-22f8-49f4-ab19-f37a9eda9819,2026-07-07T14:12:18.584976+00:00,ORIG-20114,RCVR-48770,2176.66,Northstar Services,Avery Johnson,FL,FL,2533,Vendor payment,WEB,Online banking,0
f5d18a99-ed35-463c-a37b-b0caa16f89e8,2026-08-06T02:02:18.584976+00:00,ORIG-31697,RCVR-67366,216.45,Northstar Services,Maple Consulting,WA,TX,1821,Tax payment,CCD,File upload,0
64285df8-0017-41a5-8901-69ea439ebb0a,2026-07-10T23:47:18.584976+00:00,ORIG-71474,RCVR-35430,376.66,Harbor Manufacturing,Maple Consulting,GA,IL,1566,Tax payment,WEB,Online banking,0
d1fb9545-b412-4708-b5a9-ff9ba16fd391,2026-08-06T02:27:18.584976+00:00,ORIG-42768,RCVR-16839,436.24,Summit Health,Cedar Utilities,TX,FL,3466,Tax payment,PPD,Online banking,0
83fea279-f6e6-4009-b18d-8e65f2c7074d,2026-08-06T06:16:18.584976+00:00,ORIG-67340,RCVR-22021,336.49,Pine Valley Foods,Maple Consulting,OH,FL,1533,Vendor payment,CCD,Branch initiated,0
908a40ed-2b91-45a8-b08b-2fa3ba27e3db,2026-07-17T17:28:18.584976+00:00,ORIG-95191,RCVR-53947,327.06,Pine Valley Foods,Brightline Supply,MA,CO,3110,Direct deposit,CCD,API,0
412c3b96-2c63-4623-812d-6bb4075389b9,2026-08-13T15:24:18.584976+00:00,ORIG-81932,RCVR-89807,2343.31,Summit Health,Avery Johnson,GA,FL,32,Payroll,CCD,API,1
cb1634d3-c845-46b3-b31b-75f337bbf23e,2026-06-25T03:55:18.584976+00:00,ORIG-88215,RCVR-80261,599.89,Northstar Services,Brightline Supply,CO,NY,8,Tax payment,CCD,Online banking,0
9f008d3c-cedc-495c-8b6b-4317b3aa6369,2026-07-13T22:28:18.584976+00:00,ORIG-78614,RCVR-57265,309.2,Northstar Services,Avery Johnson,VA,CO,2605,Direct deposit,CCD,Online banking,0
8701b5e7-0c33-42ef-bde7-bf21de30cdcf,2026-08-19T09:00:18.584976+00:00,ORIG-41604,RCVR-96127,194.76,Northstar Services,Cedar Utilities,CO,MA,1388,Vendor payment,WEB,API,0
398436d4-8eb5-4760-8701-38d57bb9bab1,2026-07-08T07:06:18.584976+00:00,ORIG-69988,RCVR-14847,2489.12,Harbor Manufacturing,Brightline Supply,FL,CO,2226,Direct deposit,CCD,Online banking,0
c8bd2580-cfa0-4d51-b848-9a823ad08b4d,2026-06-22T23:18:18.584976+00:00,ORIG-95948,RCVR-53506,799.54,Harbor Manufacturing,Avery Johnson,MA,CA,1640,Direct deposit,CCD,Online banking,0
ce0e25bf-f949-4d64-ba36-0307f55e31b4,2026-08-03T20:22:18.584976+00:00,ORIG-78062,RCVR-44959,103.26,Northstar Services,Maple Consulting,NY,MA,3370,Vendor payment,WEB,Online banking,0
fd79a364-cd2b-4bfa-8673-3ae46b3b2b09,2026-08-11T12:21:18.584976+00:00,ORIG-50173,RCVR-68447,587.88,Summit Health,Brightline Supply,VA,IL,175,Bill payment,WEB,Branch initiated,0
6a857039-aac0-4b6b-8265-a4e44f6e83c7,2026-07-26T20:42:18.584976+00:00,ORIG-97973,RCVR-93560,431.52,Summit Health,Cedar Utilities,CA,CO,657,Payroll,PPD,File upload,0
3d2b9662-a630-4bdc-884b-4395b4fd8246,2026-07-11T23:16:18.584976+00:00,ORIG-94562,RCVR-58015,506.37,Harbor Manufacturing,Maple Consulting,CO,GA,95,Bill payment,TEL,File upload,1
7631394e-68e0-42aa-ae2d-701b04c3c7d2,2026-06-29T14:43:18.584976+00:00,ORIG-51207,RCVR-95139,174.58,Harbor Manufacturing,Brightline Supply,MA,NC,2302,Payroll,CCD,File upload,0
ad83c97d-04ae-4a68-9ecf-96b7ae3acb44,2026-07-11T05:35:18.584976+00:00,ORIG-74382,RCVR-36237,923.77,Northstar Services,Brightline Supply,TX,IL,2923,Direct deposit,PPD,File upload,0
47b5bb92-a642-451f-af91-d3dbba70f290,2026-07-22T18:19:18.584976+00:00,ORIG-82089,RCVR-81063,1936.58,Harbor Manufacturing,Cedar Utilities,WA,CO,2870,Vendor payment,CCD,API,0
3f484873-4f7a-4dda-80ae-f15d8f70698f,2026-08-09T19:21:18.584976+00:00,ORIG-74752,RCVR-13445,34.17,Harbor Manufacturing,Cedar Utilities,FL,GA,533,Tax payment,PPD,Online banking,0
a59ecff9-981b-4e33-8396-1e3e55303a65,2026-07-15T14:41:18.584976+00:00,ORIG-78903,RCVR-63843,199.17,Summit Health,Avery Johnson,WA,NY,305,Direct deposit,CCD,API,0
8a056acd-6c18-4bd3-be95-db1180394125,2026-07-20T11:52:18.584976+00:00,ORIG-87042,RCVR-33850,414.87,Pine Valley Foods,Maple Consulting,OH,VA,3407,Payroll,WEB,Online banking,0
a491591c-0ff4-44e6-9ff8-3a0975f1e762,2026-08-05T20:47:18.584976+00:00,ORIG-55353,RCVR-78012,167.46,Harbor Manufacturing,Avery Johnson,WA,GA,2258,Bill payment,PPD,API,0
e8cd336e-227e-4b11-839e-0f6045e3fabd,2026-06-25T22:14:18.584976+00:00,ORIG-32103,RCVR-87569,838.03,Pine Valley Foods,Brightline Supply,OH,VA,2480,Bill payment,WEB,Online banking,0
1110dc54-a9de-4697-b49c-f324896ac9b3,2026-08-18T06:30:18.584976+00:00,ORIG-44688,RCVR-95344,471.87,Pine Valley Foods,Maple Consulting,VA,TX,3643,Tax payment,CCD,API,0
ecbe5217-3580-4201-99e2-fa688f611091,2026-07-24T08:32:18.584976+00:00,ORIG-48985,RCVR-69446,190.03,Northstar Services,Avery Johnson,VA,NC,1904,Vendor payment,CCD,API,0
fc0b8953-580e-45ac-8d06-9a7bc014ae2f,2026-07-23T09:38:18.584976+00:00,ORIG-55268,RCVR-62260,412.22,Pine Valley Foods,Cedar Utilities,MA,WA,992,Direct deposit,PPD,Online banking,0
53f366b1-c5cb-4899-80b0-4c8fa24c248e,2026-07-29T06:53:18.584976+00:00,ORIG-60351,RCVR-90658,573.17,Summit Health,Brightline Supply,CA,IL,654,Direct deposit,WEB,API,0
3975a655-30c5-4e02-a9cd-981eb301712e,2026-07-23T18:27:18.584976+00:00,ORIG-76249,RCVR-69930,451.56,Pine Valley Foods,Brightline Supply,CO,NC,1154,Direct deposit,WEB,File upload,0
788422a7-a0b0-4043-bf9b-d964f156d263,2026-06-22T07:13:18.584976+00:00,ORIG-11071,RCVR-24089,689.12,Summit Health,Brightline Supply,IL,OH,1642,Payroll,WEB,API,0
9bb03d3f-0997-4506-915b-155b2b0b194e,2026-07-18T20:32:18.584976+00:00,ORIG-76093,RCVR-69028,453.63,Harbor Manufacturing,Avery Johnson,CO,NC,592,Vendor payment,WEB,API,0
36f46ff8-6cd1-477c-b7ce-56762cce0ec0,2026-07-06T08:02:18.584976+00:00,ORIG-53652,RCVR-72094,534.96,Summit Health,Brightline Supply,CA,FL,1345,Tax payment,CCD,Online banking,0
28fd20ca-e10f-4872-b413-be5526290145,2026-06-25T17:43:18.584976+00:00,ORIG-54089,RCVR-76494,390.39,Summit Health,Cedar Utilities,IL,TX,1358,Payroll,CCD,API,0
6785afde-3642-445d-bc02-18e5fd251c69,2026-06-24T13:50:18.584976+00:00,ORIG-95929,RCVR-85821,1564.73,Pine Valley Foods,Avery Johnson,NY,IL,162,Tax payment,TEL,Online banking,1
d384392e-5f3e-469d-901e-cbbdcb326edf,2026-07-29T19:23:18.584976+00:00,ORIG-35006,RCVR-12482,1081.8,Summit Health,Cedar Utilities,WA,CO,53,Direct deposit,IAT,File upload,1
449cf52c-18eb-45fd-b2b8-979ab1ae20b1,2026-07-08T22:14:18.584976+00:00,ORIG-18163,RCVR-28098,360.99,Pine Valley Foods,Cedar Utilities,WA,WA,2239,Bill payment,WEB,File upload,0
4b9722a4-6d19-495d-b779-0e23dafff6a6,2026-06-23T07:09:18.584976+00:00,ORIG-73462,RCVR-35200,444.26,Pine Valley Foods,Cedar Utilities,IL,TX,1221,Bill payment,WEB,Online banking,0
b8e89c44-0643-4732-a877-66cdef08bca0,2026-07-07T08:14:18.584976+00:00,ORIG-45842,RCVR-47721,935.43,Northstar Services,Maple Consulting,MA,OH,1415,Vendor payment,CCD,Online banking,0
828a93de-6c9c-4006-aa99-242d4e97faaa,2026-08-13T15:50:18.584976+00:00,ORIG-43612,RCVR-72793,719.76,Pine Valley Foods,Brightline Supply,NY,VA,2304,Bill payment,PPD,Online banking,0
e58c81bd-340c-4d91-a7b6-f7e50a9d7342,2026-06-28T10:31:18.584976+00:00,ORIG-79604,RCVR-39579,187.15,Pine Valley Foods,Avery Johnson,CA,VA,1936,Payroll,WEB,File upload,0
9e3ecb89-ceaa-4b15-80f5-6b06d73dd5c9,2026-08-20T09:09:18.584976+00:00,ORIG-95575,RCVR-72350,640.32,Summit Health,Brightline Supply,FL,NC,1171,Payroll,PPD,API,0
c9774df7-1635-4b39-bca3-bee433c81ba1,2026-07-30T17:11:18.584976+00:00,ORIG-32946,RCVR-64773,1165.41,Pine Valley Foods,Avery Johnson,WA,CA,2031,Vendor payment,WEB,Branch initiated,0
b13f284d-66e9-4f40-b2e4-b7ce6086b46f,2026-07-25T12:07:18.584976+00:00,ORIG-84443,RCVR-89007,450.38,Northstar Services,Cedar Utilities,CA,IL,551,Tax payment,CCD,Online banking,0
eb59baf8-5f77-4c81-b3fd-f4a34f3985a4,2026-08-10T14:24:18.584976+00:00,ORIG-94972,RCVR-43720,1728.57,Pine Valley Foods,Avery Johnson,WA,NY,2327,Vendor payment,PPD,API,0
61f44a04-c4de-4678-8181-0c927203391f,2026-06-23T17:09:18.584976+00:00,ORIG-52982,RCVR-21368,251.66,Summit Health,Avery Johnson,NC,OH,1327,Vendor payment,PPD,Online banking,0
b323b2a0-3d94-4321-9b85-6adb2681a6e4,2026-07-30T09:58:18.584976+00:00,ORIG-49576,RCVR-86344,767.86,Northstar Services,Cedar Utilities,IL,MA,256,Payroll,CCD,Online banking,0
4e3ad378-c537-4273-8119-f2c5a21db010,2026-07-14T22:50:18.584976+00:00,ORIG-25389,RCVR-93717,487.29,Harbor Manufacturing,Cedar Utilities,WA,IL,549,Direct deposit,PPD,API,0
c73d8dd9-9f9d-471d-abd8-6a6ef454652a,2026-06-26T17:13:18.584976+00:00,ORIG-71712,RCVR-80453,716.29,Pine Valley Foods,Brightline Supply,WA,OH,3227,Payroll,WEB,Online banking,0
b2d81d93-98a8-4193-a3ea-96b06592517f,2026-07-18T22:09:18.584976+00:00,ORIG-18094,RCVR-81781,319.24,Pine Valley Foods,Brightline Supply,TX,CO,2938,Tax payment,CCD,Online banking,0
dee66dd1-56c5-4fad-9a12-77b4b3266eb1,2026-07-05T09:33:18.584976+00:00,ORIG-27294,RCVR-77272,486.08,Summit Health,Maple Consulting,CA,NY,2757,Bill payment,WEB,Online banking,0
b35efc63-d523-4720-b01f-a1ca5646af70,2026-07-28T16:36:18.584976+00:00,ORIG-85800,RCVR-19572,325.82,Northstar Services,Maple Consulting,WA,GA,248,Payroll,CCD,Online banking,0
f84dde34-7ba6-4aba-b947-0d5cae604878,2026-07-14T15:17:18.584976+00:00,ORIG-94656,RCVR-65097,181.48,Harbor Manufacturing,Maple Consulting,FL,VA,1548,Direct deposit,PPD,API,0
e9d7e1ab-e784-485d-80d5-5389bb773ec2,2026-07-02T18:21:18.584976+00:00,ORIG-33392,RCVR-80419,588.26,Summit Health,Brightline Supply,MA,CO,16,Payroll,CCD,API,0
a11fbad8-9acc-4ad6-858a-c8523e639d3e,2026-07-02T07:07:18.584976+00:00,ORIG-42441,RCVR-70375,559.11,Harbor Manufacturing,Brightline Supply,NC,GA,3317,Direct deposit,WEB,File upload,0
f6142b56-8569-409d-bc38-aa6dda0ddd94,2026-08-19T10:18:18.584976+00:00,ORIG-87849,RCVR-14400,340.14,Summit Health,Avery Johnson,CO,CO,3091,Payroll,PPD,API,0
e9db419d-5ba6-4fea-b452-c313d316032e,2026-07-25T12:34:18.584976+00:00,ORIG-51799,RCVR-85690,299.55,Harbor Manufacturing,Brightline Supply,WA,TX,2706,Tax payment,PPD,Online banking,0
722069c7-c121-4db0-95ea-4c8ac22600f5,2026-07-26T19:24:18.584976+00:00,ORIG-32955,RCVR-92050,165.79,Summit Health,Maple Consulting,TX,WA,2637,Direct deposit,WEB,Online banking,0
6b4c6a8e-f0ac-4b29-a0d4-6b339bbf134f,2026-07-13T23:00:18.584976+00:00,ORIG-34101,RCVR-80507,767.23,Summit Health,Brightline Supply,IL,NC,2900,Vendor payment,CCD,Branch initiated,0
81b1184b-1db3-43d8-8dac-4d301a492a96,2026-06-30T15:55:18.584976+00:00,ORIG-79467,RCVR-27575,251.97,Summit Health,Brightline Supply,NC,OH,325,Direct deposit,CCD,Online banking,0
7dd0a4e2-f9ef-4108-9496-e708e78a1fde,2026-08-03T12:22:18.584976+00:00,ORIG-89294,RCVR-89026,74.91,Northstar Services,Avery Johnson,NC,VA,2968,Tax payment,PPD,API,0
bb0b9e99-9de0-4301-b3df-91044881e9e0,2026-07-21T13:06:18.584976+00:00,ORIG-34906,RCVR-25376,943.58,Summit Health,Brightline Supply,CA,GA,1626,Vendor payment,WEB,Online banking,0
ff44f58a-d0b8-4b59-a735-7ba971905737,2026-07-26T02:07:18.584976+00:00,ORIG-57088,RCVR-50425,416.88,Harbor Manufacturing,Cedar Utilities,OH,VA,405,Direct deposit,CCD,Branch initiated,0
41352d44-4808-4db2-8824-ee0aef714800,2026-07-18T02:39:18.584976+00:00,ORIG-39002,RCVR-29126,475.75,Northstar Services,Cedar Utilities,CA,TX,2951,Direct deposit,CCD,Online banking,0
2034901f-34d7-4fd6-a664-9086dc488386,2026-07-21T19:52:18.584976+00:00,ORIG-75444,RCVR-82173,782.6,Harbor Manufacturing,Cedar Utilities,TX,GA,2965,Direct deposit,CCD,Online banking,0
9c932ee5-03fc-45e8-a02f-a0ab9c8b90f1,2026-07-19T19:08:18.584976+00:00,ORIG-74004,RCVR-34123,483.2,Northstar Services,Avery Johnson,WA,OH,620,Payroll,PPD,API,0
ce666974-fe71-4dd3-aa6b-16b84da18e3d,2026-07-17T21:12:18.584976+00:00,ORIG-90808,RCVR-73334,1280.77,Summit Health,Avery Johnson,VA,VA,736,Payroll,PPD,API,0
8c44669e-081a-4813-b592-cdb071b604d4,2026-07-29T22:04:18.584976+00:00,ORIG-56457,RCVR-45038,306.44,Summit Health,Avery Johnson,OH,IL,2316,Vendor payment,WEB,Online banking,0
de9d2f1a-aa6a-4661-8abf-be561b037d81,2026-08-13T12:22:18.584976+00:00,ORIG-22255,RCVR-63120,433.48,Summit Health,Maple Consulting,VA,CA,40,Vendor payment,PPD,API,0
215119eb-3642-426c-9ef6-8facefa06d46,2026-07-12T08:35:18.584976+00:00,ORIG-22499,RCVR-79226,1043.89,Northstar Services,Brightline Supply,MA,TX,192,Payroll,WEB,Branch initiated,0
4a5d70a0-7ec7-4409-be3f-44648dd2594f,2026-07-02T10:12:18.584976+00:00,ORIG-51220,RCVR-12052,1248.56,Pine Valley Foods,Brightline Supply,CA,FL,1633,Payroll,CCD,Online banking,0
0c527053-8a0e-4780-8efa-5553eda18936,2026-07-29T23:09:18.584976+00:00,ORIG-80852,RCVR-53480,1343.49,Summit Health,Brightline Supply,NC,VA,323,Tax payment,WEB,Branch initiated,0
e0a66a5c-729c-41b2-a364-b0160593aeaf,2026-08-15T23:10:18.584976+00:00,ORIG-54642,RCVR-89320,175.42,Summit Health,Cedar Utilities,GA,CO,1847,Direct deposit,PPD,Online banking,0
8b238f9d-fef5-45e8-97ca-2347ebd29eaf,2026-07-17T16:21:18.584976+00:00,ORIG-96595,RCVR-59816,1535.66,Northstar Services,Cedar Utilities,VA,TX,338,Bill payment,PPD,Online banking,0
8435d4a0-9d0b-45da-88af-82eacd79c962,2026-06-24T03:42:18.584976+00:00,ORIG-57277,RCVR-23965,1125.99,Northstar Services,Avery Johnson,NC,MA,3120,Bill payment,PPD,Online banking,0
2414cae5-5af0-4a76-8f40-cc91a591b124,2026-08-03T19:07:18.584976+00:00,ORIG-77166,RCVR-63483,123.41,Northstar Services,Avery Johnson,OH,OH,2447,Tax payment,CCD,File upload,0
5c7dfd56-8808-4c83-8cd2-bd9e76bb5487,2026-08-19T17:31:18.584976+00:00,ORIG-83339,RCVR-41816,225.51,Pine Valley Foods,Maple Consulting,NC,CO,1101,Direct deposit,PPD,Online banking,0
d2749666-beda-428c-ba78-8fe3e10d79f6,2026-07-12T06:55:18.584976+00:00,ORIG-20082,RCVR-57333,708.89,Harbor Manufacturing,Brightline Supply,IL,NY,2527,Vendor payment,CCD,Online banking,0
4d95f259-3b71-4955-9615-4d13c2ba6528,2026-07-24T02:56:18.584976+00:00,ORIG-91289,RCVR-59792,336.03,Harbor Manufacturing,Maple Consulting,NC,MA,167,Tax payment,CCD,API,1
4f017e17-fcd5-4f1d-9c8b-112d441ae06a,2026-06-26T22:44:18.584976+00:00,ORIG-51180,RCVR-33283,167.39,Summit Health,Cedar Utilities,GA,NY,2013,Tax payment,PPD,Online banking,0
a0be7e84-665c-4eb3-b316-33e7e771859e,2026-07-26T08:09:18.584976+00:00,ORIG-24927,RCVR-83905,678.35,Pine Valley Foods,Brightline Supply,NC,MA,2980,Direct deposit,WEB,Online banking,0
c64bcce3-1846-46e7-8b2e-e6fbf2c51cce,2026-07-25T08:03:18.584976+00:00,ORIG-98208,RCVR-75444,152.56,Pine Valley Foods,Cedar Utilities,CO,NC,2931,Direct deposit,CCD,Online banking,0
67fd5238-4e09-4890-b236-8683c2be2ffb,2026-06-27T10:16:18.584976+00:00,ORIG-76402,RCVR-64827,1607.03,Northstar Services,Cedar Utilities,NC,OH,2434,Payroll,PPD,File upload,0
5239635f-7349-40e0-a0c3-762e48bf799e,2026-06-21T23:55:18.584976+00:00,ORIG-90304,RCVR-15806,1155.27,Summit Health,Cedar Utilities,FL,VA,45,Payroll,CCD,Online banking,0
b7a33aa8-5879-456a-8351-944144059876,2026-07-04T15:09:18.584976+00:00,ORIG-38971,RCVR-68429,347.82,Harbor Manufacturing,Maple Consulting,WA,TX,2830,Tax payment,PPD,Online banking,0
21475892-0062-4da2-9c8e-fcdf39e4d7ae,2026-08-18T14:49:18.584976+00:00,ORIG-21253,RCVR-25213,258.69,Pine Valley Foods,Cedar Utilities,IL,NC,849,Tax payment,CCD,Online banking,0
e12d0a0b-cfa2-4d3d-b499-5b9448286f9a,2026-08-11T23:13:18.584976+00:00,ORIG-51800,RCVR-18804,633.34,Harbor Manufacturing,Avery Johnson,WA,NY,3480,Bill payment,WEB,Online banking,0
5728712c-24a2-486a-8c0a-e586c18c144d,2026-08-05T21:26:18.584976+00:00,ORIG-77632,RCVR-32865,2575.65,Pine Valley Foods,Cedar Utilities,WA,GA,951,Direct deposit,WEB,Online banking,0
242274a5-62f8-4e08-bd4a-1b60f3670264,2026-06-23T13:20:18.584976+00:00,ORIG-90492,RCVR-35863,248.54,Summit Health,Maple Consulting,NC,CA,844,Bill payment,WEB,File upload,0
e5e6d24d-f162-4ea7-9038-9a832b29abdd,2026-08-15T03:48:18.584976+00:00,ORIG-57945,RCVR-52727,89.27,Pine Valley Foods,Maple Consulting,OH,FL,2006,Tax payment,WEB,Online banking,0
6a8457cc-a302-4172-8e9f-038316234e7c,2026-07-16T11:29:18.584976+00:00,ORIG-55603,RCVR-56135,1592.36,Summit Health,Brightline Supply,TX,CO,1220,Tax payment,WEB,Online banking,0
8a3800fe-d2e0-4d8a-82a4-fa7c27391fb5,2026-08-08T15:52:18.584976+00:00,ORIG-25328,RCVR-33992,413.2,Harbor Manufacturing,Brightline Supply,GA,IL,566,Tax payment,CCD,Online banking,0
b4e17cd7-d83e-4a76-89d4-8bdab1bf802a,2026-07-07T13:20:18.584976+00:00,ORIG-32706,RCVR-82733,288.81,Pine Valley Foods,Maple Consulting,WA,VA,3450,Direct deposit,WEB,Online banking,0
d6422abd-9bd2-4e9e-9da5-336a174d92a1,2026-07-19T04:09:18.584976+00:00,ORIG-35575,RCVR-60324,605.87,Summit Health,Maple Consulting,NY,FL,3442,Direct deposit,CCD,Online banking,0
824da46d-512b-43a5-95f8-09b2de382b8a,2026-06-30T09:21:18.584976+00:00,ORIG-14285,RCVR-46025,521.14,Pine Valley Foods,Cedar Utilities,GA,IL,127,Tax payment,IAT,Online banking,1
28b57b9c-f170-4ab8-856e-740c42a3b198,2026-08-10T10:59:18.584976+00:00,ORIG-81046,RCVR-15453,2225.93,Summit Health,Brightline Supply,OH,MA,1221,Payroll,CCD,Online banking,0
f195611f-30f4-4a21-aaa9-952677c23d7d,2026-08-12T22:27:18.584976+00:00,ORIG-37509,RCVR-87060,244.87,Harbor Manufacturing,Maple Consulting,CO,GA,848,Vendor payment,PPD,API,0
bfa45a87-8479-4af6-baf0-b853963f1144,2026-07-03T09:41:18.584976+00:00,ORIG-52421,RCVR-48356,1337.7,Harbor Manufacturing,Cedar Utilities,OH,FL,2784,Payroll,PPD,Branch initiated,0
351b3c0c-8d54-4e82-a4da-bf29a26d4d5f,2026-07-14T09:20:18.584976+00:00,ORIG-26631,RCVR-27392,1969.98,Pine Valley Foods,Brightline Supply,IL,VA,3120,Direct deposit,CCD,Online banking,0
34ba92e0-afa1-4bcf-bced-6180f529fe56,2026-06-24T06:58:18.584976+00:00,ORIG-69243,RCVR-19898,414.82,Northstar Services,Maple Consulting,NC,NC,3595,Bill payment,CCD,Branch initiated,0
6d1aa9b4-aa0e-4b78-a8ef-d93f5ae54de7,2026-07-22T01:30:18.584976+00:00,ORIG-70089,RCVR-93209,758.73,Harbor Manufacturing,Avery Johnson,WA,CO,1761,Vendor payment,CCD,Online banking,0
830ffabe-ed40-4ba0-bb11-375afbb6a1a8,2026-07-26T00:57:18.584976+00:00,ORIG-84205,RCVR-73614,52.98,Harbor Manufacturing,Avery Johnson,TX,FL,3592,Bill payment,PPD,API,0
4336529f-45cc-4930-bb1c-4db2846cf4a8,2026-07-29T01:29:18.584976+00:00,ORIG-31695,RCVR-16787,1323.36,Summit Health,Cedar Utilities,VA,VA,1760,Payroll,WEB,Online banking,0
79179a6f-3f35-45fc-9c78-bba2664c63b5,2026-08-01T10:15:18.584976+00:00,ORIG-39647,RCVR-78084,153.82,Summit Health,Avery Johnson,FL,TX,495,Direct deposit,WEB,Online banking,0
0f7e1517-caee-40f0-9061-d6e1bc2cf784,2026-08-14T09:45:18.584976+00:00,ORIG-23425,RCVR-23526,712.02,Harbor Manufacturing,Cedar Utilities,CO,WA,3170,Vendor payment,WEB,Branch initiated,0
3f9084d3-f185-48ba-9683-3765721c6d3b,2026-08-07T20:24:18.584976+00:00,ORIG-89995,RCVR-95199,316.3,Pine Valley Foods,Maple Consulting,TX,CA,3066,Vendor payment,CCD,API,0
80a72671-5e34-4c79-9ef2-8fc8d1b93027,2026-07-11T14:04:18.584976+00:00,ORIG-28351,RCVR-26142,962.46,Summit Health,Cedar Utilities,CO,CO,574,Vendor payment,CCD,API,0
1462ff4f-6d21-4ceb-917b-88a761cabc5e,2026-07-29T06:21:18.584976+00:00,ORIG-89638,RCVR-47345,153.83,Northstar Services,Cedar Utilities,TX,WA,774,Direct deposit,CCD,API,0
39f344ba-5c7e-41d1-84bc-6f4d1baca39c,2026-07-30T01:38:18.584976+00:00,ORIG-75481,RCVR-93634,463.42,Northstar Services,Avery Johnson,CO,GA,2799,Vendor payment,CCD,Branch initiated,0
81c1c678-8ede-4a31-8ec7-ae0b70fcc15c,2026-08-14T05:01:18.584976+00:00,ORIG-44365,RCVR-38277,4233.15,Northstar Services,Avery Johnson,CO,CA,74,Tax payment,TEL,API,1
e1591282-c323-421f-a0a4-fd2bcd974664,2026-07-15T05:41:18.584976+00:00,ORIG-90746,RCVR-30012,244.57,Harbor Manufacturing,Avery Johnson,OH,OH,834,Vendor payment,WEB,Online banking,0
e3c76cf2-8436-49c4-a6b6-f25683f08197,2026-06-28T11:23:18.584976+00:00,ORIG-94299,RCVR-18665,2771.44,Harbor Manufacturing,Maple Consulting,VA,VA,239,Vendor payment,PPD,Branch initiated,0
ff91ffce-7713-4be8-b79c-8d7c7e4bd87f,2026-08-10T07:06:18.584976+00:00,ORIG-50539,RCVR-97304,268.13,Pine Valley Foods,Avery Johnson,TX,CA,3370,Bill payment,PPD,Online banking,0
bacf69d9-9c08-4568-98e0-089b85923640,2026-07-27T09:21:18.584976+00:00,ORIG-53910,RCVR-66272,558.73,Harbor Manufacturing,Avery Johnson,CO,CA,2094,Bill payment,PPD,API,0
ec3d1040-7985-41c7-804b-481b1073a8aa,2026-06-30T06:06:18.584976+00:00,ORIG-23487,RCVR-85223,161.02,Northstar Services,Brightline Supply,FL,IL,616,Vendor payment,PPD,API,0
a0002769-1915-4130-a03e-a4578d2a4efe,2026-06-22T04:04:18.584976+00:00,ORIG-64559,RCVR-51934,447.88,Harbor Manufacturing,Avery Johnson,MA,GA,2759,Payroll,PPD,Online banking,0
573feb48-cd20-4734-b9af-1863bb40fa96,2026-07-04T21:45:18.584976+00:00,ORIG-70960,RCVR-47002,151.47,Harbor Manufacturing,Cedar Utilities,NC,CO,1513,Vendor payment,CCD,API,0
cfae53bd-50eb-4064-bf8c-c575381c693a,2026-07-24T04:34:18.584976+00:00,ORIG-58270,RCVR-87554,780.25,Summit Health,Brightline Supply,GA,NY,3262,Vendor payment,PPD,Online banking,0
2048cbff-5075-4d04-bcc4-70a43c9c705d,2026-07-14T12:44:18.584976+00:00,ORIG-93354,RCVR-11257,2542.63,Harbor Manufacturing,Avery Johnson,OH,MA,79,Payroll,CCD,API,1
8e3504f2-76ad-4e7e-bd17-235f2092350b,2026-07-30T04:11:18.584976+00:00,ORIG-46677,RCVR-22193,1169.58,Northstar Services,Brightline Supply,CA,FL,2872,Bill payment,CCD,Branch initiated,0
c5973bd9-3cc6-4541-a6c8-cc716499f69d,2026-08-13T03:00:18.584976+00:00,ORIG-93521,RCVR-61688,38.94,Northstar Services,Avery Johnson,OH,FL,971,Bill payment,CCD,File upload,0
0c50af99-1114-457d-8409-b34baa33462f,2026-07-16T02:03:18.584976+00:00,ORIG-51688,RCVR-69343,203.09,Harbor Manufacturing,Brightline Supply,WA,MA,3196,Tax payment,PPD,Online banking,0
c297aba4-d063-43df-a01d-f920f660e8b2,2026-08-05T21:24:18.584976+00:00,ORIG-25825,RCVR-80244,359.5,Harbor Manufacturing,Brightline Supply,MA,NC,3493,Payroll,PPD,Online banking,0
94aa45d4-7d8e-4a31-b888-62dd09ca3fb9,2026-07-24T03:54:18.584976+00:00,ORIG-15286,RCVR-38183,200.41,Harbor Manufacturing,Brightline Supply,WA,TX,1459,Direct deposit,WEB,Online banking,0
75bfa67c-db29-4592-b5c8-f5eacc32060a,2026-07-24T15:39:18.584976+00:00,ORIG-63004,RCVR-69270,314.49,Pine Valley Foods,Avery Johnson,FL,CA,574,Payroll,PPD,Online banking,0
aa44d423-3794-4892-82e7-bf2d0656b23e,2026-07-31T14:53:18.584976+00:00,ORIG-99952,RCVR-92614,1080.26,Northstar Services,Cedar Utilities,NC,MA,378,Bill payment,PPD,Online banking,0
36294115-8bf8-47f6-b76d-66b1a22edd8e,2026-07-09T21:25:18.584976+00:00,ORIG-61773,RCVR-75028,536.45,Northstar Services,Maple Consulting,TX,NC,881,Vendor payment,CCD,Online banking,0
67d2a537-0e53-44c2-9059-d91acb7f5fa7,2026-08-07T07:47:18.584976+00:00,ORIG-42215,RCVR-94840,989.87,Harbor Manufacturing,Maple Consulting,TX,TX,16,Payroll,WEB,API,1
fed074fe-b3d8-483e-8e74-6cada0b87f13,2026-07-13T16:39:18.584976+00:00,ORIG-92674,RCVR-81258,710.5,Northstar Services,Maple Consulting,OH,GA,2232,Direct deposit,CCD,Branch initiated,0
218ee780-339d-469d-9bd5-932bd3b0c55a,2026-07-06T02:59:18.584976+00:00,ORIG-13416,RCVR-51795,474.57,Pine Valley Foods,Avery Johnson,IL,FL,955,Vendor payment,PPD,Online banking,0
bd01dec5-f056-4313-b05c-53082417072f,2026-07-29T21:40:18.584976+00:00,ORIG-38758,RCVR-85457,232.78,Summit Health,Cedar Utilities,WA,CA,1304,Bill payment,WEB,Online banking,0
e2046eb3-38a9-4e0f-bee5-96fd09f92239,2026-07-19T20:13:18.584976+00:00,ORIG-83807,RCVR-34672,96.2,Summit Health,Cedar Utilities,TX,FL,83,Tax payment,CCD,Online banking,0
d0c672a5-df52-4faf-b18a-e528a79e5af2,2026-06-25T22:53:18.584976+00:00,ORIG-33260,RCVR-52413,86.93,Northstar Services,Avery Johnson,FL,MA,582,Payroll,WEB,File upload,0
721a518a-2a8e-48e0-80cb-a01c7a4c5c86,2026-08-14T06:02:18.584976+00:00,ORIG-86810,RCVR-23242,686.0,Harbor Manufacturing,Cedar Utilities,VA,NC,2620,Direct deposit,WEB,Online banking,0
d8e2ed17-a743-40ba-a372-553a656b28d2,2026-06-30T16:49:18.584976+00:00,ORIG-39260,RCVR-97232,181.65,Pine Valley Foods,Maple Consulting,TX,MA,523,Vendor payment,WEB,Online banking,0
80bea376-a756-40c0-b28b-8937930b8d08,2026-06-29T17:06:18.584976+00:00,ORIG-33865,RCVR-88956,493.02,Harbor Manufacturing,Brightline Supply,TX,CA,2034,Vendor payment,CCD,File upload,0
96e06ccf-aecf-4d2e-aa7c-3836c11e82e1,2026-07-30T04:34:18.584976+00:00,ORIG-93386,RCVR-21629,591.5,Harbor Manufacturing,Maple Consulting,MA,FL,3225,Payroll,WEB,Online banking,0
8bbb06b6-54ee-4a12-b63b-9d380408bf14,2026-07-16T17:23:18.584976+00:00,ORIG-64266,RCVR-74629,430.91,Summit Health,Cedar Utilities,NC,FL,1965,Tax payment,WEB,File upload,0
b0d8a8e4-7002-47c2-9c86-cb624a8d9c0f,2026-07-31T07:41:18.584976+00:00,ORIG-48654,RCVR-12631,204.46,Harbor Manufacturing,Cedar Utilities,CO,CA,3000,Payroll,WEB,Branch initiated,0
a9e6e147-a7e3-4ae9-a214-74aaa1fff9fa,2026-08-12T09:05:18.584976+00:00,ORIG-14062,RCVR-66534,252.72,Pine Valley Foods,Maple Consulting,TX,NY,2857,Tax payment,WEB,Branch initiated,0
d5239734-4a06-40cd-a8c7-d016af1767b7,2026-07-02T16:33:18.584976+00:00,ORIG-41135,RCVR-22571,718.1,Northstar Services,Maple Consulting,IL,IL,631,Payroll,CCD,Online banking,0
c68d7253-082c-4bda-99ed-f1fdf5320fe8,2026-08-12T21:03:18.584976+00:00,ORIG-88671,RCVR-72957,301.34,Pine Valley Foods,Avery Johnson,VA,VA,3458,Payroll,CCD,File upload,0
5946e795-b3c7-4cec-b955-3600190b3a11,2026-07-08T23:41:18.584976+00:00,ORIG-21945,RCVR-94130,308.5,Summit Health,Brightline Supply,VA,IL,766,Direct deposit,PPD,Online banking,0
71125557-ce71-441e-8119-f5bd14a0ce20,2026-07-09T12:32:18.584976+00:00,ORIG-18079,RCVR-29808,1246.16,Northstar Services,Avery Johnson,IL,TX,1697,Tax payment,PPD,API,0
e21facd3-ead9-4b0c-8cdf-5a523ae24ad3,2026-07-16T14:50:18.584976+00:00,ORIG-72236,RCVR-85066,263.05,Pine Valley Foods,Maple Consulting,NC,OH,3499,Payroll,WEB,API,0
4900f756-6369-42be-8d66-5e685705543b,2026-07-04T19:28:18.584976+00:00,ORIG-29326,RCVR-25765,254.88,Summit Health,Brightline Supply,VA,TX,176,Direct deposit,PPD,Branch initiated,0
05f38500-cef7-4ab1-8909-04e5855aa43e,2026-07-12T05:21:18.584976+00:00,ORIG-87994,RCVR-43801,121.79,Harbor Manufacturing,Avery Johnson,VA,FL,2263,Bill payment,CCD,API,0
b70c4d2a-f528-4b91-bce3-e100c48deb57,2026-08-19T17:28:18.584976+00:00,ORIG-78493,RCVR-64997,142.58,Northstar Services,Maple Consulting,TX,TX,2388,Payroll,PPD,API,0
7246a3f2-b408-40af-b377-b2daeb42ed9e,2026-08-11T15:51:18.584976+00:00,ORIG-63856,RCVR-44620,481.0,Summit Health,Maple Consulting,OH,MA,707,Bill payment,CCD,Online banking,0
c733e727-183e-4700-96e1-a0b34f3f11ed,2026-06-26T10:51:18.584976+00:00,ORIG-61877,RCVR-53449,724.83,Pine Valley Foods,Avery Johnson,NC,CA,1150,Direct deposit,WEB,API,0
cfd38f42-24d6-4ab8-b8ad-2e7c93d8ddf6,2026-07-31T02:30:18.584976+00:00,ORIG-52056,RCVR-45313,242.46,Summit Health,Avery Johnson,WA,NY,3376,Direct deposit,WEB,API,0
8dafe04f-2fb8-4e9d-9337-c3d01d452696,2026-07-04T20:10:18.584976+00:00,ORIG-30836,RCVR-18600,718.88,Harbor Manufacturing,Maple Consulting,CA,OH,1871,Payroll,CCD,File upload,0
8b6ef050-0ada-453a-a255-8f47a9f796c8,2026-07-26T21:58:18.584976+00:00,ORIG-62028,RCVR-93284,210.71,Northstar Services,Avery Johnson,NY,OH,1829,Vendor payment,CCD,API,0
625e5e9f-412e-407d-aa39-fc848d787524,2026-07-20T00:25:18.584976+00:00,ORIG-21847,RCVR-47364,637.95,Northstar Services,Maple Consulting,IL,WA,908,Vendor payment,WEB,Online banking,0
318814a3-976e-4b85-86c3-c6244e13d131,2026-06-22T13:04:18.584976+00:00,ORIG-11166,RCVR-72140,460.01,Pine Valley Foods,Brightline Supply,CA,VA,1035,Tax payment,CCD,File upload,0
61eb6122-f037-41bc-92f9-fc5a3820d4b0,2026-06-23T08:23:18.584976+00:00,ORIG-70161,RCVR-43029,237.21,Pine Valley Foods,Maple Consulting,NC,MA,2556,Direct deposit,WEB,Online banking,0
2862b58e-8a8f-483b-9133-c216b6a485c5,2026-07-05T07:03:18.584976+00:00,ORIG-94848,RCVR-87826,637.67,Harbor Manufacturing,Cedar Utilities,MA,OH,1379,Bill payment,WEB,Online banking,0
d65bab67-2d2b-4d7d-bba6-9af9204038de,2026-07-26T15:37:18.584976+00:00,ORIG-49163,RCVR-34688,1067.07,Pine Valley Foods,Brightline Supply,WA,VA,2707,Bill payment,WEB,Online banking,0
0f101602-d7da-41c1-aed1-f207ea7f0053,2026-08-18T12:52:18.584976+00:00,ORIG-64862,RCVR-63031,749.22,Summit Health,Avery Johnson,IL,IL,2923,Vendor payment,WEB,API,0
7bf62d56-e07a-4aa0-a14e-5296a5ffc60a,2026-07-08T13:13:18.584976+00:00,ORIG-76494,RCVR-49347,244.36,Pine Valley Foods,Brightline Supply,VA,MA,3036,Bill payment,WEB,File upload,0
dee17004-edcd-43bd-a687-3e4f94d88847,2026-08-04T04:33:18.584976+00:00,ORIG-21704,RCVR-39131,634.9,Harbor Manufacturing,Brightline Supply,MA,VA,3230,Bill payment,CCD,Online banking,0
e0d0ab3a-be6d-41ce-bd4d-760d849128cc,2026-07-25T02:07:18.584976+00:00,ORIG-17035,RCVR-93151,1100.0,Northstar Services,Maple Consulting,CO,NY,3555,Direct deposit,WEB,Online banking,0
6d72b627-8286-426e-9207-0cca83e56271,2026-08-15T22:22:18.584976+00:00,ORIG-36253,RCVR-54914,312.67,Summit Health,Maple Consulting,FL,FL,1853,Bill payment,PPD,File upload,0
6a5d1e98-f794-4efd-bd19-00d69f78e865,2026-08-05T12:09:18.584976+00:00,ORIG-21539,RCVR-26961,345.15,Summit Health,Maple Consulting,FL,NY,818,Bill payment,PPD,File upload,0
7c926432-b717-4d27-9375-5bfb44fba198,2026-07-03T12:25:18.584976+00:00,ORIG-92141,RCVR-42613,308.14,Pine Valley Foods,Cedar Utilities,VA,CA,2063,Tax payment,CCD,Online banking,0
77d332c0-9a42-4263-b851-33a38904f376,2026-08-16T16:36:18.584976+00:00,ORIG-78195,RCVR-88167,51.84,Harbor Manufacturing,Maple Consulting,IL,NY,1473,Vendor payment,PPD,Branch initiated,0
842bc93b-6e6e-40b9-9313-968cb529ffd7,2026-07-15T03:15:18.584976+00:00,ORIG-27197,RCVR-37681,2756.95,Northstar Services,Brightline Supply,GA,WA,164,Bill payment,IAT,File upload,1
dc7a186e-8e07-41a4-924e-6d4fa430054c,2026-06-27T19:02:18.584976+00:00,ORIG-95664,RCVR-12587,339.41,Northstar Services,Avery Johnson,VA,CO,2243,Bill payment,CCD,File upload,0
8c21cb81-57ad-4b28-8a27-2146ae01cdcc,2026-08-02T03:34:18.584976+00:00,ORIG-49467,RCVR-65164,683.98,Northstar Services,Cedar Utilities,VA,CA,1717,Payroll,WEB,File upload,0
9447d3f0-d7cf-44cb-9ce2-f22947e9d867,2026-08-10T03:17:18.584976+00:00,ORIG-36037,RCVR-89823,295.98,Pine Valley Foods,Cedar Utilities,CO,NY,658,Payroll,WEB,API,0
381c26b6-98fa-4091-9f93-30c9d65be4ed,2026-08-01T22:46:18.584976+00:00,ORIG-40737,RCVR-10358,520.92,Northstar Services,Avery Johnson,NY,MA,370,Tax payment,PPD,File upload,0
48dfb14e-5f1a-4af7-87d4-a4dc0d0cd235,2026-08-11T15:12:18.584976+00:00,ORIG-69867,RCVR-48800,231.27,Harbor Manufacturing,Maple Consulting,VA,GA,1746,Payroll,PPD,File upload,0
2018b169-e589-4417-9438-7d2896396c76,2026-08-16T16:14:18.584976+00:00,ORIG-94829,RCVR-32349,350.68,Harbor Manufacturing,Cedar Utilities,FL,VA,96,Bill payment,CCD,Online banking,1
a3f59e08-0130-470c-ba8e-ede2f7adf190,2026-07-15T10:07:18.584976+00:00,ORIG-72684,RCVR-65278,383.1,Pine Valley Foods,Avery Johnson,IL,NC,1796,Vendor payment,WEB,Online banking,0
29545c60-4fee-4967-a348-19317e3dac50,2026-07-19T05:06:18.584976+00:00,ORIG-27125,RCVR-73318,984.0,Summit Health,Avery Johnson,VA,WA,261,Bill payment,WEB,Online banking,0
07e0119d-49bc-4291-834b-d5ecfb23efb8,2026-07-04T02:00:18.584976+00:00,ORIG-84057,RCVR-39358,294.1,Harbor Manufacturing,Avery Johnson,TX,WA,1975,Bill payment,WEB,API,0
e8e8ac10-a2bc-4707-8359-c223654e2a5d,2026-07-16T19:42:18.584976+00:00,ORIG-17152,RCVR-11526,137.55,Pine Valley Foods,Maple Consulting,OH,TX,988,Bill payment,CCD,Online banking,0
ab4fc71e-0cdb-4fc9-a249-4dbc16e49f54,2026-07-31T13:58:18.584976+00:00,ORIG-40801,RCVR-20332,814.3,Summit Health,Maple Consulting,NC,NC,3510,Direct deposit,CCD,Online banking,0
4f39bbf8-c5f8-400d-bcad-a847de5f45b5,2026-07-06T13:57:18.584976+00:00,ORIG-62879,RCVR-64046,1270.09,Northstar Services,Avery Johnson,CA,CO,2683,Direct deposit,CCD,Online banking,0
3616a4dd-a98e-4259-8b42-315bd64c5a69,2026-08-15T21:55:18.584976+00:00,ORIG-83420,RCVR-91232,552.0,Summit Health,Cedar Utilities,NY,MA,3112,Vendor payment,PPD,Online banking,0
277a55d6-5020-4b2c-9687-35795b4d327e,2026-06-24T04:13:18.584976+00:00,ORIG-78417,RCVR-59006,1103.27,Northstar Services,Avery Johnson,IL,OH,3368,Direct deposit,PPD,Online banking,0
fac718f8-a387-4b1f-9321-f28ab2e8b5f0,2026-08-03T00:29:18.584976+00:00,ORIG-69905,RCVR-34979,680.54,Harbor Manufacturing,Avery Johnson,NC,GA,506,Direct deposit,CCD,API,0
df0280b3-7a02-4d64-81ac-82a55b4f3130,2026-07-05T23:02:18.584976+00:00,ORIG-79515,RCVR-16366,90.98,Summit Health,Maple Consulting,NY,CA,2484,Bill payment,WEB,File upload,0
b03d11b4-b2a4-4bfd-aeb3-ebf2328b9ebd,2026-07-13T17:53:18.584976+00:00,ORIG-45860,RCVR-62149,376.15,Harbor Manufacturing,Cedar Utilities,WA,GA,1692,Tax payment,WEB,File upload,0
9e9ed5db-fa64-4b08-a1f0-b5146b8299fa,2026-07-05T05:21:18.584976+00:00,ORIG-51144,RCVR-82559,109.1,Pine Valley Foods,Brightline Supply,WA,OH,2814,Bill payment,WEB,Online banking,0
4df8dc15-f151-4ca3-bc57-f3b8642c15ac,2026-06-22T16:20:18.584976+00:00,ORIG-81105,RCVR-93476,868.29,Harbor Manufacturing,Avery Johnson,FL,OH,2389,Tax payment,WEB,File upload,0
a2d3b8bc-200f-4253-a326-26f43e1d3363,2026-07-03T06:09:18.584976+00:00,ORIG-78515,RCVR-23955,101.1,Northstar Services,Maple Consulting,NC,CA,820,Bill payment,PPD,Branch initiated,0
040f28bb-f042-4d0e-9984-20841fb82ac2,2026-07-29T01:07:18.584976+00:00,ORIG-48684,RCVR-36738,632.81,Northstar Services,Cedar Utilities,CA,WA,3557,Tax payment,PPD,File upload,0
bfd8cf7a-9730-4137-b711-79bacccdf1aa,2026-06-30T18:22:18.584976+00:00,ORIG-47701,RCVR-97096,983.08,Northstar Services,Maple Consulting,OH,WA,2263,Payroll,PPD,File upload,0
67730282-602f-4aa4-a798-ffc9f7b1607c,2026-08-02T08:49:18.584976+00:00,ORIG-93071,RCVR-94886,292.38,Harbor Manufacturing,Brightline Supply,NY,GA,2798,Payroll,PPD,Branch initiated,0
438bb48c-175a-45c6-accd-39c181087e98,2026-07-05T01:58:18.584976+00:00,ORIG-46583,RCVR-82954,1584.56,Harbor Manufacturing,Brightline Supply,CA,NC,3170,Tax payment,WEB,Online banking,0
ca1dc38f-db46-4658-b8db-f1f8c64500e3,2026-06-29T17:27:18.584976+00:00,ORIG-51662,RCVR-78864,456.71,Pine Valley Foods,Brightline Supply,CO,WA,654,Direct deposit,WEB,API,0
cfd2d475-23fc-47bb-af1f-481c34cb9047,2026-08-12T11:37:18.584976+00:00,ORIG-53500,RCVR-53393,93.26,Harbor Manufacturing,Cedar Utilities,GA,VA,2174,Direct deposit,WEB,File upload,0
9eec3e1e-8148-44ed-b2af-99f3f2ab2829,2026-06-22T18:03:18.584976+00:00,ORIG-68414,RCVR-41502,2028.52,Pine Valley Foods,Avery Johnson,VA,MA,30,Direct deposit,WEB,API,1
88971a24-d5e3-4260-87e3-494a67adfe1a,2026-07-26T02:38:18.584976+00:00,ORIG-59146,RCVR-77411,504.39,Summit Health,Maple Consulting,OH,FOREIGN,25,Vendor payment,IAT,API,1
c97c9503-9687-4b49-8f9a-44af34115730,2026-06-24T18:55:18.584976+00:00,ORIG-37941,RCVR-99837,256.03,Summit Health,Avery Johnson,VA,VA,297,Vendor payment,PPD,API,0
17421c0a-8c9f-4e82-9dc2-66b965b6618e,2026-07-21T15:50:18.584976+00:00,ORIG-33329,RCVR-43018,3909.7,Northstar Services,Brightline Supply,CO,CA,116,Direct deposit,TEL,API,1
174d1b79-148f-45bd-9c54-3d612d2a3aec,2026-07-16T09:36:18.584976+00:00,ORIG-94072,RCVR-91048,533.09,Northstar Services,Avery Johnson,OH,CA,2061,Payroll,CCD,File upload,0
b213bcd3-ce5d-4a57-bd84-e38724f9c602,2026-07-24T10:10:18.584976+00:00,ORIG-59992,RCVR-61788,228.88,Northstar Services,Maple Consulting,IL,NY,3060,Direct deposit,WEB,Online banking,0
7100d109-3212-4a25-9401-59679cfee436,2026-06-24T03:23:18.584976+00:00,ORIG-94926,RCVR-58906,527.78,Northstar Services,Brightline Supply,VA,WA,350,Bill payment,PPD,File upload,0
3b7b52f0-bf15-4c5b-b6d9-483821f44aad,2026-07-20T13:19:18.584976+00:00,ORIG-28671,RCVR-31096,493.37,Pine Valley Foods,Brightline Supply,VA,OH,471,Vendor payment,WEB,File upload,0
492e94fd-c57d-4c56-8543-e65723ef9941,2026-08-15T21:40:18.584976+00:00,ORIG-94498,RCVR-82045,541.75,Northstar Services,Cedar Utilities,OH,NY,810,Tax payment,CCD,Branch initiated,0
f35720f7-5735-4fcc-a8c3-2631909af578,2026-07-19T08:18:18.584976+00:00,ORIG-23113,RCVR-47373,263.28,Northstar Services,Brightline Supply,VA,GA,2526,Bill payment,WEB,API,0
f9e55f3d-7aae-4982-87b6-0082e3419ca8,2026-06-30T09:00:18.584976+00:00,ORIG-32103,RCVR-10633,1446.75,Harbor Manufacturing,Brightline Supply,MA,NC,2626,Direct deposit,CCD,File upload,0
e053a6b3-7535-47b2-b060-ac702c6c5b49,2026-08-08T15:05:18.584976+00:00,ORIG-70666,RCVR-68373,395.91,Harbor Manufacturing,Cedar Utilities,MA,NY,2646,Tax payment,PPD,File upload,0
ee64c4ab-f330-4e7b-a3d5-855735d40e9d,2026-08-08T02:38:18.584976+00:00,ORIG-92132,RCVR-20022,1367.9,Northstar Services,Avery Johnson,GA,IL,3330,Tax payment,WEB,Online banking,0
ace02f91-7225-4213-865a-2ca641421ba3,2026-06-28T03:31:18.584976+00:00,ORIG-44159,RCVR-81233,323.02,Summit Health,Brightline Supply,CA,OH,3164,Tax payment,WEB,File upload,0
c90ed6b2-b465-44ba-9793-fd1effb16e93,2026-08-08T16:00:18.584976+00:00,ORIG-62007,RCVR-57692,481.01,Northstar Services,Brightline Supply,OH,CO,2107,Vendor payment,CCD,Online banking,0
ce5a3aac-69f6-468e-8943-981f40d9c923,2026-06-30T07:15:18.584976+00:00,ORIG-73373,RCVR-57028,625.1,Northstar Services,Brightline Supply,VA,FL,1084,Bill payment,PPD,Online banking,0
7b88bf17-2084-4d69-8fff-1b5aa4eec585,2026-08-02T00:46:18.584976+00:00,ORIG-71561,RCVR-69591,1007.08,Northstar Services,Avery Johnson,MA,NC,2884,Tax payment,WEB,File upload,0
39accb06-5153-41c0-925d-03b88427c610,2026-07-27T21:15:18.584976+00:00,ORIG-59369,RCVR-95678,1222.26,Summit Health,Cedar Utilities,TX,FL,320,Tax payment,CCD,Online banking,0
25ce8166-c1b5-41a5-ac7f-b9e681327580,2026-07-31T13:33:18.584976+00:00,ORIG-73813,RCVR-73191,364.88,Northstar Services,Brightline Supply,MA,MA,2109,Bill payment,PPD,Online banking,0
64c7cdfb-2607-43fb-baaf-bae25a1c6d59,2026-08-06T12:43:18.584976+00:00,ORIG-96652,RCVR-40191,696.85,Summit Health,Cedar Utilities,WA,CO,1963,Direct deposit,PPD,API,0
a6e76e7f-f764-431d-aa01-79a3bbce03c5,2026-06-22T22:31:18.584976+00:00,ORIG-15655,RCVR-26762,479.85,Pine Valley Foods,Brightline Supply,CA,GA,2346,Vendor payment,PPD,Online banking,0
18c5dc71-a416-42a3-9e81-c60014a805e6,2026-08-04T11:11:18.584976+00:00,ORIG-83872,RCVR-93574,840.97,Northstar Services,Cedar Utilities,NC,TX,2486,Direct deposit,CCD,Online banking,0
d1969039-a429-4a62-b305-54511cda74ff,2026-07-14T11:08:18.584976+00:00,ORIG-91685,RCVR-96461,625.67,Harbor Manufacturing,Brightline Supply,TX,FL,1859,Tax payment,WEB,Online banking,0
d5a9b7b8-ee72-4724-81ac-7f5dc2d964b3,2026-07-17T10:16:18.584976+00:00,ORIG-36522,RCVR-78512,475.82,Summit Health,Brightline Supply,CO,CA,2520,Tax payment,PPD,File upload,0
cbd78a18-f67b-418d-a2e7-5fff468346a6,2026-07-03T11:33:18.584976+00:00,ORIG-73208,RCVR-96427,602.89,Pine Valley Foods,Avery Johnson,CO,CO,1519,Payroll,WEB,API,0
f60da463-bc48-441e-b597-5e4106894d31,2026-07-30T23:09:18.584976+00:00,ORIG-55943,RCVR-87207,163.87,Northstar Services,Maple Consulting,NY,NC,954,Payroll,CCD,API,0
8363f98c-94d5-4f8f-a42b-ec7e83ad8764,2026-07-02T08:41:18.584976+00:00,ORIG-10932,RCVR-85757,329.52,Northstar Services,Avery Johnson,GA,CA,3296,Bill payment,CCD,Online banking,0
88a4f664-6a5c-4acb-ac71-3727eb567ae7,2026-08-06T18:21:18.584976+00:00,ORIG-44249,RCVR-80268,341.83,Summit Health,Cedar Utilities,TX,IL,2263,Tax payment,CCD,Online banking,0
096c3b40-4282-41b1-87c7-a44ece378f88,2026-06-30T23:07:18.584976+00:00,ORIG-85713,RCVR-55135,1541.6,Summit Health,Brightline Supply,IL,IL,3065,Vendor payment,CCD,File upload,0
714226fa-30eb-49df-8bfe-831edc44b967,2026-08-06T03:02:18.584976+00:00,ORIG-54359,RCVR-82165,272.64,Northstar Services,Brightline Supply,OH,NC,3296,Payroll,PPD,API,0
89d6f1b1-2690-4faa-9821-7a8918ee046a,2026-06-27T05:13:18.584976+00:00,ORIG-39067,RCVR-58606,278.16,Northstar Services,Avery Johnson,CO,IL,1175,Tax payment,PPD,Branch initiated,0
e7d2bcef-b0ad-4d8e-b508-df0b95fede78,2026-08-04T21:35:18.584976+00:00,ORIG-36438,RCVR-96099,414.25,Harbor Manufacturing,Brightline Supply,NY,CA,696,Payroll,CCD,Online banking,0
3ed00422-41ca-494e-8652-5313439257da,2026-08-20T19:51:18.584976+00:00,ORIG-62354,RCVR-56285,507.58,Summit Health,Maple Consulting,CO,IL,3020,Payroll,PPD,API,0
5f9c28e0-bd38-4646-a670-64a262e7d56e,2026-06-30T23:04:18.584976+00:00,ORIG-46242,RCVR-39661,1481.23,Pine Valley Foods,Maple Consulting,MA,MA,1071,Vendor payment,CCD,API,0
ed92df12-9d0a-4bc3-bfa0-da13b9077158,2026-07-01T00:08:18.584976+00:00,ORIG-25336,RCVR-77277,574.4,Harbor Manufacturing,Cedar Utilities,IL,MA,3104,Bill payment,CCD,API,0
b0c5fb3c-d004-4f04-b082-da1f1692f8fd,2026-06-28T10:32:18.584976+00:00,ORIG-43792,RCVR-18854,542.18,Summit Health,Brightline Supply,NY,CO,1295,Direct deposit,CCD,API,0
c9f87d65-fdb3-4e1a-8f8a-67c4f65630e2,2026-08-19T23:14:18.584976+00:00,ORIG-47655,RCVR-22190,385.04,Summit Health,Cedar Utilities,IL,GA,2351,Bill payment,PPD,Branch initiated,0
2ff56086-2ee8-4183-bca4-0aab4ff2db20,2026-08-03T13:03:18.584976+00:00,ORIG-41726,RCVR-44787,242.33,Pine Valley Foods,Brightline Supply,GA,GA,2535,Bill payment,PPD,File upload,0
c972f7cb-a720-4649-8e4e-a86709812ab9,2026-08-09T22:36:18.584976+00:00,ORIG-74574,RCVR-90455,822.29,Northstar Services,Avery Johnson,VA,VA,1293,Direct deposit,WEB,File upload,0
645103f9-a7c6-4b04-84e3-4c7764230eba,2026-07-07T04:18:18.584976+00:00,ORIG-62150,RCVR-39110,427.27,Pine Valley Foods,Avery Johnson,OH,IL,2216,Payroll,WEB,Online banking,0
6669fcc2-d1d5-4ea4-982f-66c9df21ebcd,2026-08-04T22:37:18.584976+00:00,ORIG-77922,RCVR-70302,470.84,Harbor Manufacturing,Avery Johnson,CO,WA,2511,Bill payment,PPD,API,0
e78544cc-e1d0-41c8-ad27-af7efb51cb76,2026-07-30T06:26:18.584976+00:00,ORIG-57962,RCVR-34105,116.23,Summit Health,Maple Consulting,TX,MA,1526,Bill payment,CCD,Online banking,0
81d00bab-3251-4e1d-8385-ae35716301c1,2026-08-04T11:30:18.584976+00:00,ORIG-39958,RCVR-23090,662.17,Harbor Manufacturing,Brightline Supply,TX,VA,805,Vendor payment,WEB,Online banking,0
2b1d7fe6-c8f0-4f9b-9f19-ea6ec114e1d5,2026-08-19T23:12:18.584976+00:00,ORIG-92660,RCVR-77765,224.17,Harbor Manufacturing,Maple Consulting,NY,FL,2327,Payroll,CCD,Online banking,0
fc829595-bbff-4a42-99c7-2ca29ccd8423,2026-08-05T23:39:18.584976+00:00,ORIG-92557,RCVR-22622,248.84,Summit Health,Cedar Utilities,IL,NY,2285,Bill payment,CCD,Online banking,0
bdfe2d65-008e-45af-86f1-57ba20fcee25,2026-08-09T19:38:18.584976+00:00,ORIG-36077,RCVR-85609,228.05,Pine Valley Foods,Cedar Utilities,VA,TX,1998,Direct deposit,PPD,Online banking,0
07a62d21-20ca-44f4-b576-42348208d168,2026-07-25T18:33:18.584976+00:00,ORIG-93962,RCVR-54222,229.64,Summit Health,Maple Consulting,FL,FL,1299,Bill payment,WEB,Online banking,0
b21a5302-ca6a-4ae8-b0b9-2fa6b32d5da2,2026-06-23T04:14:18.584976+00:00,ORIG-86928,RCVR-78280,214.79,Summit Health,Maple Consulting,NY,MA,1032,Payroll,PPD,Online banking,0
6fce25e8-f122-4d58-a98f-e6963314eead,2026-08-11T11:27:18.584976+00:00,ORIG-17055,RCVR-13455,106.23,Summit Health,Avery Johnson,NY,OH,347,Direct deposit,CCD,Online banking,0
30417b9a-5e74-4e81-aeff-a44a444e5b34,2026-07-25T23:41:18.584976+00:00,ORIG-79041,RCVR-32361,1820.82,Northstar Services,Avery Johnson,FL,FL,1334,Direct deposit,CCD,Branch initiated,0
4798b296-a334-428f-8fd1-7588e0389df5,2026-07-02T15:33:18.584976+00:00,ORIG-27709,RCVR-80685,641.0,Pine Valley Foods,Maple Consulting,OH,NY,2312,Direct deposit,WEB,API,0
31a9f3b2-ef78-44dc-81a1-26849f414563,2026-07-03T06:24:18.584976+00:00,ORIG-80735,RCVR-39770,264.92,Northstar Services,Maple Consulting,MA,NY,639,Bill payment,PPD,Online banking,0
ad33e786-d189-4f1d-8833-b7798ae964e9,2026-08-08T10:43:18.584976+00:00,ORIG-11090,RCVR-74478,133.1,Summit Health,Cedar Utilities,NY,OH,1201,Tax payment,PPD,File upload,0
d17e2d2a-cd71-4bcd-ba21-dd6a3be3b4fb,2026-07-01T22:53:18.584976+00:00,ORIG-67292,RCVR-61740,881.12,Pine Valley Foods,Brightline Supply,NC,OH,3395,Direct deposit,PPD,Online banking,0
d271a86b-4ad2-461c-9726-d5d81c2ef823,2026-07-13T10:05:18.584976+00:00,ORIG-99737,RCVR-45633,187.76,Harbor Manufacturing,Cedar Utilities,OH,TX,749,Vendor payment,CCD,Online banking,0
3626b879-5819-44ab-9763-d4c7d21126f4,2026-07-10T09:46:18.584976+00:00,ORIG-91625,RCVR-74486,426.35,Pine Valley Foods,Cedar Utilities,IL,WA,420,Bill payment,CCD,Online banking,0
865bf633-a086-4f92-a712-62d17556b70d,2026-07-11T22:44:18.584976+00:00,ORIG-29750,RCVR-11930,300.23,Summit Health,Brightline Supply,GA,CO,3276,Direct deposit,CCD,API,0
1405fb75-ed2f-4261-a5ec-930ee295d206,2026-08-17T23:09:18.584976+00:00,ORIG-44931,RCVR-61435,239.85,Northstar Services,Maple Consulting,FL,CA,53,Payroll,WEB,Online banking,0
004b5667-1bfe-4da1-b374-8601228a92e9,2026-07-11T12:49:18.584976+00:00,ORIG-70402,RCVR-22315,1274.57,Pine Valley Foods,Maple Consulting,CA,GA,2253,Tax payment,PPD,Online banking,0
5af55627-6425-4c95-ae9f-6465a241471a,2026-06-23T17:36:18.584976+00:00,ORIG-97385,RCVR-38545,519.65,Northstar Services,Brightline Supply,MA,CA,687,Bill payment,WEB,Online banking,0
f3ccc8d5-3431-40c1-9677-92df4dffacc2,2026-07-29T17:26:18.584976+00:00,ORIG-72294,RCVR-88146,2336.77,Pine Valley Foods,Cedar Utilities,CA,TX,128,Payroll,IAT,API,1
7cdbe6d5-1266-43bf-9456-05ba54eafebd,2026-06-24T22:51:18.584976+00:00,ORIG-30174,RCVR-80300,394.3,Northstar Services,Brightline Supply,MA,VA,2289,Bill payment,CCD,File upload,0
625bee3a-5ea7-4757-b2bf-14c3efe34ecd,2026-08-18T21:50:18.584976+00:00,ORIG-27659,RCVR-42859,737.21,Northstar Services,Maple Consulting,MA,WA,2225,Direct deposit,PPD,API,0
df76f2d3-363a-40cc-bea2-776e61bb4d0a,2026-07-02T08:55:18.584976+00:00,ORIG-46087,RCVR-88470,433.88,Pine Valley Foods,Avery Johnson,WA,NY,3358,Bill payment,WEB,Online banking,0
f4f9fe07-3fd3-4abd-9126-56051ed95fb2,2026-08-20T18:54:18.584976+00:00,ORIG-34318,RCVR-12453,315.35,Harbor Manufacturing,Brightline Supply,OH,NC,2209,Direct deposit,PPD,API,0
1df2f533-5182-4be8-af6b-2067ec9b69da,2026-07-06T13:34:18.584976+00:00,ORIG-47110,RCVR-52283,141.01,Summit Health,Cedar Utilities,FL,TX,275,Payroll,PPD,Online banking,0
6b2e6e72-ba72-404b-ae72-b645683855cc,2026-08-18T00:09:18.584976+00:00,ORIG-22943,RCVR-14170,450.89,Summit Health,Maple Consulting,NY,GA,1050,Payroll,CCD,Online banking,0
d726a43d-6bed-4187-8bed-0802ecd43a60,2026-08-14T09:39:18.584976+00:00,ORIG-74409,RCVR-20480,579.94,Summit Health,Avery Johnson,GA,VA,107,Bill payment,PPD,File upload,1
b306cbd6-6d02-4e95-917e-821a04ee6da7,2026-07-27T15:48:18.584976+00:00,ORIG-49833,RCVR-20215,207.01,Pine Valley Foods,Avery Johnson,WA,CO,1580,Vendor payment,PPD,API,0
63480228-0ca1-46ac-b30e-257a1170e155,2026-07-29T05:03:18.584976+00:00,ORIG-83156,RCVR-64419,858.15,Northstar Services,Cedar Utilities,FL,OH,1751,Payroll,PPD,File upload,0
9e232b7f-69de-4658-bbdb-221f4f982bba,2026-07-01T19:03:18.584976+00:00,ORIG-30732,RCVR-79979,1275.38,Summit Health,Cedar Utilities,MA,VA,1331,Bill payment,CCD,File upload,0
69839ca3-49ce-499c-ad20-92457b99e601,2026-07-12T15:50:18.584976+00:00,ORIG-41551,RCVR-83812,360.67,Pine Valley Foods,Maple Consulting,MA,TX,2976,Payroll,CCD,API,0
5e51bdd8-88b6-4912-be79-33606e8e9d65,2026-07-04T17:44:18.584976+00:00,ORIG-49365,RCVR-39083,565.18,Pine Valley Foods,Cedar Utilities,IL,CA,2269,Tax payment,WEB,API,0
11a20e1e-e266-423c-825d-5e68fcd6a8df,2026-06-29T19:46:18.584976+00:00,ORIG-56616,RCVR-30461,267.93,Pine Valley Foods,Cedar Utilities,CA,NY,956,Bill payment,CCD,Online banking,0
04a33220-1de9-407c-ac90-5c187f7bdc13,2026-07-15T11:06:18.584976+00:00,ORIG-20118,RCVR-52558,347.45,Summit Health,Brightline Supply,GA,WA,2880,Tax payment,PPD,API,0
c2538d8e-68c5-435a-bf8b-285a9e694cfe,2026-07-24T12:15:18.584976+00:00,ORIG-20286,RCVR-17329,3776.61,Harbor Manufacturing,Cedar Utilities,TX,NC,31,Vendor payment,IAT,Branch initiated,1
54141d3b-ac08-43dc-9b79-8df92d6d12bc,2026-06-24T03:44:18.584976+00:00,ORIG-49948,RCVR-78731,428.55,Northstar Services,Cedar Utilities,NC,CA,2059,Vendor payment,PPD,Online banking,0
cbbc2110-696b-42d0-8487-88fbb2e90953,2026-07-16T02:13:18.584976+00:00,ORIG-76155,RCVR-21807,258.12,Pine Valley Foods,Maple Consulting,TX,TX,543,Bill payment,PPD,API,0
a8068715-e047-40e6-8c40-d4cd4959e1ce,2026-08-16T08:45:18.584976+00:00,ORIG-62235,RCVR-75774,772.4,Summit Health,Brightline Supply,IL,CO,813,Direct deposit,CCD,API,0
5f08de40-f904-4b09-aae8-eab78efed994,2026-08-03T00:05:18.584976+00:00,ORIG-42275,RCVR-41760,682.89,Northstar Services,Cedar Utilities,WA,OH,2361,Payroll,PPD,API,0
f5476f64-3367-4d82-8673-3873ab6939c1,2026-07-13T07:14:18.584976+00:00,ORIG-55157,RCVR-87840,209.68,Northstar Services,Cedar Utilities,GA,MA,3367,Direct deposit,WEB,Online banking,0
1abce1e5-4034-4789-b3bf-d6e0fc0b39eb,2026-08-16T18:26:18.584976+00:00,ORIG-99831,RCVR-58997,162.48,Pine Valley Foods,Avery Johnson,GA,GA,95,Bill payment,PPD,File upload,0
2af7635b-787b-4ee1-80b2-fd52ef881a13,2026-08-01T13:38:18.584976+00:00,ORIG-81932,RCVR-73311,74.46,Pine Valley Foods,Avery Johnson,OH,IL,2159,Payroll,CCD,Online banking,0
5a3bd483-6697-4847-9764-1b3b3a6ca401,2026-07-26T00:02:18.584976+00:00,ORIG-45557,RCVR-16957,329.77,Summit Health,Avery Johnson,WA,TX,1200,Direct deposit,PPD,Branch initiated,0
54500500-6b31-4118-9b12-b9a38590b0df,2026-07-05T13:33:18.584976+00:00,ORIG-73525,RCVR-88263,529.31,Northstar Services,Brightline Supply,CO,MA,164,Vendor payment,WEB,Online banking,0
f8998fb8-f4e2-4d89-be26-76cca7aceaca,2026-07-07T06:12:18.584976+00:00,ORIG-55453,RCVR-99694,498.18,Harbor Manufacturing,Cedar Utilities,FL,CA,2055,Bill payment,PPD,API,0
0afcd822-a731-44f1-ad3b-84c0d3e9c404,2026-07-16T14:41:18.584976+00:00,ORIG-46725,RCVR-39567,1789.28,Pine Valley Foods,Cedar Utilities,CA,OH,361,Direct deposit,WEB,Branch initiated,0
a2ead066-c448-4b20-b54c-65baee700c03,2026-06-26T02:34:18.584976+00:00,ORIG-64700,RCVR-41504,249.68,Pine Valley Foods,Maple Consulting,VA,GA,848,Vendor payment,WEB,API,0
e7fdcb8c-25ef-4d13-b595-579a1df81e82,2026-08-02T10:31:18.584976+00:00,ORIG-78656,RCVR-27727,640.3,Summit Health,Brightline Supply,IL,WA,649,Bill payment,PPD,API,0
b18ecb16-3e63-4c5e-90c7-a38f4fb552cb,2026-08-10T01:51:18.584976+00:00,ORIG-13864,RCVR-51771,149.21,Summit Health,Maple Consulting,FL,WA,3367,Bill payment,PPD,File upload,0
311ff853-ad64-49af-a25e-2f6055b5634d,2026-08-11T03:14:18.584976+00:00,ORIG-90864,RCVR-44978,359.71,Pine Valley Foods,Brightline Supply,CA,TX,755,Direct deposit,CCD,API,0
8cdc011b-3d9d-4077-aed5-80f475ada1a0,2026-08-05T22:41:18.584976+00:00,ORIG-11967,RCVR-45370,575.45,Summit Health,Brightline Supply,CA,NC,1801,Tax payment,CCD,API,0
dae22e77-8f1a-420c-9c3a-808529a1bf9b,2026-07-10T04:57:18.584976+00:00,ORIG-15482,RCVR-89682,43.05,Summit Health,Cedar Utilities,NC,NC,2344,Tax payment,WEB,API,0
9ebd5112-f1eb-4250-a2f6-754b35c2d48d,2026-08-17T08:21:18.584976+00:00,ORIG-15559,RCVR-42207,470.33,Summit Health,Avery Johnson,NY,NY,2585,Payroll,PPD,Online banking,0
4621a5fa-4909-453c-81da-501b514280e9,2026-07-15T14:57:18.584976+00:00,ORIG-31821,RCVR-65372,353.39,Harbor Manufacturing,Avery Johnson,IL,NY,372,Tax payment,PPD,Online banking,0
164c3818-f2ef-4881-ade0-ae3c33777fbf,2026-06-28T13:33:18.584976+00:00,ORIG-27734,RCVR-61520,373.55,Summit Health,Cedar Utilities,WA,OH,2419,Vendor payment,CCD,Online banking,0
9c2bb5cf-8023-4ad6-aca4-714e925cf1b0,2026-07-22T08:31:18.584976+00:00,ORIG-26193,RCVR-21952,487.16,Northstar Services,Maple Consulting,WA,FL,2899,Direct deposit,WEB,File upload,0
abff9fa5-7d01-4d6a-a2b2-95f5c90b39d8,2026-07-05T06:43:18.584976+00:00,ORIG-82134,RCVR-59886,1367.51,Northstar Services,Brightline Supply,FL,NC,2703,Vendor payment,PPD,File upload,0
01febbe0-0321-4f67-9761-b8bdb1eb2b7b,2026-08-04T13:44:18.584976+00:00,ORIG-50378,RCVR-50569,485.11,Summit Health,Cedar Utilities,CA,NC,540,Vendor payment,PPD,API,0
026b6586-05e2-4c34-a8e6-02587f0060d8,2026-07-28T19:33:18.584976+00:00,ORIG-81237,RCVR-10753,371.03,Summit Health,Brightline Supply,NY,NY,117,Direct deposit,TEL,Online banking,1
21d9f60a-8a93-44c1-87b1-762a0d666e07,2026-06-27T05:32:18.584976+00:00,ORIG-91233,RCVR-92396,1019.67,Pine Valley Foods,Avery Johnson,OH,IL,9,Tax payment,IAT,API,1
8f21b92a-b43d-46ae-b7a8-011a44de8b34,2026-08-12T20:53:18.584976+00:00,ORIG-31146,RCVR-98092,334.76,Harbor Manufacturing,Brightline Supply,NC,FL,3149,Bill payment,CCD,Online banking,0
f25b63f5-4f1a-4429-a2f8-d87e05e1fb52,2026-07-17T08:40:18.584976+00:00,ORIG-18509,RCVR-48382,277.32,Summit Health,Brightline Supply,NC,OH,861,Vendor payment,WEB,Online banking,0
de41052d-8dfb-4cfb-9cf4-5a59d2cc29f3,2026-06-29T20:18:18.584976+00:00,ORIG-21491,RCVR-73394,495.16,Harbor Manufacturing,Maple Consulting,VA,OH,2154,Tax payment,WEB,Online banking,0
ae857a28-f083-4e6c-88aa-3724da5dd699,2026-08-09T01:07:18.584976+00:00,ORIG-92818,RCVR-75239,767.67,Summit Health,Brightline Supply,NY,OH,1191,Vendor payment,PPD,Online banking,0
68203b46-4a7c-475c-bfca-15f67684af1f,2026-07-09T12:55:18.584976+00:00,ORIG-37175,RCVR-90649,164.15,Summit Health,Maple Consulting,CO,WA,3303,Vendor payment,PPD,API,0
cc735853-f065-4eb7-91d9-cb240a2061de,2026-07-26T05:15:18.584976+00:00,ORIG-49358,RCVR-76412,191.48,Harbor Manufacturing,Avery Johnson,CO,IL,1624,Tax payment,WEB,Branch initiated,0
5ca0c3b3-087b-4759-b43e-0a3ab10543f4,2026-08-04T20:48:18.584976+00:00,ORIG-72797,RCVR-72193,378.47,Northstar Services,Brightline Supply,MA,VA,3545,Tax payment,CCD,API,0
b611f097-a048-40d2-80ba-67c61caf2900,2026-07-14T04:11:18.584976+00:00,ORIG-49235,RCVR-84048,122.3,Harbor Manufacturing,Avery Johnson,CA,OH,3276,Bill payment,PPD,Branch initiated,0
de45e7dd-5527-45e5-9130-6482d9908d69,2026-07-26T07:48:18.584976+00:00,ORIG-92118,RCVR-80028,255.84,Pine Valley Foods,Maple Consulting,MA,NC,3206,Bill payment,WEB,File upload,0
16c8c7f0-38fc-4271-9d85-cbe4136b8b7e,2026-08-17T23:23:18.584976+00:00,ORIG-41148,RCVR-58704,239.01,Summit Health,Cedar Utilities,CO,NY,461,Bill payment,PPD,File upload,0
4d1fd4cb-0e66-42a4-808f-1677bb057c71,2026-08-12T10:11:18.584976+00:00,ORIG-75543,RCVR-30195,461.94,Pine Valley Foods,Cedar Utilities,CA,NY,588,Payroll,WEB,API,0
47a1b03f-35ae-4519-94c9-a108b8a744b7,2026-08-08T18:33:18.584976+00:00,ORIG-60801,RCVR-78464,312.81,Northstar Services,Avery Johnson,CA,NY,3475,Tax payment,PPD,Online banking,0
6937b750-63c3-44c7-b218-fd1fe327458e,2026-08-16T15:41:18.584976+00:00,ORIG-50957,RCVR-12946,303.26,Harbor Manufacturing,Brightline Supply,VA,WA,1135,Tax payment,CCD,File upload,0
1b065a74-2cd9-4122-b44b-a98600580dc9,2026-08-10T03:28:18.584976+00:00,ORIG-25002,RCVR-11999,455.51,Northstar Services,Brightline Supply,FL,IL,1112,Vendor payment,WEB,File upload,0
bc338d28-fdce-4d2d-a29f-d5b66bc76d6f,2026-06-29T14:22:18.584976+00:00,ORIG-90381,RCVR-54399,164.14,Summit Health,Avery Johnson,CO,IL,2768,Payroll,PPD,Online banking,0
d02509f1-cf50-4f30-a12d-b9d2902daa71,2026-08-13T00:21:18.584976+00:00,ORIG-88134,RCVR-87693,107.57,Summit Health,Cedar Utilities,FL,WA,2922,Tax payment,PPD,Branch initiated,0
48693bca-7af3-4cf8-acdf-03524efcaf8e,2026-07-09T11:09:18.584976+00:00,ORIG-71377,RCVR-22748,915.15,Summit Health,Cedar Utilities,CO,WA,1908,Direct deposit,PPD,Branch initiated,0
174a3df2-a26b-411e-98d2-f9c03d4a1c9d,2026-08-07T18:31:18.584976+00:00,ORIG-57638,RCVR-61390,379.18,Pine Valley Foods,Cedar Utilities,TX,IL,1948,Payroll,CCD,API,0
b7e2c6a1-944d-413f-9ba3-0baac9e56873,2026-08-05T07:21:18.584976+00:00,ORIG-85324,RCVR-26697,212.91,Northstar Services,Maple Consulting,MA,TX,3247,Bill payment,WEB,API,0
4182e7ae-9bf1-4e3a-8abd-634a9161cb50,2026-06-28T02:26:18.584976+00:00,ORIG-81820,RCVR-30843,199.3,Summit Health,Maple Consulting,TX,GA,2844,Tax payment,CCD,File upload,0
0a48698f-80d8-42fc-bcb5-9232d0197f31,2026-07-12T05:26:18.584976+00:00,ORIG-40953,RCVR-32686,118.09,Northstar Services,Maple Consulting,MA,OH,1334,Tax payment,PPD,File upload,0
130c77e8-8c5e-4a7e-a024-d7fa1d8dacd1,2026-08-04T19:37:18.584976+00:00,ORIG-88415,RCVR-24253,394.81,Summit Health,Cedar Utilities,NC,CO,372,Vendor payment,PPD,File upload,0
a67de919-eaf3-407c-8893-b93052cdb745,2026-06-23T22:49:18.584976+00:00,ORIG-29558,RCVR-69372,527.94,Harbor Manufacturing,Maple Consulting,FL,VA,844,Bill payment,CCD,API,0
20a77945-b7f3-4048-ad53-06d523587a7d,2026-07-24T03:11:18.584976+00:00,ORIG-55123,RCVR-21703,200.41,Northstar Services,Maple Consulting,NC,WA,129,Vendor payment,CCD,File upload,0
59f19910-c46f-45d5-8b16-98d978c14203,2026-07-15T23:11:18.584976+00:00,ORIG-63219,RCVR-60012,600.71,Summit Health,Brightline Supply,WA,NC,772,Tax payment,CCD,File upload,0
42aa80d1-02b8-40ea-9fb7-059bba4c18d0,2026-07-19T01:25:18.584976+00:00,ORIG-97826,RCVR-26455,702.62,Pine Valley Foods,Avery Johnson,FL,IL,1790,Vendor payment,PPD,Online banking,0
20010e41-2930-45a6-9d0c-2dac787c2548,2026-07-14T00:01:18.584976+00:00,ORIG-65797,RCVR-91690,414.49,Pine Valley Foods,Maple Consulting,WA,TX,1845,Direct deposit,CCD,Online banking,0
e8666b2c-8a04-4fd9-ad9d-7602cf755276,2026-07-13T04:33:18.584976+00:00,ORIG-41031,RCVR-75762,1473.66,Harbor Manufacturing,Maple Consulting,TX,NY,139,Payroll,WEB,API,0
0426da1b-58ee-4d7b-a8aa-2d85dbdb3a0f,2026-07-18T07:18:18.584976+00:00,ORIG-20494,RCVR-28623,422.32,Harbor Manufacturing,Maple Consulting,NY,WA,2500,Payroll,PPD,API,0
6b8aadd5-ac93-4462-8e99-633a6229669c,2026-08-13T17:54:18.584976+00:00,ORIG-50959,RCVR-90352,422.24,Northstar Services,Cedar Utilities,OH,TX,1861,Tax payment,CCD,API,0
3e5e52f0-ff1a-4266-9945-576e92135fca,2026-07-21T16:16:18.584976+00:00,ORIG-31955,RCVR-14630,138.23,Harbor Manufacturing,Cedar Utilities,IL,IL,694,Tax payment,PPD,API,0
effb6f33-e2fb-4387-959f-bb69d008c836,2026-07-25T07:08:18.584976+00:00,ORIG-47593,RCVR-73538,423.46,Northstar Services,Brightline Supply,TX,CA,1140,Bill payment,PPD,API,0
5406a866-ac28-4a1e-aaad-5680eff7db35,2026-07-26T19:15:18.584976+00:00,ORIG-24621,RCVR-89144,558.31,Pine Valley Foods,Brightline Supply,CA,WA,720,Bill payment,WEB,Online banking,0
24f33d79-3c28-40f1-b9a2-8d56d2330921,2026-08-04T09:29:18.584976+00:00,ORIG-21062,RCVR-29014,702.03,Pine Valley Foods,Maple Consulting,CA,MA,1571,Vendor payment,WEB,Online banking,0
e8e0b6bd-865c-4ffe-8930-e8db60da78a5,2026-06-23T19:40:18.584976+00:00,ORIG-55229,RCVR-17120,137.8,Harbor Manufacturing,Avery Johnson,TX,WA,1952,Bill payment,CCD,File upload,0
28db91e1-431d-4a73-85fd-08c0ed5ea1d0,2026-07-03T09:10:18.584976+00:00,ORIG-61127,RCVR-72205,432.37,Harbor Manufacturing,Brightline Supply,VA,WA,1184,Direct deposit,CCD,API,0
82d97b6c-c4fd-426b-95d1-2e85a725b093,2026-07-03T14:07:18.584976+00:00,ORIG-79637,RCVR-93548,607.03,Harbor Manufacturing,Maple Consulting,CA,CO,1118,Bill payment,CCD,Online banking,0
539d7889-fd10-4c6d-8331-13c93bff62d8,2026-08-11T21:47:18.584976+00:00,ORIG-70438,RCVR-98511,436.88,Pine Valley Foods,Brightline Supply,TX,NC,738,Bill payment,WEB,Online banking,0
6c044fa6-4a65-4482-964a-eb1b4297a974,2026-08-20T01:58:18.584976+00:00,ORIG-22805,RCVR-78847,201.27,Northstar Services,Maple Consulting,CA,NC,1033,Vendor payment,PPD,Online banking,0
306456b9-da3f-4b7f-9b56-fcfaf7377821,2026-08-12T11:38:18.584976+00:00,ORIG-38419,RCVR-88562,104.98,Northstar Services,Avery Johnson,TX,VA,1541,Tax payment,PPD,File upload,0
adb77e4a-3b61-4546-93bd-2c6422fc1bc3,2026-08-04T01:57:18.584976+00:00,ORIG-19924,RCVR-93726,1243.94,Summit Health,Cedar Utilities,NY,VA,2736,Bill payment,CCD,Online banking,0
f821037b-65aa-4b70-8907-658a413b09f2,2026-08-14T02:50:18.584976+00:00,ORIG-60933,RCVR-53601,895.33,Northstar Services,Cedar Utilities,CA,NC,1806,Payroll,CCD,Branch initiated,0
a18c6ef9-7420-4832-928a-9effa1a561a0,2026-08-02T14:06:18.584976+00:00,ORIG-74494,RCVR-24212,146.07,Pine Valley Foods,Maple Consulting,FL,VA,1810,Bill payment,PPD,Online banking,0
ab335fda-a070-4c78-9a52-c106ac726b12,2026-08-14T10:39:18.584976+00:00,ORIG-12459,RCVR-75234,148.13,Pine Valley Foods,Avery Johnson,IL,NY,1604,Tax payment,PPD,API,0
e36f5c58-bfb2-49f8-ad0d-a4038134dcd8,2026-07-07T04:34:18.584976+00:00,ORIG-19188,RCVR-80795,250.0,Pine Valley Foods,Avery Johnson,NC,WA,3196,Direct deposit,PPD,API,0
994a8de4-dcf8-4a7e-9826-d9581ae96395,2026-07-19T04:24:18.584976+00:00,ORIG-17234,RCVR-92873,1261.65,Northstar Services,Cedar Utilities,IL,NC,331,Direct deposit,CCD,API,0
60d6df9e-2d8e-42dc-a845-f6fbe2951b8d,2026-08-04T18:39:18.584976+00:00,ORIG-35035,RCVR-49173,524.42,Summit Health,Avery Johnson,NC,VA,349,Direct deposit,WEB,Online banking,0
c6b12054-d6e1-4162-be09-197f8951748d,2026-08-17T14:29:18.584976+00:00,ORIG-41258,RCVR-74124,1160.09,Summit Health,Avery Johnson,WA,TX,2048,Tax payment,CCD,Branch initiated,0
ef30825e-73d5-49f4-8a95-b5a0a2a22a66,2026-08-19T08:37:18.584976+00:00,ORIG-15611,RCVR-63150,5570.61,Northstar Services,Brightline Supply,CA,MA,118,Tax payment,CCD,File upload,1
7e0febd7-1216-41a3-ab08-bfd401c4e520,2026-07-30T15:31:18.584976+00:00,ORIG-28558,RCVR-74080,1592.07,Northstar Services,Maple Consulting,CA,WA,996,Vendor payment,PPD,Online banking,0
3b55f598-9689-470e-851f-ebd3de96a178,2026-08-16T07:20:18.584976+00:00,ORIG-90114,RCVR-32372,118.43,Northstar Services,Avery Johnson,CO,NY,2523,Vendor payment,PPD,File upload,0
8654262c-630d-464b-8e60-0a512a22ad4a,2026-07-13T01:24:18.584976+00:00,ORIG-62692,RCVR-52498,121.52,Northstar Services,Brightline Supply,WA,VA,690,Bill payment,WEB,Online banking,0
ee215c58-62f8-4276-b47a-9233c2db35df,2026-07-29T16:14:18.584976+00:00,ORIG-23102,RCVR-92863,119.73,Summit Health,Brightline Supply,CA,FL,28,Payroll,PPD,Branch initiated,0
965ff5bf-009e-4983-8bb8-2bf4b0d99b44,2026-06-22T12:42:18.584976+00:00,ORIG-72391,RCVR-26632,588.3,Pine Valley Foods,Brightline Supply,IL,NC,1689,Vendor payment,PPD,API,0
1fc5997a-8647-40af-9c34-d8c8c5130536,2026-08-17T10:17:18.584976+00:00,ORIG-90222,RCVR-21537,318.54,Harbor Manufacturing,Cedar Utilities,WA,NY,788,Payroll,WEB,Branch initiated,0
876c3294-5d19-4a83-9d84-9b6025122ca2,2026-06-25T12:25:18.584976+00:00,ORIG-38740,RCVR-70845,1157.05,Pine Valley Foods,Cedar Utilities,OH,OH,656,Payroll,PPD,API,0
1e81ce47-20b2-4ef0-b8f1-d0d661e842b9,2026-07-25T21:45:18.584976+00:00,ORIG-90847,RCVR-69394,394.75,Northstar Services,Avery Johnson,IL,MA,965,Direct deposit,WEB,API,0
4ecaf26a-a9f8-4d2a-bbd2-d3b1c6b0dd60,2026-07-13T17:01:18.584976+00:00,ORIG-40154,RCVR-24435,864.46,Harbor Manufacturing,Brightline Supply,VA,MA,905,Payroll,CCD,API,0
f515b7c7-7ad0-4efa-8204-fedc0999dc05,2026-08-15T21:46:18.584976+00:00,ORIG-89879,RCVR-69636,298.81,Pine Valley Foods,Maple Consulting,FL,GA,797,Bill payment,CCD,Online banking,0
17c64b0c-4290-4142-9c0a-038af3322d9f,2026-08-09T06:35:18.584976+00:00,ORIG-46779,RCVR-27891,1239.96,Northstar Services,Maple Consulting,TX,CA,88,Vendor payment,WEB,File upload,1
9d246ec2-46c2-4a5f-bac7-b26e5c4eb434,2026-06-23T18:45:18.584976+00:00,ORIG-82450,RCVR-40107,991.48,Northstar Services,Maple Consulting,FL,TX,888,Tax payment,CCD,File upload,0
f089c8f7-115b-47c2-9fb2-635b9387fbeb,2026-07-26T10:37:18.584976+00:00,ORIG-42329,RCVR-42483,4163.88,Harbor Manufacturing,Maple Consulting,NC,WA,152,Vendor payment,IAT,File upload,1
b27fe6ed-931c-4557-99ef-cbc0695d8513,2026-07-13T19:50:18.584976+00:00,ORIG-76088,RCVR-14406,353.52,Summit Health,Maple Consulting,CA,NY,3366,Payroll,CCD,API,0
a5e0ee1c-a202-4fe0-89c8-6fbb9a68aa40,2026-08-13T06:58:18.584976+00:00,ORIG-63296,RCVR-38574,191.39,Pine Valley Foods,Cedar Utilities,CA,WA,373,Payroll,CCD,API,0
55885608-563d-45fb-8798-766ab5f85659,2026-08-06T03:01:18.584976+00:00,ORIG-86501,RCVR-13199,226.0,Summit Health,Maple Consulting,TX,WA,1519,Direct deposit,WEB,API,0
d817eab2-2360-40e4-bce5-876862420a3d,2026-06-24T18:06:18.584976+00:00,ORIG-79588,RCVR-14287,1185.13,Harbor Manufacturing,Maple Consulting,WA,MA,2510,Tax payment,WEB,File upload,0
6ce59201-8ee5-46ab-bde0-e07d5dba36c1,2026-08-13T11:37:18.584976+00:00,ORIG-17184,RCVR-77467,183.28,Harbor Manufacturing,Avery Johnson,MA,WA,2537,Payroll,CCD,Online banking,0
ae85ed24-2993-4cfa-b6bc-db2e7a9de266,2026-06-22T20:31:18.584976+00:00,ORIG-36832,RCVR-28141,466.52,Harbor Manufacturing,Brightline Supply,CO,OH,3022,Tax payment,WEB,Online banking,0
91463848-f6e8-42f9-bb30-53d16a33e227,2026-07-31T08:00:18.584976+00:00,ORIG-99158,RCVR-65434,171.06,Harbor Manufacturing,Avery Johnson,IL,OH,1993,Tax payment,WEB,File upload,0
250404ff-5c0e-4742-8f03-188970b16237,2026-07-09T01:23:18.584976+00:00,ORIG-48307,RCVR-69241,168.77,Harbor Manufacturing,Avery Johnson,VA,OH,734,Bill payment,PPD,Online banking,0
baf23365-5d28-4b40-9321-030601c8e78b,2026-07-26T17:40:18.584976+00:00,ORIG-29726,RCVR-36772,287.69,Northstar Services,Cedar Utilities,FL,NY,542,Direct deposit,CCD,Online banking,0
133d1c6f-94be-4420-9625-298b9ee6f103,2026-06-23T04:08:18.584976+00:00,ORIG-12888,RCVR-40451,1906.46,Harbor Manufacturing,Maple Consulting,GA,CO,84,Direct deposit,IAT,File upload,1
39e1a71a-aa6b-4c6b-81f5-f37f3ef37840,2026-07-03T14:19:18.584976+00:00,ORIG-49856,RCVR-84350,227.98,Pine Valley Foods,Cedar Utilities,NY,NY,1985,Bill payment,CCD,File upload,0
5107b83d-ce0b-45f8-9924-5dd63a8be0d3,2026-08-16T13:06:18.584976+00:00,ORIG-31805,RCVR-91085,245.74,Pine Valley Foods,Cedar Utilities,IL,NY,2902,Vendor payment,PPD,Online banking,0
e6d98d60-544d-498a-aa64-3146f8b0ca38,2026-08-17T02:35:18.584976+00:00,ORIG-67788,RCVR-44132,110.46,Harbor Manufacturing,Brightline Supply,TX,FL,2728,Bill payment,CCD,Online banking,0
07807131-f57e-4ab3-bea6-dfa1262a51cf,2026-07-11T00:52:18.584976+00:00,ORIG-49526,RCVR-25923,455.11,Northstar Services,Maple Consulting,FL,OH,2653,Bill payment,CCD,File upload,0
2e15dc0f-7591-4ceb-a0b4-34d514d509ba,2026-06-29T15:09:18.584976+00:00,ORIG-67947,RCVR-54392,443.53,Northstar Services,Maple Consulting,TX,WA,1647,Tax payment,PPD,Online banking,0
ddcc066c-42bd-40dd-ba95-894462b41e5c,2026-08-12T10:27:18.584976+00:00,ORIG-35578,RCVR-86471,263.17,Pine Valley Foods,Cedar Utilities,TX,VA,3481,Direct deposit,WEB,API,0
db5a8975-d980-4544-9ba0-24980d17d730,2026-08-12T21:36:18.584976+00:00,ORIG-74286,RCVR-51649,253.65,Northstar Services,Cedar Utilities,NC,GA,1753,Bill payment,CCD,Online banking,0
d28bd6a7-f5ec-4e0d-80fc-5de6f658d869,2026-07-25T22:39:18.584976+00:00,ORIG-83535,RCVR-21481,686.61,Pine Valley Foods,Maple Consulting,IL,NY,1814,Bill payment,PPD,File upload,0
124fdf29-2b18-4bb0-ac7b-cdbe5090ecac,2026-07-13T06:36:18.584976+00:00,ORIG-86962,RCVR-88372,197.23,Northstar Services,Brightline Supply,NC,FL,3555,Tax payment,CCD,Online banking,0
a8344706-7280-4fe4-bced-74f5fc820233,2026-06-28T02:07:18.584976+00:00,ORIG-63668,RCVR-93729,185.36,Harbor Manufacturing,Maple Consulting,CO,CA,2328,Vendor payment,PPD,Online banking,0
e23ea56b-5601-448f-a5d4-4e659a433159,2026-07-17T02:29:18.584976+00:00,ORIG-49582,RCVR-86704,465.06,Harbor Manufacturing,Maple Consulting,NY,CA,111,Payroll,PPD,Online banking,0
fe4df84e-e57d-4b29-a9bc-d600ecd8bf21,2026-06-23T13:10:18.584976+00:00,ORIG-95696,RCVR-97282,488.7,Harbor Manufacturing,Maple Consulting,NY,CO,3134,Bill payment,CCD,Branch initiated,0
a38f6eba-5315-4ce2-9b6c-33fdf5c004f1,2026-08-14T18:43:18.584976+00:00,ORIG-72978,RCVR-84130,552.42,Summit Health,Cedar Utilities,MA,TX,2845,Payroll,CCD,API,0
34a8cb6a-f648-47c7-a21c-7ebb57fe4e62,2026-06-29T11:48:18.584976+00:00,ORIG-86238,RCVR-17669,1100.92,Pine Valley Foods,Cedar Utilities,IL,FL,92,Vendor payment,PPD,API,1
91e500d7-0f75-4dc0-acdb-489ab442d47d,2026-07-13T16:02:18.584976+00:00,ORIG-47992,RCVR-48228,613.84,Northstar Services,Brightline Supply,MA,CA,389,Tax payment,PPD,API,0
e0b7c7ab-1ca3-4347-8cf0-f06ac1211d65,2026-07-23T01:42:18.584976+00:00,ORIG-45580,RCVR-99842,431.95,Harbor Manufacturing,Avery Johnson,VA,IL,590,Payroll,PPD,API,0
2cfc0d65-ca06-47a7-a9a9-392eab5d22a9,2026-07-17T21:37:18.584976+00:00,ORIG-31368,RCVR-23424,413.99,Pine Valley Foods,Brightline Supply,NC,MA,3258,Tax payment,WEB,API,0
9fa3d5a7-e369-4a53-a266-ef1e27b72746,2026-07-04T00:10:18.584976+00:00,ORIG-24937,RCVR-64702,155.6,Summit Health,Avery Johnson,WA,OH,2832,Bill payment,PPD,File upload,0
2ecd430a-3709-42a0-8374-ea0a046901eb,2026-06-27T10:53:18.584976+00:00,ORIG-49935,RCVR-13769,84.57,Northstar Services,Brightline Supply,MA,FL,2820,Vendor payment,CCD,Online banking,0
5f41f0ec-7c1a-495b-81da-5a067acbe05b,2026-08-09T00:01:18.584976+00:00,ORIG-24643,RCVR-20188,410.94,Northstar Services,Maple Consulting,NC,WA,489,Bill payment,PPD,Online banking,0
a6316abe-5167-4ffa-8146-43a6bd320fa3,2026-08-19T22:02:18.584976+00:00,ORIG-36922,RCVR-87018,505.79,Pine Valley Foods,Brightline Supply,CO,TX,598,Bill payment,WEB,Online banking,0
3b8fc359-f133-4cb3-ba57-d70d97feb877,2026-08-06T05:44:18.584976+00:00,ORIG-41696,RCVR-76179,2291.1,Northstar Services,Avery Johnson,WA,TX,2168,Vendor payment,WEB,Online banking,0
ddc0a89b-9504-4e45-890f-0b839bd6dfe5,2026-07-26T04:45:18.584976+00:00,ORIG-22934,RCVR-38051,551.61,Summit Health,Cedar Utilities,OH,CA,2760,Payroll,PPD,File upload,0
e0e736d2-5429-44b0-9ad0-4800ec0a7745,2026-07-17T07:12:18.584976+00:00,ORIG-63422,RCVR-24790,368.21,Harbor Manufacturing,Avery Johnson,OH,GA,2032,Bill payment,WEB,Online banking,0
3982c3a1-d670-4575-a66e-93705990d398,2026-08-17T03:46:18.584976+00:00,ORIG-60434,RCVR-47173,1834.38,Summit Health,Cedar Utilities,NY,CO,927,Tax payment,CCD,Online banking,0
ed813160-7622-4e2d-8e4d-54c3de3e2a7a,2026-07-12T21:35:18.584976+00:00,ORIG-99015,RCVR-58161,163.36,Pine Valley Foods,Avery Johnson,CO,NY,2699,Payroll,PPD,Online banking,0
6ab707c0-75b8-4715-b5ca-d2b3a4cba816,2026-07-15T09:18:18.584976+00:00,ORIG-32114,RCVR-18481,241.63,Harbor Manufacturing,Brightline Supply,CO,WA,1657,Payroll,PPD,File upload,0
0e60f8d2-5bff-421a-a724-2ca4307b51d6,2026-07-06T10:09:18.584976+00:00,ORIG-87810,RCVR-45779,373.02,Summit Health,Cedar Utilities,WA,TX,1658,Direct deposit,WEB,Online banking,0
c6a12dd5-d99e-4a92-8b08-94cadb06a4b8,2026-07-10T11:19:18.584976+00:00,ORIG-75178,RCVR-40254,1079.05,Pine Valley Foods,Avery Johnson,IL,NY,2784,Bill payment,PPD,Online banking,0
cff4f32f-8020-485a-84df-be70ed3c5d64,2026-06-25T03:00:18.584976+00:00,ORIG-78150,RCVR-74512,237.7,Summit Health,Brightline Supply,CO,VA,2069,Bill payment,WEB,Online banking,0
032f4e09-d175-4ed0-a3f9-225fb6dd09dd,2026-07-02T15:40:18.584976+00:00,ORIG-25615,RCVR-60283,910.94,Summit Health,Cedar Utilities,CA,NC,149,Payroll,PPD,API,0
71c2826c-138d-42c7-b0c1-3bac9d941b4c,2026-07-24T06:28:18.584976+00:00,ORIG-66450,RCVR-27627,396.18,Harbor Manufacturing,Maple Consulting,FL,NY,2766,Direct deposit,WEB,API,0
78760260-d8aa-4e71-abbb-df87c98f25e4,2026-07-02T18:09:18.584976+00:00,ORIG-30487,RCVR-76412,191.63,Northstar Services,Maple Consulting,NY,OH,1549,Tax payment,WEB,Online banking,0
a3bacdac-f0c7-4b5f-8014-2cacd3c52207,2026-07-25T23:07:18.584976+00:00,ORIG-15913,RCVR-26803,1050.84,Harbor Manufacturing,Cedar Utilities,CA,TX,3136,Bill payment,CCD,Online banking,0
93d32619-ce20-4f3e-aa1d-47c85a2913f7,2026-07-20T10:30:18.584976+00:00,ORIG-17398,RCVR-96670,245.58,Pine Valley Foods,Brightline Supply,NC,MA,349,Payroll,CCD,Online banking,0
62ced2c7-c13b-497b-b0a4-35d292ba7375,2026-08-05T09:35:18.584976+00:00,ORIG-70412,RCVR-96214,409.46,Summit Health,Maple Consulting,MA,CA,151,Payroll,WEB,API,1
6fd6b5e0-34fa-44f2-b118-7b0af649f623,2026-07-16T07:51:18.584976+00:00,ORIG-23114,RCVR-98488,394.53,Pine Valley Foods,Cedar Utilities,CO,NY,2735,Bill payment,PPD,API,0
4d6540da-f3f1-4538-9212-49ff689dd538,2026-07-18T18:46:18.584976+00:00,ORIG-93288,RCVR-19872,262.43,Pine Valley Foods,Cedar Utilities,GA,NY,2351,Direct deposit,PPD,API,0
04aa1127-4f4d-4194-8d9c-9cfe02b49ef7,2026-08-12T11:35:18.584976+00:00,ORIG-87576,RCVR-54150,484.09,Harbor Manufacturing,Avery Johnson,TX,CO,1751,Vendor payment,CCD,File upload,0
29d871d5-f2c6-4ef9-a609-43e28f0716d6,2026-06-22T13:10:18.584976+00:00,ORIG-66742,RCVR-96960,348.19,Harbor Manufacturing,Brightline Supply,OH,IL,2112,Direct deposit,WEB,File upload,0
ee24fff6-6fd9-4ff7-a0ee-88c2ee4e23cf,2026-08-04T09:57:18.584976+00:00,ORIG-77662,RCVR-34450,1306.3,Summit Health,Brightline Supply,VA,WA,1916,Bill payment,WEB,API,0
600df682-d363-4837-b261-98a08c50934d,2026-06-25T22:15:18.584976+00:00,ORIG-92150,RCVR-17848,378.59,Pine Valley Foods,Cedar Utilities,NC,TX,3059,Bill payment,CCD,Online banking,0
d74877b8-2270-4222-b76c-54ddbf8f9913,2026-08-14T23:44:18.584976+00:00,ORIG-47623,RCVR-94678,552.66,Pine Valley Foods,Cedar Utilities,NC,IL,978,Payroll,PPD,Online banking,0
b8dbeeb2-81e5-4c8c-b398-94a59a369c95,2026-07-29T11:59:18.584976+00:00,ORIG-73620,RCVR-83377,490.93,Summit Health,Maple Consulting,IL,NY,654,Bill payment,PPD,Online banking,0
c805322c-82d4-4479-bfd4-163d5170dbee,2026-07-26T13:40:18.584976+00:00,ORIG-15535,RCVR-73680,1079.39,Northstar Services,Avery Johnson,FL,VA,1669,Bill payment,WEB,API,0
1600aa2a-ad28-4e08-9c57-07e5318951d6,2026-08-12T15:12:18.584976+00:00,ORIG-40938,RCVR-24671,401.41,Northstar Services,Cedar Utilities,WA,FL,2458,Payroll,CCD,Online banking,0
57952be9-ef91-4cbe-b6d7-effd7d056cf9,2026-06-28T16:00:18.584976+00:00,ORIG-40924,RCVR-65426,211.94,Pine Valley Foods,Brightline Supply,WA,WA,1126,Direct deposit,CCD,Online banking,0
d3755508-874a-442b-9778-1a4be4e663fc,2026-06-28T04:44:18.584976+00:00,ORIG-24806,RCVR-51482,217.03,Summit Health,Maple Consulting,OH,MA,3366,Bill payment,PPD,API,0
d41b04b3-2c4a-4f88-9f6e-087ca6e0d840,2026-06-26T17:03:18.584976+00:00,ORIG-17166,RCVR-98027,1506.98,Pine Valley Foods,Cedar Utilities,WA,VA,180,Bill payment,PPD,API,1
396f3657-a0ff-45c3-bfc0-3ca895869e6e,2026-07-30T08:05:18.584976+00:00,ORIG-61508,RCVR-43493,63.18,Harbor Manufacturing,Avery Johnson,NC,CA,658,Direct deposit,WEB,Online banking,0
e6459584-89c8-4181-9c7e-c7d6944610f6,2026-06-23T04:42:18.584976+00:00,ORIG-20498,RCVR-74447,918.16,Summit Health,Maple Consulting,CA,IL,1732,Payroll,PPD,API,0
fc3f7198-1758-4b49-b405-ca908d209a66,2026-07-05T18:22:18.584976+00:00,ORIG-81791,RCVR-52830,1032.66,Summit Health,Avery Johnson,NC,TX,754,Direct deposit,WEB,Online banking,0
07bd37d7-aa43-4cc4-a083-f82b698edba8,2026-07-15T09:13:18.584976+00:00,ORIG-85472,RCVR-20778,131.01,Northstar Services,Brightline Supply,IL,MA,3146,Vendor payment,WEB,API,0
76a8fefa-078d-42f3-80c6-cd4b85ab5ec8,2026-07-22T18:44:18.584976+00:00,ORIG-44167,RCVR-32738,208.06,Harbor Manufacturing,Cedar Utilities,WA,FL,747,Direct deposit,CCD,Branch initiated,0
ed93aa31-32f2-4466-a6f1-3fcb294b07f6,2026-06-29T22:26:18.584976+00:00,ORIG-94817,RCVR-90216,550.88,Pine Valley Foods,Avery Johnson,CA,OH,1644,Tax payment,CCD,API,0
8dc2a50e-d0f8-4e0b-b8e7-f8b5afc48fa3,2026-08-07T06:26:18.584976+00:00,ORIG-84349,RCVR-25381,927.4,Northstar Services,Maple Consulting,MA,FL,921,Vendor payment,PPD,Branch initiated,0
9798e4f1-b36a-48f4-878a-8d925e5147de,2026-07-27T14:57:18.584976+00:00,ORIG-27065,RCVR-66532,597.01,Pine Valley Foods,Brightline Supply,NY,NC,1675,Vendor payment,PPD,Online banking,0
0162a7d7-3937-4826-a0d0-e594f5470b4c,2026-07-28T00:34:18.584976+00:00,ORIG-58449,RCVR-86402,192.32,Summit Health,Avery Johnson,NY,GA,2815,Vendor payment,WEB,Online banking,0
1f0fd1d0-f821-471b-a6c8-d24176bc2c11,2026-07-13T07:47:18.584976+00:00,ORIG-22488,RCVR-83007,304.59,Northstar Services,Avery Johnson,IL,CO,1453,Tax payment,WEB,Branch initiated,0
ad1f4639-7d38-4706-9755-900a940c82b2,2026-06-27T09:37:18.584976+00:00,ORIG-43247,RCVR-76131,174.59,Summit Health,Cedar Utilities,CA,CA,1391,Direct deposit,PPD,Online banking,0
e90130b4-c171-4580-983a-b6cb4ab26fa6,2026-07-03T13:45:18.584976+00:00,ORIG-51060,RCVR-15788,742.04,Pine Valley Foods,Maple Consulting,IL,CO,1082,Tax payment,CCD,Online banking,0
73bb68d9-ff11-4813-89b6-b6b13fff4394,2026-08-05T20:04:18.584976+00:00,ORIG-82833,RCVR-96169,186.87,Summit Health,Avery Johnson,NY,FL,671,Direct deposit,CCD,Online banking,0
590beb2f-29b5-4499-88b3-0f5043ee0ff2,2026-07-06T19:20:18.584976+00:00,ORIG-83512,RCVR-73596,201.09,Summit Health,Maple Consulting,MA,WA,836,Bill payment,PPD,File upload,0
e01cee3c-b320-415b-85e5-f0b378bbc881,2026-07-05T13:07:18.584976+00:00,ORIG-86765,RCVR-37839,359.07,Northstar Services,Brightline Supply,TX,VA,3148,Direct deposit,WEB,Online banking,0
8cdc17a2-a9e2-4629-bff7-5175f9e0a43d,2026-07-21T22:31:18.584976+00:00,ORIG-25989,RCVR-61664,2477.07,Harbor Manufacturing,Avery Johnson,VA,VA,21,Direct deposit,TEL,API,1
cd0bfcad-edb4-4a2b-861d-1434272fb97f,2026-07-27T08:08:18.584976+00:00,ORIG-15747,RCVR-96005,693.05,Summit Health,Cedar Utilities,CA,MA,3271,Payroll,WEB,Online banking,0
8dfa27d6-de73-4ac0-aa1f-1206143c005a,2026-06-27T00:45:18.584976+00:00,ORIG-33332,RCVR-41467,317.33,Summit Health,Avery Johnson,NC,IL,2652,Vendor payment,PPD,Online banking,0
0ecc3b0c-5a37-40ad-8c5f-a200951db13f,2026-07-12T11:58:18.584976+00:00,ORIG-89103,RCVR-27208,969.38,Harbor Manufacturing,Avery Johnson,IL,VA,2007,Direct deposit,CCD,API,0
f0098106-5880-4508-bd71-ad6f9215916c,2026-06-30T14:27:18.584976+00:00,ORIG-58265,RCVR-90460,485.6,Pine Valley Foods,Maple Consulting,CO,NC,2104,Bill payment,CCD,API,0
c16efebf-2b1c-4e65-aba8-f456a3c93c03,2026-06-22T21:45:18.584976+00:00,ORIG-79111,RCVR-92517,385.91,Northstar Services,Cedar Utilities,FL,NY,3285,Direct deposit,CCD,Online banking,0
23f21708-56cf-42c3-8ccb-7118940b9491,2026-08-09T05:19:18.584976+00:00,ORIG-78562,RCVR-66063,891.93,Harbor Manufacturing,Avery Johnson,IL,GA,2104,Payroll,WEB,Online banking,0
9f83ec55-9a6c-45a6-96fe-0837ff108f9d,2026-08-12T06:04:18.584976+00:00,ORIG-43211,RCVR-56590,717.77,Harbor Manufacturing,Avery Johnson,WA,TX,3222,Vendor payment,CCD,Online banking,0
815c6df0-a304-4f28-8543-c478cc0c6c9f,2026-07-13T23:10:18.584976+00:00,ORIG-86966,RCVR-69637,668.86,Summit Health,Cedar Utilities,IL,MA,322,Tax payment,CCD,File upload,0
5010e197-cbba-47ac-b481-c631591d16d3,2026-08-11T04:12:18.584976+00:00,ORIG-61764,RCVR-25293,584.84,Northstar Services,Brightline Supply,CA,CA,1661,Tax payment,WEB,API,0
6fd8c2af-1402-4813-9b04-d28aa9313cfc,2026-06-25T13:21:18.584976+00:00,ORIG-98316,RCVR-98487,550.43,Summit Health,Cedar Utilities,TX,MA,111,Vendor payment,CCD,API,0
bb82a31a-3636-43bb-b764-749e2bc46ceb,2026-06-22T17:06:18.584976+00:00,ORIG-35023,RCVR-21284,184.37,Harbor Manufacturing,Maple Consulting,VA,OH,479,Vendor payment,PPD,File upload,0
f34136a2-94e7-4929-9f6e-c2cd483b91ef,2026-07-11T07:47:18.584976+00:00,ORIG-68918,RCVR-86706,85.81,Pine Valley Foods,Brightline Supply,NY,CA,1606,Payroll,CCD,Online banking,0
4847cb97-e13d-40dd-bff8-2f232639f00f,2026-06-24T11:19:18.584976+00:00,ORIG-74972,RCVR-85846,391.0,Harbor Manufacturing,Avery Johnson,NC,NC,2422,Tax payment,WEB,Branch initiated,0
be5677eb-84b3-4548-9033-b070661c0a12,2026-07-07T10:38:18.584976+00:00,ORIG-12492,RCVR-65312,172.55,Harbor Manufacturing,Avery Johnson,CA,OH,3643,Direct deposit,PPD,API,0
a9ba1864-0693-41b5-ac04-bc1926acc6cb,2026-06-23T00:52:18.584976+00:00,ORIG-12727,RCVR-31146,375.99,Harbor Manufacturing,Brightline Supply,WA,NC,2081,Vendor payment,WEB,Branch initiated,0
b756861f-c782-4fe7-b9c4-7a378d151907,2026-07-20T23:35:18.584976+00:00,ORIG-71402,RCVR-27191,933.71,Harbor Manufacturing,Maple Consulting,WA,VA,3262,Direct deposit,PPD,API,0
66bd2071-e4fb-4b58-99d2-9bf0a2af05fa,2026-07-26T03:26:18.584976+00:00,ORIG-73293,RCVR-26920,168.88,Pine Valley Foods,Brightline Supply,CO,VA,3252,Direct deposit,CCD,Online banking,0
eb049fad-5d01-4bf3-925f-14ba63803816,2026-08-01T18:58:18.584976+00:00,ORIG-44184,RCVR-56798,319.44,Pine Valley Foods,Brightline Supply,CA,MA,496,Tax payment,PPD,API,0
3a96d948-cf71-4b78-8620-8a179caf3d58,2026-07-20T21:02:18.584976+00:00,ORIG-45060,RCVR-29815,1071.09,Northstar Services,Avery Johnson,CA,OH,1874,Payroll,PPD,File upload,0
60b12e81-ac33-4b86-b6f8-3ccb58da9776,2026-06-26T08:40:18.584976+00:00,ORIG-15501,RCVR-76493,1472.29,Northstar Services,Brightline Supply,CO,OH,1483,Vendor payment,WEB,Online banking,0
534f9dea-35a9-436c-b96b-9c61c189d89a,2026-07-11T15:58:18.584976+00:00,ORIG-23014,RCVR-30223,644.34,Harbor Manufacturing,Cedar Utilities,NY,WA,828,Direct deposit,CCD,File upload,0
d5f92217-9846-418b-bfdc-2d4ac48b1c61,2026-08-20T06:05:18.584976+00:00,ORIG-47585,RCVR-76194,140.18,Pine Valley Foods,Avery Johnson,NY,MA,1701,Bill payment,WEB,API,0
dc5e0b5b-f43c-42bc-bb36-40d44f41be23,2026-08-07T01:17:18.584976+00:00,ORIG-39908,RCVR-28087,1341.5,Summit Health,Maple Consulting,OH,NC,2796,Bill payment,PPD,Online banking,0
c97204d6-7443-4f32-9107-ac2a34f3e071,2026-08-19T22:45:18.584976+00:00,ORIG-21112,RCVR-54342,716.81,Harbor Manufacturing,Maple Consulting,OH,CO,2355,Payroll,WEB,Branch initiated,0
cda9ae69-2735-4ae3-9e5e-4f0bfdd90093,2026-07-04T13:00:18.584976+00:00,ORIG-99243,RCVR-82562,221.4,Harbor Manufacturing,Cedar Utilities,NC,NC,603,Direct deposit,CCD,API,0
448c904c-4ccf-43b8-b7bb-e5ac34fa6717,2026-07-02T07:10:18.584976+00:00,ORIG-67952,RCVR-55252,436.57,Summit Health,Brightline Supply,TX,VA,2946,Vendor payment,WEB,Branch initiated,0
49d9c517-c268-4dbf-9634-9084391a7129,2026-07-26T00:14:18.584976+00:00,ORIG-50927,RCVR-78332,432.38,Harbor Manufacturing,Brightline Supply,OH,OH,3410,Bill payment,WEB,Online banking,0
e5bdda84-38a6-4201-bb3a-aaa64d943b87,2026-07-05T20:41:18.584976+00:00,ORIG-44046,RCVR-92180,202.81,Harbor Manufacturing,Avery Johnson,CA,MA,3020,Payroll,CCD,Online banking,0
36ba0320-da2d-446f-8a82-61c6bede7121,2026-07-30T08:43:18.584976+00:00,ORIG-92279,RCVR-97231,185.74,Pine Valley Foods,Cedar Utilities,TX,TX,3340,Tax payment,WEB,Online banking,0
7845d863-f194-42a6-9695-2c2a38a4779d,2026-07-17T11:27:18.584976+00:00,ORIG-52971,RCVR-77692,376.58,Pine Valley Foods,Cedar Utilities,GA,CO,1745,Direct deposit,PPD,Online banking,0
54977827-0226-42de-a5ff-95073f08793d,2026-07-13T04:18:18.584976+00:00,ORIG-68479,RCVR-20233,510.82,Harbor Manufacturing,Maple Consulting,NY,GA,1619,Bill payment,WEB,API,0
f8dc0712-98a0-4827-b4ba-7a5c5e1c966b,2026-07-13T07:30:18.584976+00:00,ORIG-64646,RCVR-31344,389.11,Pine Valley Foods,Brightline Supply,WA,NY,2887,Tax payment,WEB,Online banking,0
0cf14040-63b3-48cf-80a8-0947d98178da,2026-08-01T11:57:18.584976+00:00,ORIG-30557,RCVR-83272,503.23,Harbor Manufacturing,Avery Johnson,CA,WA,497,Bill payment,WEB,Online banking,0
f806088f-febe-4699-a517-7a76770d3263,2026-07-04T06:27:18.584976+00:00,ORIG-59081,RCVR-49748,758.59,Harbor Manufacturing,Maple Consulting,MA,IL,1251,Bill payment,PPD,Online banking,0
cbdbf01b-7cc9-424f-86ba-0dc975ddb29a,2026-07-07T08:41:18.584976+00:00,ORIG-18855,RCVR-15856,1736.75,Summit Health,Maple Consulting,OH,MA,87,Direct deposit,TEL,File upload,1
7c90205f-ecf8-4e53-ad98-a616013071e9,2026-06-26T17:17:18.584976+00:00,ORIG-93422,RCVR-70415,76.74,Summit Health,Maple Consulting,FL,OH,367,Tax payment,WEB,API,0
9dee2e41-42fd-4d5d-9e50-10c489fe73f9,2026-07-16T14:33:18.584976+00:00,ORIG-80909,RCVR-16005,1636.94,Summit Health,Cedar Utilities,NC,MA,2898,Payroll,WEB,API,0
9ca129bc-4d25-4cae-8468-4c242c819854,2026-07-23T17:47:18.584976+00:00,ORIG-83315,RCVR-21161,1380.6,Pine Valley Foods,Avery Johnson,CO,VA,3076,Direct deposit,WEB,File upload,0
3a10eaff-ab0e-4d1d-86c7-14b60b2743fe,2026-08-09T21:43:18.584976+00:00,ORIG-12486,RCVR-46039,451.16,Pine Valley Foods,Brightline Supply,OH,FL,2187,Tax payment,CCD,Online banking,0
66408d22-5018-4e70-bb0b-e0323d262ed1,2026-08-16T18:12:18.584976+00:00,ORIG-67280,RCVR-33659,794.64,Summit Health,Avery Johnson,CA,MA,1055,Payroll,PPD,Branch initiated,0
077dcffa-ddbb-4500-b785-fd1ef74ecd67,2026-07-02T12:56:18.584976+00:00,ORIG-43496,RCVR-21747,96.59,Pine Valley Foods,Cedar Utilities,FL,FL,1222,Direct deposit,PPD,Online banking,0
835a2375-94cd-4bbb-b726-d102ef0a128b,2026-07-14T06:39:18.584976+00:00,ORIG-25855,RCVR-16799,883.28,Pine Valley Foods,Brightline Supply,IL,NC,2021,Tax payment,WEB,Online banking,0
4573178a-4540-4d41-9e0e-25becf2f55ba,2026-08-10T09:05:18.584976+00:00,ORIG-82498,RCVR-63356,477.29,Northstar Services,Maple Consulting,MA,NY,417,Vendor payment,WEB,API,0
c260e3bf-49f8-46a2-b1a0-b48171b95899,2026-08-09T10:10:18.584976+00:00,ORIG-20998,RCVR-93335,884.16,Pine Valley Foods,Brightline Supply,NC,NY,1737,Tax payment,CCD,Online banking,0
0457826b-4b7f-4194-b31b-4f1ced895655,2026-07-09T13:26:18.584976+00:00,ORIG-95597,RCVR-31939,1184.6,Northstar Services,Avery Johnson,TX,IL,2450,Bill payment,WEB,Online banking,0
a721fa47-4a87-465e-9d27-ab0aaee3d78f,2026-07-19T20:47:18.584976+00:00,ORIG-76889,RCVR-46872,815.95,Northstar Services,Brightline Supply,GA,TX,1233,Payroll,CCD,API,0
d7747772-f7a9-4de1-ab23-62778352fa52,2026-08-08T03:24:18.584976+00:00,ORIG-37636,RCVR-90012,582.71,Harbor Manufacturing,Cedar Utilities,IL,NC,2714,Bill payment,CCD,Online banking,0
d1e0a204-9720-4e8e-86ad-29467994a19e,2026-06-27T06:49:18.584976+00:00,ORIG-94730,RCVR-10268,1955.0,Summit Health,Avery Johnson,WA,FL,1694,Tax payment,WEB,File upload,0
7b71f420-0d2e-434e-82e3-ecb3e4add6d6,2026-07-16T02:25:18.584976+00:00,ORIG-20161,RCVR-80601,568.23,Northstar Services,Maple Consulting,VA,VA,3331,Direct deposit,WEB,Online banking,0
7c4dbbaf-23c4-4257-ba8e-11dfe3282fdd,2026-08-04T17:24:18.584976+00:00,ORIG-26353,RCVR-70646,368.12,Harbor Manufacturing,Brightline Supply,WA,CA,83,Bill payment,WEB,Branch initiated,0
0c5af3c0-ca66-4c49-8fcf-a153754254d8,2026-07-19T06:48:18.584976+00:00,ORIG-49738,RCVR-38986,391.06,Pine Valley Foods,Maple Consulting,TX,VA,2484,Vendor payment,PPD,Online banking,0
47593274-e001-4735-ab40-1f662e292065,2026-06-23T17:47:18.584976+00:00,ORIG-75578,RCVR-74751,647.77,Pine Valley Foods,Brightline Supply,IL,TX,2797,Tax payment,WEB,Online banking,0
3404f846-ba4a-49a5-9018-9e8dab156e3c,2026-06-28T07:37:18.584976+00:00,ORIG-44029,RCVR-84698,117.78,Pine Valley Foods,Cedar Utilities,CO,FL,2840,Tax payment,WEB,Online banking,0
05585f58-e4c0-433c-8bf4-dba2acedde68,2026-06-30T20:53:18.584976+00:00,ORIG-94012,RCVR-98224,162.55,Northstar Services,Cedar Utilities,CA,NC,1913,Direct deposit,CCD,API,0
59a67329-7000-496c-9093-5b832635433f,2026-08-16T21:31:18.584976+00:00,ORIG-46429,RCVR-65058,114.82,Summit Health,Cedar Utilities,GA,CA,105,Vendor payment,WEB,Online banking,0
4b729f72-827c-4f26-b2f9-e2ee681af7a2,2026-08-14T01:51:18.584976+00:00,ORIG-53152,RCVR-50737,138.47,Northstar Services,Avery Johnson,GA,FL,100,Tax payment,WEB,Branch initiated,0
5d80e3aa-4fe4-4e1a-b28b-1ee097f176c5,2026-07-29T01:27:18.584976+00:00,ORIG-54669,RCVR-17134,774.44,Harbor Manufacturing,Brightline Supply,NY,GA,2563,Direct deposit,WEB,Online banking,0
83ffaf12-082d-45e7-86b1-13a03a0e71df,2026-08-15T07:54:18.584976+00:00,ORIG-18523,RCVR-26716,365.9,Northstar Services,Maple Consulting,NC,MA,230,Tax payment,PPD,Online banking,0
20b43b9d-ad1f-4dc4-9bdf-aeaaeb5c4b52,2026-07-17T03:10:18.584976+00:00,ORIG-40554,RCVR-88587,194.58,Northstar Services,Maple Consulting,TX,NC,3606,Tax payment,WEB,Online banking,0
0b8bdc9c-daab-46c0-a0c6-4a6443fc1c5c,2026-06-22T14:31:18.584976+00:00,ORIG-77792,RCVR-53017,114.12,Pine Valley Foods,Avery Johnson,CA,NY,278,Tax payment,PPD,Branch initiated,0
641c200c-2692-4542-b68e-58d6d3b19ab5,2026-08-09T09:16:18.584976+00:00,ORIG-65182,RCVR-73097,79.19,Summit Health,Brightline Supply,IL,MA,249,Vendor payment,CCD,API,0
a358bcd2-4980-43c0-b606-c09acc824a88,2026-07-05T03:32:18.584976+00:00,ORIG-86502,RCVR-80928,365.46,Pine Valley Foods,Brightline Supply,MA,IL,1194,Bill payment,PPD,API,0
640d3e12-4fc5-4d0b-aac2-fac104d7e81e,2026-06-21T23:45:18.584976+00:00,ORIG-76467,RCVR-83328,505.94,Northstar Services,Maple Consulting,CA,GA,282,Bill payment,PPD,API,0
4a5c0496-916f-42d7-834e-978ac264b5f3,2026-07-09T07:25:18.584976+00:00,ORIG-84199,RCVR-53995,315.34,Harbor Manufacturing,Maple Consulting,MA,TX,3590,Payroll,CCD,Online banking,0
840dd3ad-29af-4759-84e0-e7757a323510,2026-08-20T12:24:18.584976+00:00,ORIG-71149,RCVR-91778,362.51,Pine Valley Foods,Brightline Supply,WA,GA,3338,Bill payment,WEB,Online banking,0
ea5a5c7f-3f05-44c5-9451-ababed48585d,2026-07-15T09:59:18.584976+00:00,ORIG-11296,RCVR-19664,437.93,Harbor Manufacturing,Avery Johnson,CA,MA,1805,Vendor payment,WEB,API,0
2c20ddb0-54be-4377-bd47-c900e1ae2ce8,2026-07-19T02:14:18.584976+00:00,ORIG-35929,RCVR-47237,254.01,Pine Valley Foods,Brightline Supply,CA,GA,733,Vendor payment,PPD,Online banking,0
73744d16-75d4-4e43-b4e4-3b56d361056a,2026-07-28T00:35:18.584976+00:00,ORIG-27988,RCVR-59666,904.57,Northstar Services,Cedar Utilities,CA,VA,985,Bill payment,CCD,API,0
9fed3843-252b-43e7-ac79-ec66958ed3e5,2026-07-03T21:23:18.584976+00:00,ORIG-18569,RCVR-25531,645.1,Pine Valley Foods,Brightline Supply,TX,NC,1551,Bill payment,CCD,API,0
fda259b5-87d0-4aed-8e48-2742bf92d4a8,2026-06-23T22:48:18.584976+00:00,ORIG-86981,RCVR-34785,319.2,Harbor Manufacturing,Brightline Supply,CA,TX,3260,Bill payment,PPD,File upload,0
cc57aaf5-aa3a-4698-b715-61ed8c391379,2026-06-28T16:32:18.584976+00:00,ORIG-20670,RCVR-71691,421.81,Northstar Services,Brightline Supply,GA,WA,2644,Tax payment,CCD,API,0
51ff2443-0b9c-4a1b-9acb-69df7f2ab432,2026-07-09T14:16:18.584976+00:00,ORIG-78875,RCVR-73346,245.29,Summit Health,Maple Consulting,WA,MA,3240,Tax payment,WEB,Online banking,0
3c337e47-3597-408c-bbca-74e155ae0ee5,2026-07-31T20:55:18.584976+00:00,ORIG-61891,RCVR-38651,1295.71,Harbor Manufacturing,Maple Consulting,NY,GA,3452,Bill payment,CCD,API,0
e1652e69-4f1d-4bee-b816-64de28ebeaa5,2026-08-08T15:02:18.584976+00:00,ORIG-78002,RCVR-56081,358.53,Pine Valley Foods,Avery Johnson,IL,NY,1747,Direct deposit,CCD,Online banking,0
fb1fb30b-cb00-48a1-afd0-439e2dfffdc0,2026-07-18T09:38:18.584976+00:00,ORIG-60118,RCVR-13239,153.58,Pine Valley Foods,Maple Consulting,MA,IL,1472,Payroll,CCD,File upload,0
da9f3905-cadc-4166-a9ac-08ea1b1f863c,2026-07-05T04:16:18.584976+00:00,ORIG-39850,RCVR-22898,271.48,Northstar Services,Avery Johnson,CO,IL,1369,Vendor payment,WEB,Online banking,0
8ff0a0e7-ab62-4101-abdc-17f76418aad1,2026-07-24T07:11:18.584976+00:00,ORIG-34987,RCVR-89171,327.58,Pine Valley Foods,Cedar Utilities,VA,IL,2377,Payroll,CCD,API,0
89275b8b-048e-41db-bb03-0ec59196a4dc,2026-08-07T06:22:18.584976+00:00,ORIG-37508,RCVR-72185,686.46,Pine Valley Foods,Maple Consulting,GA,GA,3245,Payroll,CCD,File upload,0
e8fb7cea-a8bd-4b01-b74a-2e69162b6588,2026-07-12T19:46:18.584976+00:00,ORIG-37470,RCVR-67498,275.45,Summit Health,Avery Johnson,WA,NC,527,Bill payment,WEB,Online banking,0
968b2edf-749d-4fe3-a1bd-c702e11319d6,2026-06-21T21:12:18.584976+00:00,ORIG-64938,RCVR-65799,320.83,Summit Health,Cedar Utilities,MA,GA,3218,Payroll,PPD,Online banking,0
da3a84af-a4cd-46b0-9c2c-bcbbfaafcd70,2026-07-21T19:02:18.584976+00:00,ORIG-85219,RCVR-61234,305.45,Summit Health,Brightline Supply,TX,TX,1348,Tax payment,CCD,API,0
d8dcccac-23f2-4338-8cf7-4c8e4f33d464,2026-07-24T02:58:18.584976+00:00,ORIG-82470,RCVR-33283,955.11,Northstar Services,Maple Consulting,CO,VA,845,Vendor payment,CCD,API,0
ea02d7b5-b2dc-4bf8-b834-35ffc37713b0,2026-08-14T11:36:18.584976+00:00,ORIG-11447,RCVR-32521,177.6,Harbor Manufacturing,Maple Consulting,MA,OH,3045,Payroll,CCD,Branch initiated,0
289f3274-807b-491a-8c0f-2ba5a6c4a9c1,2026-08-02T01:25:18.584976+00:00,ORIG-66649,RCVR-97135,3615.71,Summit Health,Brightline Supply,GA,IL,2408,Vendor payment,WEB,File upload,0
cc040210-233e-4824-b428-777f32c6256f,2026-07-10T01:52:18.584976+00:00,ORIG-68422,RCVR-18384,584.58,Summit Health,Brightline Supply,CA,FL,3603,Direct deposit,CCD,API,0
f2fb52cc-5b04-4da4-a6dc-622f23f80a06,2026-08-17T07:06:18.584976+00:00,ORIG-69809,RCVR-55453,867.26,Harbor Manufacturing,Maple Consulting,IL,VA,719,Direct deposit,PPD,Online banking,0
46abc53a-a8dd-4b68-bbea-708f1835a1a9,2026-06-25T15:01:18.584976+00:00,ORIG-96386,RCVR-34044,527.03,Northstar Services,Maple Consulting,NY,NC,3629,Vendor payment,CCD,File upload,0
3e2bf059-7dd9-4871-a4c3-dbdf53d0750b,2026-07-02T21:46:18.584976+00:00,ORIG-38476,RCVR-74682,268.35,Summit Health,Avery Johnson,CO,WA,1037,Vendor payment,WEB,Online banking,0
94f8ddfd-8620-4671-9e54-663adba1803a,2026-08-18T10:07:18.584976+00:00,ORIG-70542,RCVR-59958,861.54,Harbor Manufacturing,Maple Consulting,WA,VA,45,Bill payment,PPD,File upload,0
494a8749-25e8-4c4e-8515-ebda7bd686ca,2026-08-08T10:20:18.584976+00:00,ORIG-73538,RCVR-70470,438.01,Northstar Services,Avery Johnson,WA,NY,1794,Vendor payment,CCD,File upload,0
e8396bd7-33de-44e1-b2ad-84673edc9dc5,2026-08-06T03:58:18.584976+00:00,ORIG-23174,RCVR-33230,434.07,Harbor Manufacturing,Avery Johnson,CA,TX,319,Payroll,WEB,Online banking,0
2c1ce6b0-ac62-4077-866d-7cbacabbbce0,2026-07-11T17:51:18.584976+00:00,ORIG-14514,RCVR-98479,1897.43,Pine Valley Foods,Maple Consulting,GA,WA,3325,Tax payment,WEB,API,0
030639a6-d581-4557-ae46-6405a971564a,2026-08-11T11:55:18.584976+00:00,ORIG-16870,RCVR-88407,1817.12,Northstar Services,Avery Johnson,IL,NY,1024,Bill payment,PPD,Online banking,0
a5d17207-3f54-4055-a260-158569e835f8,2026-08-19T09:26:18.584976+00:00,ORIG-35185,RCVR-99123,1457.83,Northstar Services,Brightline Supply,CA,MA,2967,Vendor payment,PPD,Online banking,0
db986f6d-c271-4603-92b7-b351faa5d453,2026-08-11T01:14:18.584976+00:00,ORIG-92154,RCVR-34844,227.61,Pine Valley Foods,Maple Consulting,MA,OH,713,Payroll,CCD,API,0
7ea55c38-4257-4bda-87cc-ec31345ff942,2026-08-19T18:18:18.584976+00:00,ORIG-18652,RCVR-96240,246.64,Harbor Manufacturing,Cedar Utilities,NY,GA,2048,Payroll,WEB,API,0
6ee84ee2-5502-444b-8688-c0d9afb3dabd,2026-06-30T01:02:18.584976+00:00,ORIG-52513,RCVR-92689,223.05,Summit Health,Brightline Supply,CO,TX,3622,Bill payment,WEB,API,0
580c08fa-4ced-4259-8926-8c0b3ac3dd40,2026-07-21T08:26:18.584976+00:00,ORIG-60118,RCVR-76981,456.64,Pine Valley Foods,Avery Johnson,TX,NY,32,Bill payment,CCD,File upload,1
461333f1-a6ae-4889-bc30-e343a7dd0232,2026-07-29T16:26:18.584976+00:00,ORIG-59089,RCVR-75369,229.68,Harbor Manufacturing,Brightline Supply,CA,FL,157,Vendor payment,WEB,API,0
8b053a18-c3cb-40ab-9216-c93a506f5dc4,2026-07-11T11:08:18.584976+00:00,ORIG-46454,RCVR-51620,527.27,Northstar Services,Maple Consulting,MA,FL,99,Vendor payment,WEB,Online banking,0
359d9ab3-0593-4f0c-86ca-0b87797fdfca,2026-07-29T19:16:18.584976+00:00,ORIG-42550,RCVR-39156,134.32,Summit Health,Cedar Utilities,CA,VA,266,Direct deposit,PPD,Branch initiated,0
ef0dbe68-0455-4129-82d5-8814e9c24af1,2026-08-16T02:39:18.584976+00:00,ORIG-26457,RCVR-22027,279.21,Pine Valley Foods,Brightline Supply,FL,GA,2971,Direct deposit,CCD,Online banking,0
2581df4d-5c18-4f62-b744-03eb6c092ada,2026-08-02T20:57:18.584976+00:00,ORIG-42632,RCVR-49728,991.06,Harbor Manufacturing,Maple Consulting,FL,TX,1474,Direct deposit,CCD,Online banking,0
3104d7d7-3d6e-48d7-b417-d9f364fb242e,2026-07-11T16:16:18.584976+00:00,ORIG-66810,RCVR-30431,726.73,Summit Health,Avery Johnson,TX,WA,342,Bill payment,WEB,API,0
5fdb1b0a-4c3a-49af-b353-bf4df3fa5503,2026-07-01T12:45:18.584976+00:00,ORIG-70771,RCVR-50088,268.34,Summit Health,Cedar Utilities,IL,NC,296,Bill payment,PPD,File upload,0
d13e4ded-a2e6-494a-bc5c-a1319f053f85,2026-08-03T00:56:18.584976+00:00,ORIG-11682,RCVR-75627,326.94,Harbor Manufacturing,Maple Consulting,GA,CA,1618,Bill payment,CCD,API,0
f3e440a6-41b7-49ee-ad43-9bac7844b87a,2026-06-23T12:05:18.584976+00:00,ORIG-15089,RCVR-26315,200.75,Summit Health,Brightline Supply,CO,NC,1047,Bill payment,WEB,File upload,0
e24a9f76-0b63-41b3-a1da-4f11c1c06bfb,2026-06-24T01:20:18.584976+00:00,ORIG-95315,RCVR-60506,1201.93,Summit Health,Brightline Supply,WA,CA,2772,Payroll,WEB,API,0
6f2c1ff8-6e4c-4c59-b953-9d4069f127de,2026-08-07T09:25:18.584976+00:00,ORIG-29315,RCVR-43330,3771.61,Pine Valley Foods,Brightline Supply,NY,VA,1630,Tax payment,PPD,API,0
f3f58a6e-3562-4cb1-a82f-b5447e6a4ba9,2026-08-03T15:59:18.584976+00:00,ORIG-43144,RCVR-49612,1360.94,Summit Health,Cedar Utilities,FL,NC,2982,Payroll,PPD,API,0
45b3f5e9-90d1-4bf6-9cf5-d442fdb98f52,2026-07-20T12:08:18.584976+00:00,ORIG-37462,RCVR-62162,686.58,Harbor Manufacturing,Avery Johnson,IL,WA,2682,Bill payment,WEB,Online banking,0
a30318b9-6d3c-4609-ae66-63d332578405,2026-08-04T19:07:18.584976+00:00,ORIG-35954,RCVR-73762,286.58,Pine Valley Foods,Avery Johnson,WA,FL,762,Vendor payment,PPD,File upload,0
6d9e1d72-0f8b-4d35-b612-7c79d22a9423,2026-08-03T09:18:18.584976+00:00,ORIG-92160,RCVR-91844,372.58,Northstar Services,Brightline Supply,NC,NY,40,Payroll,CCD,File upload,0
9d067b05-e843-4056-af3b-f6cd8174521c,2026-08-20T04:41:18.584976+00:00,ORIG-37665,RCVR-78463,383.01,Northstar Services,Maple Consulting,CA,CO,1761,Bill payment,CCD,API,0
110c1441-c055-4d7f-bf76-6043bd1ef839,2026-07-20T15:01:18.584976+00:00,ORIG-97173,RCVR-62228,895.15,Summit Health,Avery Johnson,GA,MA,3423,Vendor payment,PPD,API,0
6459b4fa-4a5c-4614-9f7a-4183e286c4b9,2026-07-03T13:18:18.584976+00:00,ORIG-58290,RCVR-69233,216.0,Summit Health,Maple Consulting,WA,GA,3579,Payroll,WEB,Online banking,0
d3431654-5ded-4510-8685-078559f62642,2026-07-11T09:52:18.584976+00:00,ORIG-90293,RCVR-20665,368.74,Harbor Manufacturing,Maple Consulting,NY,NC,2867,Payroll,WEB,Online banking,0
852b76da-65b2-4ae2-bd27-5565464fa38b,2026-06-26T14:05:18.584976+00:00,ORIG-84959,RCVR-76143,402.25,Northstar Services,Brightline Supply,FL,OH,3411,Tax payment,CCD,Online banking,0
9ec9f33b-198e-4bf4-b349-8ea05e375aec,2026-07-11T05:33:18.584976+00:00,ORIG-80866,RCVR-41575,537.83,Pine Valley Foods,Brightline Supply,NY,VA,2933,Payroll,PPD,Branch initiated,0
8d3f9645-62c6-42e5-97dd-68d12b8b1570,2026-07-22T03:13:18.584976+00:00,ORIG-43767,RCVR-97285,565.79,Summit Health,Avery Johnson,IL,GA,3260,Bill payment,PPD,Branch initiated,0
b1b327bf-c625-43c9-9fa2-36860a818004,2026-06-27T04:16:18.584976+00:00,ORIG-60023,RCVR-95710,269.83,Summit Health,Brightline Supply,MA,NC,361,Payroll,PPD,Online banking,0
40fb30b7-e77d-46e7-ac54-f2fa2e05cc90,2026-06-27T22:48:18.584976+00:00,ORIG-85083,RCVR-58200,1605.0,Pine Valley Foods,Cedar Utilities,WA,CO,8,Bill payment,PPD,API,0
98a3a325-7d5e-4016-9ff6-7cc8dcfa45f7,2026-08-03T13:43:18.584976+00:00,ORIG-57844,RCVR-99037,782.69,Pine Valley Foods,Brightline Supply,NC,MA,3344,Bill payment,PPD,API,0
f16eaafe-fe33-4fb9-9220-d75d9acf4dbb,2026-07-10T08:48:18.584976+00:00,ORIG-97208,RCVR-14501,407.41,Harbor Manufacturing,Cedar Utilities,IL,FL,1122,Tax payment,CCD,API,0
ccfdfb24-9bf8-4be0-9f9f-f7aac5345349,2026-08-01T05:16:18.584976+00:00,ORIG-17708,RCVR-53665,105.79,Pine Valley Foods,Brightline Supply,WA,NC,3546,Vendor payment,CCD,File upload,0
7c83e46d-0d10-40b0-ae95-3541613d5acf,2026-07-24T15:05:18.584976+00:00,ORIG-12826,RCVR-81819,333.78,Summit Health,Cedar Utilities,VA,FL,1428,Direct deposit,CCD,Online banking,0
14b9f52f-aa7a-474b-9455-10feaadc8e8a,2026-07-26T02:10:18.584976+00:00,ORIG-81828,RCVR-61612,135.84,Northstar Services,Brightline Supply,GA,WA,3548,Payroll,WEB,Online banking,0
db41afff-8468-4b40-ba43-e8549e4f3ee1,2026-06-22T06:24:18.584976+00:00,ORIG-73234,RCVR-48152,95.46,Pine Valley Foods,Brightline Supply,FL,NY,3013,Payroll,CCD,File upload,0
529b0727-3524-4c7b-b843-90cacc9a21a9,2026-06-29T10:53:18.584976+00:00,ORIG-65982,RCVR-99056,530.65,Pine Valley Foods,Avery Johnson,FL,NC,141,Payroll,PPD,Online banking,0
7cde3d12-e311-4a3d-af66-e091cca74d88,2026-07-24T07:14:18.584976+00:00,ORIG-59200,RCVR-97914,1544.72,Northstar Services,Maple Consulting,FL,VA,1129,Direct deposit,CCD,Online banking,0
0b9e3e90-51a2-4af6-8ce1-9a4726d6878e,2026-08-10T05:42:18.584976+00:00,ORIG-97659,RCVR-76813,370.14,Pine Valley Foods,Avery Johnson,NY,VA,389,Tax payment,PPD,Online banking,0
51662564-8d18-415f-8a95-d9224166b4e5,2026-06-23T04:20:18.584976+00:00,ORIG-26414,RCVR-23033,2969.4,Harbor Manufacturing,Avery Johnson,IL,TX,2203,Vendor payment,CCD,File upload,0
26254114-f538-46ce-869d-b129d97df19d,2026-08-19T01:20:18.584976+00:00,ORIG-74036,RCVR-18379,144.77,Northstar Services,Brightline Supply,OH,OH,739,Payroll,WEB,Online banking,0
0392c5ad-b382-4c86-95d5-aa1b7511246c,2026-07-23T05:53:18.584976+00:00,ORIG-37030,RCVR-95542,693.19,Pine Valley Foods,Avery Johnson,FL,TX,145,Payroll,PPD,API,0
7450c5a1-5915-4389-878f-de241174156a,2026-07-18T18:16:18.584976+00:00,ORIG-96266,RCVR-10011,842.83,Pine Valley Foods,Cedar Utilities,FL,NC,2189,Direct deposit,PPD,API,0
223029d3-c915-445f-84ff-b9897e1fd008,2026-07-23T08:51:18.584976+00:00,ORIG-80544,RCVR-76924,502.22,Pine Valley Foods,Avery Johnson,MA,TX,152,Vendor payment,PPD,Online banking,0
f185d21b-8fae-4e38-a2e0-d2a8d86d305f,2026-08-01T06:20:18.584976+00:00,ORIG-38316,RCVR-87566,113.8,Harbor Manufacturing,Cedar Utilities,TX,OH,306,Tax payment,CCD,Online banking,0
0a60f597-9f93-4ae2-a202-022646c31c49,2026-06-22T17:02:18.584976+00:00,ORIG-20912,RCVR-43315,423.99,Summit Health,Brightline Supply,NC,NY,3003,Bill payment,WEB,API,0
45fe3f1d-dd6a-490b-83ec-1f1f2b7b97a8,2026-08-03T07:40:18.584976+00:00,ORIG-94904,RCVR-77033,738.93,Pine Valley Foods,Maple Consulting,TX,VA,3228,Direct deposit,CCD,Online banking,0
e2f9f52f-8849-4689-b6ca-031ad6e906e8,2026-06-26T21:52:18.584976+00:00,ORIG-79660,RCVR-24416,317.03,Summit Health,Avery Johnson,IL,CO,1368,Bill payment,PPD,File upload,0
c41f2709-87b5-43bb-8b6a-a5d93be9acc7,2026-07-31T07:17:18.584976+00:00,ORIG-39127,RCVR-59628,86.86,Northstar Services,Avery Johnson,CO,NC,1257,Tax payment,CCD,Online banking,0
abfe5e01-2f0a-4d26-bc92-43569edccd88,2026-07-20T02:17:18.584976+00:00,ORIG-45527,RCVR-89621,324.73,Northstar Services,Avery Johnson,IL,OH,3038,Tax payment,WEB,API,0
56cc3030-9de0-4161-85f9-40aeaa20b21d,2026-07-15T04:52:18.584976+00:00,ORIG-11244,RCVR-77314,139.33,Pine Valley Foods,Brightline Supply,FL,IL,1097,Payroll,WEB,API,0
0dfcf9a4-8773-4ba1-87e8-78850990410b,2026-07-18T03:52:18.584976+00:00,ORIG-89783,RCVR-64820,357.25,Summit Health,Brightline Supply,GA,VA,1921,Tax payment,CCD,Online banking,0
a37d94ee-818d-4017-a3fb-db1af46366f1,2026-07-12T22:00:18.584976+00:00,ORIG-50001,RCVR-93313,338.66,Northstar Services,Cedar Utilities,WA,GA,371,Payroll,PPD,File upload,0
d038d32b-0885-451d-831c-0e9f30ffdd67,2026-08-12T07:56:18.584976+00:00,ORIG-47467,RCVR-82634,1132.68,Summit Health,Avery Johnson,CA,CO,2085,Vendor payment,CCD,API,0
cd32d344-5f06-49b7-a91e-07d0a8a1c13c,2026-07-03T09:25:18.584976+00:00,ORIG-90777,RCVR-34927,1142.84,Northstar Services,Maple Consulting,NC,CA,1002,Tax payment,WEB,API,0
0c5dceec-fad6-48f6-ac64-0aa051503e39,2026-06-26T13:39:18.584976+00:00,ORIG-78618,RCVR-39500,331.17,Pine Valley Foods,Avery Johnson,FL,VA,1449,Payroll,CCD,API,0
44f51b1e-12ae-4e25-88ef-52d506b3ba72,2026-08-05T08:03:18.584976+00:00,ORIG-99006,RCVR-42737,279.85,Northstar Services,Cedar Utilities,CO,MA,874,Payroll,WEB,API,0
a1cc1afd-38d0-45cb-9f7f-ac614d5eeca7,2026-07-16T00:36:18.584976+00:00,ORIG-77571,RCVR-14643,375.14,Summit Health,Maple Consulting,IL,VA,440,Payroll,CCD,File upload,0
76f46ca8-0ed5-4dd8-88cb-fb05eec285a5,2026-08-03T21:48:18.584976+00:00,ORIG-66466,RCVR-74493,583.4,Pine Valley Foods,Avery Johnson,CA,CO,1684,Payroll,CCD,Online banking,0
ef5dffdc-998b-4294-abb4-6fad6158299f,2026-06-22T02:02:18.584976+00:00,ORIG-59061,RCVR-49227,1198.15,Harbor Manufacturing,Maple Consulting,NY,NC,1105,Payroll,CCD,API,0
5629035f-893a-4c7e-a942-d926e50c9cab,2026-07-11T20:41:18.584976+00:00,ORIG-66880,RCVR-10761,200.23,Harbor Manufacturing,Brightline Supply,MA,WA,549,Direct deposit,CCD,File upload,0
d1c5288f-e094-4675-a0c6-1bc294cff4f0,2026-08-17T23:26:18.584976+00:00,ORIG-97194,RCVR-44838,392.33,Northstar Services,Maple Consulting,GA,NY,2794,Vendor payment,CCD,File upload,0
94d0cb0b-f8ea-436c-8744-430d44a67388,2026-07-15T10:56:18.584976+00:00,ORIG-27225,RCVR-24382,193.75,Northstar Services,Avery Johnson,WA,NC,57,Vendor payment,PPD,API,0
23a97c43-7112-4326-9091-ed4d7da289b0,2026-07-20T17:03:18.584976+00:00,ORIG-11052,RCVR-66928,297.25,Summit Health,Cedar Utilities,TX,WA,1758,Vendor payment,WEB,Online banking,0
5b9b0b0a-7e6b-4783-bae9-b0d3f426aee6,2026-07-05T07:39:18.584976+00:00,ORIG-44541,RCVR-42421,345.64,Summit Health,Brightline Supply,IL,CO,424,Tax payment,WEB,Online banking,0
aa7884f6-e0e8-42d8-be1d-9945701e05df,2026-06-28T00:59:18.584976+00:00,ORIG-25789,RCVR-27340,281.41,Summit Health,Avery Johnson,FL,GA,600,Direct deposit,PPD,API,0
36f51047-fcfe-49a7-b54b-75d25675a4e8,2026-08-12T13:49:18.584976+00:00,ORIG-78809,RCVR-50166,269.15,Pine Valley Foods,Brightline Supply,NC,NC,2090,Direct deposit,WEB,Online banking,0
7724b18d-348a-4c90-9432-7d33c867f978,2026-08-10T20:03:18.584976+00:00,ORIG-64797,RCVR-42370,546.91,Harbor Manufacturing,Avery Johnson,IL,MA,1170,Direct deposit,CCD,Branch initiated,0
e5e30b8d-a9fa-44bf-bff0-7e07cc0fbd28,2026-08-11T16:21:18.584976+00:00,ORIG-57655,RCVR-53815,653.65,Harbor Manufacturing,Avery Johnson,IL,NY,1358,Bill payment,WEB,File upload,0
8c857977-f7f8-46dd-bef8-eabde79d92cd,2026-06-28T05:59:18.584976+00:00,ORIG-95229,RCVR-46168,613.18,Pine Valley Foods,Maple Consulting,MA,GA,170,Tax payment,WEB,File upload,0
ec930301-e4a1-4b47-b65b-2d4653582d27,2026-08-03T07:01:18.584976+00:00,ORIG-81641,RCVR-91134,102.19,Harbor Manufacturing,Cedar Utilities,CO,CO,181,Vendor payment,PPD,Online banking,0
4c2221e2-33fe-49e0-a120-0caf034870f5,2026-07-28T20:49:18.584976+00:00,ORIG-57973,RCVR-68783,154.88,Northstar Services,Maple Consulting,OH,MA,2065,Payroll,PPD,API,0
21a3ac1e-bb19-45ba-9323-0ba355c9ca8e,2026-08-09T02:49:18.584976+00:00,ORIG-34928,RCVR-62100,71.77,Summit Health,Avery Johnson,TX,CA,1575,Tax payment,CCD,Online banking,0
a0aa7597-5245-4105-811f-bfec564ad5f1,2026-07-27T03:23:18.584976+00:00,ORIG-84959,RCVR-38548,410.58,Northstar Services,Maple Consulting,CA,FL,1062,Bill payment,PPD,Online banking,0
82f6a8df-7c4a-4a1a-8186-9d0053933c95,2026-07-27T09:54:18.584976+00:00,ORIG-15978,RCVR-79935,98.43,Pine Valley Foods,Cedar Utilities,FL,GA,2633,Vendor payment,PPD,API,0
e183bf18-4e02-4796-bd63-49a4b7025d13,2026-08-20T17:25:18.584976+00:00,ORIG-58380,RCVR-52540,653.89,Northstar Services,Cedar Utilities,VA,TX,2506,Bill payment,CCD,Branch initiated,0
a3b3d339-7086-4c46-bd1f-b85a1114ec19,2026-06-24T21:03:18.584976+00:00,ORIG-46659,RCVR-33165,3885.99,Harbor Manufacturing,Avery Johnson,MA,GA,3189,Tax payment,PPD,File upload,0
9fc4da6c-737d-412d-8f63-ef44fa8e8c09,2026-07-17T02:01:18.584976+00:00,ORIG-93139,RCVR-89212,246.76,Pine Valley Foods,Maple Consulting,IL,VA,2384,Direct deposit,PPD,Online banking,0
d79535c3-8366-4a3e-bf20-d31734e51073,2026-07-12T08:36:18.584976+00:00,ORIG-75006,RCVR-33791,660.41,Summit Health,Brightline Supply,NY,CO,2335,Direct deposit,WEB,Online banking,0
f0a4ce0a-d9cc-4418-8664-420409a95a6e,2026-07-26T04:20:18.584976+00:00,ORIG-61668,RCVR-89668,513.1,Pine Valley Foods,Avery Johnson,FL,FL,117,Direct deposit,PPD,File upload,1
43776a14-d08f-4300-a096-d7dc04d40d76,2026-08-08T08:33:18.584976+00:00,ORIG-23071,RCVR-59528,748.09,Summit Health,Avery Johnson,CA,TX,40,Payroll,WEB,File upload,0
9d92166c-95d6-478d-bc26-1486efd4f7c7,2026-07-21T01:15:18.584976+00:00,ORIG-28249,RCVR-72970,250.74,Summit Health,Brightline Supply,CO,GA,1000,Payroll,WEB,API,0
4f480534-bb23-4e30-809c-1efaf2ddded5,2026-06-24T17:43:18.584976+00:00,ORIG-23476,RCVR-81387,441.78,Harbor Manufacturing,Avery Johnson,CA,CA,582,Payroll,PPD,Online banking,0
4d9da1d8-baef-40fc-9aa1-f0b09f31274d,2026-07-12T23:23:18.584976+00:00,ORIG-47597,RCVR-39607,129.03,Summit Health,Avery Johnson,MA,VA,921,Payroll,CCD,Online banking,0
8b342cb9-fad7-4e12-9ee8-b713f87c6b22,2026-06-25T19:28:18.584976+00:00,ORIG-15681,RCVR-89233,351.41,Pine Valley Foods,Brightline Supply,MA,CO,744,Direct deposit,PPD,File upload,0
e7793089-e8f8-4593-88a4-6b5980bd6d2a,2026-07-24T09:42:18.584976+00:00,ORIG-23621,RCVR-45532,541.51,Summit Health,Cedar Utilities,IL,MA,10,Vendor payment,WEB,Online banking,0
105a4b2d-6bb9-415b-b9ad-062184f5f977,2026-08-07T09:39:18.584976+00:00,ORIG-18822,RCVR-24832,205.33,Summit Health,Cedar Utilities,WA,NY,524,Vendor payment,CCD,Online banking,0
cfc39122-1ef1-4696-b94e-5e226c7e39d7,2026-07-06T20:52:18.584976+00:00,ORIG-88871,RCVR-93440,1240.66,Harbor Manufacturing,Brightline Supply,WA,NC,1009,Direct deposit,CCD,API,0
75f3185e-9ea6-44b7-82ec-13ca5d39d162,2026-07-02T19:34:18.584976+00:00,ORIG-40161,RCVR-60413,471.15,Northstar Services,Maple Consulting,OH,OH,3325,Vendor payment,WEB,Online banking,0
89533eba-7caa-4d48-9b29-bac2842f32eb,2026-07-18T22:19:18.584976+00:00,ORIG-83187,RCVR-72118,471.02,Pine Valley Foods,Avery Johnson,CA,MA,36,Bill payment,TEL,Online banking,1
54531bcb-ac10-47c0-8bc7-812c78b53471,2026-07-01T15:42:18.584976+00:00,ORIG-37621,RCVR-39437,79.93,Northstar Services,Brightline Supply,NC,GA,588,Direct deposit,WEB,Online banking,0
e5e5a2df-5e19-4004-87e6-d785693e838f,2026-07-13T04:41:18.584976+00:00,ORIG-96867,RCVR-86232,155.66,Northstar Services,Maple Consulting,WA,CO,325,Vendor payment,PPD,Online banking,0
6469939b-da7a-4531-8b4d-b4fa5a86eb13,2026-07-13T22:38:18.584976+00:00,ORIG-28364,RCVR-79133,339.75,Harbor Manufacturing,Maple Consulting,FL,NY,3202,Payroll,CCD,Online banking,0
3efdf805-9f9d-4e25-95b1-39ecb1b4f439,2026-08-15T09:24:18.584976+00:00,ORIG-32751,RCVR-75967,320.13,Pine Valley Foods,Avery Johnson,CA,TX,3589,Direct deposit,WEB,File upload,0
a9b14f5d-c082-4a03-820c-5e228814a915,2026-07-28T08:45:18.584976+00:00,ORIG-39794,RCVR-65531,1439.7,Pine Valley Foods,Cedar Utilities,OH,IL,514,Vendor payment,CCD,API,0
b83a8fc6-e175-4ed9-8ad4-d3601bea8bfe,2026-07-31T22:16:18.584976+00:00,ORIG-89309,RCVR-20119,206.19,Summit Health,Maple Consulting,WA,OH,3390,Direct deposit,PPD,Online banking,0
f7cb567d-6ef0-47a5-b04a-c67f9187e0c5,2026-07-18T00:58:18.584976+00:00,ORIG-24208,RCVR-23683,958.68,Northstar Services,Cedar Utilities,GA,IL,116,Vendor payment,CCD,Online banking,0
1f1f28f0-8ebf-4023-a214-314144d0072d,2026-08-11T03:54:18.584976+00:00,ORIG-50516,RCVR-34607,280.02,Pine Valley Foods,Avery Johnson,TX,CA,2337,Tax payment,PPD,API,0
107968ee-1eb3-4c22-a8a0-9672b17175bb,2026-07-07T19:35:18.584976+00:00,ORIG-50449,RCVR-11111,1314.2,Harbor Manufacturing,Cedar Utilities,MA,CO,1290,Direct deposit,WEB,Online banking,0
5d899335-3f3f-449d-8e7d-5143adec0be0,2026-08-09T01:32:18.584976+00:00,ORIG-63383,RCVR-76005,321.81,Northstar Services,Brightline Supply,CO,MA,155,Bill payment,PPD,Online banking,0
6bda71ad-e747-40e8-b97a-20e574215ace,2026-07-09T16:48:18.584976+00:00,ORIG-40352,RCVR-38265,459.21,Pine Valley Foods,Brightline Supply,VA,CO,1834,Vendor payment,CCD,Online banking,0
63ae14cf-f501-4f9c-b0d7-e8059e220680,2026-06-25T02:29:18.584976+00:00,ORIG-99505,RCVR-60807,1572.89,Pine Valley Foods,Brightline Supply,NC,CA,2039,Payroll,PPD,Online banking,0
59c15035-e65b-4fcd-8025-8821307184ab,2026-07-23T16:16:18.584976+00:00,ORIG-22335,RCVR-69612,258.69,Harbor Manufacturing,Brightline Supply,CO,NY,367,Payroll,PPD,File upload,0
bc41923b-7fba-4596-ba49-8deac981ee36,2026-07-09T21:58:18.584976+00:00,ORIG-67939,RCVR-95235,1320.71,Pine Valley Foods,Avery Johnson,NY,IL,1490,Bill payment,CCD,Online banking,0
a7d5aec4-183a-4535-bc6a-4b59b8c08539,2026-06-25T10:45:18.584976+00:00,ORIG-58068,RCVR-77171,161.86,Harbor Manufacturing,Cedar Utilities,FL,NY,1845,Bill payment,WEB,Online banking,0
37d97fae-26ec-4f7b-a526-713eac70e387,2026-06-23T05:56:18.584976+00:00,ORIG-83505,RCVR-11041,292.96,Pine Valley Foods,Avery Johnson,GA,WA,1637,Payroll,PPD,Online banking,0
5d8d1cf6-e01b-4ca7-bd1b-c2df1406c3e7,2026-07-09T18:37:18.584976+00:00,ORIG-71405,RCVR-94211,620.85,Summit Health,Avery Johnson,MA,NY,1348,Payroll,CCD,Online banking,0
9ef376ee-c173-4034-90bc-0337425aea4d,2026-06-26T20:13:18.584976+00:00,ORIG-72419,RCVR-24984,362.35,Harbor Manufacturing,Maple Consulting,WA,WA,1313,Tax payment,PPD,Branch initiated,0
2c907c9e-b512-4fb1-9ebd-0f2fccd09b55,2026-07-17T05:44:18.584976+00:00,ORIG-72050,RCVR-37973,557.61,Northstar Services,Brightline Supply,MA,NC,2605,Vendor payment,PPD,Online banking,0
8cd32018-ec42-41a9-ac60-2df135e92b5f,2026-07-26T22:07:18.584976+00:00,ORIG-69168,RCVR-65013,981.65,Pine Valley Foods,Cedar Utilities,IL,WA,3087,Bill payment,PPD,Online banking,0
88c5f513-8330-4b00-9497-f7f3fd554d73,2026-07-13T16:56:18.584976+00:00,ORIG-31061,RCVR-67250,1039.52,Harbor Manufacturing,Maple Consulting,OH,WA,2447,Vendor payment,PPD,File upload,0
ea36fb3c-747a-43a5-8840-f8aa3d541483,2026-06-29T04:45:18.584976+00:00,ORIG-51486,RCVR-11859,1230.42,Pine Valley Foods,Maple Consulting,MA,VA,1298,Payroll,WEB,Online banking,0
997b280b-d8e4-4d68-ae37-ba87ce7b73fc,2026-07-04T11:00:18.584976+00:00,ORIG-93138,RCVR-68894,321.74,Northstar Services,Avery Johnson,NY,FL,682,Tax payment,CCD,Online banking,0
936b2a42-e055-4f3c-876a-dc351024db78,2026-08-01T18:14:18.584976+00:00,ORIG-11883,RCVR-58530,279.3,Harbor Manufacturing,Avery Johnson,VA,TX,3356,Payroll,WEB,API,0
b6354030-7aab-4e72-9876-121d4c34e690,2026-07-10T08:20:18.584976+00:00,ORIG-81102,RCVR-65816,1111.7,Harbor Manufacturing,Avery Johnson,MA,MA,1530,Vendor payment,WEB,API,0
c4e82563-c27a-4650-b7c2-1cfb30faae0e,2026-07-02T10:47:18.584976+00:00,ORIG-99165,RCVR-67343,94.17,Harbor Manufacturing,Avery Johnson,IL,VA,2526,Direct deposit,PPD,API,0
b4ac681a-5978-47c5-8239-35717c336b0b,2026-06-25T01:42:18.584976+00:00,ORIG-68209,RCVR-75976,716.35,Northstar Services,Cedar Utilities,CO,VA,3184,Direct deposit,WEB,Online banking,0
9790e297-1e32-42b0-b7bd-1fc8b8ea7af3,2026-08-03T01:16:18.584976+00:00,ORIG-70810,RCVR-64124,408.82,Summit Health,Avery Johnson,CO,MA,2699,Bill payment,CCD,File upload,0
b9f90e73-a378-43aa-a39e-4fb82d14c575,2026-07-14T02:31:18.584976+00:00,ORIG-14282,RCVR-12035,443.32,Northstar Services,Brightline Supply,CA,NC,1302,Bill payment,PPD,Branch initiated,0
515f7bb3-3294-4ccb-8aab-bf9a0d8dca6a,2026-07-12T17:05:18.584976+00:00,ORIG-90775,RCVR-94467,1010.72,Summit Health,Avery Johnson,NC,GA,529,Direct deposit,WEB,Online banking,0
3428ab7e-b342-47aa-bbb8-a7b121ee8701,2026-07-22T21:31:18.584976+00:00,ORIG-23051,RCVR-26558,1318.54,Northstar Services,Maple Consulting,NC,GA,1067,Tax payment,PPD,Branch initiated,0
26cc4aac-3b95-4ca2-b0b5-825f2d3d12d9,2026-08-02T07:21:18.584976+00:00,ORIG-11512,RCVR-92430,562.84,Pine Valley Foods,Avery Johnson,CA,NC,324,Tax payment,CCD,Online banking,0
474d7bf1-3f95-4472-a154-73e955fde9a1,2026-08-08T23:17:18.584976+00:00,ORIG-56939,RCVR-34452,229.89,Pine Valley Foods,Brightline Supply,VA,VA,1006,Direct deposit,CCD,API,0
e977adc3-9d0c-4966-948a-d2a2b94ab4b1,2026-07-26T19:48:18.584976+00:00,ORIG-13033,RCVR-93674,354.2,Northstar Services,Avery Johnson,FL,VA,440,Vendor payment,CCD,Online banking,0
0907ae20-18d8-45c5-8f53-f44ffd6162a7,2026-08-04T09:53:18.584976+00:00,ORIG-37259,RCVR-61222,771.55,Northstar Services,Maple Consulting,NY,MA,1994,Payroll,PPD,API,0
f771e78a-0dad-4dd5-8d65-203fda295be8,2026-07-17T16:43:18.584976+00:00,ORIG-31116,RCVR-33567,1855.61,Harbor Manufacturing,Avery Johnson,VA,NY,2587,Tax payment,PPD,Online banking,0
df7f02b4-e05c-4eb3-a003-d012d8646174,2026-07-20T15:36:18.584976+00:00,ORIG-88642,RCVR-81628,418.86,Northstar Services,Brightline Supply,NY,TX,500,Vendor payment,WEB,Online banking,0
21158f4f-82ef-4f2e-843f-bf17fc39516d,2026-08-18T18:09:18.584976+00:00,ORIG-57826,RCVR-25045,303.57,Pine Valley Foods,Avery Johnson,FL,GA,2982,Vendor payment,CCD,Online banking,0
c46cbcab-c6ca-4f39-a006-ef8464a4bb6e,2026-08-02T17:14:18.584976+00:00,ORIG-82285,RCVR-95449,754.23,Harbor Manufacturing,Maple Consulting,MA,WA,2101,Direct deposit,PPD,Online banking,0
d9e3998d-8602-42ce-a6b9-dec1f09dc718,2026-08-02T20:12:18.584976+00:00,ORIG-61488,RCVR-23486,352.96,Harbor Manufacturing,Brightline Supply,WA,IL,1737,Tax payment,WEB,Online banking,0
91848ee0-700a-4570-b3d0-962c99927c54,2026-07-22T20:09:18.584976+00:00,ORIG-66270,RCVR-36177,223.88,Harbor Manufacturing,Cedar Utilities,TX,NC,2096,Bill payment,WEB,Online banking,0
bc4ae068-f851-42c3-ac90-14125699b2f3,2026-06-26T21:16:18.584976+00:00,ORIG-56170,RCVR-62206,219.63,Northstar Services,Avery Johnson,VA,OH,3241,Vendor payment,CCD,Online banking,0
44314868-0807-4753-af79-298ee9c88772,2026-08-01T06:24:18.584976+00:00,ORIG-51215,RCVR-26030,949.05,Northstar Services,Cedar Utilities,MA,FL,877,Direct deposit,WEB,File upload,0
e759c53b-ad88-4d10-90e3-a9aac7855e40,2026-07-30T16:15:18.584976+00:00,ORIG-88879,RCVR-37810,531.89,Pine Valley Foods,Avery Johnson,NC,IL,3620,Payroll,WEB,File upload,0
8c93c9eb-37d3-4fd9-90a2-56e725e128bd,2026-07-13T11:09:18.584976+00:00,ORIG-51958,RCVR-35971,877.35,Pine Valley Foods,Avery Johnson,NC,MA,1126,Direct deposit,PPD,Online banking,0
b83935dc-999a-4bd8-9ed4-885c1eedb7c5,2026-08-05T06:37:18.584976+00:00,ORIG-40988,RCVR-85551,444.94,Northstar Services,Cedar Utilities,TX,NC,1893,Bill payment,PPD,File upload,0
5c160f44-0e9a-4df7-8dc8-1623f0cd659d,2026-07-15T04:31:18.584976+00:00,ORIG-15127,RCVR-54222,1019.23,Northstar Services,Avery Johnson,OH,OH,107,Bill payment,WEB,API,1
11157c22-2c2e-4b9c-8ac3-045577ad921a,2026-07-20T09:01:18.584976+00:00,ORIG-74725,RCVR-90258,393.91,Northstar Services,Maple Consulting,OH,MA,499,Bill payment,WEB,Online banking,0
38ff396c-a53f-4c13-944d-441129311d7e,2026-07-31T11:06:18.584976+00:00,ORIG-23780,RCVR-52317,238.74,Summit Health,Brightline Supply,CA,FL,3329,Bill payment,WEB,Branch initiated,0
54990586-e175-4df7-b47a-7925af298b3e,2026-08-16T01:48:18.584976+00:00,ORIG-16291,RCVR-49883,228.82,Northstar Services,Cedar Utilities,CA,CO,3329,Direct deposit,CCD,API,0
75f6ed16-1843-4516-9e15-573bf028f6d8,2026-08-08T07:32:18.584976+00:00,ORIG-51855,RCVR-29398,634.36,Summit Health,Maple Consulting,CO,FL,987,Tax payment,CCD,API,0
3812d125-2c29-47ac-86d8-55a5cdaf3c3a,2026-07-26T07:37:18.584976+00:00,ORIG-39600,RCVR-22032,614.23,Harbor Manufacturing,Cedar Utilities,WA,NY,3424,Vendor payment,WEB,API,0
ca37c7e0-bc31-4e30-a27a-0a189cae9e6d,2026-08-02T02:42:18.584976+00:00,ORIG-17899,RCVR-37849,377.42,Northstar Services,Brightline Supply,CO,NY,1999,Payroll,CCD,Online banking,0
c169cf8b-8164-4f86-bf3f-5ad22c2b7537,2026-06-28T02:27:18.584976+00:00,ORIG-50871,RCVR-69509,797.96,Pine Valley Foods,Avery Johnson,OH,MA,1491,Direct deposit,CCD,File upload,0
b06c556e-2f6b-442a-aefd-c014830ad610,2026-07-05T02:48:18.584976+00:00,ORIG-18996,RCVR-46416,450.65,Summit Health,Brightline Supply,NC,GA,1890,Payroll,WEB,Online banking,0
c7f6f658-da92-4428-9017-5745d54d252a,2026-08-19T08:14:18.584976+00:00,ORIG-13746,RCVR-72421,157.38,Summit Health,Cedar Utilities,FL,IL,618,Direct deposit,WEB,Online banking,0
5504c318-a018-4c1c-898a-3390695f2a4c,2026-07-21T11:25:18.584976+00:00,ORIG-22820,RCVR-16440,248.18,Summit Health,Maple Consulting,IL,MA,725,Tax payment,CCD,API,0
c2f35beb-626c-4b49-ba93-c8fd07a7d82e,2026-07-06T22:09:18.584976+00:00,ORIG-16536,RCVR-94717,178.73,Pine Valley Foods,Avery Johnson,CO,VA,271,Tax payment,PPD,Online banking,0
3416139a-4087-47e9-bb36-b97191f320df,2026-06-25T09:35:18.584976+00:00,ORIG-61496,RCVR-23278,400.42,Pine Valley Foods,Cedar Utilities,NC,NC,835,Bill payment,WEB,Online banking,0
f7d1864f-4574-4d93-8575-7a5b11234692,2026-06-27T13:49:18.584976+00:00,ORIG-34258,RCVR-75960,1726.11,Summit Health,Cedar Utilities,CA,CO,699,Bill payment,WEB,Online banking,0
ac1c1e58-84d6-47b5-81a3-2e0f87a2acfc,2026-08-03T19:13:18.584976+00:00,ORIG-11669,RCVR-97298,311.19,Summit Health,Maple Consulting,NY,FL,1082,Payroll,PPD,API,0
4e7e0227-625b-433e-95ee-48842d17de7c,2026-08-19T23:13:18.584976+00:00,ORIG-10131,RCVR-74003,1001.16,Pine Valley Foods,Maple Consulting,NY,TX,687,Vendor payment,PPD,Online banking,0
c305567e-b046-4ff9-bb46-acfca89401fb,2026-07-21T07:11:18.584976+00:00,ORIG-81527,RCVR-43730,209.72,Summit Health,Cedar Utilities,WA,MA,2123,Tax payment,CCD,Online banking,0
a6f1489d-40c8-4203-8eb3-36613574b360,2026-07-04T14:02:18.584976+00:00,ORIG-63781,RCVR-38869,401.94,Pine Valley Foods,Cedar Utilities,CA,FL,3037,Direct deposit,CCD,Online banking,0
30bb295c-f718-4bb3-8274-ef8e376a4e2b,2026-08-12T17:27:18.584976+00:00,ORIG-24146,RCVR-45903,157.45,Summit Health,Brightline Supply,NC,VA,3639,Bill payment,CCD,API,0
31e1037c-d937-4dc0-8e4d-32eb41d28132,2026-07-26T17:00:18.584976+00:00,ORIG-78167,RCVR-54993,969.61,Northstar Services,Maple Consulting,CA,TX,3248,Bill payment,CCD,Online banking,0
eb6f919f-00d9-4bbb-b094-0c351d2f894d,2026-08-20T02:16:18.584976+00:00,ORIG-71121,RCVR-99249,648.4,Pine Valley Foods,Cedar Utilities,VA,FL,1245,Direct deposit,CCD,Online banking,0
b865e27d-a851-4e7b-9afd-d8481238a6fa,2026-07-25T00:38:18.584976+00:00,ORIG-47095,RCVR-87735,1315.47,Northstar Services,Avery Johnson,CA,GA,91,Payroll,PPD,API,1
c486e25f-0bed-4c1f-9012-e744c28b2d52,2026-07-19T23:25:18.584976+00:00,ORIG-83498,RCVR-30321,72.07,Northstar Services,Cedar Utilities,OH,VA,1771,Tax payment,PPD,Online banking,0
aaaf2ca5-9e39-462d-a6c3-bb1cfd574678,2026-08-17T22:16:18.584976+00:00,ORIG-98932,RCVR-93498,104.12,Summit Health,Maple Consulting,MA,GA,1072,Bill payment,WEB,Online banking,0
94162940-b605-473f-b74c-7fc50d9e7922,2026-06-30T12:36:18.584976+00:00,ORIG-28242,RCVR-99564,140.94,Pine Valley Foods,Cedar Utilities,MA,TX,1235,Bill payment,PPD,Online banking,0
a0b3679c-5534-4364-a819-fc2fbfa63c12,2026-06-24T15:53:18.584976+00:00,ORIG-67264,RCVR-22588,667.41,Pine Valley Foods,Maple Consulting,FL,NC,2808,Bill payment,CCD,Online banking,0
9b362fb1-9b22-4930-b432-adb3068d3478,2026-07-09T09:17:18.584976+00:00,ORIG-13627,RCVR-83257,475.73,Northstar Services,Maple Consulting,NC,NY,2545,Tax payment,WEB,File upload,0
747c9565-7f20-4e88-ab13-505fd4e5225a,2026-08-15T23:31:18.584976+00:00,ORIG-62814,RCVR-97828,382.17,Northstar Services,Maple Consulting,NC,FL,226,Bill payment,WEB,Online banking,0
2fa4baa0-a68e-419b-b2a0-ac4bfa670d97,2026-06-27T18:07:18.584976+00:00,ORIG-73106,RCVR-53425,1043.46,Northstar Services,Avery Johnson,IL,TX,3030,Payroll,WEB,Online banking,0
56b205a8-d1d4-4c10-a335-08abed763db5,2026-08-07T17:34:18.584976+00:00,ORIG-39300,RCVR-98562,725.95,Pine Valley Foods,Cedar Utilities,NY,FL,28,Direct deposit,WEB,API,0
99498004-4c09-47cd-85d5-ecc0e6f47b11,2026-08-10T09:53:18.584976+00:00,ORIG-25864,RCVR-78134,195.79,Northstar Services,Brightline Supply,FL,TX,3412,Tax payment,CCD,Online banking,0
d0e6eb48-38a0-413a-8309-545377cef7ae,2026-08-09T18:22:18.584976+00:00,ORIG-40792,RCVR-81659,1349.62,Harbor Manufacturing,Maple Consulting,NY,FL,1772,Vendor payment,WEB,Online banking,0
377871c8-615c-4b86-aed1-ec26b2067106,2026-08-07T22:57:18.584976+00:00,ORIG-32383,RCVR-77045,389.41,Pine Valley Foods,Maple Consulting,VA,GA,411,Tax payment,CCD,Online banking,0
84942362-bfc8-407b-b0f1-86f634854026,2026-07-26T19:20:18.584976+00:00,ORIG-70812,RCVR-64643,131.81,Summit Health,Brightline Supply,WA,CO,2313,Direct deposit,PPD,API,0
9a155b4d-3e05-4184-a620-598837cf19e6,2026-08-17T18:01:18.584976+00:00,ORIG-68258,RCVR-15587,347.55,Harbor Manufacturing,Brightline Supply,VA,TX,1136,Payroll,PPD,Online banking,0
94643d73-e295-4222-9d9d-af34bda766df,2026-07-06T01:12:18.584976+00:00,ORIG-61199,RCVR-77245,549.78,Northstar Services,Brightline Supply,WA,OH,2947,Tax payment,CCD,API,0
f5f217e9-1011-4ca3-bfa4-6de2b29aaac6,2026-08-08T02:33:18.584976+00:00,ORIG-61633,RCVR-18940,98.42,Summit Health,Maple Consulting,VA,IL,2078,Tax payment,CCD,Online banking,0
7f7c4730-3c81-48d1-adfb-eec6bc53da0c,2026-07-22T08:31:18.584976+00:00,ORIG-86610,RCVR-90933,355.53,Summit Health,Avery Johnson,TX,MA,3163,Vendor payment,PPD,File upload,0
4f2e7700-02b1-48b2-8a1f-a6228f9e11e4,2026-08-05T00:22:18.584976+00:00,ORIG-18437,RCVR-18116,357.72,Harbor Manufacturing,Avery Johnson,NC,NC,2587,Payroll,PPD,Online banking,0
8d4a9950-b6f6-45c1-89f7-98286870dbd8,2026-07-10T22:30:18.584976+00:00,ORIG-82937,RCVR-36179,389.3,Pine Valley Foods,Cedar Utilities,VA,TX,925,Vendor payment,WEB,Online banking,0
19be6073-9c9e-4fa8-aafa-f395e1c491fa,2026-07-03T17:53:18.584976+00:00,ORIG-86298,RCVR-13177,771.59,Northstar Services,Brightline Supply,GA,CO,1397,Vendor payment,WEB,File upload,0
ec8fcba5-4af0-4184-8cbe-b26aad6816aa,2026-06-23T09:30:18.584976+00:00,ORIG-84759,RCVR-72093,569.88,Harbor Manufacturing,Cedar Utilities,GA,GA,566,Payroll,CCD,Online banking,0
ee2f0b0e-86f3-4875-ac83-c09c8d0a9d9b,2026-07-17T14:50:18.584976+00:00,ORIG-26671,RCVR-77796,212.96,Harbor Manufacturing,Avery Johnson,TX,CO,2465,Tax payment,CCD,Online banking,0
2551ef6e-343d-4927-9cff-5b669df3a28f,2026-07-25T11:11:18.584976+00:00,ORIG-56911,RCVR-18906,111.23,Pine Valley Foods,Cedar Utilities,IL,NC,3496,Tax payment,WEB,API,0
1890d0b2-39c8-4602-9a3b-be2dabcdbdf4,2026-07-15T12:22:18.584976+00:00,ORIG-24532,RCVR-86385,494.59,Summit Health,Cedar Utilities,OH,WA,1728,Bill payment,PPD,Online banking,0
c966b9eb-b5c1-46b1-b4a1-77064105894a,2026-08-15T10:44:18.584976+00:00,ORIG-53202,RCVR-96944,386.58,Northstar Services,Brightline Supply,OH,WA,2311,Tax payment,WEB,File upload,0
d9110651-37a3-4c35-a792-79c58b499284,2026-08-17T15:14:18.584976+00:00,ORIG-88400,RCVR-90272,886.87,Northstar Services,Maple Consulting,CO,NC,172,Payroll,PPD,API,0
cddc8d5e-1b45-497a-9a5b-0d508a57450c,2026-07-31T08:25:18.584976+00:00,ORIG-49769,RCVR-39852,148.77,Northstar Services,Avery Johnson,NC,NY,1555,Payroll,WEB,API,0
9051be0f-9528-4b24-86b2-36b05cb9ed4c,2026-07-16T14:47:18.584976+00:00,ORIG-66324,RCVR-65945,185.64,Pine Valley Foods,Avery Johnson,WA,FL,1508,Bill payment,PPD,Online banking,0
01d0ee45-2353-48a5-b464-024226b260c8,2026-08-15T13:56:18.584976+00:00,ORIG-11317,RCVR-39769,1825.22,Summit Health,Avery Johnson,CO,TX,315,Payroll,PPD,Online banking,0
d6ed38b8-5692-4793-881a-3196dc66df21,2026-07-26T03:08:18.584976+00:00,ORIG-95879,RCVR-42013,524.23,Harbor Manufacturing,Brightline Supply,MA,TX,503,Payroll,PPD,Online banking,0
f83dad63-6148-4c5a-acab-9b1924d1e6c7,2026-07-02T08:52:18.584976+00:00,ORIG-56787,RCVR-38873,186.77,Summit Health,Cedar Utilities,WA,WA,2159,Bill payment,CCD,API,0
f3c91de5-d73a-4772-b726-21e53b9843f7,2026-07-06T00:41:18.584976+00:00,ORIG-91509,RCVR-73728,259.29,Harbor Manufacturing,Avery Johnson,MA,NC,2135,Vendor payment,CCD,File upload,0
b047df80-490e-40bb-bbf9-8dfe51ec9afd,2026-08-01T16:03:18.584976+00:00,ORIG-14701,RCVR-40815,729.99,Summit Health,Maple Consulting,WA,FL,2411,Direct deposit,CCD,File upload,0
52861a3b-cd79-4df3-9d9f-81ac0cb7b0f2,2026-08-13T03:54:18.584976+00:00,ORIG-74927,RCVR-12470,367.65,Summit Health,Maple Consulting,TX,NC,1555,Vendor payment,WEB,Online banking,0
385adbc3-1c4c-4315-880f-0cc7d370437c,2026-08-16T02:19:18.584976+00:00,ORIG-55587,RCVR-13406,1070.49,Harbor Manufacturing,Cedar Utilities,CA,OH,3103,Payroll,CCD,File upload,0
d6991a7c-8923-4dab-8377-42ef5bfd3ef4,2026-06-25T06:43:18.584976+00:00,ORIG-17486,RCVR-24314,361.45,Summit Health,Cedar Utilities,NC,WA,2329,Tax payment,CCD,Online banking,0
7d9772a1-d59b-4688-ae72-ffa2f0dfa2e5,2026-07-17T03:32:18.584976+00:00,ORIG-11990,RCVR-46791,218.66,Harbor Manufacturing,Avery Johnson,GA,FL,160,Tax payment,CCD,Online banking,0
5f4a4e2c-85dc-4f2a-adbd-57c08a776804,2026-07-29T01:13:18.584976+00:00,ORIG-26293,RCVR-50225,901.53,Harbor Manufacturing,Cedar Utilities,TX,CA,72,Direct deposit,PPD,API,0
25745479-2659-4b2d-9857-045a7068f9d6,2026-07-19T04:50:18.584976+00:00,ORIG-63557,RCVR-17678,1260.04,Northstar Services,Cedar Utilities,OH,GA,264,Direct deposit,PPD,Online banking,0
54313220-935b-4eaa-8b45-7fa5f90babd8,2026-07-26T17:14:18.584976+00:00,ORIG-39808,RCVR-92619,1617.18,Pine Valley Foods,Brightline Supply,NY,FL,955,Payroll,WEB,Online banking,0
37c50158-cddf-4ea3-97dc-910a1d2d0ff3,2026-07-05T17:32:18.584976+00:00,ORIG-15499,RCVR-82536,426.01,Pine Valley Foods,Avery Johnson,TX,MA,963,Bill payment,PPD,Online banking,0
5d079b40-4aae-4b06-9c80-5e91e4c7357c,2026-07-11T10:57:18.584976+00:00,ORIG-36744,RCVR-52701,154.23,Harbor Manufacturing,Maple Consulting,CO,GA,1161,Vendor payment,PPD,Online banking,0
11e2b0d0-7574-4fab-83f7-b33c5c1591bd,2026-07-19T01:25:18.584976+00:00,ORIG-59114,RCVR-71693,907.01,Harbor Manufacturing,Avery Johnson,NC,VA,3200,Tax payment,WEB,File upload,0
debe36a7-a150-48cb-ae61-0a251a5bedb7,2026-08-01T07:05:18.584976+00:00,ORIG-96122,RCVR-29670,775.04,Summit Health,Avery Johnson,TX,CA,498,Tax payment,PPD,API,0
7ffcb5e2-a8fd-4cec-9692-5b802c715875,2026-07-04T02:48:18.584976+00:00,ORIG-35562,RCVR-85398,134.74,Harbor Manufacturing,Brightline Supply,MA,IL,1484,Vendor payment,CCD,Online banking,0
10cab14e-2b1d-44aa-8b51-492159f82da0,2026-08-10T08:21:18.584976+00:00,ORIG-63729,RCVR-57432,438.88,Northstar Services,Cedar Utilities,NY,WA,1485,Direct deposit,WEB,Online banking,0
ce0f0911-de78-4212-aff6-c79139afe63d,2026-07-13T17:29:18.584976+00:00,ORIG-42105,RCVR-63427,719.2,Pine Valley Foods,Cedar Utilities,FL,OH,485,Payroll,CCD,Online banking,0
512fb1b3-2310-4cde-aedb-f48d3acfc1eb,2026-08-07T08:18:18.584976+00:00,ORIG-33581,RCVR-69515,208.02,Northstar Services,Brightline Supply,VA,GA,2273,Direct deposit,WEB,Online banking,0
d98d56fc-fa3b-477b-b197-5cb718935d0e,2026-08-17T18:02:18.584976+00:00,ORIG-31880,RCVR-19570,902.92,Pine Valley Foods,Maple Consulting,CA,WA,1649,Tax payment,PPD,File upload,0
282cd4d0-b1e9-45e6-8ef3-4d658537f2e3,2026-08-10T00:27:18.584976+00:00,ORIG-89791,RCVR-90822,772.15,Northstar Services,Avery Johnson,MA,TX,1786,Bill payment,CCD,File upload,0
b759b5ef-87a3-4b3f-b8df-bb4cbd8e6742,2026-08-04T03:43:18.584976+00:00,ORIG-20982,RCVR-29956,607.56,Northstar Services,Cedar Utilities,TX,OH,1314,Direct deposit,PPD,API,0
1062cf41-f0bb-4cd2-9758-eb39255ad5e3,2026-06-28T07:48:18.584976+00:00,ORIG-48974,RCVR-74656,900.96,Harbor Manufacturing,Avery Johnson,CO,GA,2376,Tax payment,CCD,Online banking,0
fe586d87-df8e-48ed-80bb-c57a4d2dde07,2026-07-16T21:28:18.584976+00:00,ORIG-15496,RCVR-37614,518.75,Summit Health,Cedar Utilities,FL,FL,409,Bill payment,CCD,Online banking,0
21bd9ea0-0623-4ec5-a9dc-67159b1b90ce,2026-07-25T15:40:18.584976+00:00,ORIG-32193,RCVR-47811,225.35,Harbor Manufacturing,Avery Johnson,NY,GA,3437,Tax payment,PPD,Online banking,0
15fa711b-0d21-47fd-a6b6-bfe9fabf1158,2026-08-17T05:39:18.584976+00:00,ORIG-35576,RCVR-10873,319.34,Summit Health,Avery Johnson,OH,OH,2341,Direct deposit,WEB,Online banking,0
9b0f386f-2a99-4b97-b5ee-7dfc8b6fd359,2026-08-09T08:50:18.584976+00:00,ORIG-25720,RCVR-68249,188.0,Summit Health,Maple Consulting,IL,CO,325,Vendor payment,WEB,Online banking,0
81b55c33-be3f-4697-9315-4f1e2c6254a6,2026-08-06T14:06:18.584976+00:00,ORIG-92657,RCVR-77219,417.32,Northstar Services,Cedar Utilities,IL,NY,2288,Payroll,WEB,API,0
17dafed0-653a-4f4d-b7a0-8d657f3051b5,2026-07-29T11:16:18.584976+00:00,ORIG-98257,RCVR-35647,613.32,Harbor Manufacturing,Maple Consulting,NC,GA,815,Payroll,WEB,File upload,0
1e49c58f-4d43-489b-97fc-60759e3baad0,2026-08-01T08:34:18.584976+00:00,ORIG-83103,RCVR-90113,2152.6,Pine Valley Foods,Brightline Supply,CO,NY,61,Bill payment,TEL,API,1
841f4673-058e-4e61-b344-50199618fea7,2026-08-04T11:07:18.584976+00:00,ORIG-97552,RCVR-73577,531.51,Summit Health,Maple Consulting,GA,IL,1212,Payroll,PPD,Online banking,0
ec38cf05-e4c9-42a5-9a8e-f6ad680c1e75,2026-07-25T16:55:18.584976+00:00,ORIG-42426,RCVR-96824,553.77,Summit Health,Avery Johnson,NY,MA,1632,Vendor payment,CCD,File upload,0
d3fae98a-a653-402f-9669-00f5e915c42a,2026-07-07T07:51:18.584976+00:00,ORIG-13796,RCVR-48132,257.37,Harbor Manufacturing,Brightline Supply,VA,GA,1605,Direct deposit,CCD,Online banking,0
3a47e856-d661-4193-b725-ce3cc2ff19d6,2026-08-15T21:08:18.584976+00:00,ORIG-54543,RCVR-93396,369.99,Northstar Services,Cedar Utilities,WA,GA,3588,Vendor payment,WEB,Online banking,0
26e35707-1523-495a-91ec-2d971978ff44,2026-06-24T22:31:18.584976+00:00,ORIG-53212,RCVR-26936,618.75,Northstar Services,Avery Johnson,TX,TX,2888,Bill payment,CCD,File upload,0
e087987c-0678-4b00-9804-d1cb8c0738bd,2026-07-01T12:40:18.584976+00:00,ORIG-37585,RCVR-57460,828.62,Pine Valley Foods,Brightline Supply,CA,OH,2942,Vendor payment,CCD,File upload,0
6caf2db2-d786-4775-b287-fb61989aef5a,2026-07-17T19:43:18.584976+00:00,ORIG-42598,RCVR-11787,807.0,Northstar Services,Avery Johnson,GA,OH,2056,Direct deposit,CCD,Online banking,0
a3c92752-1471-4ea7-a5b1-4108604e9274,2026-07-26T02:03:18.584976+00:00,ORIG-42415,RCVR-14427,770.7,Harbor Manufacturing,Avery Johnson,GA,VA,1643,Vendor payment,WEB,File upload,0
2a657452-6bac-4365-b13a-fb9c53db264f,2026-08-13T02:58:18.584976+00:00,ORIG-64444,RCVR-12641,114.02,Northstar Services,Brightline Supply,OH,WA,1604,Vendor payment,WEB,File upload,0
a921d699-b79d-4083-b864-3f16c715e049,2026-07-22T09:17:18.584976+00:00,ORIG-49603,RCVR-45920,472.14,Summit Health,Brightline Supply,WA,CA,1761,Payroll,PPD,Branch initiated,0
8eb0c95e-ba98-445d-8205-790fd179e36b,2026-06-30T18:58:18.584976+00:00,ORIG-79888,RCVR-76400,117.33,Pine Valley Foods,Maple Consulting,IL,WA,1614,Bill payment,WEB,File upload,0
5ab774ef-b3da-48c3-b522-2d5234c10b12,2026-07-10T16:29:18.584976+00:00,ORIG-40423,RCVR-68600,506.48,Harbor Manufacturing,Maple Consulting,CA,NC,1363,Vendor payment,WEB,Branch initiated,0
96fad208-a491-43fa-a1c3-51e95f1ece8b,2026-08-12T04:06:18.584976+00:00,ORIG-87779,RCVR-42763,186.95,Northstar Services,Brightline Supply,GA,NY,2145,Tax payment,PPD,Online banking,0
4f6eb5c7-966f-4ca2-a2df-40494e033c55,2026-07-06T22:35:18.584976+00:00,ORIG-54285,RCVR-29741,739.53,Northstar Services,Cedar Utilities,IL,WA,3571,Payroll,CCD,API,0
b92e3335-b11a-434d-8dc7-4c86cfe31cd4,2026-06-30T15:52:18.584976+00:00,ORIG-51027,RCVR-95460,366.45,Pine Valley Foods,Cedar Utilities,OH,NY,2274,Payroll,PPD,Online banking,0
96f68d74-4bd0-4f70-b8ab-ef4ad6a404f4,2026-08-13T19:10:18.584976+00:00,ORIG-78149,RCVR-25922,144.03,Pine Valley Foods,Brightline Supply,CA,FL,701,Tax payment,CCD,Online banking,0
0ac126e4-19c3-4fd3-b2e6-dfa85a02d48b,2026-07-02T01:21:18.584976+00:00,ORIG-25411,RCVR-67079,434.91,Harbor Manufacturing,Cedar Utilities,CA,IL,1524,Tax payment,WEB,Online banking,0
25aae797-2f5a-4659-888c-08a7029ce3aa,2026-07-25T10:32:18.584976+00:00,ORIG-58660,RCVR-78076,190.83,Harbor Manufacturing,Maple Consulting,GA,TX,3060,Vendor payment,PPD,API,0
575ef467-aa74-4cc3-81bc-fdf0f84ef4d7,2026-07-08T17:17:18.584976+00:00,ORIG-29706,RCVR-71668,936.7,Northstar Services,Avery Johnson,NC,FL,178,Payroll,IAT,API,1
643e4b87-ad23-460d-9684-e334b4e5677c,2026-08-12T05:34:18.584976+00:00,ORIG-30506,RCVR-18751,232.18,Harbor Manufacturing,Brightline Supply,NY,TX,3557,Direct deposit,WEB,File upload,0
aa56978c-6eab-41f9-b184-b7d48d242acd,2026-07-18T10:09:18.584976+00:00,ORIG-83546,RCVR-80912,460.76,Pine Valley Foods,Avery Johnson,NC,IL,888,Bill payment,PPD,Online banking,0
ff894511-401c-42c9-b84b-47d9ff5fde55,2026-08-11T12:57:18.584976+00:00,ORIG-94519,RCVR-60193,2085.31,Harbor Manufacturing,Cedar Utilities,OH,TX,859,Vendor payment,PPD,File upload,0
e699eb5a-21ac-44eb-ba7b-3466289f5aad,2026-08-01T03:39:18.584976+00:00,ORIG-28786,RCVR-31603,45.39,Summit Health,Avery Johnson,TX,FL,215,Vendor payment,WEB,File upload,0
fba1f3d7-9c5d-4c20-a69f-73ab4e99439e,2026-07-13T03:10:18.584976+00:00,ORIG-75585,RCVR-25374,312.03,Pine Valley Foods,Maple Consulting,MA,IL,1945,Bill payment,CCD,File upload,0
367b4fc5-bb86-4630-8b83-0459f26226fb,2026-07-23T00:02:18.584976+00:00,ORIG-31773,RCVR-93069,1091.12,Harbor Manufacturing,Brightline Supply,TX,GA,2009,Bill payment,WEB,Online banking,0
94c8a8b1-1caf-4d33-9eb8-451fb4cff1a3,2026-07-12T05:18:18.584976+00:00,ORIG-57931,RCVR-71089,174.76,Harbor Manufacturing,Maple Consulting,FL,CA,784,Direct deposit,CCD,Online banking,0
1aca0599-3965-4247-b9ab-b9988210ae6a,2026-08-19T21:10:18.584976+00:00,ORIG-35544,RCVR-10735,176.36,Harbor Manufacturing,Cedar Utilities,MA,OH,1041,Tax payment,PPD,API,0
1c338ffa-8db1-4b07-9ad1-2fb93adfe6f6,2026-08-17T19:14:18.584976+00:00,ORIG-62205,RCVR-15756,563.3,Harbor Manufacturing,Cedar Utilities,VA,NY,1941,Tax payment,PPD,Online banking,0
e3a5e002-065a-46ce-b603-341a566ba60f,2026-08-18T05:29:18.584976+00:00,ORIG-33187,RCVR-27255,657.28,Northstar Services,Maple Consulting,WA,FL,1818,Payroll,CCD,Online banking,0
fc8a1b5f-10cc-4509-b7a9-1c9f06a67345,2026-07-02T07:54:18.584976+00:00,ORIG-90478,RCVR-12185,746.93,Harbor Manufacturing,Cedar Utilities,GA,VA,2405,Bill payment,WEB,Online banking,0
e2cf5394-9598-453e-a6dc-f297bdf3fb63,2026-07-15T03:44:18.584976+00:00,ORIG-18058,RCVR-18513,556.46,Pine Valley Foods,Brightline Supply,VA,VA,1818,Payroll,CCD,API,0
edc9ad2a-0d7a-4ac1-8b31-f3194e9963b6,2026-07-05T20:16:18.584976+00:00,ORIG-10422,RCVR-50784,160.53,Harbor Manufacturing,Cedar Utilities,VA,WA,3426,Payroll,WEB,Branch initiated,0
e5addf1f-0089-4375-a891-01de97e6bcba,2026-08-12T19:53:18.584976+00:00,ORIG-21326,RCVR-34334,2047.56,Harbor Manufacturing,Avery Johnson,CO,FL,892,Bill payment,CCD,Online banking,0
d15935dd-ba1d-4c45-bc82-5907763550d7,2026-07-29T09:29:18.584976+00:00,ORIG-35046,RCVR-27397,324.47,Harbor Manufacturing,Avery Johnson,VA,VA,1144,Vendor payment,WEB,Online banking,0
c45cfe99-3b0e-4e1a-97ff-701f09946009,2026-07-31T06:51:18.584976+00:00,ORIG-33214,RCVR-48657,222.77,Harbor Manufacturing,Maple Consulting,IL,GA,2372,Bill payment,CCD,File upload,0
7d215325-0de8-49d6-a341-822aa7c50b97,2026-07-04T05:52:18.584976+00:00,ORIG-32344,RCVR-14814,429.17,Summit Health,Brightline Supply,VA,VA,2878,Direct deposit,CCD,API,0
4e351b7a-0c96-4e43-8e9a-fe752442697c,2026-07-25T13:49:18.584976+00:00,ORIG-82300,RCVR-45251,224.88,Northstar Services,Brightline Supply,WA,OH,130,Payroll,WEB,API,0
8d6936ed-f053-4c37-9816-854c7a900cca,2026-08-03T21:13:18.584976+00:00,ORIG-52335,RCVR-58795,312.55,Summit Health,Avery Johnson,NY,TX,1471,Payroll,PPD,Online banking,0
80ef0456-f8cc-41d3-93a2-7a98bb322d2a,2026-07-21T09:17:18.584976+00:00,ORIG-56924,RCVR-50144,514.26,Pine Valley Foods,Maple Consulting,CO,FL,1800,Tax payment,CCD,API,0
4dc3c41b-051a-4d27-9a8d-f64f015e60eb,2026-07-12T06:16:18.584976+00:00,ORIG-43105,RCVR-58918,560.19,Harbor Manufacturing,Maple Consulting,NY,GA,3595,Vendor payment,WEB,Online banking,0
7aacbcfb-ac92-4176-aa82-6a9cd2006b2d,2026-07-13T02:06:18.584976+00:00,ORIG-87735,RCVR-13742,585.47,Pine Valley Foods,Brightline Supply,TX,NC,1366,Payroll,PPD,Online banking,0
1a9e62e1-0231-4b6f-9bec-20592b5b7086,2026-08-07T23:27:18.584976+00:00,ORIG-31671,RCVR-70370,253.26,Northstar Services,Brightline Supply,NY,NC,1261,Payroll,PPD,Online banking,0
104345f6-4972-40a6-b07b-582f4b648dec,2026-08-02T08:19:18.584976+00:00,ORIG-30203,RCVR-99746,385.88,Harbor Manufacturing,Avery Johnson,WA,GA,1930,Tax payment,WEB,Online banking,0
93bec905-4214-4ebd-8c61-5164a960bb69,2026-08-01T12:17:18.584976+00:00,ORIG-70749,RCVR-41816,675.28,Northstar Services,Maple Consulting,VA,NC,1615,Tax payment,PPD,Online banking,0
5746eb22-bd10-4c35-b7ab-a3cc35bb3fe6,2026-06-28T11:24:18.584976+00:00,ORIG-40822,RCVR-58382,1342.45,Harbor Manufacturing,Cedar Utilities,TX,FL,154,Direct deposit,PPD,File upload,1
0d9bb428-6d81-4d43-8900-cbd64e7f2975,2026-08-08T06:50:18.584976+00:00,ORIG-49575,RCVR-67068,336.34,Northstar Services,Cedar Utilities,CA,GA,619,Bill payment,CCD,Online banking,0
0c3b33ae-b0c0-4ffd-92a0-1c51b1e4f421,2026-07-08T02:28:18.584976+00:00,ORIG-31435,RCVR-62194,2760.78,Northstar Services,Maple Consulting,NC,FL,26,Direct deposit,PPD,Online banking,1
04faa40e-5e28-4d77-8f1f-8cc9e98402dc,2026-08-09T03:14:18.584976+00:00,ORIG-69597,RCVR-11518,363.03,Summit Health,Maple Consulting,NC,VA,1742,Bill payment,WEB,API,0
ca999471-7084-49ba-b83d-d7579797c678,2026-06-26T21:49:18.584976+00:00,ORIG-58866,RCVR-72068,219.54,Harbor Manufacturing,Cedar Utilities,NY,OH,1738,Tax payment,CCD,File upload,0
d5aa0c2c-81df-4e69-8f45-42f96df556cc,2026-08-13T13:42:18.584976+00:00,ORIG-87352,RCVR-43795,344.98,Pine Valley Foods,Maple Consulting,MA,WA,165,Payroll,CCD,API,0
97649b58-f51d-4ea3-afc4-e2a63600f7e0,2026-08-16T07:05:18.584976+00:00,ORIG-43072,RCVR-65797,264.08,Harbor Manufacturing,Cedar Utilities,VA,MA,1710,Payroll,CCD,Online banking,0
03a1f191-c964-42cc-a16f-1a8105d29dee,2026-06-23T23:09:18.584976+00:00,ORIG-14798,RCVR-79634,455.63,Summit Health,Brightline Supply,CO,MA,33,Vendor payment,TEL,API,1
5c83a449-4a67-4804-94bf-fc6e4fea03ab,2026-07-26T20:24:18.584976+00:00,ORIG-90903,RCVR-41994,169.24,Summit Health,Avery Johnson,NY,WA,603,Tax payment,WEB,API,0
401f7206-0d97-4912-a098-97873b448732,2026-08-11T15:34:18.584976+00:00,ORIG-54272,RCVR-93458,344.99,Harbor Manufacturing,Maple Consulting,WA,CO,3060,Bill payment,WEB,API,0
afc15dba-4843-4e2e-bdf6-8e3b4d2d91ff,2026-08-13T15:17:18.584976+00:00,ORIG-35119,RCVR-84828,557.07,Harbor Manufacturing,Cedar Utilities,NC,CO,3253,Vendor payment,WEB,File upload,0
cba6691c-2799-4f51-a263-605a94be2f6b,2026-07-17T18:57:18.584976+00:00,ORIG-46016,RCVR-34341,1792.72,Harbor Manufacturing,Avery Johnson,GA,NC,2779,Bill payment,CCD,Online banking,0
aefa50ed-9d2f-4fd1-8fce-3739e5a846fe,2026-08-01T23:59:18.584976+00:00,ORIG-27008,RCVR-46014,933.97,Harbor Manufacturing,Maple Consulting,NC,VA,5,Bill payment,CCD,Online banking,1
0f4dc7a5-1fab-40bc-8d50-f47da99f4bfb,2026-07-25T15:42:18.584976+00:00,ORIG-87059,RCVR-65150,375.79,Harbor Manufacturing,Maple Consulting,TX,NY,1406,Bill payment,CCD,Online banking,0
368a7f7a-1e7f-4310-a6bf-a7c756d83bab,2026-07-11T09:42:18.584976+00:00,ORIG-37608,RCVR-79761,593.09,Pine Valley Foods,Maple Consulting,WA,NY,1416,Payroll,PPD,File upload,0
2a61cb4e-09a7-4246-8c89-834eae342907,2026-07-03T15:34:18.584976+00:00,ORIG-69178,RCVR-98408,138.84,Summit Health,Avery Johnson,IL,MA,2558,Bill payment,WEB,Online banking,0
d818f2f4-680a-4b26-b283-671294570db3,2026-08-18T17:20:18.584976+00:00,ORIG-74324,RCVR-40765,180.96,Summit Health,Brightline Supply,IL,OH,867,Payroll,WEB,Online banking,0
1cdc19f8-592a-4ba1-8e40-921d2f71e2a7,2026-08-06T08:53:18.584976+00:00,ORIG-82098,RCVR-63545,310.23,Harbor Manufacturing,Brightline Supply,WA,NC,1310,Bill payment,WEB,Online banking,0
649595c5-c4a9-4a4b-acd1-10a9afcf7eb3,2026-06-24T05:24:18.584976+00:00,ORIG-80205,RCVR-79796,1006.77,Summit Health,Brightline Supply,MA,OH,1902,Bill payment,CCD,Online banking,0
8ba32d97-3ed4-404e-8ae2-b1f2e87c6232,2026-08-04T16:27:18.584976+00:00,ORIG-53785,RCVR-70820,261.74,Pine Valley Foods,Avery Johnson,CA,OH,1715,Direct deposit,PPD,API,0
0cb3bb25-12c3-4196-90bb-07b910386f99,2026-06-25T12:31:18.584976+00:00,ORIG-75976,RCVR-20552,298.82,Summit Health,Avery Johnson,TX,TX,2333,Direct deposit,WEB,Online banking,0
83b175c0-35c3-466e-a301-3722606ff7a4,2026-07-18T03:33:18.584976+00:00,ORIG-95736,RCVR-61031,1058.45,Pine Valley Foods,Brightline Supply,TX,FOREIGN,62,Vendor payment,TEL,Branch initiated,1
c2e3df8d-d688-4f39-8b8b-62cf3071222d,2026-08-02T16:02:18.584976+00:00,ORIG-14048,RCVR-37132,176.48,Summit Health,Maple Consulting,IL,CO,992,Vendor payment,CCD,API,0
55f3e343-b48e-46bb-8d90-810d753c80ca,2026-08-10T17:39:18.584976+00:00,ORIG-42094,RCVR-70583,1103.19,Northstar Services,Avery Johnson,MA,FL,1666,Tax payment,CCD,File upload,0
308bd3a9-6d30-4cb9-ad38-bef9ab3fc427,2026-08-14T10:46:18.584976+00:00,ORIG-80430,RCVR-25857,368.66,Northstar Services,Maple Consulting,IL,WA,1201,Direct deposit,WEB,File upload,0
0a7180ca-1468-4baf-b0c2-c318035d5bf7,2026-07-18T18:40:18.584976+00:00,ORIG-95148,RCVR-67677,888.76,Summit Health,Avery Johnson,OH,VA,3244,Payroll,WEB,Online banking,0
12d5bf60-6b61-46d7-a210-ade4bab33e02,2026-07-14T06:30:18.584976+00:00,ORIG-73254,RCVR-37536,197.55,Harbor Manufacturing,Avery Johnson,FL,GA,1878,Direct deposit,PPD,File upload,0
de385715-ba90-45ab-98b5-e42213afda84,2026-07-20T16:24:18.584976+00:00,ORIG-69031,RCVR-43806,598.63,Harbor Manufacturing,Avery Johnson,NY,MA,1183,Payroll,PPD,File upload,0
6de2c10f-2c96-4248-95fb-5fe54761e39b,2026-06-30T13:24:18.584976+00:00,ORIG-30749,RCVR-84401,933.66,Harbor Manufacturing,Maple Consulting,IL,IL,634,Vendor payment,PPD,API,0
d7d89e8b-e780-40cb-8d07-e84caff2017c,2026-07-16T21:07:18.584976+00:00,ORIG-37742,RCVR-86445,467.01,Harbor Manufacturing,Brightline Supply,GA,CA,2955,Tax payment,WEB,File upload,0
fd682eb8-e45d-48f1-9ed1-f76308ece329,2026-07-04T19:28:18.584976+00:00,ORIG-55116,RCVR-94390,423.38,Pine Valley Foods,Cedar Utilities,TX,FL,1989,Vendor payment,WEB,API,0
695a1a3a-06fe-421d-8365-663bfff64e2e,2026-07-07T19:10:18.584976+00:00,ORIG-18487,RCVR-54874,258.68,Pine Valley Foods,Cedar Utilities,CA,VA,2494,Payroll,WEB,Online banking,0
30da9783-0b0d-4d60-b5ac-4db97800b18f,2026-07-06T10:51:18.584976+00:00,ORIG-78697,RCVR-39933,573.25,Pine Valley Foods,Cedar Utilities,VA,CA,406,Bill payment,WEB,Online banking,0
188dc1fb-2998-4100-8b80-dc098c7ab9ae,2026-07-01T11:48:18.584976+00:00,ORIG-20413,RCVR-17336,79.81,Summit Health,Brightline Supply,WA,OH,750,Vendor payment,PPD,API,0
6823f7a9-90f6-49c0-a950-b2dfbf0d4e21,2026-07-10T08:11:18.584976+00:00,ORIG-82348,RCVR-46369,292.86,Northstar Services,Brightline Supply,TX,IL,1001,Tax payment,WEB,API,0
1bab74e9-b3c5-4a2b-9446-db3f547b9b0f,2026-08-11T21:48:18.584976+00:00,ORIG-93087,RCVR-19575,172.3,Pine Valley Foods,Maple Consulting,CA,MA,882,Tax payment,CCD,Online banking,0
a1ef436b-0147-471e-98e8-dcb2c86d8034,2026-08-19T23:30:18.584976+00:00,ORIG-68017,RCVR-94230,342.48,Pine Valley Foods,Maple Consulting,CO,WA,2587,Vendor payment,CCD,API,0
8680312b-dbfd-4299-b774-b40888dd1252,2026-07-05T01:11:18.584976+00:00,ORIG-44629,RCVR-79755,208.72,Pine Valley Foods,Cedar Utilities,VA,IL,1266,Direct deposit,PPD,Branch initiated,0
1c51a03e-5084-4318-9c8a-a491718028fd,2026-08-04T06:30:18.584976+00:00,ORIG-71670,RCVR-74983,150.79,Pine Valley Foods,Brightline Supply,MA,OH,1249,Payroll,CCD,Online banking,0
c191a35d-5a73-419e-be3a-ca4d9b4d2f50,2026-07-02T19:54:18.584976+00:00,ORIG-40382,RCVR-37946,246.38,Harbor Manufacturing,Cedar Utilities,GA,CO,423,Bill payment,WEB,Online banking,0
1bc9caf1-c82f-4271-abe5-cb757afcbe2d,2026-08-06T18:45:18.584976+00:00,ORIG-32515,RCVR-30701,1027.46,Pine Valley Foods,Cedar Utilities,GA,NC,3195,Bill payment,PPD,Branch initiated,0
af25f1c7-c9d9-4652-86cf-fc6727e1ad11,2026-07-08T21:25:18.584976+00:00,ORIG-29003,RCVR-50138,748.98,Harbor Manufacturing,Cedar Utilities,IL,MA,1263,Direct deposit,WEB,Online banking,0
718f051a-8b2c-4929-b29d-032a61201d47,2026-07-13T21:15:18.584976+00:00,ORIG-63580,RCVR-56348,1995.52,Pine Valley Foods,Maple Consulting,NC,CA,66,Bill payment,WEB,Online banking,1
5ab4545b-cad5-4944-8d5a-0ed3d776b75c,2026-07-12T22:35:18.584976+00:00,ORIG-83396,RCVR-36142,247.16,Pine Valley Foods,Maple Consulting,MA,OH,1966,Tax payment,CCD,Branch initiated,0
63d7eda0-9ae1-404d-909a-242694160ff9,2026-08-16T15:59:18.584976+00:00,ORIG-73837,RCVR-42747,260.34,Harbor Manufacturing,Maple Consulting,NC,WA,1796,Bill payment,PPD,API,0
3c5adaba-d0f4-47f7-8b21-6d2048885229,2026-08-14T02:51:18.584976+00:00,ORIG-29893,RCVR-29715,464.81,Harbor Manufacturing,Brightline Supply,WA,NC,1344,Tax payment,WEB,File upload,0
18bbd80f-cc01-49b5-a486-3eedf48925e1,2026-07-28T02:56:18.584976+00:00,ORIG-12864,RCVR-28411,1013.25,Northstar Services,Cedar Utilities,IL,WA,3166,Direct deposit,WEB,File upload,0
5ce4542e-0fe9-4b89-a8d3-e3c30afa1ff2,2026-08-04T02:13:18.584976+00:00,ORIG-57474,RCVR-53648,115.89,Pine Valley Foods,Cedar Utilities,GA,NY,96,Vendor payment,PPD,API,0
04c341e5-0db6-4270-ad94-d508c0889035,2026-07-12T22:57:18.584976+00:00,ORIG-79258,RCVR-17901,249.03,Harbor Manufacturing,Avery Johnson,NY,CA,1159,Tax payment,CCD,API,0
809da3c2-f77d-4eae-9308-657725353e67,2026-08-13T23:26:18.584976+00:00,ORIG-79699,RCVR-30738,1622.53,Northstar Services,Maple Consulting,OH,CO,1767,Bill payment,CCD,API,0
b4621311-7740-4bfe-b014-c2875ae1152f,2026-08-06T23:59:18.584976+00:00,ORIG-94913,RCVR-85395,453.05,Harbor Manufacturing,Maple Consulting,CO,FL,3361,Direct deposit,PPD,Online banking,0
afbe6236-dbb8-4f77-b161-169d0e0a2134,2026-07-25T02:38:18.584976+00:00,ORIG-11119,RCVR-39521,2347.24,Harbor Manufacturing,Maple Consulting,NC,CA,137,Direct deposit,CCD,File upload,1
38de452b-dcd4-48fd-912d-4b0bf0250e34,2026-06-29T13:36:18.584976+00:00,ORIG-30002,RCVR-34752,306.72,Pine Valley Foods,Brightline Supply,WA,TX,2186,Tax payment,PPD,File upload,0
5bb20aa9-5046-4bda-88a3-e4ed1994d099,2026-07-02T16:40:18.584976+00:00,ORIG-51331,RCVR-40160,259.71,Pine Valley Foods,Brightline Supply,CO,MA,1112,Vendor payment,PPD,File upload,0
42a363ef-b616-4790-a939-2e38d0c13491,2026-08-18T08:51:18.584976+00:00,ORIG-59166,RCVR-13332,305.47,Summit Health,Brightline Supply,NY,CO,1637,Vendor payment,PPD,File upload,0
91c2ae98-e2f6-4cfb-a302-6f6d42eb41a8,2026-06-28T03:08:18.584976+00:00,ORIG-76414,RCVR-85799,587.18,Northstar Services,Brightline Supply,CO,FL,2005,Tax payment,CCD,File upload,0
83176568-221d-427a-be60-86ea924d7b14,2026-07-23T00:14:18.584976+00:00,ORIG-76441,RCVR-57167,494.71,Summit Health,Cedar Utilities,GA,CO,68,Payroll,CCD,File upload,0
ab28ef0c-0fde-4c04-9a53-dc83006f734c,2026-07-15T09:59:18.584976+00:00,ORIG-57237,RCVR-50629,125.78,Northstar Services,Maple Consulting,CO,MA,2666,Direct deposit,CCD,Online banking,0
b1e8d09c-7230-4a42-acb9-b95f4131769f,2026-07-26T20:21:18.584976+00:00,ORIG-28446,RCVR-42636,228.83,Pine Valley Foods,Avery Johnson,MA,CA,2849,Direct deposit,PPD,Online banking,0
af3a3210-bb06-4bbd-a46e-25ba0de2541f,2026-08-01T18:06:18.584976+00:00,ORIG-58719,RCVR-90944,355.71,Summit Health,Brightline Supply,VA,IL,2126,Vendor payment,WEB,File upload,0
d0b3472f-233b-48ec-8503-1fa96fd5e3c4,2026-08-04T07:44:18.584976+00:00,ORIG-13929,RCVR-75215,331.04,Pine Valley Foods,Cedar Utilities,CO,FL,3448,Bill payment,WEB,Online banking,0
e0591d45-2ae9-4aca-9e97-f88dfd1871e8,2026-08-18T12:03:18.584976+00:00,ORIG-28919,RCVR-63432,1362.68,Northstar Services,Maple Consulting,NY,CA,697,Vendor payment,PPD,Online banking,0
b2dde03e-8c1e-405f-b585-ba2253e2ceba,2026-07-31T13:59:18.584976+00:00,ORIG-72349,RCVR-70874,123.26,Summit Health,Maple Consulting,CO,CO,2610,Payroll,CCD,API,0
db12a28c-f279-4ca8-b408-45dae848284a,2026-07-28T11:21:18.584976+00:00,ORIG-57917,RCVR-90427,381.9,Northstar Services,Maple Consulting,VA,OH,2341,Vendor payment,PPD,Online banking,0
c97476e3-a33e-4583-8dfa-96e565178e1d,2026-08-09T00:54:18.584976+00:00,ORIG-96403,RCVR-20772,194.89,Northstar Services,Maple Consulting,FL,GA,1025,Vendor payment,CCD,Online banking,0
acc7251d-8921-4e42-9115-f14bf0f320c4,2026-07-24T10:42:18.584976+00:00,ORIG-87435,RCVR-78146,283.14,Harbor Manufacturing,Brightline Supply,NY,VA,596,Tax payment,WEB,Branch initiated,0
b3dbb014-43d4-4948-bda2-c3f5f5356609,2026-08-17T17:43:18.584976+00:00,ORIG-16293,RCVR-35938,634.3,Pine Valley Foods,Avery Johnson,NC,VA,1323,Payroll,WEB,API,0
e2ac703f-91df-485a-aebb-bef9d9e51e4f,2026-07-20T13:13:18.584976+00:00,ORIG-69258,RCVR-38159,431.35,Summit Health,Cedar Utilities,TX,NC,1146,Tax payment,CCD,Online banking,0
efa95519-6a91-4aa4-88e2-68804da5cedb,2026-08-03T21:27:18.584976+00:00,ORIG-69810,RCVR-96933,638.76,Northstar Services,Cedar Utilities,NY,OH,3204,Bill payment,CCD,API,0
bb15c96d-904e-4652-98b1-7d7a7123717d,2026-07-02T09:35:18.584976+00:00,ORIG-24566,RCVR-25765,806.84,Harbor Manufacturing,Brightline Supply,GA,NY,1788,Tax payment,PPD,Branch initiated,0
abbf448b-5c41-4258-a472-93c91beb245b,2026-07-05T21:53:18.584976+00:00,ORIG-28574,RCVR-99204,88.41,Pine Valley Foods,Avery Johnson,OH,GA,2154,Tax payment,PPD,API,0
c94c8c88-c17c-4deb-9c1a-28b56fc2345d,2026-07-03T13:27:18.584976+00:00,ORIG-80707,RCVR-40202,102.13,Pine Valley Foods,Cedar Utilities,OH,MA,2602,Tax payment,PPD,File upload,0
dc6d788a-9877-4b7f-9919-f83e9a0e7ba0,2026-08-07T00:19:18.584976+00:00,ORIG-36502,RCVR-46493,384.65,Northstar Services,Maple Consulting,TX,NC,1230,Payroll,PPD,Online banking,0
5dcdccd3-6b9d-499a-b490-9718198c5f28,2026-07-01T06:24:18.584976+00:00,ORIG-90362,RCVR-87854,591.05,Northstar Services,Avery Johnson,GA,WA,1971,Vendor payment,PPD,Online banking,0
8823c44d-ad33-4a85-89a1-23a35021d48f,2026-08-06T08:10:18.584976+00:00,ORIG-35345,RCVR-42580,186.25,Harbor Manufacturing,Avery Johnson,NC,TX,2975,Tax payment,WEB,Online banking,0
4c14544c-5ec5-4c2d-b36f-d2579a529222,2026-07-11T11:54:18.584976+00:00,ORIG-11411,RCVR-93460,462.47,Northstar Services,Cedar Utilities,IL,MA,2453,Direct deposit,PPD,API,0
ac9f4949-be37-4b8c-be6d-f52e62cbe380,2026-07-24T15:41:18.584976+00:00,ORIG-89958,RCVR-69554,723.47,Pine Valley Foods,Avery Johnson,OH,WA,2569,Direct deposit,CCD,API,0
64e5035c-7580-402f-bd7d-3f9842e5c158,2026-07-07T11:57:18.584976+00:00,ORIG-23506,RCVR-21609,1666.1,Harbor Manufacturing,Brightline Supply,GA,OH,3429,Direct deposit,CCD,Online banking,0
5d0fd757-ba2e-412f-a16d-1d0b69dc0dba,2026-08-11T06:41:18.584976+00:00,ORIG-46158,RCVR-42986,537.5,Harbor Manufacturing,Maple Consulting,IL,WA,1462,Payroll,PPD,Online banking,0
f5dc53e9-de4a-4845-a473-c11d3ad41cef,2026-07-07T15:47:18.584976+00:00,ORIG-87474,RCVR-66854,387.73,Harbor Manufacturing,Avery Johnson,NY,GA,2318,Direct deposit,WEB,API,0
5a781bbb-2c03-4816-90e2-d70245e0fe10,2026-07-17T00:42:18.584976+00:00,ORIG-94237,RCVR-22920,575.15,Northstar Services,Avery Johnson,CO,TX,2475,Direct deposit,CCD,File upload,0
c155c6b8-5fdb-418c-b865-0a8e604ef39a,2026-08-17T05:23:18.584976+00:00,ORIG-85149,RCVR-78519,1192.11,Northstar Services,Maple Consulting,NY,NY,3187,Direct deposit,WEB,Branch initiated,0
2bf1fb23-16ad-4915-9266-624556a2204f,2026-08-01T04:32:18.584976+00:00,ORIG-53117,RCVR-22950,1691.94,Harbor Manufacturing,Maple Consulting,CA,VA,3481,Bill payment,CCD,File upload,0
ca8d61e5-9279-4ec6-bc40-3a365b5beb56,2026-07-20T12:53:18.584976+00:00,ORIG-68459,RCVR-16265,813.61,Harbor Manufacturing,Maple Consulting,GA,IL,3150,Vendor payment,PPD,API,0
67e45a5d-375c-48b4-b9a9-b5ed9c86f0e1,2026-07-02T00:56:18.584976+00:00,ORIG-55683,RCVR-32551,231.0,Summit Health,Avery Johnson,WA,NC,3032,Vendor payment,CCD,File upload,0
34b75d9e-5647-4682-a728-7510c11c6978,2026-08-11T15:11:18.584976+00:00,ORIG-63223,RCVR-51015,610.18,Summit Health,Brightline Supply,CO,VA,3508,Direct deposit,CCD,Online banking,0
c2210895-2749-4848-89f5-a05813bb9947,2026-07-12T00:09:18.584976+00:00,ORIG-52304,RCVR-12087,1280.59,Northstar Services,Brightline Supply,FL,FL,2870,Tax payment,CCD,File upload,0
580e3c96-1e1a-4926-af46-2c6ec78a0ef6,2026-07-02T20:38:18.584976+00:00,ORIG-19952,RCVR-36033,1670.21,Northstar Services,Avery Johnson,TX,WA,599,Bill payment,WEB,Online banking,0
421f1977-e0b0-45de-aa4d-384c6bef279a,2026-08-08T17:52:18.584976+00:00,ORIG-48523,RCVR-90402,109.16,Northstar Services,Cedar Utilities,CO,WA,2736,Bill payment,PPD,API,0
b1ec1998-f22a-45bd-b62b-9e285fa7bb6d,2026-07-31T22:07:18.584976+00:00,ORIG-94920,RCVR-38307,982.65,Pine Valley Foods,Avery Johnson,GA,NY,1799,Direct deposit,WEB,API,0
2af733e5-4703-45bc-b117-83daa867196c,2026-06-30T03:28:18.584976+00:00,ORIG-86139,RCVR-62378,685.48,Summit Health,Cedar Utilities,FL,OH,1518,Bill payment,PPD,Online banking,0
71be02eb-518a-4182-99b0-0155d7bbf074,2026-07-19T08:26:18.584976+00:00,ORIG-52160,RCVR-42361,410.88,Pine Valley Foods,Avery Johnson,WA,FL,1286,Payroll,WEB,Online banking,0
ab5cc29c-4b2c-4ec3-8844-cf9bca7ecb3e,2026-07-20T03:31:18.584976+00:00,ORIG-39355,RCVR-70986,368.33,Harbor Manufacturing,Avery Johnson,VA,OH,2422,Direct deposit,PPD,Branch initiated,0
120466ea-a71e-4ab9-acc0-20377abdbd56,2026-08-05T06:10:18.584976+00:00,ORIG-95233,RCVR-17542,2607.17,Harbor Manufacturing,Maple Consulting,NY,OH,175,Bill payment,PPD,Branch initiated,1
041731ba-6970-48a2-942f-f0873d7ddbef,2026-07-26T17:21:18.584976+00:00,ORIG-88346,RCVR-74331,353.02,Summit Health,Brightline Supply,WA,CA,2765,Bill payment,CCD,Online banking,0
1ce96e0d-5ba6-4e18-9b6c-dbe180e37dae,2026-07-05T14:50:18.584976+00:00,ORIG-99302,RCVR-86922,892.13,Harbor Manufacturing,Avery Johnson,FL,OH,3174,Payroll,WEB,Online banking,0
84c29e9a-6d98-40b1-bd2f-1b07c5585365,2026-07-14T04:43:18.584976+00:00,ORIG-42610,RCVR-88843,626.6,Pine Valley Foods,Brightline Supply,WA,GA,387,Direct deposit,WEB,File upload,0
3c996454-84cd-4d98-af14-69e1c572057c,2026-07-16T14:05:18.584976+00:00,ORIG-72181,RCVR-28154,180.12,Harbor Manufacturing,Brightline Supply,NC,WA,2898,Direct deposit,CCD,API,0
e55797a9-5edf-4398-9571-c9aa6a00e0fa,2026-08-04T01:17:18.584976+00:00,ORIG-56032,RCVR-94833,376.7,Northstar Services,Cedar Utilities,GA,GA,1057,Payroll,WEB,Online banking,0
d0e89905-8f93-4281-9702-eb2734282869,2026-07-01T03:25:18.584976+00:00,ORIG-32087,RCVR-10226,292.62,Northstar Services,Avery Johnson,MA,CO,3278,Tax payment,WEB,Online banking,0
6a633b11-a76c-429b-83c5-c348669540fa,2026-08-14T12:54:18.584976+00:00,ORIG-91378,RCVR-75300,533.16,Pine Valley Foods,Brightline Supply,GA,VA,1534,Tax payment,PPD,File upload,0
229cdb15-389b-4ceb-b07e-6a9004e9a528,2026-08-04T16:44:18.584976+00:00,ORIG-91537,RCVR-15082,716.61,Northstar Services,Cedar Utilities,NY,CA,687,Payroll,CCD,Online banking,0
9afcc8f9-4317-4580-95d7-aab9ffb78866,2026-08-06T17:19:18.584976+00:00,ORIG-96309,RCVR-81824,192.15,Summit Health,Maple Consulting,MA,NY,581,Vendor payment,CCD,Online banking,0
83972022-bdc8-44e7-aaed-62163cc9692a,2026-07-15T01:18:18.584976+00:00,ORIG-96462,RCVR-87481,549.85,Northstar Services,Avery Johnson,CA,NY,2161,Tax payment,WEB,File upload,0
806485e6-3a9d-4ca9-92a7-73db549cfbb8,2026-07-04T08:52:18.584976+00:00,ORIG-36336,RCVR-47035,371.08,Harbor Manufacturing,Brightline Supply,OH,VA,2567,Direct deposit,CCD,Online banking,0
53d0c57f-96e2-469f-b20b-278e3220675e,2026-08-13T08:30:18.584976+00:00,ORIG-52141,RCVR-83564,1844.8,Summit Health,Maple Consulting,NY,CO,2864,Payroll,WEB,File upload,0
d0307aa7-1b26-41ef-97d3-4c9ffc49a6e7,2026-08-03T17:37:18.584976+00:00,ORIG-84878,RCVR-81144,781.34,Pine Valley Foods,Cedar Utilities,IL,TX,195,Bill payment,CCD,Online banking,0
7f87a84b-e487-456a-b4c1-145d96fa1e87,2026-07-02T21:43:18.584976+00:00,ORIG-76633,RCVR-78679,514.9,Pine Valley Foods,Cedar Utilities,VA,NC,880,Payroll,CCD,Branch initiated,0
08e487a3-1b34-4ca6-80f8-d1b9c9fdfda8,2026-07-31T16:27:18.584976+00:00,ORIG-36687,RCVR-74916,156.64,Pine Valley Foods,Avery Johnson,CO,WA,2825,Payroll,CCD,Online banking,0
b76815bb-1a4a-493b-8a61-c3905ae51ecb,2026-07-29T23:20:18.584976+00:00,ORIG-61107,RCVR-39933,150.62,Harbor Manufacturing,Maple Consulting,MA,FL,3614,Direct deposit,WEB,API,0
4f518d69-15dd-4dd5-a1e4-1acb08b95e98,2026-06-24T20:32:18.584976+00:00,ORIG-45732,RCVR-63635,787.1,Northstar Services,Maple Consulting,VA,WA,3453,Vendor payment,CCD,Online banking,0
244ba4c1-f0d5-4b4c-b89c-a4845a410de9,2026-08-19T21:41:18.584976+00:00,ORIG-68868,RCVR-26893,492.8,Pine Valley Foods,Avery Johnson,NC,CA,3242,Direct deposit,PPD,Online banking,0
48866f4c-16fa-41be-928e-eb2b0cf28782,2026-07-22T01:18:18.584976+00:00,ORIG-99247,RCVR-62193,211.8,Harbor Manufacturing,Cedar Utilities,WA,IL,446,Payroll,CCD,File upload,0
f809fee7-105a-4323-809c-c3c35f1028a2,2026-08-02T10:55:18.584976+00:00,ORIG-36317,RCVR-26661,391.24,Northstar Services,Maple Consulting,OH,NY,157,Direct deposit,PPD,Online banking,0
438f2c13-e74d-4dc1-8537-ab60614b5729,2026-08-14T17:14:18.584976+00:00,ORIG-67423,RCVR-28711,615.35,Summit Health,Avery Johnson,TX,MA,776,Vendor payment,WEB,Online banking,0
b93e5e34-9b06-448b-905f-b5648889953d,2026-06-30T01:55:18.584976+00:00,ORIG-42873,RCVR-33006,365.48,Harbor Manufacturing,Maple Consulting,FL,MA,101,Direct deposit,CCD,Branch initiated,1
1c01e589-2481-4af7-a700-78ee0c7442bf,2026-07-05T19:59:18.584976+00:00,ORIG-35472,RCVR-54025,201.58,Summit Health,Avery Johnson,FL,VA,2282,Vendor payment,PPD,API,0
30257744-8df1-4c27-9db9-fb79dec7041c,2026-07-22T22:46:18.584976+00:00,ORIG-63729,RCVR-77901,617.09,Northstar Services,Brightline Supply,VA,CO,159,Vendor payment,PPD,API,0
5e96e474-92c3-4d33-9255-b5c780f60172,2026-08-20T07:35:18.584976+00:00,ORIG-60793,RCVR-84311,428.3,Northstar Services,Brightline Supply,TX,CA,3377,Direct deposit,WEB,API,0
ca34e477-573f-45a7-bf8b-245aee475f9d,2026-07-26T03:25:18.584976+00:00,ORIG-41151,RCVR-99506,196.6,Summit Health,Cedar Utilities,NC,NY,629,Direct deposit,WEB,File upload,0
606bbed6-755d-41d7-a54b-f5d97e9314ee,2026-07-31T11:29:18.584976+00:00,ORIG-32852,RCVR-60915,339.21,Harbor Manufacturing,Brightline Supply,VA,WA,3301,Bill payment,PPD,Online banking,0
4c4f3e2c-38b6-4a57-a1b3-690099c20248,2026-07-14T12:00:18.584976+00:00,ORIG-62721,RCVR-26387,1077.26,Harbor Manufacturing,Brightline Supply,OH,GA,1713,Direct deposit,WEB,API,0
dd0df8a4-37ed-489a-8a21-ea9cb1eabc08,2026-07-16T11:55:18.584976+00:00,ORIG-97211,RCVR-62282,129.41,Pine Valley Foods,Brightline Supply,MA,MA,2330,Vendor payment,WEB,API,0
b9199dfa-b85b-4a8f-81e8-95ae2a79773d,2026-06-25T12:31:18.584976+00:00,ORIG-63504,RCVR-59127,310.98,Harbor Manufacturing,Brightline Supply,NY,OH,2225,Direct deposit,CCD,Branch initiated,0
bbfd6fe6-9488-4232-8b94-5014ea08b83a,2026-06-25T02:13:18.584976+00:00,ORIG-54260,RCVR-82311,1085.51,Pine Valley Foods,Maple Consulting,GA,GA,1816,Payroll,WEB,Online banking,0
ec02689f-678e-4fe6-bc04-01a3445302e1,2026-06-30T04:59:18.584976+00:00,ORIG-99211,RCVR-83841,655.22,Pine Valley Foods,Maple Consulting,IL,WA,619,Direct deposit,CCD,API,0
715fb010-48ac-4d82-b491-564f95ecef9f,2026-08-08T23:16:18.584976+00:00,ORIG-90000,RCVR-90258,604.17,Northstar Services,Avery Johnson,NY,MA,37,Payroll,CCD,File upload,0
b10dc93c-1460-4776-b78d-fa4fc5ebcf6e,2026-07-23T08:04:18.584976+00:00,ORIG-29739,RCVR-37919,57.79,Harbor Manufacturing,Avery Johnson,MA,GA,2391,Direct deposit,CCD,Online banking,0
a0024230-baca-4787-8b64-16a99fb7ee6c,2026-08-04T21:42:18.584976+00:00,ORIG-30946,RCVR-29925,309.48,Pine Valley Foods,Maple Consulting,CO,OH,2577,Direct deposit,WEB,Branch initiated,0
e0b94a28-e9db-4b94-900a-e4edc837869c,2026-07-29T03:40:18.584976+00:00,ORIG-68314,RCVR-22723,1020.44,Northstar Services,Brightline Supply,VA,FL,1955,Vendor payment,PPD,API,0
443f641e-cdde-491b-967c-7716f7289a1b,2026-07-18T20:50:18.584976+00:00,ORIG-33833,RCVR-68632,1519.91,Northstar Services,Maple Consulting,TX,TX,3629,Bill payment,PPD,File upload,0
81451bfa-cc07-4885-87f6-96575d75860e,2026-08-14T13:59:18.584976+00:00,ORIG-98784,RCVR-61592,181.38,Pine Valley Foods,Avery Johnson,TX,IL,3223,Payroll,CCD,API,0
c5aad896-cb9b-498f-bb5a-decef2ea07e6,2026-07-06T19:41:18.584976+00:00,ORIG-32159,RCVR-57869,4245.83,Harbor Manufacturing,Brightline Supply,TX,NC,7,Direct deposit,WEB,Branch initiated,1
d682274d-14e4-4d9b-80f8-a3e4e3f1e716,2026-08-16T02:51:18.584976+00:00,ORIG-44486,RCVR-68842,747.51,Summit Health,Cedar Utilities,WA,IL,330,Bill payment,WEB,Online banking,0
8012cdb5-7861-4c4d-b319-b6ea1406d900,2026-06-25T00:57:18.584976+00:00,ORIG-49676,RCVR-59895,1105.26,Pine Valley Foods,Maple Consulting,TX,CA,173,Bill payment,TEL,API,1
307a937c-3a35-4ef6-aef7-a554503dfd85,2026-07-05T04:43:18.584976+00:00,ORIG-54843,RCVR-27346,460.29,Harbor Manufacturing,Cedar Utilities,NC,NC,1094,Payroll,CCD,Branch initiated,0
189b4e89-d3a0-4a0c-842e-c506e62e23bc,2026-08-13T03:14:18.584976+00:00,ORIG-24879,RCVR-13015,269.91,Pine Valley Foods,Avery Johnson,MA,OH,268,Vendor payment,WEB,File upload,0
c5d4f594-013b-499b-a0d9-6b1c354cebc0,2026-08-12T21:35:18.584976+00:00,ORIG-11762,RCVR-54713,210.75,Northstar Services,Brightline Supply,CA,WA,2511,Payroll,PPD,File upload,0
8aeedb36-671a-4f90-b96b-9d62eaca457f,2026-08-02T16:37:18.584976+00:00,ORIG-22019,RCVR-22004,657.99,Northstar Services,Maple Consulting,CO,FL,206,Payroll,CCD,Online banking,0
baee1d8b-2b54-403c-bc85-dd437b3ba950,2026-07-03T16:08:18.584976+00:00,ORIG-74920,RCVR-89358,173.81,Pine Valley Foods,Maple Consulting,GA,WA,3545,Payroll,CCD,Online banking,0
80ed14b9-acbe-4773-a61f-65d8e83f24f7,2026-08-20T06:41:18.584976+00:00,ORIG-28860,RCVR-81040,535.08,Pine Valley Foods,Avery Johnson,GA,IL,768,Bill payment,PPD,Online banking,0
109dcbea-3622-4782-b91c-a51b882b0a3f,2026-06-24T00:39:18.584976+00:00,ORIG-64038,RCVR-76408,235.43,Harbor Manufacturing,Brightline Supply,IL,TX,3014,Vendor payment,WEB,Online banking,0
2eb851fa-7960-4b81-a251-4c6c4a179c8e,2026-07-28T22:42:18.584976+00:00,ORIG-18076,RCVR-18229,718.5,Summit Health,Cedar Utilities,FL,CO,2762,Direct deposit,PPD,Branch initiated,0
fb8920c6-e0d8-4913-b7a4-bbd678595ca8,2026-08-12T19:44:18.584976+00:00,ORIG-99270,RCVR-89364,619.68,Northstar Services,Cedar Utilities,MA,WA,1468,Direct deposit,CCD,API,0
b1083869-dd92-4fec-b888-28e45935db50,2026-07-07T08:03:18.584976+00:00,ORIG-39899,RCVR-86969,611.58,Pine Valley Foods,Avery Johnson,WA,GA,3606,Direct deposit,CCD,Branch initiated,0
649a1e0e-6854-4a58-8a6e-b46ad17fa628,2026-07-15T03:35:18.584976+00:00,ORIG-30012,RCVR-28623,734.82,Summit Health,Maple Consulting,NY,NY,3566,Vendor payment,CCD,Online banking,0
9ebc1311-51c2-43b5-bb77-80bc1c33d769,2026-07-12T07:33:18.584976+00:00,ORIG-29796,RCVR-87717,171.33,Pine Valley Foods,Brightline Supply,VA,FL,615,Bill payment,CCD,Online banking,0
a0b418c3-73ce-4899-93ff-e93653a8c875,2026-07-06T14:03:18.584976+00:00,ORIG-46394,RCVR-39850,530.82,Pine Valley Foods,Maple Consulting,IL,OH,1784,Vendor payment,CCD,Branch initiated,0
d8925be0-67fc-4bb1-a2d2-ae77ae1c60dc,2026-08-15T09:56:18.584976+00:00,ORIG-52373,RCVR-72482,787.86,Harbor Manufacturing,Brightline Supply,CO,CO,55,Bill payment,WEB,Online banking,0
5cce3333-1dc5-4d11-9b5d-ff2758ce17a0,2026-06-24T11:13:18.584976+00:00,ORIG-90167,RCVR-25970,291.12,Pine Valley Foods,Cedar Utilities,TX,NC,2822,Vendor payment,CCD,API,0
c0c2b840-ca30-4434-b706-7d55356c76d9,2026-07-08T18:03:18.584976+00:00,ORIG-64657,RCVR-42258,1660.13,Pine Valley Foods,Cedar Utilities,NY,MA,1952,Bill payment,WEB,Online banking,0
f78622ef-d4de-43f2-ae06-47b5d4bc8555,2026-07-21T17:16:18.584976+00:00,ORIG-92926,RCVR-85009,690.12,Pine Valley Foods,Brightline Supply,FL,MA,2309,Direct deposit,PPD,Online banking,0
0f1d5995-73e6-42be-bfc5-1dc6e478f723,2026-08-12T03:40:18.584976+00:00,ORIG-52159,RCVR-20657,1353.03,Summit Health,Maple Consulting,FL,TX,2983,Bill payment,PPD,Online banking,0
d5c994c7-87eb-43e6-9a8a-0ad8c37cbcb6,2026-08-03T06:28:18.584976+00:00,ORIG-28754,RCVR-57681,165.9,Northstar Services,Maple Consulting,IL,WA,1342,Bill payment,WEB,API,0
b834fdf4-4bf4-461c-a8e6-17ad8bc08ee9,2026-08-07T13:16:18.584976+00:00,ORIG-51178,RCVR-89268,587.79,Pine Valley Foods,Brightline Supply,MA,NY,3274,Tax payment,CCD,Online banking,0
bf6a5907-a666-4662-8196-a7877fc471a3,2026-07-17T15:04:18.584976+00:00,ORIG-44208,RCVR-36770,581.97,Pine Valley Foods,Cedar Utilities,CA,IL,1906,Vendor payment,CCD,API,0
a3cc4584-d491-4bcc-be56-f64e1546ad09,2026-07-01T07:29:18.584976+00:00,ORIG-24122,RCVR-45855,150.16,Summit Health,Cedar Utilities,NY,MA,1168,Vendor payment,WEB,Online banking,0
1118510e-9f27-461e-8de2-f95f94399eae,2026-08-19T07:26:18.584976+00:00,ORIG-72534,RCVR-58342,798.79,Pine Valley Foods,Cedar Utilities,MA,OH,106,Direct deposit,WEB,Online banking,0
3495891f-6cf6-429f-adf9-b2fa04d7fdce,2026-08-04T15:38:18.584976+00:00,ORIG-47081,RCVR-52469,1097.78,Northstar Services,Avery Johnson,CA,VA,2036,Payroll,PPD,Online banking,0
c3d00e40-e2ac-4383-9f6b-ddef642868f7,2026-08-11T13:06:18.584976+00:00,ORIG-22040,RCVR-57227,177.51,Harbor Manufacturing,Cedar Utilities,WA,GA,286,Direct deposit,CCD,API,0
ea1a17f6-d305-43ec-8d7b-21bf50560ceb,2026-07-04T02:18:18.584976+00:00,ORIG-30314,RCVR-81840,374.32,Northstar Services,Brightline Supply,NC,WA,3560,Bill payment,PPD,Online banking,0
680f5147-9a58-42fb-b90d-314d9d082156,2026-06-23T03:59:18.584976+00:00,ORIG-94266,RCVR-39559,203.36,Summit Health,Avery Johnson,CA,CA,1589,Direct deposit,PPD,API,0
539a1ecd-8a29-4adb-b830-0b9b7e17b927,2026-07-25T11:45:18.584976+00:00,ORIG-64386,RCVR-82093,203.49,Northstar Services,Avery Johnson,VA,WA,1433,Payroll,WEB,File upload,0
f90d8fb2-d3d1-48ce-bd0d-1319dc1e453e,2026-07-05T12:13:18.584976+00:00,ORIG-37889,RCVR-29956,249.16,Northstar Services,Cedar Utilities,FL,NC,1592,Vendor payment,PPD,File upload,0
05af4822-cbf6-4655-885c-dc40f752fe6b,2026-07-28T12:38:18.584976+00:00,ORIG-61463,RCVR-25619,601.27,Harbor Manufacturing,Maple Consulting,MA,IL,1663,Vendor payment,PPD,Online banking,0
43050705-d08c-4489-ae88-1a35a686cedc,2026-07-16T14:04:18.584976+00:00,ORIG-36233,RCVR-84738,333.88,Harbor Manufacturing,Brightline Supply,WA,GA,2566,Vendor payment,WEB,File upload,0
8ec964c2-49eb-4cbc-9a38-d428a9d70131,2026-07-28T21:15:18.584976+00:00,ORIG-11620,RCVR-38367,325.99,Pine Valley Foods,Cedar Utilities,CA,IL,1602,Tax payment,PPD,Branch initiated,0
b140f4b4-4991-4359-8238-8aa1242b1e38,2026-07-08T03:31:18.584976+00:00,ORIG-42573,RCVR-20180,1328.6,Northstar Services,Avery Johnson,IL,VA,3512,Payroll,CCD,Branch initiated,0
0e8e150a-8286-4171-9866-f2fd94bedbde,2026-07-24T05:35:18.584976+00:00,ORIG-30904,RCVR-22744,256.55,Northstar Services,Cedar Utilities,WA,TX,1735,Bill payment,PPD,Online banking,0
183a413a-6f37-4e50-8120-a88dd9c4c40a,2026-06-22T08:36:18.584976+00:00,ORIG-49590,RCVR-28591,2400.59,Harbor Manufacturing,Maple Consulting,CA,CO,163,Payroll,TEL,Online banking,1
38d40e84-7d92-4240-948d-c86421d9cafd,2026-08-10T14:32:18.584976+00:00,ORIG-85992,RCVR-83065,219.72,Harbor Manufacturing,Cedar Utilities,GA,NY,1547,Payroll,PPD,API,0
ad4139da-16cd-4fca-b4d8-41b3393f7ec8,2026-07-09T11:08:18.584976+00:00,ORIG-15771,RCVR-96063,1054.33,Northstar Services,Cedar Utilities,CA,TX,832,Bill payment,PPD,API,0
58d85d63-e166-42d0-b3af-fc73e5b26916,2026-08-03T17:38:18.584976+00:00,ORIG-95220,RCVR-15783,1511.3,Summit Health,Maple Consulting,NY,CA,3043,Payroll,CCD,Online banking,0
777fc1db-7b2e-45c4-ba34-4d49f20dfccb,2026-06-27T10:01:18.584976+00:00,ORIG-31482,RCVR-58924,212.82,Harbor Manufacturing,Brightline Supply,NY,OH,1669,Vendor payment,WEB,Online banking,0
cc035594-cf4d-4b71-962a-a995e3e65eec,2026-07-09T07:14:18.584976+00:00,ORIG-98166,RCVR-74816,279.16,Summit Health,Cedar Utilities,IL,FL,1471,Direct deposit,CCD,File upload,0
4d9f6f8a-9571-4acf-92da-a83e4acf6df6,2026-08-05T21:36:18.584976+00:00,ORIG-91928,RCVR-29012,1164.04,Harbor Manufacturing,Brightline Supply,MA,OH,3345,Vendor payment,WEB,Online banking,0
326c4e2c-fd87-431f-81de-eceb293620bc,2026-07-13T17:12:18.584976+00:00,ORIG-15502,RCVR-78100,199.93,Northstar Services,Avery Johnson,OH,OH,676,Vendor payment,WEB,File upload,0
ce488861-9043-425a-9bd0-10837abf1af2,2026-07-21T08:53:18.584976+00:00,ORIG-58932,RCVR-81886,231.12,Summit Health,Maple Consulting,MA,WA,1673,Payroll,PPD,API,0
1c7d1524-b719-43dc-a99c-48b2649645d7,2026-07-10T13:27:18.584976+00:00,ORIG-10078,RCVR-76127,865.98,Northstar Services,Maple Consulting,WA,GA,1665,Bill payment,PPD,API,0
7a09973c-ca5e-4cdf-8b8a-97667bef2415,2026-08-12T01:29:18.584976+00:00,ORIG-12125,RCVR-14076,517.44,Harbor Manufacturing,Avery Johnson,GA,CA,1855,Payroll,CCD,Branch initiated,0
4ed25081-2061-47c2-964c-41d09a36b178,2026-07-15T04:06:18.584976+00:00,ORIG-54979,RCVR-60822,604.45,Harbor Manufacturing,Brightline Supply,TX,IL,123,Tax payment,IAT,Online banking,1
f86c4b90-4b87-4d6e-9050-2190cc6385b4,2026-07-07T03:08:18.584976+00:00,ORIG-56071,RCVR-14068,857.56,Harbor Manufacturing,Maple Consulting,NY,MA,2209,Payroll,CCD,API,0
2c2093ba-813b-43e2-8da9-82f454d4f0fa,2026-06-25T09:33:18.584976+00:00,ORIG-13581,RCVR-59803,581.14,Northstar Services,Maple Consulting,VA,NY,1034,Tax payment,PPD,Online banking,0
6a9083bb-f374-498b-b0f6-99199134ce4f,2026-06-24T09:23:18.584976+00:00,ORIG-54221,RCVR-41637,242.4,Summit Health,Avery Johnson,NY,NC,2885,Direct deposit,PPD,API,0
07f80acf-b001-41f2-a9f8-870033160803,2026-08-12T05:03:18.584976+00:00,ORIG-98505,RCVR-13700,1347.44,Summit Health,Avery Johnson,FL,TX,179,Tax payment,TEL,File upload,1
a602b990-3532-4651-9843-8ea18db00f2f,2026-07-03T02:18:18.584976+00:00,ORIG-86763,RCVR-25423,839.21,Summit Health,Brightline Supply,CA,IL,668,Payroll,CCD,API,0
a94d74ab-171b-4e36-86f4-a3b488edb64f,2026-07-13T00:16:18.584976+00:00,ORIG-36099,RCVR-73195,217.31,Summit Health,Brightline Supply,FL,CO,2799,Tax payment,CCD,Online banking,0
e7886362-ff8a-40d1-bd3d-d98d2d3e349c,2026-07-11T09:05:18.584976+00:00,ORIG-31552,RCVR-28245,355.75,Pine Valley Foods,Avery Johnson,CO,CO,2864,Direct deposit,PPD,File upload,0
839504fe-89c4-4df6-8f61-ab8f1c2313fa,2026-07-18T07:56:18.584976+00:00,ORIG-72083,RCVR-14395,458.32,Harbor Manufacturing,Maple Consulting,CO,NC,268,Payroll,CCD,File upload,0
3f722fc2-d868-4c70-be5b-adfc15fcefcd,2026-07-19T07:12:18.584976+00:00,ORIG-28025,RCVR-25861,209.68,Northstar Services,Brightline Supply,OH,GA,806,Direct deposit,WEB,Branch initiated,0
d4ba346b-166a-4812-b25c-5fd9a199127f,2026-07-17T20:57:18.584976+00:00,ORIG-96017,RCVR-34315,445.85,Summit Health,Avery Johnson,NY,CO,605,Bill payment,PPD,File upload,0
72cec9d6-cfd5-4132-bf68-596d53f9b893,2026-07-16T06:57:18.584976+00:00,ORIG-11594,RCVR-24778,267.61,Harbor Manufacturing,Avery Johnson,CA,OH,82,Vendor payment,TEL,File upload,1
31fc7257-b833-4393-93a4-fdae1b484710,2026-08-03T16:20:18.584976+00:00,ORIG-38065,RCVR-22982,484.42,Pine Valley Foods,Maple Consulting,NY,NY,3519,Payroll,PPD,API,0
7b7f0f72-bdbb-4eff-a1e1-6b9e407d5724,2026-07-05T10:39:18.584976+00:00,ORIG-77290,RCVR-19514,532.98,Pine Valley Foods,Brightline Supply,CO,NY,2564,Bill payment,PPD,File upload,0
e3ec521d-2e32-4ca7-9239-b37226a2d6c7,2026-07-14T20:42:18.584976+00:00,ORIG-52006,RCVR-61724,282.29,Northstar Services,Brightline Supply,NC,CA,3552,Vendor payment,WEB,Branch initiated,0
890056a1-768a-4359-8fb5-b87fb796d55a,2026-07-08T05:17:18.584976+00:00,ORIG-94677,RCVR-93275,482.4,Pine Valley Foods,Brightline Supply,OH,NC,3168,Payroll,CCD,API,0
6590d6c0-bb8e-4d9a-afe8-1767d4800f51,2026-07-13T20:50:18.584976+00:00,ORIG-29079,RCVR-94069,270.9,Northstar Services,Cedar Utilities,CO,WA,2665,Bill payment,CCD,File upload,0
41faf61a-8863-4bc6-81a7-7cca104ab07d,2026-06-26T18:11:18.584976+00:00,ORIG-77035,RCVR-73935,386.29,Summit Health,Brightline Supply,IL,NY,2007,Bill payment,WEB,API,0
127b2428-76ef-4746-bd81-90201807111c,2026-06-24T09:14:18.584976+00:00,ORIG-45553,RCVR-47872,909.21,Pine Valley Foods,Cedar Utilities,VA,IL,982,Tax payment,PPD,Online banking,0
af40843b-c15b-439e-91ce-b0ad8a5110f1,2026-07-23T23:15:18.584976+00:00,ORIG-98617,RCVR-63941,590.4,Harbor Manufacturing,Cedar Utilities,MA,OH,773,Tax payment,PPD,File upload,0
c7cb97c8-8fcf-4551-b8b0-0f395383d78d,2026-07-25T00:00:18.584976+00:00,ORIG-81142,RCVR-82470,1009.1,Harbor Manufacturing,Brightline Supply,VA,MA,712,Payroll,WEB,File upload,0
02b5f8e6-c274-43ec-a241-06f0c699916e,2026-07-25T07:46:18.584976+00:00,ORIG-93026,RCVR-54220,309.71,Pine Valley Foods,Maple Consulting,GA,TX,2939,Bill payment,WEB,API,0
a97caa21-fe75-4849-8cec-c51bc6c2f02f,2026-07-20T18:41:18.584976+00:00,ORIG-43100,RCVR-26309,468.14,Summit Health,Maple Consulting,TX,CO,2326,Direct deposit,PPD,Online banking,0
50c83317-781e-47f7-bbc3-18b5a0aa1d35,2026-07-12T22:08:18.584976+00:00,ORIG-24166,RCVR-72438,305.07,Summit Health,Maple Consulting,NY,TX,505,Bill payment,PPD,Online banking,0
c8c0ff40-237e-4aaa-8cf4-32aa91ed3323,2026-08-14T10:57:18.584976+00:00,ORIG-45181,RCVR-26701,439.88,Northstar Services,Maple Consulting,OH,OH,1384,Tax payment,WEB,Online banking,0
938a1dd8-6f08-4b38-a409-c01c7d085b06,2026-07-12T17:33:18.584976+00:00,ORIG-89123,RCVR-84791,676.45,Harbor Manufacturing,Cedar Utilities,GA,TX,2269,Tax payment,CCD,File upload,0
9abb7428-6693-4b58-9a46-6d6c5d651c6f,2026-08-05T05:05:18.584976+00:00,ORIG-81003,RCVR-90779,395.62,Northstar Services,Brightline Supply,NC,GA,3464,Direct deposit,PPD,Online banking,0
d9850c8c-20c8-484d-8b08-757f03ea4112,2026-06-26T08:46:18.584976+00:00,ORIG-46630,RCVR-24075,595.8,Northstar Services,Brightline Supply,FL,GA,3528,Tax payment,CCD,Online banking,0
8ce2d7b5-41c7-44ec-b7ef-17034ec52ceb,2026-07-30T17:16:18.584976+00:00,ORIG-68213,RCVR-68002,126.3,Pine Valley Foods,Maple Consulting,CO,NC,1790,Tax payment,CCD,Online banking,0
b7a3023a-47a3-48c0-9155-a847c7708433,2026-07-06T10:19:18.584976+00:00,ORIG-89502,RCVR-36931,777.44,Harbor Manufacturing,Brightline Supply,NC,NY,2864,Direct deposit,PPD,File upload,0
0a7c1a46-67cb-4651-b21a-6f9cbbf875ec,2026-08-01T23:59:18.584976+00:00,ORIG-45932,RCVR-42606,113.45,Harbor Manufacturing,Brightline Supply,MA,NC,101,Tax payment,PPD,API,0
afe1580b-224b-4783-a60d-e348e5adbdaa,2026-08-14T23:09:18.584976+00:00,ORIG-84928,RCVR-55243,135.04,Harbor Manufacturing,Maple Consulting,CA,NC,1826,Direct deposit,PPD,Online banking,0
5e1a654e-1f9c-436f-9590-e06250ff3752,2026-07-20T03:45:18.584976+00:00,ORIG-72721,RCVR-30722,1453.56,Pine Valley Foods,Brightline Supply,MA,IL,2455,Tax payment,PPD,File upload,0
3abe9fac-2a44-4613-98c6-690d4cd0c629,2026-07-17T03:12:18.584976+00:00,ORIG-30808,RCVR-22108,370.42,Northstar Services,Cedar Utilities,GA,CO,3518,Direct deposit,CCD,File upload,0
406072bb-4e10-4b46-8f7e-cc7de01a69d8,2026-08-03T22:06:18.584976+00:00,ORIG-78224,RCVR-18752,580.62,Pine Valley Foods,Avery Johnson,IL,FL,3209,Vendor payment,CCD,API,0
0871ad71-3600-4b69-b9b7-95fbbd4a3e80,2026-07-13T07:50:18.584976+00:00,ORIG-35609,RCVR-88988,652.14,Northstar Services,Avery Johnson,GA,CA,3209,Vendor payment,WEB,Online banking,0
fc5dc9e3-e398-4923-a56a-b7dab24e1610,2026-07-09T18:03:18.584976+00:00,ORIG-33451,RCVR-30017,697.34,Pine Valley Foods,Brightline Supply,MA,WA,705,Bill payment,WEB,File upload,0
18fa1280-5ee2-4347-ae07-1b9b15a1fb0c,2026-07-06T06:13:18.584976+00:00,ORIG-27688,RCVR-31889,242.2,Northstar Services,Maple Consulting,CA,NC,3531,Tax payment,CCD,API,0
9f49516f-a3ce-45ff-b364-6ff4e1c2ad4e,2026-07-26T10:23:18.584976+00:00,ORIG-24401,RCVR-42534,164.89,Pine Valley Foods,Avery Johnson,NY,FL,4,Bill payment,CCD,API,0
750ae9bc-3ff9-4112-ba18-811dc3080662,2026-07-07T06:09:18.584976+00:00,ORIG-80971,RCVR-62939,964.95,Summit Health,Cedar Utilities,NC,OH,3432,Direct deposit,CCD,API,0
bb38d6fe-6907-427a-93f4-2fb9532d6bda,2026-07-14T17:53:18.584976+00:00,ORIG-14773,RCVR-37117,663.44,Northstar Services,Cedar Utilities,NY,FL,1691,Direct deposit,CCD,Online banking,0
e97964a1-7bf0-405a-bbfd-e8bc4625865a,2026-08-18T16:19:18.584976+00:00,ORIG-38255,RCVR-67086,1006.02,Pine Valley Foods,Maple Consulting,GA,CA,1238,Direct deposit,PPD,Online banking,0
e2c19734-d892-4fa5-8660-ca3b6c9d54e8,2026-07-31T04:26:18.584976+00:00,ORIG-62329,RCVR-71125,1008.98,Summit Health,Cedar Utilities,IL,NY,1705,Payroll,PPD,Branch initiated,0
82571b06-2851-47b6-a86e-1468a429ee6d,2026-06-23T14:19:18.584976+00:00,ORIG-16962,RCVR-55947,187.02,Summit Health,Maple Consulting,IL,MA,3365,Tax payment,WEB,API,0
15b0a8be-e001-4dc3-9c32-f66d597fa5ad,2026-07-08T05:05:18.584976+00:00,ORIG-50677,RCVR-76416,585.16,Pine Valley Foods,Avery Johnson,MA,GA,103,Tax payment,PPD,API,0
eeac36ef-fc27-496c-bc9d-d98a3e2a0a6c,2026-07-18T01:26:18.584976+00:00,ORIG-90337,RCVR-70331,943.99,Harbor Manufacturing,Cedar Utilities,NC,MA,133,Tax payment,PPD,File upload,1
988282ce-ee59-4e0e-9148-5d02b3330941,2026-07-07T11:29:18.584976+00:00,ORIG-97335,RCVR-81826,987.79,Northstar Services,Brightline Supply,OH,CA,2707,Direct deposit,WEB,File upload,0
1e618ad7-0ac2-4bb8-b1e8-7115f8b8461e,2026-07-27T12:58:18.584976+00:00,ORIG-90854,RCVR-60317,354.16,Harbor Manufacturing,Maple Consulting,GA,CO,3276,Vendor payment,CCD,API,0
b70b82c5-1424-48ca-a119-64b5549522a0,2026-07-28T15:06:18.584976+00:00,ORIG-18680,RCVR-31416,1591.97,Northstar Services,Cedar Utilities,GA,CA,899,Direct deposit,PPD,Branch initiated,0
48ad1b7c-a608-4de7-90c1-9be505439bd3,2026-07-06T22:27:18.584976+00:00,ORIG-54923,RCVR-90844,889.12,Harbor Manufacturing,Maple Consulting,VA,NY,2289,Tax payment,WEB,Online banking,0
e198825b-ce52-4d35-a6c5-8a863eb43b1c,2026-07-22T03:09:18.584976+00:00,ORIG-87303,RCVR-78163,390.8,Harbor Manufacturing,Brightline Supply,VA,VA,2086,Bill payment,CCD,Branch initiated,0
6773c5fd-4f5a-4546-81b6-cfa6f8d34090,2026-07-15T00:22:18.584976+00:00,ORIG-43769,RCVR-23958,711.58,Pine Valley Foods,Brightline Supply,TX,IL,1020,Direct deposit,PPD,Branch initiated,0
c44deb12-f3bc-4ab6-bd2b-b45419ae299a,2026-07-02T12:00:18.584976+00:00,ORIG-62409,RCVR-64957,287.62,Harbor Manufacturing,Cedar Utilities,NC,WA,273,Bill payment,PPD,Online banking,0
24c8fe88-ee3c-4248-9699-2add9749c3f2,2026-07-12T12:23:18.584976+00:00,ORIG-53749,RCVR-58546,313.88,Northstar Services,Cedar Utilities,NY,CA,2412,Vendor payment,CCD,Online banking,0
3c057896-f9e9-4d66-bcbc-0f046000c8e9,2026-07-30T10:52:18.584976+00:00,ORIG-54054,RCVR-30865,183.47,Harbor Manufacturing,Maple Consulting,TX,FL,380,Vendor payment,PPD,Online banking,0
0ff3b348-879a-414d-bb33-1ea9a586c753,2026-08-04T16:34:18.584976+00:00,ORIG-98963,RCVR-99871,1019.55,Harbor Manufacturing,Avery Johnson,IL,MA,150,Payroll,PPD,File upload,1
43765513-8b4f-42e2-a8b0-0bdb5d3e3506,2026-08-03T08:30:18.584976+00:00,ORIG-24095,RCVR-45039,732.61,Harbor Manufacturing,Avery Johnson,NC,NY,268,Direct deposit,WEB,File upload,0
e8bf4654-a6d3-4473-97ba-ad9cb2d4b9fd,2026-08-06T12:39:18.584976+00:00,ORIG-22598,RCVR-75066,809.07,Pine Valley Foods,Cedar Utilities,WA,OH,3320,Direct deposit,CCD,Branch initiated,0
1584ca11-3656-4f7d-accc-e839310b9951,2026-07-23T23:08:18.584976+00:00,ORIG-64784,RCVR-40818,202.08,Harbor Manufacturing,Cedar Utilities,WA,NC,2882,Vendor payment,PPD,Online banking,0
05d559b8-9b6d-4721-89eb-bebc98f97e34,2026-06-28T08:40:18.584976+00:00,ORIG-68840,RCVR-26529,265.22,Pine Valley Foods,Avery Johnson,FL,CO,1312,Tax payment,PPD,File upload,0
030795bc-4bcd-450e-ac96-82c344ff73f3,2026-07-12T05:28:18.584976+00:00,ORIG-98033,RCVR-82367,1772.92,Harbor Manufacturing,Brightline Supply,VA,VA,1493,Vendor payment,CCD,Online banking,0
9dbad000-9b93-49c4-9d3a-076bbba1cc4f,2026-08-14T20:10:18.584976+00:00,ORIG-34453,RCVR-75223,283.74,Summit Health,Maple Consulting,IL,NC,3054,Direct deposit,WEB,Online banking,0
e4daf917-1819-4234-8933-2affdd39e776,2026-06-30T06:47:18.584976+00:00,ORIG-31519,RCVR-42846,94.65,Summit Health,Avery Johnson,FL,CA,608,Payroll,PPD,Online banking,0
34b653aa-d621-4bc8-8faa-89f91f8c1f10,2026-06-26T21:11:18.584976+00:00,ORIG-33660,RCVR-64771,725.13,Northstar Services,Avery Johnson,IL,GA,3279,Tax payment,CCD,Online banking,0
d17a9317-1489-46ac-a177-f3695cce695f,2026-08-11T07:59:18.584976+00:00,ORIG-37664,RCVR-29373,578.08,Harbor Manufacturing,Cedar Utilities,OH,GA,2420,Tax payment,WEB,Online banking,0
7e658130-5cdd-4be0-bd48-ec09651a6efe,2026-08-17T06:21:18.584976+00:00,ORIG-81712,RCVR-48036,330.8,Summit Health,Avery Johnson,WA,TX,3624,Tax payment,WEB,Online banking,0
9f84e6fa-f63f-4fcf-a0ae-79958f2a27f6,2026-07-23T03:57:18.584976+00:00,ORIG-44694,RCVR-49358,675.5,Northstar Services,Brightline Supply,GA,NY,1619,Bill payment,PPD,API,0
6783e5d8-1526-46bd-b30c-6f344448f376,2026-08-17T03:54:18.584976+00:00,ORIG-62032,RCVR-10294,83.98,Summit Health,Avery Johnson,NY,GA,2240,Direct deposit,PPD,API,0
1a881f5d-bb23-46cd-813f-c0215b31fdc8,2026-06-23T14:20:18.584976+00:00,ORIG-16710,RCVR-75095,988.64,Pine Valley Foods,Cedar Utilities,TX,VA,2974,Bill payment,PPD,API,0
44c909c3-77f3-43d6-81de-58b5d4e0a8ff,2026-08-02T15:00:18.584976+00:00,ORIG-53093,RCVR-94783,2250.97,Pine Valley Foods,Maple Consulting,NC,CO,169,Bill payment,WEB,API,1
938ab304-604b-4f06-8fbc-359cb25d04cc,2026-07-13T00:53:18.584976+00:00,ORIG-22793,RCVR-47850,1702.72,Harbor Manufacturing,Avery Johnson,FL,MA,1108,Vendor payment,PPD,File upload,0
b6797c64-ae75-4e3c-accf-f3c801d16c8f,2026-07-21T03:08:18.584976+00:00,ORIG-76948,RCVR-26003,713.81,Summit Health,Cedar Utilities,OH,NY,378,Bill payment,PPD,Online banking,0
9253c34a-9ed3-427d-8b82-ac89a72217b5,2026-08-03T14:57:18.584976+00:00,ORIG-12389,RCVR-91309,208.42,Northstar Services,Avery Johnson,IL,WA,2140,Tax payment,PPD,API,0
36fca29a-0405-4cb0-999e-6546634a6444,2026-06-24T08:47:18.584976+00:00,ORIG-66675,RCVR-23575,130.46,Summit Health,Brightline Supply,MA,NC,1982,Tax payment,WEB,API,0
0976d91f-f6de-4c8c-bf6c-7f2586a1c160,2026-07-31T05:08:18.584976+00:00,ORIG-70011,RCVR-60760,379.63,Harbor Manufacturing,Cedar Utilities,NY,OH,1457,Payroll,WEB,Branch initiated,0
50c7addc-764f-4c21-a893-73a8d85e287f,2026-06-22T19:20:18.584976+00:00,ORIG-51309,RCVR-70749,1198.47,Northstar Services,Brightline Supply,WA,CA,2301,Payroll,WEB,Online banking,0
65d5bc02-9588-4628-8897-37ef08aba15b,2026-07-06T20:34:18.584976+00:00,ORIG-54656,RCVR-25696,199.16,Northstar Services,Cedar Utilities,OH,WA,1745,Bill payment,PPD,File upload,0
7f00f5d8-3cb7-4a81-b19e-415768d51ca8,2026-08-15T20:31:18.584976+00:00,ORIG-43853,RCVR-59752,284.22,Pine Valley Foods,Cedar Utilities,VA,FL,306,Tax payment,CCD,Online banking,0
530675cd-55ac-4fc3-a5b4-287049aeebb9,2026-07-23T18:48:18.584976+00:00,ORIG-13427,RCVR-47375,3256.12,Harbor Manufacturing,Brightline Supply,NC,CA,2152,Tax payment,WEB,File upload,0
11b14393-cd92-434d-8049-052021a6d2bd,2026-07-18T20:31:18.584976+00:00,ORIG-51721,RCVR-26217,452.53,Pine Valley Foods,Brightline Supply,IL,MA,203,Bill payment,CCD,File upload,0
fe590ba9-e361-46c8-a9bd-03604de4ea6e,2026-07-01T18:32:18.584976+00:00,ORIG-81950,RCVR-85675,170.36,Harbor Manufacturing,Cedar Utilities,CO,WA,168,Bill payment,CCD,Online banking,0
eee533b3-723b-410c-b5e6-c6041a3aea35,2026-07-21T12:27:18.584976+00:00,ORIG-19010,RCVR-22362,788.7,Northstar Services,Avery Johnson,CA,FL,439,Bill payment,PPD,API,0
9d643f61-1308-4bb6-87ba-39fec223f44a,2026-06-30T18:32:18.584976+00:00,ORIG-53786,RCVR-32069,478.77,Pine Valley Foods,Avery Johnson,GA,CO,896,Vendor payment,PPD,File upload,0
14c361b7-671b-4aa8-831d-193b9f065eab,2026-07-05T11:03:18.584976+00:00,ORIG-99313,RCVR-78547,398.46,Harbor Manufacturing,Brightline Supply,NC,CA,1762,Vendor payment,WEB,API,0
3ce122fa-5358-4f86-8790-c74a597acb2c,2026-08-03T08:01:18.584976+00:00,ORIG-27853,RCVR-63021,186.13,Summit Health,Cedar Utilities,IL,MA,3645,Payroll,WEB,Online banking,0
e574c596-45e7-4553-95e8-42e43aa26f48,2026-06-22T20:10:18.584976+00:00,ORIG-63155,RCVR-87429,721.51,Pine Valley Foods,Cedar Utilities,CA,CO,3337,Tax payment,PPD,Branch initiated,0
2783ffad-34c1-4fcc-a5f2-d11979f0db04,2026-07-29T05:00:18.584976+00:00,ORIG-42767,RCVR-16103,220.52,Northstar Services,Maple Consulting,CA,GA,463,Tax payment,PPD,API,0
e44432a9-e7b0-4bde-9172-4cfef73198eb,2026-08-10T18:29:18.584976+00:00,ORIG-24018,RCVR-54742,76.73,Pine Valley Foods,Maple Consulting,CA,NC,3219,Payroll,CCD,Online banking,0
ec003908-a0ca-4c83-a0dc-061fe84b27b9,2026-07-14T10:21:18.584976+00:00,ORIG-46053,RCVR-68118,225.14,Pine Valley Foods,Brightline Supply,OH,VA,3565,Vendor payment,CCD,API,0
9e9cbdcf-91cc-414b-9347-8e612818f97b,2026-07-26T22:08:18.584976+00:00,ORIG-66792,RCVR-70762,789.68,Pine Valley Foods,Avery Johnson,IL,CA,836,Direct deposit,PPD,File upload,0
3320ed86-bbc1-4025-ac15-8428f1eff49c,2026-08-08T01:07:18.584976+00:00,ORIG-11804,RCVR-72027,232.69,Northstar Services,Maple Consulting,FL,NC,1842,Vendor payment,WEB,File upload,0
30ebaaf9-b051-4527-8931-63bcdac66070,2026-07-08T10:49:18.584976+00:00,ORIG-72960,RCVR-38909,394.17,Summit Health,Brightline Supply,IL,FL,2261,Tax payment,WEB,Branch initiated,0
c8cf5dd0-d559-40a0-b198-4fea0af7d8c6,2026-08-10T20:34:18.584976+00:00,ORIG-43398,RCVR-22954,854.15,Harbor Manufacturing,Cedar Utilities,MA,OH,990,Bill payment,CCD,File upload,0
5c7ceac5-c47d-4a31-a011-ca5b1ee5d5c3,2026-07-01T05:58:18.584976+00:00,ORIG-33979,RCVR-92250,1807.93,Summit Health,Avery Johnson,TX,OH,1721,Tax payment,CCD,Online banking,0
35c1150b-6427-4ef7-afbb-67efca7639ae,2026-08-03T05:57:18.584976+00:00,ORIG-65685,RCVR-42921,666.55,Harbor Manufacturing,Brightline Supply,WA,IL,2466,Tax payment,WEB,Online banking,0
af6b5c36-0729-472e-b37d-2255fe6a4bd0,2026-07-17T06:31:18.584976+00:00,ORIG-52561,RCVR-16003,384.32,Harbor Manufacturing,Cedar Utilities,GA,GA,1367,Direct deposit,PPD,Online banking,0
b4e23c66-7639-42ec-98c3-cab160a009f2,2026-06-30T15:49:18.584976+00:00,ORIG-84076,RCVR-27956,2729.42,Pine Valley Foods,Maple Consulting,CO,CO,106,Tax payment,PPD,Online banking,1
8add1d64-0619-465a-93e6-da48322bd4f0,2026-07-01T22:07:18.584976+00:00,ORIG-38119,RCVR-38635,458.51,Harbor Manufacturing,Avery Johnson,FL,GA,1150,Tax payment,CCD,File upload,0
6363e53c-5a3f-4eb9-848a-241d3d31474d,2026-08-12T08:16:18.584976+00:00,ORIG-25568,RCVR-22256,470.7,Harbor Manufacturing,Brightline Supply,GA,TX,2852,Payroll,CCD,File upload,0
f98e027a-7284-4f3a-aaba-011c7fba87bc,2026-08-01T03:50:18.584976+00:00,ORIG-21627,RCVR-76021,439.95,Pine Valley Foods,Cedar Utilities,MA,CO,3028,Payroll,WEB,API,0
0c96d9fd-3ec9-4467-99c2-be303625864a,2026-07-26T19:10:18.584976+00:00,ORIG-15925,RCVR-33513,232.34,Pine Valley Foods,Brightline Supply,FL,GA,252,Direct deposit,PPD,API,0
dd87bd5d-5775-480a-9365-ffa80ebf5558,2026-08-17T23:41:18.584976+00:00,ORIG-58056,RCVR-92199,1075.74,Harbor Manufacturing,Maple Consulting,WA,GA,33,Vendor payment,CCD,Online banking,0
34988251-1f20-43f6-a079-f618a5d3b197,2026-08-04T21:58:18.584976+00:00,ORIG-21118,RCVR-30648,244.76,Pine Valley Foods,Avery Johnson,NC,CO,941,Vendor payment,CCD,File upload,0
6374cd00-2bfd-4c1b-91ba-2f89b2ae8b12,2026-07-01T08:04:18.584976+00:00,ORIG-86758,RCVR-53260,1144.37,Summit Health,Brightline Supply,OH,TX,2707,Tax payment,PPD,Branch initiated,0
56e43826-eb01-4215-ac77-59407f7f8521,2026-07-13T04:18:18.584976+00:00,ORIG-51383,RCVR-44108,231.66,Pine Valley Foods,Avery Johnson,NY,IL,3166,Tax payment,CCD,Branch initiated,0
38261902-a666-4edc-b7fb-48e0a84a1c1a,2026-06-28T22:23:18.584976+00:00,ORIG-17050,RCVR-40112,273.95,Northstar Services,Maple Consulting,WA,FL,2920,Vendor payment,PPD,API,0
5e50f873-2a4e-4209-b4e6-7a806e656072,2026-07-02T18:57:18.584976+00:00,ORIG-16652,RCVR-76639,426.14,Northstar Services,Brightline Supply,FL,GA,2152,Tax payment,PPD,Online banking,0
9179d132-02d5-4460-8566-3ecfdd60cd4b,2026-07-21T15:03:18.584976+00:00,ORIG-66062,RCVR-74291,665.09,Pine Valley Foods,Brightline Supply,FL,CA,2608,Payroll,WEB,Online banking,0
b30c429a-9612-436b-a0b5-4379ede73229,2026-07-11T14:09:18.584976+00:00,ORIG-81660,RCVR-20506,222.24,Harbor Manufacturing,Maple Consulting,WA,VA,3472,Bill payment,PPD,Online banking,0
fffb24ea-1238-4390-b014-aa347e0a2730,2026-08-19T19:17:18.584976+00:00,ORIG-13172,RCVR-13977,75.77,Northstar Services,Cedar Utilities,VA,WA,2611,Tax payment,PPD,Online banking,0
32656155-81a5-4e53-a009-2d7af6dec1f8,2026-08-03T12:30:18.584976+00:00,ORIG-80651,RCVR-94875,1755.44,Harbor Manufacturing,Avery Johnson,CO,NY,2479,Payroll,WEB,Online banking,0
52419764-8b58-41bf-b18f-c161eb3dda34,2026-07-19T16:36:18.584976+00:00,ORIG-76062,RCVR-94621,288.19,Harbor Manufacturing,Cedar Utilities,VA,CO,3331,Vendor payment,WEB,API,0
1f78907b-7aee-4a63-a3ac-99693f5fc3c7,2026-07-02T16:48:18.584976+00:00,ORIG-20040,RCVR-29736,406.91,Pine Valley Foods,Cedar Utilities,NY,OH,1288,Direct deposit,CCD,Online banking,0
14415e03-1aa8-42e2-88d3-f9bfd006be9a,2026-07-12T06:53:18.584976+00:00,ORIG-16403,RCVR-10366,261.8,Harbor Manufacturing,Brightline Supply,CA,TX,365,Bill payment,WEB,API,0
17ecc8ce-fd8c-436b-bc6a-948a59ba4d54,2026-07-03T14:36:18.584976+00:00,ORIG-26114,RCVR-40907,883.95,Summit Health,Brightline Supply,NC,TX,1319,Bill payment,WEB,Online banking,0
48aa38ac-97e1-4e43-a952-1979eb1a3211,2026-07-23T15:00:18.584976+00:00,ORIG-15488,RCVR-82422,180.79,Northstar Services,Maple Consulting,TX,NC,2288,Direct deposit,WEB,Online banking,0
e9489ff2-f038-4803-9144-f50504d60fc7,2026-08-19T07:21:18.584976+00:00,ORIG-34217,RCVR-26484,294.87,Northstar Services,Avery Johnson,VA,OH,503,Direct deposit,CCD,File upload,0
03cccc27-e0ef-4a67-8a97-2996e3e2cdd7,2026-08-09T13:01:18.584976+00:00,ORIG-10651,RCVR-44289,453.07,Harbor Manufacturing,Brightline Supply,OH,WA,3608,Vendor payment,WEB,Online banking,0
d8add250-2430-42f0-a8ae-b9f07d5b58f0,2026-08-03T18:28:18.584976+00:00,ORIG-45101,RCVR-41749,187.0,Pine Valley Foods,Avery Johnson,CO,NC,2778,Bill payment,WEB,Online banking,0
868ce1af-0981-4b02-91fd-bf4ee8cac20e,2026-06-29T20:11:18.584976+00:00,ORIG-50304,RCVR-63430,589.65,Harbor Manufacturing,Brightline Supply,VA,WA,2960,Tax payment,CCD,Online banking,0
1b85fdf3-ff83-4300-8d42-d59ab328f00f,2026-07-23T16:11:18.584976+00:00,ORIG-70550,RCVR-15344,320.81,Summit Health,Cedar Utilities,IL,CO,3579,Payroll,PPD,Online banking,0
d05d232a-8a2d-47a0-9e3a-2471d7649639,2026-07-31T00:03:18.584976+00:00,ORIG-81233,RCVR-99546,982.61,Pine Valley Foods,Cedar Utilities,MA,MA,1926,Direct deposit,CCD,Online banking,0
b615a506-1d1a-4297-a269-98058fa9c74c,2026-07-26T09:16:18.584976+00:00,ORIG-79514,RCVR-76219,645.55,Northstar Services,Brightline Supply,OH,TX,2279,Tax payment,WEB,Online banking,0
0f63ce0c-a2e1-490a-87a5-01ad4c182a71,2026-07-26T18:47:18.584976+00:00,ORIG-89966,RCVR-18064,190.62,Harbor Manufacturing,Avery Johnson,FL,NY,3495,Bill payment,PPD,Online banking,0
ba145495-78dd-4831-8dea-7d9d6081482d,2026-08-01T04:19:18.584976+00:00,ORIG-78971,RCVR-43779,338.97,Harbor Manufacturing,Avery Johnson,MA,GA,581,Payroll,PPD,Online banking,0
aa9f0395-f0c0-4088-b906-01ce86a85145,2026-06-27T06:04:18.584976+00:00,ORIG-26223,RCVR-81352,279.6,Northstar Services,Brightline Supply,NY,WA,2782,Vendor payment,CCD,Online banking,0
b5155013-1a9e-4fdc-b839-c59e20b2c237,2026-07-14T23:45:18.584976+00:00,ORIG-63300,RCVR-14555,1613.43,Northstar Services,Avery Johnson,GA,CA,2070,Direct deposit,CCD,Branch initiated,0
de3fb908-910e-416b-a6cf-5374346816f9,2026-08-12T04:16:18.584976+00:00,ORIG-82423,RCVR-78743,787.7,Northstar Services,Avery Johnson,OH,NC,110,Payroll,WEB,Online banking,0
47f7cd61-c21b-40a3-9339-ce4d3aa9bef2,2026-07-14T01:51:18.584976+00:00,ORIG-78664,RCVR-11719,223.94,Pine Valley Foods,Maple Consulting,FL,TX,2039,Bill payment,WEB,Online banking,0
85f81fdb-3c9d-498b-b0f9-addb147f8a47,2026-06-27T14:20:18.584976+00:00,ORIG-10402,RCVR-91403,178.14,Pine Valley Foods,Maple Consulting,WA,NC,550,Payroll,PPD,Online banking,0
ca57a79e-b904-4a47-9ffb-3a2319a5dbe9,2026-08-14T09:34:18.584976+00:00,ORIG-85370,RCVR-47596,224.76,Northstar Services,Cedar Utilities,OH,VA,1957,Bill payment,PPD,API,0
7036e83e-77da-47c2-bb85-dc1eafad5d5f,2026-07-14T18:46:18.584976+00:00,ORIG-38257,RCVR-89504,254.38,Pine Valley Foods,Avery Johnson,WA,FL,1385,Direct deposit,PPD,Online banking,0
8862fa58-015f-4bc8-861e-7a42121daf6a,2026-08-17T12:47:18.584976+00:00,ORIG-27046,RCVR-78115,1271.03,Summit Health,Avery Johnson,WA,IL,3188,Bill payment,PPD,API,0
386733f0-2a60-4a18-aa9f-d0b5435de2a5,2026-07-15T20:30:18.584976+00:00,ORIG-78070,RCVR-22580,217.87,Northstar Services,Brightline Supply,WA,CA,174,Vendor payment,PPD,API,0
d0e0a728-675e-44f1-bfa0-b5922b7aa436,2026-08-02T08:37:18.584976+00:00,ORIG-21584,RCVR-13574,521.42,Summit Health,Brightline Supply,NC,TX,3054,Vendor payment,PPD,Branch initiated,0
0d01a21d-3426-453b-b3b9-8fcef9c6056a,2026-07-31T22:56:18.584976+00:00,ORIG-16822,RCVR-66333,483.05,Pine Valley Foods,Maple Consulting,MA,MA,3473,Direct deposit,CCD,File upload,0
48e8586f-25da-4c50-8d86-fc43871eba4c,2026-06-23T05:18:18.584976+00:00,ORIG-78746,RCVR-44574,198.3,Harbor Manufacturing,Avery Johnson,TX,GA,2273,Payroll,WEB,Branch initiated,0
e746afe0-c0ca-42cf-98cb-5843f57fbb87,2026-08-03T04:31:18.584976+00:00,ORIG-97439,RCVR-82127,188.27,Pine Valley Foods,Maple Consulting,GA,NY,1535,Tax payment,WEB,Online banking,0
ae44616c-8042-41d4-8a36-fc6e1168ef78,2026-08-11T12:37:18.584976+00:00,ORIG-12366,RCVR-89387,183.49,Northstar Services,Cedar Utilities,NY,WA,2353,Vendor payment,PPD,File upload,0
fe572eba-62dd-49e3-9464-634543327fd7,2026-07-10T14:39:18.584976+00:00,ORIG-62803,RCVR-88361,1612.32,Summit Health,Maple Consulting,TX,FL,3402,Tax payment,WEB,API,0
b265e521-4c1f-4a3b-9e43-9873a9ccbca0,2026-06-27T05:05:18.584976+00:00,ORIG-69795,RCVR-21751,433.37,Harbor Manufacturing,Brightline Supply,VA,VA,1575,Tax payment,PPD,Online banking,0
1d98e14f-6606-43f0-9240-a94834055661,2026-06-30T09:28:18.584976+00:00,ORIG-50579,RCVR-84643,79.54,Pine Valley Foods,Brightline Supply,CA,OH,3181,Direct deposit,CCD,API,0
73ac530f-c4c4-408d-ad85-1abbbaf7c26d,2026-08-15T20:49:18.584976+00:00,ORIG-83126,RCVR-71994,562.51,Pine Valley Foods,Maple Consulting,WA,CA,1712,Payroll,WEB,Online banking,0
aa0f4adf-f895-4ef3-843f-d08ba3dd09c4,2026-08-01T04:49:18.584976+00:00,ORIG-78156,RCVR-89525,699.66,Pine Valley Foods,Cedar Utilities,WA,GA,1483,Vendor payment,WEB,Online banking,0
ed5fa7cb-b754-45f6-b02b-a0b46794ed45,2026-06-30T18:37:18.584976+00:00,ORIG-55178,RCVR-63408,1330.42,Northstar Services,Brightline Supply,IL,CA,1780,Bill payment,PPD,API,0
3e3f43ac-70cc-4ec1-84db-5a5f2b5f3bc4,2026-08-07T10:49:18.584976+00:00,ORIG-98677,RCVR-29216,125.98,Summit Health,Cedar Utilities,MA,OH,2348,Direct deposit,CCD,Online banking,0
4ad14493-fbd4-4522-a6b1-07233712fd1d,2026-08-14T05:26:18.584976+00:00,ORIG-83635,RCVR-73167,815.74,Summit Health,Avery Johnson,GA,CA,598,Vendor payment,WEB,Online banking,0
d7cabf31-cbee-4c16-a6bd-06944ccd26c6,2026-07-21T04:37:18.584976+00:00,ORIG-35171,RCVR-45002,78.39,Summit Health,Brightline Supply,CO,IL,1274,Tax payment,CCD,API,0
aecce33a-65e0-4007-bf73-06fb7ba7cc4a,2026-08-17T03:52:18.584976+00:00,ORIG-39325,RCVR-10128,1626.2,Northstar Services,Maple Consulting,FL,NY,1596,Payroll,PPD,Online banking,0
0e5f335d-9f22-432c-ba61-211d6eb1a435,2026-07-16T14:39:18.584976+00:00,ORIG-97597,RCVR-35340,442.41,Harbor Manufacturing,Avery Johnson,CO,CO,1145,Payroll,CCD,API,0
c92ccd54-a75f-4f7b-b578-7e2d6ab04aab,2026-08-14T04:39:18.584976+00:00,ORIG-69393,RCVR-63449,658.55,Pine Valley Foods,Brightline Supply,MA,CA,208,Bill payment,PPD,API,0
9658074e-3c69-421c-b33b-2bf250eca1ff,2026-07-27T06:23:18.584976+00:00,ORIG-68024,RCVR-88490,215.93,Harbor Manufacturing,Maple Consulting,NY,NY,115,Vendor payment,TEL,File upload,1
0d33fd4e-9695-4062-b773-8601f25d50c3,2026-07-14T09:13:18.584976+00:00,ORIG-55160,RCVR-12550,2129.7,Northstar Services,Maple Consulting,TX,FL,1576,Payroll,PPD,API,0
21ba8cd9-b717-4372-9b85-5f4cec9e0ce6,2026-06-27T01:50:18.584976+00:00,ORIG-62072,RCVR-78679,377.98,Harbor Manufacturing,Avery Johnson,IL,CA,545,Bill payment,CCD,File upload,0
4684feb1-d752-48d6-b78d-32b2a74a7210,2026-08-05T06:23:18.584976+00:00,ORIG-71235,RCVR-81393,745.8,Northstar Services,Maple Consulting,NC,CO,418,Payroll,WEB,Online banking,0
b85122ce-385a-45ed-b1c0-54c7301d9e04,2026-07-17T06:43:18.584976+00:00,ORIG-77278,RCVR-97770,368.16,Harbor Manufacturing,Brightline Supply,NC,GA,1414,Direct deposit,PPD,Online banking,0
5034d93c-32aa-4f3a-b109-7f3d3604de68,2026-07-11T02:55:18.584976+00:00,ORIG-48892,RCVR-50251,572.36,Harbor Manufacturing,Avery Johnson,VA,OH,2372,Bill payment,PPD,Online banking,0
9b374e2f-c107-4494-a9eb-6e8b1412a166,2026-07-15T20:18:18.584976+00:00,ORIG-66512,RCVR-46096,263.38,Harbor Manufacturing,Avery Johnson,CA,CO,1026,Payroll,CCD,API,0
f2fe4a46-9670-4d3f-b61f-9057e8bdecb0,2026-08-10T23:56:18.584976+00:00,ORIG-75491,RCVR-97461,1752.46,Pine Valley Foods,Brightline Supply,NY,WA,3363,Tax payment,WEB,File upload,0
50b69d81-39f4-4e1f-9096-9b60ae4c7f87,2026-08-11T12:55:18.584976+00:00,ORIG-65032,RCVR-32494,1297.55,Harbor Manufacturing,Maple Consulting,IL,OH,1795,Vendor payment,CCD,File upload,0
d693462b-d0f0-4398-8d86-c36c20e672f5,2026-07-30T18:28:18.584976+00:00,ORIG-25071,RCVR-77541,337.61,Pine Valley Foods,Cedar Utilities,OH,GA,2346,Direct deposit,WEB,Online banking,0
d3a1693a-700d-4bf3-a7ed-ff500a5ed6f5,2026-06-28T06:38:18.584976+00:00,ORIG-62793,RCVR-99226,391.62,Northstar Services,Maple Consulting,VA,NC,3528,Direct deposit,PPD,Branch initiated,0
00180d55-8e52-45df-a5c3-b092b5491709,2026-07-04T16:17:18.584976+00:00,ORIG-57852,RCVR-10295,133.12,Summit Health,Brightline Supply,FL,CA,1345,Vendor payment,PPD,Branch initiated,0
74c06e81-4fa0-4eb5-9f8a-2c1bc963b0ae,2026-07-18T12:51:18.584976+00:00,ORIG-68626,RCVR-23749,1999.67,Harbor Manufacturing,Maple Consulting,MA,OH,134,Vendor payment,PPD,Branch initiated,1
56fe83de-abe3-4896-858d-13d2fd52cd21,2026-08-08T05:23:18.584976+00:00,ORIG-87879,RCVR-15168,320.39,Harbor Manufacturing,Brightline Supply,NC,NY,1184,Tax payment,PPD,Branch initiated,0
57ddefb9-fc3c-4d2a-af00-f1722bf3c237,2026-08-09T07:19:18.584976+00:00,ORIG-14444,RCVR-89320,665.08,Pine Valley Foods,Maple Consulting,CA,MA,1197,Vendor payment,CCD,File upload,0
e56975c0-5b4f-4f58-bfdd-ebe9059d26c8,2026-07-21T02:43:18.584976+00:00,ORIG-82553,RCVR-92511,242.73,Northstar Services,Avery Johnson,TX,OH,2237,Tax payment,CCD,Branch initiated,0
9ae14793-0341-4348-a2c2-d384e06a8049,2026-08-17T14:16:18.584976+00:00,ORIG-56784,RCVR-33467,354.56,Pine Valley Foods,Maple Consulting,NY,CO,2210,Vendor payment,PPD,Branch initiated,0
6758e9f5-3aab-4006-af7a-100d8a74d8de,2026-07-10T17:03:18.584976+00:00,ORIG-18320,RCVR-92289,533.77,Summit Health,Maple Consulting,CO,TX,2221,Vendor payment,WEB,API,0
9468bc3b-b293-42ce-9adb-8e980a278e32,2026-07-12T03:00:18.584976+00:00,ORIG-26972,RCVR-51958,528.72,Pine Valley Foods,Maple Consulting,WA,FL,2149,Payroll,CCD,API,0
b8ce5a88-b45c-4835-a825-b2371ee00a3c,2026-06-24T22:42:18.584976+00:00,ORIG-45301,RCVR-13918,269.71,Harbor Manufacturing,Maple Consulting,MA,CA,2810,Direct deposit,WEB,Online banking,0
c6b4b5b2-ffb9-435d-a570-33e40dc41189,2026-08-09T11:47:18.584976+00:00,ORIG-54909,RCVR-59090,171.17,Harbor Manufacturing,Cedar Utilities,OH,FL,1888,Tax payment,CCD,Online banking,0
3fcb76e7-ff8f-4b51-9a77-5accc2fe5db3,2026-07-19T17:17:18.584976+00:00,ORIG-34338,RCVR-93663,998.22,Pine Valley Foods,Brightline Supply,TX,IL,3470,Bill payment,CCD,File upload,0
7f9249b6-2844-4d5a-a778-41f6206f3296,2026-07-31T15:05:18.584976+00:00,ORIG-85051,RCVR-23513,569.97,Harbor Manufacturing,Maple Consulting,GA,OH,2185,Bill payment,WEB,Branch initiated,0
3324d6c9-d67c-4776-956c-6f89dd800814,2026-07-07T20:41:18.584976+00:00,ORIG-31978,RCVR-85424,843.34,Pine Valley Foods,Maple Consulting,MA,NC,2847,Vendor payment,CCD,API,0
de7640b7-f9a6-4a85-8aee-91ab5897a2b1,2026-07-18T04:05:18.584976+00:00,ORIG-83391,RCVR-61277,704.14,Harbor Manufacturing,Cedar Utilities,OH,CO,3484,Tax payment,CCD,Online banking,0
88d99959-f7f8-46b5-b116-fa8302cfdfde,2026-07-22T16:28:18.584976+00:00,ORIG-44302,RCVR-39387,208.45,Northstar Services,Brightline Supply,VA,IL,3597,Tax payment,WEB,Online banking,0
35d20a71-3219-484b-99b2-d84938f930c7,2026-08-10T13:12:18.584976+00:00,ORIG-31602,RCVR-16145,466.06,Pine Valley Foods,Cedar Utilities,TX,NY,156,Payroll,CCD,Online banking,0
a5691078-0296-423f-8600-ad91c78d1958,2026-07-23T20:33:18.584976+00:00,ORIG-24093,RCVR-52830,88.9,Harbor Manufacturing,Brightline Supply,IL,NY,3350,Direct deposit,CCD,File upload,0
8ed29d17-995b-44ff-bf18-91db7282701b,2026-07-04T02:38:18.584976+00:00,ORIG-51591,RCVR-16002,120.3,Northstar Services,Cedar Utilities,NC,NY,358,Payroll,CCD,Online banking,0
7ee09440-7fd3-42b1-89e0-abf16e3844c0,2026-07-16T23:57:18.584976+00:00,ORIG-87559,RCVR-78645,914.98,Summit Health,Avery Johnson,CO,WA,3105,Direct deposit,PPD,Online banking,0
8e1b1bb2-219b-48f9-b41a-247eecedb487,2026-08-09T00:59:18.584976+00:00,ORIG-83112,RCVR-55654,941.94,Summit Health,Brightline Supply,OH,OH,3179,Direct deposit,CCD,Online banking,0
db807893-f37d-4618-8358-db041563eb16,2026-07-22T07:42:18.584976+00:00,ORIG-64462,RCVR-68953,295.53,Summit Health,Cedar Utilities,TX,OH,2020,Bill payment,WEB,Online banking,0
84be5406-d1bd-4a6e-ae26-45203b6cba76,2026-07-26T09:39:18.584976+00:00,ORIG-87112,RCVR-65307,233.3,Harbor Manufacturing,Cedar Utilities,MA,WA,1249,Tax payment,PPD,Branch initiated,0
205ede59-c1e3-4a78-8bbe-7cee81536afd,2026-07-12T21:16:18.584976+00:00,ORIG-10820,RCVR-15164,748.79,Northstar Services,Brightline Supply,CA,FL,942,Tax payment,WEB,File upload,0
37471cbe-83ba-4faa-8363-3802ccde0784,2026-08-14T05:33:18.584976+00:00,ORIG-25169,RCVR-52726,231.57,Harbor Manufacturing,Avery Johnson,FL,VA,1970,Payroll,WEB,Online banking,0
21cbbca2-26f1-4b00-aae1-e061b8fe8a14,2026-06-24T05:39:18.584976+00:00,ORIG-99390,RCVR-23155,226.38,Harbor Manufacturing,Cedar Utilities,WA,FL,2528,Direct deposit,CCD,API,0
98b19ab5-4563-47d6-9097-632a6b63a026,2026-07-07T04:41:18.584976+00:00,ORIG-65452,RCVR-68851,501.0,Summit Health,Cedar Utilities,WA,GA,28,Vendor payment,CCD,File upload,0
6e750313-cb32-4529-a2f6-872604601778,2026-08-05T14:07:18.584976+00:00,ORIG-19121,RCVR-78921,1618.08,Pine Valley Foods,Brightline Supply,IL,GA,435,Vendor payment,PPD,File upload,0
09ab69d8-61b2-4fb5-8234-2235631d845c,2026-08-09T08:35:18.584976+00:00,ORIG-10928,RCVR-92170,1132.76,Harbor Manufacturing,Avery Johnson,FL,VA,1703,Bill payment,CCD,Online banking,0
ff7bce68-7be0-4b27-8cf2-2138263aeea5,2026-07-01T12:59:18.584976+00:00,ORIG-31634,RCVR-71821,522.27,Summit Health,Avery Johnson,CA,OH,742,Bill payment,CCD,API,0
511b849c-4b89-4067-b060-b405096723f7,2026-07-28T03:45:18.584976+00:00,ORIG-92278,RCVR-44816,129.66,Summit Health,Brightline Supply,MA,OH,135,Bill payment,PPD,API,0
2e0651c6-a075-4144-a096-901b79ac1936,2026-07-05T08:20:18.584976+00:00,ORIG-69450,RCVR-60123,296.8,Pine Valley Foods,Avery Johnson,VA,WA,746,Direct deposit,PPD,API,0
c11ca169-df52-4089-905a-de556697cf33,2026-08-04T20:59:18.584976+00:00,ORIG-35994,RCVR-68051,307.71,Pine Valley Foods,Brightline Supply,VA,GA,2363,Tax payment,WEB,Online banking,0
0ada4aa0-9504-44a2-ab97-f3e52c5269a1,2026-07-14T08:35:18.584976+00:00,ORIG-65980,RCVR-52854,189.59,Northstar Services,Cedar Utilities,CO,WA,970,Vendor payment,CCD,API,0
4e313039-c772-4be3-8f4a-5fc70e360239,2026-07-29T14:19:18.584976+00:00,ORIG-51969,RCVR-82868,328.05,Harbor Manufacturing,Cedar Utilities,OH,GA,2642,Direct deposit,WEB,File upload,0
ce47d8e9-a032-4899-bb61-ab0df98a10b0,2026-07-06T23:17:18.584976+00:00,ORIG-42392,RCVR-12563,1228.01,Harbor Manufacturing,Cedar Utilities,NC,IL,3176,Direct deposit,WEB,File upload,0
d5d37be5-a765-4817-93c5-fafeb8996812,2026-08-10T06:01:18.584976+00:00,ORIG-86318,RCVR-67513,474.98,Northstar Services,Brightline Supply,NY,TX,665,Payroll,CCD,Online banking,0
06ca2394-7d12-4b9a-b5b4-d5349b032811,2026-06-27T14:43:18.584976+00:00,ORIG-24747,RCVR-38080,1329.24,Summit Health,Cedar Utilities,OH,NY,537,Vendor payment,PPD,File upload,0
d64d94ee-3ec9-4484-a420-aec09c638519,2026-08-11T21:11:18.584976+00:00,ORIG-17115,RCVR-81824,778.29,Pine Valley Foods,Brightline Supply,MA,NC,3323,Direct deposit,WEB,API,0
bf167528-eb34-4f55-9dcb-aad15601f15c,2026-06-30T01:39:18.584976+00:00,ORIG-58784,RCVR-97470,194.75,Harbor Manufacturing,Brightline Supply,VA,GA,251,Payroll,PPD,Online banking,0
8d58db8e-f923-43b2-a52d-81339fd9a97a,2026-07-24T08:31:18.584976+00:00,ORIG-20749,RCVR-85060,373.02,Harbor Manufacturing,Avery Johnson,NC,VA,3572,Vendor payment,PPD,File upload,0
800baf8b-158d-4dd0-8d63-2435baed6864,2026-06-29T22:10:18.584976+00:00,ORIG-29557,RCVR-94267,509.04,Pine Valley Foods,Cedar Utilities,CO,CA,816,Direct deposit,CCD,API,0
9aa83ef5-8d30-43f9-a23c-de579b5d2ca7,2026-07-05T07:21:18.584976+00:00,ORIG-10643,RCVR-85569,403.25,Summit Health,Maple Consulting,TX,GA,473,Vendor payment,CCD,Online banking,0
9867a436-6399-477b-ba9e-859476d87864,2026-08-07T02:46:18.584976+00:00,ORIG-30631,RCVR-25476,355.44,Summit Health,Maple Consulting,CO,GA,221,Payroll,WEB,File upload,0
1a99175b-4f1a-4c2a-b410-1826a1d1c324,2026-08-12T17:32:18.584976+00:00,ORIG-23697,RCVR-26974,314.65,Pine Valley Foods,Avery Johnson,NC,NC,2712,Tax payment,CCD,Branch initiated,0
32a7519a-04e8-4010-9b16-6807acfceb1d,2026-08-02T20:03:18.584976+00:00,ORIG-38061,RCVR-14852,353.15,Harbor Manufacturing,Brightline Supply,WA,WA,2198,Payroll,WEB,Online banking,0
0c4d57a5-04df-4693-9368-54ecb1584677,2026-06-22T15:10:18.584976+00:00,ORIG-23582,RCVR-29612,196.68,Harbor Manufacturing,Brightline Supply,IL,OH,3237,Tax payment,WEB,Online banking,0
0c6e1fac-0185-4b05-9ffd-fd5070c9aec2,2026-07-04T02:00:18.584976+00:00,ORIG-85553,RCVR-97152,214.62,Harbor Manufacturing,Brightline Supply,MA,CA,529,Payroll,WEB,Online banking,0
a3754f75-ff3e-464c-806d-55c9662d22de,2026-07-18T11:21:18.584976+00:00,ORIG-59872,RCVR-18653,767.89,Northstar Services,Brightline Supply,MA,WA,1416,Vendor payment,WEB,API,0
750d1c8d-8a02-4a83-9027-32d124a9e71f,2026-08-19T07:09:18.584976+00:00,ORIG-25551,RCVR-28596,346.25,Harbor Manufacturing,Brightline Supply,GA,NY,1339,Tax payment,CCD,Online banking,0
8d327d6b-8804-470a-8c5b-00f806fb117a,2026-08-08T23:45:18.584976+00:00,ORIG-19823,RCVR-30469,345.04,Northstar Services,Brightline Supply,CA,IL,665,Direct deposit,PPD,API,0
0400c396-3581-4568-b24a-212b8b1649f8,2026-07-26T13:20:18.584976+00:00,ORIG-18063,RCVR-68079,319.88,Northstar Services,Maple Consulting,TX,TX,1690,Vendor payment,PPD,Online banking,0
756e5a0a-10e8-415e-ba85-4a7427338496,2026-07-26T05:45:18.584976+00:00,ORIG-51869,RCVR-44217,117.27,Pine Valley Foods,Avery Johnson,CO,MA,1171,Payroll,PPD,Online banking,0
e657f839-a954-46e7-88d6-a6b0f0b58255,2026-08-19T07:39:18.584976+00:00,ORIG-83980,RCVR-93864,253.75,Summit Health,Cedar Utilities,NC,NY,2553,Payroll,CCD,Online banking,0
091eadf0-a34e-403b-ac09-7918a260f6cf,2026-07-20T04:11:18.584976+00:00,ORIG-42256,RCVR-42935,384.0,Summit Health,Avery Johnson,NC,FL,182,Tax payment,PPD,File upload,0
c00a1057-b95e-4b12-bee9-001d8834e0f2,2026-07-05T01:14:18.584976+00:00,ORIG-64076,RCVR-82593,368.68,Pine Valley Foods,Avery Johnson,GA,CA,370,Direct deposit,PPD,Online banking,0
89cb574a-b78a-4067-ad84-cfc8404d1e3c,2026-08-16T23:22:18.584976+00:00,ORIG-97843,RCVR-58004,658.47,Summit Health,Avery Johnson,OH,CO,802,Tax payment,PPD,Online banking,0
123171cb-04ba-4793-992d-cfa5f8f6a240,2026-08-11T14:23:18.584976+00:00,ORIG-40040,RCVR-53534,710.09,Northstar Services,Avery Johnson,NY,WA,2175,Bill payment,CCD,Online banking,0
39a15b68-5b2b-47a4-bfec-cf3f70351f0f,2026-07-15T09:19:18.584976+00:00,ORIG-13249,RCVR-12284,101.24,Summit Health,Brightline Supply,WA,GA,2772,Bill payment,CCD,Online banking,0
a5993505-967b-48e3-bfc1-fd2faaf1ba98,2026-07-12T18:15:18.584976+00:00,ORIG-36812,RCVR-25793,124.28,Northstar Services,Cedar Utilities,NY,CA,3574,Vendor payment,WEB,Online banking,0
235e4941-b09c-4881-acf0-6d081a1a8d03,2026-07-11T20:25:18.584976+00:00,ORIG-67253,RCVR-29518,507.99,Northstar Services,Cedar Utilities,NC,NC,3404,Vendor payment,WEB,File upload,0
f0ea6c8f-f59b-40dc-899b-f388cfe807b6,2026-08-19T03:01:18.584976+00:00,ORIG-64369,RCVR-65779,459.14,Northstar Services,Cedar Utilities,IL,NC,125,Direct deposit,PPD,Branch initiated,1
5caf0c87-6067-45d2-a48e-41487c3bcff1,2026-08-17T10:53:18.584976+00:00,ORIG-86751,RCVR-40926,1583.17,Northstar Services,Cedar Utilities,VA,IL,171,Payroll,WEB,File upload,1
4d812963-ad97-47d6-8617-789870789151,2026-08-17T00:05:18.584976+00:00,ORIG-14967,RCVR-87286,1005.16,Harbor Manufacturing,Maple Consulting,TX,OH,2484,Tax payment,CCD,API,0
296ba762-4da8-47dd-a5a0-a0c19f061955,2026-06-22T20:50:18.584976+00:00,ORIG-67542,RCVR-99804,286.65,Northstar Services,Maple Consulting,NY,TX,1200,Payroll,CCD,Branch initiated,0
1ff9a8d3-d41c-4af6-8994-8429c349e253,2026-08-11T18:57:18.584976+00:00,ORIG-16436,RCVR-73572,59.4,Summit Health,Cedar Utilities,NY,IL,3123,Bill payment,CCD,Online banking,0
71c85b69-d6ef-40ec-a465-2d12311d2691,2026-07-04T22:36:18.584976+00:00,ORIG-86397,RCVR-84509,709.07,Northstar Services,Maple Consulting,TX,IL,3620,Direct deposit,WEB,Online banking,0
164c2086-35e2-4fdb-b0a5-f5081905bd04,2026-08-01T08:14:18.584976+00:00,ORIG-80851,RCVR-32482,195.9,Northstar Services,Avery Johnson,OH,NY,2708,Payroll,WEB,File upload,0
bf1b6d52-955a-4cfe-bc5b-28993aaa69e2,2026-06-24T17:05:18.584976+00:00,ORIG-40829,RCVR-58414,374.99,Summit Health,Brightline Supply,OH,CO,3427,Tax payment,WEB,API,0
24e63c9f-10f2-46c9-a8cc-98c7628500ad,2026-07-25T11:28:18.584976+00:00,ORIG-19254,RCVR-81646,301.13,Summit Health,Cedar Utilities,OH,CA,3106,Payroll,CCD,Branch initiated,0
5a25c8e1-5042-421e-8a12-26cef4572382,2026-07-19T10:40:18.584976+00:00,ORIG-84853,RCVR-67718,1349.36,Harbor Manufacturing,Maple Consulting,WA,GA,254,Payroll,CCD,API,0
c5e2e9f2-32ec-4456-93ed-d4e8d82fc63b,2026-07-13T17:37:18.584976+00:00,ORIG-22281,RCVR-33570,453.28,Pine Valley Foods,Maple Consulting,NY,VA,1653,Payroll,WEB,API,0
f0e23624-d741-4ca0-9be3-12d8e3a14fc1,2026-08-06T11:41:18.584976+00:00,ORIG-87388,RCVR-45443,471.09,Pine Valley Foods,Maple Consulting,NY,VA,1899,Direct deposit,WEB,Branch initiated,0
39cfdf85-208c-4a21-828d-74df7e3f68f8,2026-07-08T10:09:18.584976+00:00,ORIG-15653,RCVR-87180,584.25,Harbor Manufacturing,Brightline Supply,CA,IL,3239,Payroll,WEB,Online banking,0
f38c9b3b-284d-45c5-a5a4-34e5da2f01fe,2026-07-19T13:49:18.584976+00:00,ORIG-94191,RCVR-42520,703.47,Pine Valley Foods,Maple Consulting,NY,OH,1367,Direct deposit,CCD,Online banking,0
b228cf60-4edd-4587-a0b9-daa2ccd4ac97,2026-07-09T23:04:18.584976+00:00,ORIG-94040,RCVR-62187,1925.95,Pine Valley Foods,Cedar Utilities,VA,VA,1729,Bill payment,WEB,Online banking,0
f841cec0-0acf-4d4f-a9f8-b3529a742752,2026-07-02T01:59:18.584976+00:00,ORIG-66270,RCVR-13358,410.65,Harbor Manufacturing,Maple Consulting,IL,TX,1820,Payroll,PPD,API,0
68f2442f-6ebc-4a96-bdb4-8c0a56f37fba,2026-08-11T13:12:18.584976+00:00,ORIG-86021,RCVR-41871,429.52,Summit Health,Cedar Utilities,FL,MA,2060,Tax payment,PPD,Online banking,0
e6b56c1b-3376-4a19-ba3c-f68476e9be38,2026-07-15T10:23:18.584976+00:00,ORIG-90488,RCVR-15385,1132.06,Summit Health,Brightline Supply,OH,GA,621,Tax payment,CCD,API,0
a1c6537c-258a-4e43-ace9-c2b0eb06733f,2026-08-14T15:36:18.584976+00:00,ORIG-21689,RCVR-49308,155.11,Northstar Services,Brightline Supply,TX,CO,2458,Vendor payment,PPD,File upload,0
ec163f5e-e479-4692-b788-45d152fc78e8,2026-08-11T00:38:18.584976+00:00,ORIG-63429,RCVR-10055,197.98,Harbor Manufacturing,Brightline Supply,NY,WA,388,Direct deposit,CCD,File upload,0
bfa87faf-7cc8-4bf3-8190-e45e3acef1d3,2026-08-18T20:34:18.584976+00:00,ORIG-49595,RCVR-74958,316.73,Pine Valley Foods,Cedar Utilities,MA,IL,793,Bill payment,CCD,Online banking,0
7f631ee9-c530-468e-b423-b1f98a8165f3,2026-06-30T05:22:18.584976+00:00,ORIG-73470,RCVR-18563,536.49,Pine Valley Foods,Cedar Utilities,CO,NY,2240,Payroll,WEB,API,0
5cb645c5-76e1-4f2d-aa52-2d86af1c0acf,2026-08-20T14:15:18.584976+00:00,ORIG-29065,RCVR-22700,355.88,Harbor Manufacturing,Avery Johnson,NY,OH,3474,Payroll,PPD,File upload,0
ef0145a3-9b60-4377-9cff-b42d7fb0ba22,2026-06-25T04:30:18.584976+00:00,ORIG-59352,RCVR-44737,743.85,Summit Health,Brightline Supply,NC,VA,2854,Tax payment,WEB,Online banking,0
8c2048fc-f188-4b06-ae1d-d9ef501d5d7a,2026-07-05T17:31:18.584976+00:00,ORIG-21835,RCVR-52903,124.94,Harbor Manufacturing,Cedar Utilities,IL,WA,741,Payroll,WEB,File upload,0
58e89916-3b09-4970-a038-4c88703f89c7,2026-07-18T23:10:18.584976+00:00,ORIG-15831,RCVR-56040,381.13,Northstar Services,Avery Johnson,NC,WA,2984,Payroll,PPD,File upload,0
5fc60882-4a04-439e-8e98-8b15c44ad366,2026-07-02T21:36:18.584976+00:00,ORIG-37150,RCVR-65213,271.8,Harbor Manufacturing,Brightline Supply,OH,NC,517,Payroll,WEB,API,0
2b8ebc5a-f19f-431c-988e-bafd08d150c2,2026-07-22T00:42:18.584976+00:00,ORIG-73636,RCVR-11006,570.95,Northstar Services,Avery Johnson,CA,NC,1235,Vendor payment,CCD,API,0
f6415c41-9b4c-46e3-8d30-a13bd411081e,2026-06-29T00:39:18.584976+00:00,ORIG-59327,RCVR-59157,347.29,Harbor Manufacturing,Maple Consulting,CA,IL,1340,Direct deposit,CCD,Online banking,0
17994971-d494-4233-89a9-16c9b0656b3a,2026-07-23T13:39:18.584976+00:00,ORIG-68077,RCVR-54553,682.45,Northstar Services,Maple Consulting,MA,NY,1308,Vendor payment,PPD,File upload,0
f1d0df94-69e9-4a78-b93f-8f435a0e581d,2026-06-26T10:57:18.584976+00:00,ORIG-58434,RCVR-43828,579.11,Summit Health,Maple Consulting,FL,GA,180,Bill payment,PPD,Online banking,1
b8f22063-11bd-4117-bc11-47f36c688105,2026-06-24T06:29:18.584976+00:00,ORIG-40002,RCVR-17038,235.69,Northstar Services,Maple Consulting,TX,MA,718,Vendor payment,CCD,Online banking,0
ae363f0a-3a7d-478e-bcd8-cf03cc873a5a,2026-07-10T17:14:18.584976+00:00,ORIG-96067,RCVR-72121,202.79,Harbor Manufacturing,Maple Consulting,NY,WA,277,Direct deposit,PPD,Online banking,0
3227bc6a-6916-442d-b6cc-42337fcba73e,2026-08-04T18:05:18.584976+00:00,ORIG-58825,RCVR-75976,1240.84,Harbor Manufacturing,Maple Consulting,CO,CO,445,Direct deposit,WEB,API,0
ed6f2daa-d89d-4e84-9b74-e53d021c5754,2026-07-15T19:13:18.584976+00:00,ORIG-26757,RCVR-35674,945.96,Northstar Services,Brightline Supply,NY,OH,1469,Direct deposit,PPD,Branch initiated,0
4ca6a3a7-5efc-40f9-8cce-965877e2cee2,2026-07-26T23:40:18.584976+00:00,ORIG-44487,RCVR-31510,242.15,Summit Health,Avery Johnson,WA,NC,676,Payroll,PPD,API,0
415fa3f9-1cb4-41fa-a4f4-7d03583fa1a0,2026-07-31T00:38:18.584976+00:00,ORIG-39881,RCVR-66371,1105.38,Harbor Manufacturing,Maple Consulting,NY,MA,1891,Tax payment,CCD,Branch initiated,0
bd7c4aaf-7791-4612-9790-1efc8f45b9d8,2026-06-24T00:05:18.584976+00:00,ORIG-32915,RCVR-50601,832.02,Pine Valley Foods,Avery Johnson,IL,OH,954,Tax payment,CCD,File upload,0
5d9184b3-0d51-4380-88fc-fb22aca0c153,2026-07-18T21:37:18.584976+00:00,ORIG-14120,RCVR-98581,271.62,Summit Health,Cedar Utilities,IL,CA,2673,Direct deposit,CCD,File upload,0
b2b3017a-5132-4424-9382-5f72dd561aed,2026-08-02T22:32:18.584976+00:00,ORIG-28342,RCVR-35368,222.18,Pine Valley Foods,Maple Consulting,CO,CO,3136,Direct deposit,WEB,Branch initiated,0
7b56b474-90d6-4231-8c48-a4a934240c5e,2026-08-13T03:05:18.584976+00:00,ORIG-41836,RCVR-97097,397.73,Harbor Manufacturing,Brightline Supply,NC,GA,3555,Tax payment,WEB,Online banking,0
ae796ea7-570e-40a7-928a-23013d65b643,2026-08-05T09:43:18.584976+00:00,ORIG-11653,RCVR-95859,504.74,Northstar Services,Avery Johnson,NY,MA,1013,Payroll,CCD,Online banking,0
cb3c4213-ed9d-4771-94cb-42b08e1e706b,2026-06-24T00:33:18.584976+00:00,ORIG-40086,RCVR-52598,496.34,Pine Valley Foods,Cedar Utilities,NC,TX,3474,Vendor payment,CCD,Online banking,0
a682172a-c5aa-48a9-ac52-a4c9aa533fbb,2026-06-24T02:40:18.584976+00:00,ORIG-61948,RCVR-67742,411.4,Summit Health,Cedar Utilities,OH,CO,1742,Bill payment,PPD,Online banking,0
e6cbd90a-deca-44e0-bf16-5693625e2b05,2026-07-28T16:45:18.584976+00:00,ORIG-44326,RCVR-66032,640.28,Northstar Services,Brightline Supply,MA,IL,2539,Vendor payment,CCD,File upload,0
2c697c10-0e9d-4838-967f-7d1e6b010891,2026-07-01T13:35:18.584976+00:00,ORIG-95316,RCVR-97755,498.11,Harbor Manufacturing,Brightline Supply,VA,VA,2200,Direct deposit,WEB,API,0
de7f2379-bbac-454c-9a85-f56576303eda,2026-07-28T14:25:18.584976+00:00,ORIG-91539,RCVR-84435,484.58,Summit Health,Brightline Supply,WA,NC,1290,Direct deposit,WEB,File upload,0
a6fcdb61-b7cf-4197-a164-1927ff4da2e1,2026-07-08T05:20:18.584976+00:00,ORIG-28026,RCVR-43265,839.67,Summit Health,Brightline Supply,NY,VA,3064,Direct deposit,WEB,Online banking,0
eee26407-a664-4eb2-8c85-007cd5ce4fac,2026-07-27T11:27:18.584976+00:00,ORIG-95026,RCVR-39672,418.32,Summit Health,Brightline Supply,GA,OH,3247,Payroll,PPD,Branch initiated,0
d1d15952-2c14-49aa-8f35-bb92d5da0756,2026-06-23T01:07:18.584976+00:00,ORIG-61366,RCVR-30593,422.12,Pine Valley Foods,Brightline Supply,NY,CA,204,Tax payment,WEB,Branch initiated,0
4cbb4d96-ed6d-4ecb-8028-b79c43a070a3,2026-08-05T13:57:18.584976+00:00,ORIG-11953,RCVR-34263,602.81,Pine Valley Foods,Brightline Supply,CA,CO,1779,Direct deposit,PPD,Online banking,0
98965862-9480-4c12-8f9e-1fdaf258b93d,2026-08-18T03:22:18.584976+00:00,ORIG-98011,RCVR-83152,137.52,Summit Health,Maple Consulting,VA,TX,3351,Bill payment,PPD,Online banking,0
8ade693c-e8b5-4c66-8638-567801c99cea,2026-08-12T09:27:18.584976+00:00,ORIG-82487,RCVR-47927,492.01,Harbor Manufacturing,Brightline Supply,WA,GA,2092,Payroll,CCD,Online banking,0
f6427223-7bc1-4d51-9a8c-2f91ac127a7b,2026-07-01T18:15:18.584976+00:00,ORIG-50544,RCVR-63564,832.29,Harbor Manufacturing,Avery Johnson,GA,MA,749,Payroll,CCD,File upload,0
8d3ec86e-eaf7-4c15-96cd-cb1d8053cb03,2026-07-26T11:06:18.584976+00:00,ORIG-59701,RCVR-67348,586.99,Northstar Services,Cedar Utilities,WA,TX,378,Payroll,PPD,Branch initiated,0
7c4a4464-0e5f-42a6-a2aa-127e3d10777e,2026-07-16T01:59:18.584976+00:00,ORIG-21835,RCVR-39464,957.13,Harbor Manufacturing,Avery Johnson,IL,CO,413,Direct deposit,WEB,File upload,0
a9972e15-7959-452b-ad11-4cd74417ad7b,2026-06-28T00:22:18.584976+00:00,ORIG-15499,RCVR-78523,1745.62,Northstar Services,Cedar Utilities,TX,NY,1762,Direct deposit,WEB,Online banking,0
4d9e957c-e75d-47bb-a4f3-4d7330ac6daa,2026-07-01T10:20:18.584976+00:00,ORIG-84379,RCVR-84003,309.38,Summit Health,Brightline Supply,OH,WA,65,Tax payment,PPD,API,0
857217e0-d9a8-4f3a-b308-357c5553b486,2026-07-01T01:26:18.584976+00:00,ORIG-25507,RCVR-71928,305.51,Summit Health,Avery Johnson,VA,TX,2424,Direct deposit,PPD,Online banking,0
272c64a0-28c2-4082-bc4a-d1516c07a006,2026-08-13T19:06:18.584976+00:00,ORIG-87948,RCVR-41030,120.57,Pine Valley Foods,Avery Johnson,NC,CA,2586,Tax payment,WEB,API,0
d6676eaa-ac60-448e-aa07-32dfe8328811,2026-08-03T20:28:18.584976+00:00,ORIG-82521,RCVR-10766,280.11,Harbor Manufacturing,Brightline Supply,IL,CO,484,Direct deposit,CCD,API,0
3a82a343-7069-4e4c-8e35-9d5e2661bf00,2026-08-12T15:24:18.584976+00:00,ORIG-48901,RCVR-60475,1053.91,Pine Valley Foods,Avery Johnson,FL,NY,1150,Payroll,WEB,File upload,0
bd98d135-f194-442b-a550-28e3aeb4f5a3,2026-07-15T04:31:18.584976+00:00,ORIG-33203,RCVR-31327,240.54,Pine Valley Foods,Maple Consulting,NC,IL,1842,Payroll,WEB,File upload,0
77e0ef15-7125-4684-8ec7-2397aa992420,2026-07-27T19:02:18.584976+00:00,ORIG-27287,RCVR-23793,151.08,Harbor Manufacturing,Cedar Utilities,MA,IL,187,Bill payment,CCD,File upload,0
93048b64-2e17-48dc-9de2-e298c1fce430,2026-08-09T08:19:18.584976+00:00,ORIG-26558,RCVR-58125,1970.92,Summit Health,Avery Johnson,TX,FL,103,Vendor payment,WEB,API,1
f845b7da-d50b-4af4-83ba-30953167a3be,2026-08-16T01:03:18.584976+00:00,ORIG-46496,RCVR-71604,1616.08,Pine Valley Foods,Brightline Supply,GA,FL,3636,Bill payment,PPD,Online banking,0
32b6a168-9e34-4287-bed7-a1e009f05d7f,2026-07-07T15:56:18.584976+00:00,ORIG-31091,RCVR-44316,889.27,Summit Health,Brightline Supply,OH,FL,3165,Bill payment,PPD,API,0
4810dde8-7077-41e9-a15a-e837a2014e25,2026-08-15T11:46:18.584976+00:00,ORIG-17733,RCVR-21988,209.76,Northstar Services,Cedar Utilities,OH,VA,333,Payroll,WEB,Online banking,0
46ed0e1c-59ed-4e6f-a3c8-a1368adad994,2026-07-11T18:00:18.584976+00:00,ORIG-36163,RCVR-15747,153.09,Northstar Services,Maple Consulting,TX,FL,1287,Payroll,PPD,Branch initiated,0
83daf504-47a1-4652-a1c4-fb856dffc624,2026-07-28T12:18:18.584976+00:00,ORIG-76083,RCVR-85235,561.97,Harbor Manufacturing,Cedar Utilities,VA,CO,2647,Vendor payment,WEB,API,0
347ea6af-407c-4e71-b09a-61bb889a1d27,2026-07-14T05:49:18.584976+00:00,ORIG-64018,RCVR-55169,235.41,Pine Valley Foods,Cedar Utilities,TX,GA,475,Direct deposit,WEB,Online banking,0
73a849e7-8531-4216-b527-8d0be273c38c,2026-06-25T00:26:18.584976+00:00,ORIG-72145,RCVR-36500,80.81,Harbor Manufacturing,Avery Johnson,OH,FL,3170,Payroll,PPD,Online banking,0
45649fb4-70d3-4b95-8009-004bee390b4e,2026-08-16T17:17:18.584976+00:00,ORIG-90055,RCVR-62858,723.65,Pine Valley Foods,Brightline Supply,OH,VA,1050,Tax payment,PPD,Online banking,0
846b08d5-526e-45e9-a0de-2375c54da751,2026-08-07T01:46:18.584976+00:00,ORIG-45783,RCVR-81522,714.54,Summit Health,Avery Johnson,CA,NC,2411,Tax payment,PPD,Branch initiated,0
54787a27-fc7c-42fd-887f-901fe235c829,2026-07-28T23:21:18.584976+00:00,ORIG-35589,RCVR-81717,297.85,Harbor Manufacturing,Brightline Supply,OH,OH,3269,Bill payment,CCD,Branch initiated,0
34c3ec70-816a-4fb7-ab4c-b8c4619c3ea9,2026-07-02T16:24:18.584976+00:00,ORIG-68394,RCVR-68239,314.59,Harbor Manufacturing,Avery Johnson,MA,CA,1376,Bill payment,PPD,Online banking,0
7533de29-9b04-4ea7-96eb-ab5dc2da44e8,2026-07-15T17:04:18.584976+00:00,ORIG-11275,RCVR-87865,868.14,Northstar Services,Cedar Utilities,TX,FL,176,Direct deposit,WEB,API,0
153536dc-ae3c-45b8-9a02-e6641b0f4e00,2026-08-18T08:17:18.584976+00:00,ORIG-40614,RCVR-23071,365.97,Northstar Services,Avery Johnson,TX,CO,1590,Payroll,WEB,Branch initiated,0
9fcc53f2-7d57-4e97-8b7c-728c7a3d7c31,2026-08-19T02:45:18.584976+00:00,ORIG-68351,RCVR-99388,540.23,Summit Health,Avery Johnson,IL,WA,2598,Payroll,CCD,File upload,0
5e4a6a1d-974e-4d76-8561-42ea73a4850c,2026-07-18T02:07:18.584976+00:00,ORIG-20899,RCVR-99468,1840.37,Pine Valley Foods,Avery Johnson,MA,IL,748,Direct deposit,CCD,File upload,0
570f1f7a-371e-4993-b914-824d4eca3ebf,2026-06-30T08:16:18.584976+00:00,ORIG-30697,RCVR-64746,284.18,Northstar Services,Avery Johnson,CA,CA,3536,Vendor payment,CCD,Branch initiated,0
c87fcbab-8fe0-4e0d-bc30-51e295bd6a07,2026-06-22T06:19:18.584976+00:00,ORIG-67691,RCVR-93062,371.17,Harbor Manufacturing,Avery Johnson,TX,IL,3421,Direct deposit,PPD,File upload,0
6aea12d9-9767-42df-8e60-32e51a155d1d,2026-08-03T10:39:18.584976+00:00,ORIG-82187,RCVR-16490,3427.32,Harbor Manufacturing,Cedar Utilities,NY,TX,2731,Payroll,PPD,Online banking,0
024c6d96-df83-4008-a3d4-7efc6aa65261,2026-07-16T02:40:18.584976+00:00,ORIG-38341,RCVR-49854,721.07,Northstar Services,Brightline Supply,VA,TX,14,Bill payment,CCD,Online banking,0
42791e5d-4102-4d0a-b3ba-56836a2029b2,2026-08-17T23:49:18.584976+00:00,ORIG-76385,RCVR-90160,183.73,Harbor Manufacturing,Avery Johnson,NC,CA,2514,Payroll,PPD,Branch initiated,0
ca5719d2-c91d-4512-a3e5-b13257fda802,2026-07-21T04:42:18.584976+00:00,ORIG-81492,RCVR-57077,325.35,Harbor Manufacturing,Brightline Supply,TX,FL,1590,Payroll,PPD,Online banking,0
bddf2910-3e0b-4203-93c1-4f64858bd86a,2026-07-07T12:50:18.584976+00:00,ORIG-94426,RCVR-12519,430.94,Summit Health,Maple Consulting,TX,CA,1586,Direct deposit,CCD,Online banking,0
3343326b-95d1-4524-8a23-19664c034425,2026-07-29T20:37:18.584976+00:00,ORIG-99157,RCVR-26424,458.14,Pine Valley Foods,Brightline Supply,OH,IL,2381,Bill payment,PPD,Online banking,0
e333af6b-cde9-4def-aa1b-8c90fec30332,2026-07-16T02:46:18.584976+00:00,ORIG-53800,RCVR-53003,206.53,Northstar Services,Brightline Supply,NC,FL,47,Payroll,CCD,Online banking,0
47d8ae0c-85c6-4d76-838d-4bb0ec567b10,2026-07-17T07:29:18.584976+00:00,ORIG-34070,RCVR-47469,427.82,Northstar Services,Maple Consulting,FL,NC,252,Vendor payment,WEB,Branch initiated,0
09e80841-25e5-4cfc-b08f-04a9126ae3b6,2026-08-07T06:00:18.584976+00:00,ORIG-53388,RCVR-22484,295.46,Northstar Services,Avery Johnson,GA,IL,1460,Vendor payment,PPD,API,0
29dbcd6b-82c3-4a15-8f08-ec912ce78986,2026-07-02T14:37:18.584976+00:00,ORIG-43197,RCVR-41847,308.46,Northstar Services,Brightline Supply,NC,OH,3256,Vendor payment,WEB,Branch initiated,0
a580ff8e-1226-4b22-bcc9-13cc1bde482a,2026-07-26T05:20:18.584976+00:00,ORIG-53788,RCVR-83737,109.44,Summit Health,Cedar Utilities,MA,NY,2433,Direct deposit,CCD,Online banking,0
fbefb836-7a2e-4fde-bdb7-366c1e3de066,2026-08-16T15:03:18.584976+00:00,ORIG-97954,RCVR-33485,370.75,Northstar Services,Brightline Supply,GA,NC,766,Payroll,CCD,API,0
6e14589d-1a12-47b1-bdcd-3bbb71a5473a,2026-07-09T16:14:18.584976+00:00,ORIG-26525,RCVR-10143,180.76,Summit Health,Avery Johnson,WA,TX,665,Vendor payment,WEB,File upload,0
b4bac357-76aa-4c0d-94d0-bd68bf507cc0,2026-08-20T07:06:18.584976+00:00,ORIG-32052,RCVR-22972,48.58,Pine Valley Foods,Avery Johnson,NC,WA,3220,Payroll,WEB,API,0
5d5e0931-7e13-48f5-a6bb-b0f906f8ede8,2026-07-07T08:36:18.584976+00:00,ORIG-84126,RCVR-22381,817.64,Summit Health,Avery Johnson,VA,MA,868,Tax payment,CCD,Online banking,0
7ad1b786-f247-4bbc-a32e-0b7fcd1c2f7c,2026-07-01T17:40:18.584976+00:00,ORIG-84576,RCVR-70784,539.01,Summit Health,Brightline Supply,TX,MA,2279,Tax payment,PPD,File upload,0
30a4e309-018b-4283-93fc-1b64d2b31863,2026-07-20T22:27:18.584976+00:00,ORIG-89150,RCVR-38304,475.97,Northstar Services,Maple Consulting,NY,OH,2385,Direct deposit,PPD,File upload,0
99536295-1907-4d81-81c2-b85dd418ebee,2026-07-26T17:18:18.584976+00:00,ORIG-96161,RCVR-22579,697.05,Pine Valley Foods,Brightline Supply,IL,CA,6,Payroll,PPD,API,0
24c2247e-ee60-4cd5-a9ac-220960034d94,2026-06-25T20:54:18.584976+00:00,ORIG-39968,RCVR-27730,259.39,Pine Valley Foods,Avery Johnson,FL,VA,1997,Bill payment,WEB,Online banking,0
dad24e2b-fc17-427a-870c-e395ec72a786,2026-08-08T20:49:18.584976+00:00,ORIG-24379,RCVR-18655,568.77,Summit Health,Cedar Utilities,OH,WA,2873,Payroll,WEB,Online banking,0
7dc2d929-72b4-41bf-a5ff-f41a581d9a6d,2026-06-24T18:07:18.584976+00:00,ORIG-93105,RCVR-37244,266.1,Northstar Services,Cedar Utilities,FL,CA,2938,Direct deposit,CCD,Online banking,0
27bdc359-69d7-43d0-9be1-a862ee945391,2026-08-09T06:37:18.584976+00:00,ORIG-58880,RCVR-35423,406.42,Northstar Services,Brightline Supply,CO,GA,3632,Payroll,CCD,Online banking,0
bd5eff4d-ee44-48c0-9b4f-c13278bc1965,2026-08-02T22:02:18.584976+00:00,ORIG-87970,RCVR-40252,1207.61,Summit Health,Maple Consulting,CA,MA,150,Payroll,IAT,API,1
2b7c1025-1c58-4298-8e17-1992387d6b4f,2026-08-08T20:04:18.584976+00:00,ORIG-95427,RCVR-31220,1417.03,Northstar Services,Maple Consulting,VA,CA,3042,Payroll,CCD,Online banking,0
8f613d19-9ab0-4fd4-8f6f-f4c1c6b1ea3b,2026-06-26T12:01:18.584976+00:00,ORIG-79584,RCVR-38595,58.77,Northstar Services,Avery Johnson,FL,TX,3040,Tax payment,CCD,Online banking,0
0992a521-6637-45bd-ba01-9d01f4a7d269,2026-07-16T14:51:18.584976+00:00,ORIG-20637,RCVR-36610,389.97,Northstar Services,Maple Consulting,FL,TX,1504,Direct deposit,WEB,File upload,0
6ac2dfb7-0184-4923-8b3b-9636d5fab73b,2026-07-13T20:02:18.584976+00:00,ORIG-15318,RCVR-60222,413.96,Pine Valley Foods,Maple Consulting,NC,NY,1483,Payroll,CCD,API,0
4b5ab305-a2df-4141-b6de-e12dbf0686e9,2026-07-28T16:00:18.584976+00:00,ORIG-66555,RCVR-61316,476.25,Pine Valley Foods,Cedar Utilities,CA,NY,922,Tax payment,CCD,Online banking,0
70aaacfc-fdd6-4130-88b9-9df792dc166b,2026-07-24T08:05:18.584976+00:00,ORIG-69456,RCVR-34873,310.89,Pine Valley Foods,Brightline Supply,NC,FL,3418,Payroll,PPD,Online banking,0
7c60f242-0548-4d35-bdf2-6e3d19847a9c,2026-08-07T11:40:18.584976+00:00,ORIG-28015,RCVR-55026,517.2,Harbor Manufacturing,Cedar Utilities,NC,VA,2110,Tax payment,WEB,File upload,0
ec885013-5091-4106-b022-b02f43394af5,2026-08-17T06:39:18.584976+00:00,ORIG-90963,RCVR-22856,773.57,Summit Health,Brightline Supply,NY,TX,3363,Payroll,WEB,API,0
6e4912e7-70f3-4af8-bb6b-3b060e58aad1,2026-07-17T05:46:18.584976+00:00,ORIG-54411,RCVR-41381,213.68,Pine Valley Foods,Cedar Utilities,GA,OH,237,Bill payment,WEB,Online banking,0
f15b5440-6b57-420c-953b-b9d0a42509b1,2026-07-29T12:07:18.584976+00:00,ORIG-41573,RCVR-20164,1044.79,Northstar Services,Cedar Utilities,GA,CA,1663,Payroll,CCD,Branch initiated,0
19ee541f-dce6-4eb8-b107-cc1a42fa9987,2026-07-27T13:02:18.584976+00:00,ORIG-61171,RCVR-83887,270.88,Harbor Manufacturing,Maple Consulting,NY,WA,2405,Bill payment,WEB,File upload,0
9191e9eb-0f98-4066-9409-b2135fec86d2,2026-06-23T23:42:18.584976+00:00,ORIG-41447,RCVR-67224,235.95,Harbor Manufacturing,Maple Consulting,GA,MA,3184,Tax payment,CCD,Branch initiated,0
e0f99a5f-ea46-4cdc-bedd-302d747d7b98,2026-08-15T01:35:18.584976+00:00,ORIG-20364,RCVR-33210,281.39,Harbor Manufacturing,Cedar Utilities,IL,FL,34,Tax payment,CCD,Branch initiated,0
2c77f00a-3127-4dc3-9757-7882b7314482,2026-06-25T13:43:18.584976+00:00,ORIG-21473,RCVR-54786,484.14,Pine Valley Foods,Maple Consulting,IL,OH,1522,Tax payment,CCD,Online banking,0
07f0bd56-a355-4611-a7d6-f6f708683199,2026-07-11T04:41:18.584976+00:00,ORIG-69401,RCVR-46199,221.13,Pine Valley Foods,Brightline Supply,GA,CA,488,Bill payment,PPD,Online banking,0
fc81fc98-4862-44ed-924c-b113bbd51bcf,2026-07-25T19:53:18.584976+00:00,ORIG-95283,RCVR-81363,630.72,Pine Valley Foods,Brightline Supply,VA,IL,1703,Payroll,CCD,File upload,0
b989a1a3-53be-48e8-ac80-9f9c2dda0183,2026-07-23T17:34:18.584976+00:00,ORIG-84261,RCVR-64086,464.09,Pine Valley Foods,Maple Consulting,CA,NY,501,Direct deposit,WEB,File upload,0
5560149b-7a9b-4bd0-981e-33525aa17d78,2026-08-05T15:38:18.584976+00:00,ORIG-58281,RCVR-81956,1351.02,Summit Health,Avery Johnson,CO,CO,1305,Vendor payment,PPD,Online banking,0
015c61ec-daf2-4797-8b44-7bde0afcfdb4,2026-06-21T23:11:18.584976+00:00,ORIG-76255,RCVR-70378,1432.06,Harbor Manufacturing,Cedar Utilities,FL,NC,2782,Direct deposit,PPD,Online banking,0
07db2c5a-f2ac-4c01-99ed-69ee34f27f46,2026-08-03T04:41:18.584976+00:00,ORIG-98697,RCVR-13318,212.12,Summit Health,Cedar Utilities,FL,VA,1857,Vendor payment,WEB,Online banking,0
1c8687bd-f94a-4bfb-9d41-d9aa79121a34,2026-07-22T08:52:18.584976+00:00,ORIG-10446,RCVR-24611,491.1,Harbor Manufacturing,Avery Johnson,GA,NY,3128,Bill payment,PPD,File upload,0
79773ff1-96a4-473c-8e74-f1c1e7b17e7b,2026-07-02T23:22:18.584976+00:00,ORIG-95075,RCVR-78045,704.78,Northstar Services,Avery Johnson,MA,MA,526,Payroll,CCD,Online banking,0
bd621016-4a79-4a57-86d9-54e60c673e59,2026-07-09T16:47:18.584976+00:00,ORIG-65760,RCVR-13469,827.78,Harbor Manufacturing,Brightline Supply,GA,CO,2572,Payroll,CCD,Branch initiated,0
c19afc05-266d-4a8e-9566-9ab2ca2cf082,2026-08-17T15:50:18.584976+00:00,ORIG-91583,RCVR-55332,419.15,Harbor Manufacturing,Brightline Supply,GA,NC,2954,Payroll,WEB,API,0
16f109cc-a73b-4fc4-b115-a55e9822f8e3,2026-06-29T11:02:18.584976+00:00,ORIG-55084,RCVR-26753,236.8,Harbor Manufacturing,Cedar Utilities,NY,GA,2841,Direct deposit,PPD,API,0
3fb8c733-121e-4a99-83b3-25fff64095e9,2026-08-03T13:11:18.584976+00:00,ORIG-32846,RCVR-10186,1754.95,Harbor Manufacturing,Cedar Utilities,TX,TX,3394,Vendor payment,CCD,Online banking,0
137c98f8-e021-4315-948b-be62166ea039,2026-07-31T05:23:18.584976+00:00,ORIG-55876,RCVR-14555,144.94,Summit Health,Maple Consulting,CO,OH,3229,Payroll,WEB,File upload,0
cab2c108-7a37-4d1e-b664-ee2e09ffe644,2026-08-02T15:47:18.584976+00:00,ORIG-74407,RCVR-26342,94.66,Pine Valley Foods,Maple Consulting,CO,CA,3375,Tax payment,PPD,File upload,0
c255aa95-3055-46b1-8bb1-4147dba61f9f,2026-07-01T00:54:18.584976+00:00,ORIG-21749,RCVR-74617,428.04,Summit Health,Cedar Utilities,VA,FL,1650,Direct deposit,PPD,Online banking,0
fb2507cb-b56f-41cb-aca2-f779bacffa24,2026-07-27T22:42:18.584976+00:00,ORIG-30023,RCVR-28564,817.15,Pine Valley Foods,Avery Johnson,GA,GA,1198,Bill payment,PPD,Online banking,0
8c04afd2-25fd-4022-9523-d7dbc60c91a5,2026-06-30T07:52:18.584976+00:00,ORIG-92750,RCVR-34134,331.57,Pine Valley Foods,Cedar Utilities,VA,VA,3365,Tax payment,CCD,Online banking,0
18d90eca-5f04-4dd7-a6e5-700de2fefbc5,2026-06-22T03:14:18.584976+00:00,ORIG-93287,RCVR-72755,675.93,Pine Valley Foods,Avery Johnson,NC,GA,229,Bill payment,CCD,API,0
9b7ae5b6-aeab-4972-ace4-dc3af6232cd6,2026-07-07T02:10:18.584976+00:00,ORIG-73644,RCVR-97687,1107.4,Harbor Manufacturing,Brightline Supply,GA,CA,1328,Vendor payment,PPD,File upload,0
df043217-e7f3-4787-9c2a-022076b75c7a,2026-08-14T07:46:18.584976+00:00,ORIG-62598,RCVR-96651,530.45,Northstar Services,Cedar Utilities,NC,FL,3394,Direct deposit,WEB,Online banking,0
941880ba-74ce-4ae7-b9e3-241742fcc633,2026-08-15T02:17:18.584976+00:00,ORIG-15902,RCVR-57386,626.55,Harbor Manufacturing,Cedar Utilities,IL,NY,2566,Payroll,CCD,Online banking,0
3e31eeb4-1395-47fb-9aa7-14264d11eaf0,2026-07-27T11:45:18.584976+00:00,ORIG-54855,RCVR-53246,469.1,Summit Health,Cedar Utilities,TX,VA,1316,Direct deposit,WEB,API,0
c5cbca4a-e162-4685-ad3d-2a6bad5a66ac,2026-08-04T00:38:18.584976+00:00,ORIG-12380,RCVR-43242,401.11,Pine Valley Foods,Maple Consulting,CA,FL,2712,Payroll,PPD,Online banking,0
49398e7d-382f-43fc-adf0-0b2f06f288b6,2026-08-02T11:40:18.584976+00:00,ORIG-91304,RCVR-62891,305.22,Summit Health,Maple Consulting,WA,NC,2145,Direct deposit,PPD,Online banking,0
8dd2bad8-8f50-4906-96ca-c51ba8e7b1dd,2026-07-13T01:04:18.584976+00:00,ORIG-20473,RCVR-88897,353.91,Pine Valley Foods,Brightline Supply,NY,GA,3133,Payroll,CCD,Branch initiated,0
ac360349-694d-427b-b8cb-311b1605d220,2026-06-29T08:29:18.584976+00:00,ORIG-72279,RCVR-95032,158.79,Summit Health,Cedar Utilities,OH,TX,853,Tax payment,WEB,API,0
6cc26ba5-99c0-482c-9ef7-0b386f8562ad,2026-08-02T08:59:18.584976+00:00,ORIG-60099,RCVR-53098,116.96,Harbor Manufacturing,Brightline Supply,CO,VA,2971,Tax payment,WEB,Online banking,0
488b9f36-d1b8-43b7-9584-44d336de522c,2026-07-30T15:06:18.584976+00:00,ORIG-25866,RCVR-86820,392.15,Northstar Services,Cedar Utilities,CA,FL,1160,Tax payment,WEB,API,0
e2015d50-f8df-474a-af1e-a61e8e7cff5b,2026-07-25T23:52:18.584976+00:00,ORIG-10156,RCVR-28386,332.17,Summit Health,Maple Consulting,WA,CA,2727,Direct deposit,CCD,Online banking,0
d8e00c98-8e20-4eb6-96f1-526f2975acd6,2026-06-29T18:03:18.584976+00:00,ORIG-21668,RCVR-65022,969.08,Pine Valley Foods,Maple Consulting,NY,IL,140,Bill payment,CCD,Online banking,0
b1aa6bff-7f78-4403-8a85-aa63dbc80f97,2026-07-14T20:01:18.584976+00:00,ORIG-38913,RCVR-71637,486.02,Pine Valley Foods,Avery Johnson,MA,WA,1117,Tax payment,CCD,API,0
bd19bd9e-94a6-4785-870e-9d0ae4287951,2026-07-09T13:58:18.584976+00:00,ORIG-84112,RCVR-95206,465.85,Harbor Manufacturing,Brightline Supply,CO,VA,1317,Vendor payment,PPD,API,0
d19028bd-1cac-4dc0-8ea4-c4a27b6b9b72,2026-06-27T19:49:18.584976+00:00,ORIG-58235,RCVR-55844,432.46,Northstar Services,Brightline Supply,CA,FL,2764,Vendor payment,CCD,Online banking,0
b5b90c53-c68c-4bb2-84e1-6f06d9aeaa50,2026-08-13T17:17:18.584976+00:00,ORIG-78749,RCVR-91364,307.65,Harbor Manufacturing,Maple Consulting,TX,IL,2694,Direct deposit,PPD,Online banking,0
3e63f855-d2df-4166-83b8-8978dceb4cff,2026-07-21T18:41:18.584976+00:00,ORIG-39020,RCVR-50290,692.5,Harbor Manufacturing,Avery Johnson,IL,WA,498,Direct deposit,WEB,Branch initiated,0
6f9f8ed1-cae5-4aa4-846b-ce6ea125d131,2026-06-28T05:36:18.584976+00:00,ORIG-43879,RCVR-46148,779.77,Summit Health,Cedar Utilities,TX,GA,2155,Tax payment,PPD,Online banking,0
69fe6f2b-995f-443c-9859-1185d97eb99d,2026-08-16T12:11:18.584976+00:00,ORIG-26817,RCVR-89356,485.92,Summit Health,Brightline Supply,OH,NC,2141,Tax payment,CCD,Online banking,0
f853ecd6-58d9-4bb7-af5e-4266dba07a54,2026-08-06T11:59:18.584976+00:00,ORIG-68398,RCVR-26919,156.03,Northstar Services,Brightline Supply,CA,TX,179,Direct deposit,CCD,Online banking,0
30ae44c1-3ca8-440c-b2f0-2dab5063c130,2026-07-04T15:38:18.584976+00:00,ORIG-64106,RCVR-58567,629.65,Harbor Manufacturing,Maple Consulting,IL,VA,3187,Vendor payment,PPD,Online banking,0
8c32c77e-fce9-4f50-9f33-1707945911ef,2026-08-16T22:44:18.584976+00:00,ORIG-49896,RCVR-60004,584.27,Northstar Services,Brightline Supply,TX,NC,225,Payroll,PPD,File upload,0
114b7ee3-83d5-43d5-92e3-01db1b1b2b4e,2026-07-19T11:17:18.584976+00:00,ORIG-70485,RCVR-53688,442.02,Summit Health,Cedar Utilities,CO,GA,781,Bill payment,WEB,Online banking,0
4345fa81-2602-40b5-a73d-f54e6337ef9f,2026-07-08T22:47:18.584976+00:00,ORIG-20339,RCVR-85191,249.47,Pine Valley Foods,Avery Johnson,OH,NC,1224,Vendor payment,CCD,API,0
3932e62d-d376-47da-80c0-e5168daf6124,2026-07-15T18:12:18.584976+00:00,ORIG-39205,RCVR-81046,815.9,Harbor Manufacturing,Avery Johnson,CO,CO,753,Vendor payment,CCD,Online banking,0
a1640f90-5d41-434f-adc0-80b190e8d97d,2026-08-08T11:58:18.584976+00:00,ORIG-50635,RCVR-69967,847.39,Harbor Manufacturing,Brightline Supply,GA,GA,28,Payroll,WEB,API,1
d72cd6db-fb24-4ecd-a079-45ab66ab552d,2026-07-10T19:46:18.584976+00:00,ORIG-98447,RCVR-96249,456.48,Summit Health,Avery Johnson,NC,OH,3087,Tax payment,PPD,Online banking,0
d3a0c03f-e154-46a1-b62a-ed1bf462e236,2026-06-22T08:11:18.584976+00:00,ORIG-67429,RCVR-47492,80.95,Northstar Services,Maple Consulting,VA,NY,241,Vendor payment,PPD,API,0
02499b84-2694-485c-89a6-bcc79dde8170,2026-07-18T11:36:18.584976+00:00,ORIG-83280,RCVR-89888,339.84,Harbor Manufacturing,Maple Consulting,FL,FL,3080,Bill payment,WEB,File upload,0
19cd236c-270b-4055-b75f-387f6d810b88,2026-08-06T08:05:18.584976+00:00,ORIG-30095,RCVR-91737,234.94,Pine Valley Foods,Avery Johnson,FL,OH,1645,Tax payment,PPD,Online banking,0
7ecdcaa4-9146-4115-b862-676affdf665f,2026-08-19T22:43:18.584976+00:00,ORIG-43244,RCVR-63515,591.69,Summit Health,Maple Consulting,GA,GA,1870,Bill payment,PPD,Online banking,0
094a6b15-3b54-45ee-b75b-e45eefaf3661,2026-07-12T23:58:18.584976+00:00,ORIG-89948,RCVR-55530,256.33,Harbor Manufacturing,Brightline Supply,NY,TX,231,Payroll,PPD,Branch initiated,0
bdc5d17a-9eec-4a09-8948-eb615c8ac2d3,2026-06-28T21:41:18.584976+00:00,ORIG-32364,RCVR-40800,443.84,Northstar Services,Brightline Supply,IL,NY,3276,Tax payment,WEB,File upload,0
a7efdb1b-06af-41f0-9a03-f06df58a0ac0,2026-08-19T08:41:18.584976+00:00,ORIG-31418,RCVR-96758,160.85,Pine Valley Foods,Cedar Utilities,WA,FL,1801,Direct deposit,CCD,API,0
0a3b1e17-7f44-496b-a67f-4041d1fb191d,2026-07-02T02:42:18.584976+00:00,ORIG-94173,RCVR-93369,823.15,Summit Health,Cedar Utilities,CO,NY,2550,Tax payment,PPD,Branch initiated,0
3cd5f1a9-81ee-4331-b9dd-ccf94b12805a,2026-08-16T07:09:18.584976+00:00,ORIG-39804,RCVR-80362,812.04,Summit Health,Brightline Supply,VA,OH,609,Bill payment,WEB,File upload,0
3ce40ee5-55d4-4c5b-aa54-24b831e4b919,2026-08-15T00:28:18.584976+00:00,ORIG-15256,RCVR-86668,301.28,Harbor Manufacturing,Maple Consulting,MA,TX,2920,Bill payment,WEB,File upload,0
4a99762f-0ee3-4af0-aef9-f1bc0b28b3ef,2026-08-07T10:24:18.584976+00:00,ORIG-92208,RCVR-34592,614.49,Summit Health,Avery Johnson,NY,GA,348,Payroll,PPD,Online banking,0
15caaf6b-f550-496a-ae9f-98af56f9ad6d,2026-07-10T04:12:18.584976+00:00,ORIG-55436,RCVR-82456,2979.27,Summit Health,Avery Johnson,CA,GA,304,Direct deposit,PPD,File upload,0
5e9dba57-8d65-44fd-952a-9f0acc00439d,2026-07-07T17:34:18.584976+00:00,ORIG-39561,RCVR-88415,660.98,Pine Valley Foods,Cedar Utilities,CA,VA,731,Tax payment,CCD,File upload,0
edb35135-3f22-49e8-bbe2-3bdc816e300c,2026-08-10T21:30:18.584976+00:00,ORIG-28625,RCVR-74517,194.87,Summit Health,Cedar Utilities,FL,FL,746,Vendor payment,PPD,Online banking,0
e98c2fa9-ec6b-4717-b41f-70ea9cdb9c46,2026-07-25T12:34:18.584976+00:00,ORIG-33088,RCVR-59398,561.81,Harbor Manufacturing,Cedar Utilities,CO,NC,3483,Vendor payment,PPD,File upload,0
12ccd36b-ea3c-491c-9b13-1db569db5895,2026-08-20T17:11:18.584976+00:00,ORIG-47997,RCVR-48591,83.4,Harbor Manufacturing,Maple Consulting,GA,GA,2046,Tax payment,WEB,API,0
1bdef0f1-702f-4ace-b055-606bdec618d5,2026-07-21T18:17:18.584976+00:00,ORIG-31785,RCVR-11353,4919.28,Harbor Manufacturing,Maple Consulting,NY,CA,19,Tax payment,WEB,Online banking,1
0bd4a8ae-7ab1-4921-9a0c-e92d8ae70cc8,2026-07-11T01:23:18.584976+00:00,ORIG-33810,RCVR-62069,685.01,Summit Health,Brightline Supply,TX,WA,1099,Vendor payment,CCD,Branch initiated,0
abc390b3-8e4e-4fcb-a0fc-af0323ef8958,2026-07-08T16:39:18.584976+00:00,ORIG-57014,RCVR-84349,160.78,Pine Valley Foods,Avery Johnson,FL,FL,1432,Tax payment,PPD,Online banking,0
b214229b-4f74-431b-9f74-eb0b519f51ab,2026-06-26T19:44:18.584976+00:00,ORIG-85065,RCVR-30665,194.92,Pine Valley Foods,Cedar Utilities,VA,MA,3543,Direct deposit,PPD,Online banking,0
d8638f83-9f15-4eab-bdb4-d0f908b06924,2026-06-28T00:31:18.584976+00:00,ORIG-86226,RCVR-62720,149.63,Pine Valley Foods,Maple Consulting,VA,WA,3329,Vendor payment,WEB,Online banking,0
a7a9fd5e-ab14-4787-a560-bb3e67377f1c,2026-06-25T04:46:18.584976+00:00,ORIG-15602,RCVR-66552,303.02,Summit Health,Avery Johnson,VA,FL,2108,Payroll,WEB,API,0
a33e6583-4dba-4bfa-8210-26127f034c50,2026-07-20T22:31:18.584976+00:00,ORIG-24020,RCVR-39233,215.2,Northstar Services,Avery Johnson,GA,WA,3487,Vendor payment,WEB,File upload,0
290c6be9-020c-4099-a394-00b0a00d3a89,2026-08-15T00:09:18.584976+00:00,ORIG-29901,RCVR-22368,319.34,Pine Valley Foods,Avery Johnson,CO,FL,2716,Payroll,WEB,Online banking,0
e7bccc18-5c7f-4e6f-a80e-ea783deb225f,2026-08-06T20:49:18.584976+00:00,ORIG-80226,RCVR-75470,506.34,Summit Health,Cedar Utilities,OH,NC,1075,Tax payment,WEB,Online banking,0
5c3e7667-7fcd-486e-a8ce-454f41826af3,2026-07-23T16:47:18.584976+00:00,ORIG-10125,RCVR-15581,483.51,Summit Health,Brightline Supply,FL,VA,2041,Direct deposit,WEB,API,0
0e9c0f65-27e9-4b32-8ab5-ff69803ec001,2026-07-29T14:15:18.584976+00:00,ORIG-60818,RCVR-93598,1048.08,Summit Health,Cedar Utilities,OH,MA,1275,Payroll,WEB,Online banking,0
bf5b38f7-0988-44d5-8069-58113755f04d,2026-08-09T02:01:18.584976+00:00,ORIG-24652,RCVR-90021,654.42,Pine Valley Foods,Maple Consulting,VA,FL,793,Vendor payment,PPD,Online banking,0
a3b5177a-cb1c-41c6-bbf1-3e8855e4ac44,2026-08-15T00:45:18.584976+00:00,ORIG-43152,RCVR-79716,233.51,Pine Valley Foods,Avery Johnson,FL,TX,2095,Tax payment,WEB,File upload,0
5a85b014-df25-4a4d-a0b9-886c41e7f253,2026-08-12T15:46:18.584976+00:00,ORIG-30109,RCVR-63248,602.64,Harbor Manufacturing,Avery Johnson,TX,NY,817,Payroll,WEB,API,0
b002468a-23c9-41da-a028-faa122e873de,2026-08-15T15:56:18.584976+00:00,ORIG-63716,RCVR-12744,170.14,Pine Valley Foods,Avery Johnson,NC,NC,807,Vendor payment,WEB,Online banking,0
b1eead18-0076-411d-9fd4-d87c612e321c,2026-07-02T08:09:18.584976+00:00,ORIG-52174,RCVR-92812,696.32,Northstar Services,Cedar Utilities,CO,CA,3632,Tax payment,PPD,API,0
798e3715-86d8-44df-8c40-333e135ea529,2026-08-20T16:18:18.584976+00:00,ORIG-31212,RCVR-64778,157.38,Pine Valley Foods,Avery Johnson,OH,WA,2858,Direct deposit,PPD,File upload,0
9c0e6128-a36f-4533-aad7-3c0469e86777,2026-07-12T03:42:18.584976+00:00,ORIG-82851,RCVR-37106,198.06,Summit Health,Brightline Supply,GA,FL,3061,Payroll,WEB,Online banking,0
b8e8eed2-ac8b-4d68-8050-cb4b6fb14d1a,2026-08-10T11:20:18.584976+00:00,ORIG-33204,RCVR-62120,195.5,Summit Health,Avery Johnson,OH,NC,3184,Payroll,PPD,Branch initiated,0
a25bf1a0-dac2-4098-aa40-765bc5d04751,2026-08-03T13:42:18.584976+00:00,ORIG-36361,RCVR-39571,1764.79,Pine Valley Foods,Avery Johnson,OH,FL,2996,Vendor payment,CCD,File upload,0
5b36744d-8b80-49b8-9bbe-6adde1e89d3d,2026-07-09T21:13:18.584976+00:00,ORIG-79252,RCVR-72504,126.68,Harbor Manufacturing,Avery Johnson,WA,CO,2021,Direct deposit,PPD,API,0
c77e9e8b-be9d-4ffd-9379-6ba3e23499a1,2026-07-13T09:32:18.584976+00:00,ORIG-86284,RCVR-31895,283.88,Northstar Services,Avery Johnson,WA,MA,523,Direct deposit,WEB,Online banking,0
a6f6aab2-c54b-4a71-8aa8-499cbc836de7,2026-07-14T13:22:18.584976+00:00,ORIG-24505,RCVR-56182,434.97,Summit Health,Brightline Supply,OH,WA,2708,Direct deposit,PPD,File upload,0
f45be4aa-2607-4edb-9775-5ea4a4d557e5,2026-08-19T08:08:18.584976+00:00,ORIG-61221,RCVR-59397,485.13,Harbor Manufacturing,Maple Consulting,WA,FL,2507,Bill payment,WEB,File upload,0
f591cc97-4660-4993-aedf-b7f2d377e4b7,2026-08-08T06:13:18.584976+00:00,ORIG-90837,RCVR-76483,229.87,Pine Valley Foods,Cedar Utilities,GA,IL,2751,Direct deposit,WEB,API,0
92295fc7-cf0e-4ec9-b0c5-3849df8c83ca,2026-07-11T09:48:18.584976+00:00,ORIG-89669,RCVR-12945,488.44,Summit Health,Cedar Utilities,FL,TX,2530,Direct deposit,CCD,API,0
803679de-382e-48de-b2d6-2f243c399509,2026-07-24T03:15:18.584976+00:00,ORIG-91098,RCVR-61951,482.9,Summit Health,Avery Johnson,NY,TX,2440,Direct deposit,CCD,API,0
f0e404bf-4ed3-405c-a635-b55215f14157,2026-07-06T12:31:18.584976+00:00,ORIG-90977,RCVR-84839,147.44,Harbor Manufacturing,Maple Consulting,MA,VA,2066,Bill payment,PPD,Online banking,0
37647593-b975-46bf-9641-2a51108d9302,2026-07-29T18:39:18.584976+00:00,ORIG-92564,RCVR-55005,770.4,Pine Valley Foods,Maple Consulting,NY,OH,2186,Payroll,CCD,Online banking,0
91e6cc29-d2e0-470c-82fe-08326e306344,2026-06-28T16:06:18.584976+00:00,ORIG-51423,RCVR-11294,827.31,Pine Valley Foods,Maple Consulting,IL,IL,702,Payroll,PPD,Online banking,0
e9e418c2-9d1d-431e-aaaf-23ce18ceb82f,2026-08-08T03:39:18.584976+00:00,ORIG-62456,RCVR-47994,687.27,Northstar Services,Avery Johnson,CA,NC,2191,Bill payment,CCD,API,0
637b042e-da26-4166-96bf-a079e4847fc0,2026-07-31T16:44:18.584976+00:00,ORIG-82816,RCVR-34897,1234.93,Northstar Services,Cedar Utilities,OH,TX,139,Tax payment,CCD,File upload,1
01bbc258-0cde-49eb-9b57-1e0f5ce4d615,2026-07-08T17:36:18.584976+00:00,ORIG-82526,RCVR-55564,362.06,Summit Health,Brightline Supply,WA,CO,54,Payroll,PPD,Online banking,0
3b2146ad-0a99-459d-bd19-535cd46d496f,2026-07-20T11:00:18.584976+00:00,ORIG-23346,RCVR-87617,311.26,Harbor Manufacturing,Brightline Supply,VA,NC,2287,Bill payment,WEB,Online banking,0
1d3a6709-4ab7-4486-9b82-c2724ec43599,2026-07-11T23:03:18.584976+00:00,ORIG-66622,RCVR-68828,614.8,Northstar Services,Maple Consulting,VA,IL,665,Direct deposit,WEB,File upload,0
410aa904-c939-40ec-be8c-fcdd173d3189,2026-08-18T00:15:18.584976+00:00,ORIG-58806,RCVR-26105,265.71,Northstar Services,Brightline Supply,GA,NC,1034,Vendor payment,WEB,API,0
3d56bd08-4bef-4db6-b39b-45449767d4cf,2026-08-16T21:58:18.584976+00:00,ORIG-54950,RCVR-65304,192.6,Summit Health,Cedar Utilities,IL,VA,518,Payroll,CCD,Branch initiated,0
7e2891ef-59fc-4afe-9896-1b621a95e3c4,2026-06-26T05:07:18.584976+00:00,ORIG-51343,RCVR-65767,497.63,Pine Valley Foods,Brightline Supply,NY,FL,884,Bill payment,CCD,File upload,0
c398e0de-0f64-4f09-af67-6881f594559b,2026-07-28T07:31:18.584976+00:00,ORIG-49790,RCVR-80934,326.59,Harbor Manufacturing,Cedar Utilities,NY,NC,1792,Bill payment,PPD,Online banking,0
fa726686-0977-4b92-8ca0-bdc3dd430671,2026-07-30T18:11:18.584976+00:00,ORIG-74107,RCVR-20726,290.22,Pine Valley Foods,Cedar Utilities,MA,CA,418,Vendor payment,WEB,File upload,0
2ac9fbaa-3d56-4de8-8cdc-d9077ee1d9f6,2026-06-27T14:38:18.584976+00:00,ORIG-61693,RCVR-26741,685.0,Pine Valley Foods,Avery Johnson,WA,GA,3191,Vendor payment,WEB,Branch initiated,0
9a67a4b8-a875-4d7e-a716-6059321f6235,2026-07-06T19:53:18.584976+00:00,ORIG-94218,RCVR-81509,517.54,Pine Valley Foods,Cedar Utilities,IL,OH,1317,Tax payment,CCD,Online banking,0
1ac6ed29-4711-492a-9d80-40cde9bf57b7,2026-06-28T15:43:18.584976+00:00,ORIG-55387,RCVR-28342,284.03,Harbor Manufacturing,Avery Johnson,FL,VA,346,Direct deposit,PPD,Online banking,0
dc464838-bb0c-4ab9-b30b-04fbe4476ddd,2026-08-16T02:23:18.584976+00:00,ORIG-57614,RCVR-50437,366.45,Northstar Services,Cedar Utilities,VA,CA,1933,Vendor payment,CCD,API,0
599922a2-ae5d-44c6-b5ca-e8637d834789,2026-07-19T09:25:18.584976+00:00,ORIG-79327,RCVR-48770,125.39,Northstar Services,Maple Consulting,IL,NY,2878,Tax payment,CCD,Online banking,0
6ad555a1-abb3-4c85-8bb8-cc6b76b6b6f5,2026-07-25T12:18:18.584976+00:00,ORIG-14803,RCVR-53695,409.11,Pine Valley Foods,Maple Consulting,TX,GA,801,Payroll,WEB,Online banking,0
86d14703-73c1-47f9-9aff-b1d6483361e0,2026-08-13T06:50:18.584976+00:00,ORIG-36350,RCVR-41410,1277.62,Pine Valley Foods,Maple Consulting,CO,WA,2074,Tax payment,PPD,File upload,0
722fa776-fe07-44ea-a7d3-66ca37c02d4a,2026-07-01T04:05:18.584976+00:00,ORIG-81212,RCVR-72287,216.86,Pine Valley Foods,Avery Johnson,FL,NY,755,Bill payment,WEB,Online banking,0
596c1fe1-321f-4f17-a5ac-46f0fee606e9,2026-08-04T07:54:18.584976+00:00,ORIG-63555,RCVR-52823,712.9,Pine Valley Foods,Cedar Utilities,WA,IL,3302,Tax payment,PPD,Online banking,0
5d54f15f-e89b-42e6-89d8-dd7195b15064,2026-06-30T11:15:18.584976+00:00,ORIG-99857,RCVR-72700,254.86,Pine Valley Foods,Cedar Utilities,MA,NC,360,Direct deposit,CCD,File upload,0
3e42a30e-24cc-4536-b3e3-00d8471a5ee4,2026-08-06T01:18:18.584976+00:00,ORIG-18559,RCVR-50683,643.78,Pine Valley Foods,Brightline Supply,NC,TX,2478,Tax payment,CCD,File upload,0
8ef55098-893b-40be-9971-931dcaf3f446,2026-06-24T14:10:18.584976+00:00,ORIG-16902,RCVR-89900,138.82,Northstar Services,Avery Johnson,IL,MA,2271,Bill payment,CCD,Online banking,0
fd62e4a4-1a36-444d-8d27-13672003c84b,2026-08-19T07:25:18.584976+00:00,ORIG-54614,RCVR-31459,440.46,Northstar Services,Avery Johnson,GA,VA,2140,Bill payment,CCD,Online banking,0
8bfdee90-df43-450a-a24c-54d26e328c97,2026-07-25T00:27:18.584976+00:00,ORIG-77725,RCVR-48999,336.43,Summit Health,Cedar Utilities,WA,OH,3593,Bill payment,CCD,Online banking,0
ebfba815-3062-44c1-b2e1-0261b2be57eb,2026-06-29T21:04:18.584976+00:00,ORIG-77936,RCVR-24570,177.54,Northstar Services,Brightline Supply,OH,FL,2393,Direct deposit,WEB,API,0
041c15e0-4c56-408f-a731-964493d4a863,2026-06-24T09:36:18.584976+00:00,ORIG-79313,RCVR-80837,1047.07,Pine Valley Foods,Maple Consulting,FL,IL,1346,Tax payment,WEB,Online banking,0
bf706a2c-6ff5-4aaa-949b-cc210becf002,2026-07-27T22:37:18.584976+00:00,ORIG-37015,RCVR-65765,423.59,Summit Health,Brightline Supply,CO,IL,2145,Payroll,PPD,Online banking,0
3b7dcd8e-e1a2-4ac0-9b08-8113eb051462,2026-08-01T01:02:18.584976+00:00,ORIG-75900,RCVR-54789,934.3,Summit Health,Avery Johnson,GA,OH,2499,Direct deposit,WEB,Online banking,0
ebd8fed7-59f8-4a69-ab07-de223cc05ce9,2026-07-21T05:15:18.584976+00:00,ORIG-90897,RCVR-96073,341.57,Pine Valley Foods,Avery Johnson,CA,WA,1519,Bill payment,PPD,API,0
3a75ac5f-b98a-4615-b43e-fee404a82f56,2026-07-13T03:33:18.584976+00:00,ORIG-38968,RCVR-58977,797.62,Northstar Services,Cedar Utilities,TX,GA,86,Direct deposit,WEB,Online banking,0
a93d74d7-fa0e-42eb-87fb-8c3cca02666f,2026-07-22T20:53:18.584976+00:00,ORIG-12618,RCVR-25930,602.85,Northstar Services,Brightline Supply,VA,NC,1020,Tax payment,PPD,File upload,0
7687a593-9658-43d1-8654-6b79570922b5,2026-07-08T16:20:18.584976+00:00,ORIG-55817,RCVR-25894,508.05,Pine Valley Foods,Maple Consulting,VA,MA,3268,Payroll,WEB,File upload,0
05a609c1-d8da-4d4a-ac00-70ee561158b0,2026-08-16T23:10:18.584976+00:00,ORIG-49234,RCVR-37810,103.62,Summit Health,Brightline Supply,CA,FL,2857,Tax payment,CCD,Online banking,0
e1b1a4ee-9498-4ef1-baa4-90f63fc5e782,2026-07-15T06:10:18.584976+00:00,ORIG-38446,RCVR-55702,246.17,Summit Health,Brightline Supply,NY,CO,2536,Payroll,WEB,Online banking,0
b7b19ea0-b92f-4374-99f5-75a4d50bbc43,2026-07-21T11:08:18.584976+00:00,ORIG-58066,RCVR-92951,509.38,Harbor Manufacturing,Maple Consulting,NC,CO,1371,Direct deposit,CCD,Online banking,0
834e7b29-0b8c-497a-b214-84acbaf8592f,2026-07-07T11:51:18.584976+00:00,ORIG-25163,RCVR-23272,619.76,Summit Health,Cedar Utilities,MA,MA,3435,Tax payment,PPD,API,0
7efed94b-5b46-4bb6-ac11-ed656667d251,2026-08-04T07:31:18.584976+00:00,ORIG-87922,RCVR-65289,232.53,Summit Health,Maple Consulting,FL,OH,1549,Bill payment,CCD,Online banking,0
5919f290-a4e0-4dc1-a4d9-9c9ebca695b2,2026-07-14T07:59:18.584976+00:00,ORIG-70532,RCVR-52379,518.29,Pine Valley Foods,Cedar Utilities,CO,TX,1229,Direct deposit,CCD,Online banking,0
eafdd3f8-ec03-418d-adda-8e0deacd46a3,2026-07-17T20:59:18.584976+00:00,ORIG-97723,RCVR-83428,397.15,Northstar Services,Brightline Supply,CA,GA,1083,Vendor payment,CCD,Online banking,0
ca4b8e4e-c325-4620-b4f4-b56acc57d9b8,2026-07-13T10:07:18.584976+00:00,ORIG-44510,RCVR-93068,355.11,Harbor Manufacturing,Cedar Utilities,OH,CO,2373,Vendor payment,WEB,Online banking,0
3c0cfe96-b64b-4854-981d-65528e30bdfd,2026-08-01T14:38:18.584976+00:00,ORIG-85383,RCVR-15885,266.91,Summit Health,Maple Consulting,TX,NC,3526,Tax payment,WEB,Branch initiated,0
5a375eb8-b060-4275-97ac-3542a4b8d2ed,2026-08-20T12:37:18.584976+00:00,ORIG-80330,RCVR-46466,106.5,Summit Health,Cedar Utilities,FL,OH,973,Bill payment,WEB,File upload,0
3e13214c-e60f-488b-a18a-9f78d46740dc,2026-07-10T13:24:18.584976+00:00,ORIG-69442,RCVR-44849,554.02,Pine Valley Foods,Avery Johnson,NY,CO,2266,Tax payment,PPD,File upload,0
59c4e81e-02a8-44a0-ae8a-ce8580d7ddcc,2026-07-16T22:10:18.584976+00:00,ORIG-14602,RCVR-36620,655.88,Harbor Manufacturing,Brightline Supply,IL,WA,268,Tax payment,CCD,Online banking,0
9ffbcf6e-1daf-434d-b97a-b3c189d9a608,2026-07-09T01:59:18.584976+00:00,ORIG-77104,RCVR-39156,241.53,Pine Valley Foods,Brightline Supply,WA,MA,1843,Payroll,CCD,Online banking,0
83ff8e44-f829-4465-b0f1-e30e63c4f11d,2026-08-20T02:04:18.584976+00:00,ORIG-55758,RCVR-35297,253.98,Summit Health,Avery Johnson,TX,CO,547,Bill payment,CCD,File upload,0
f1b9d4b2-a004-4e36-9af3-5bb4cc4e4e2c,2026-08-17T06:09:18.584976+00:00,ORIG-32332,RCVR-40493,631.39,Northstar Services,Avery Johnson,CO,VA,1893,Vendor payment,PPD,Online banking,0
12021336-67b3-42b3-92c2-37430fff27ca,2026-07-26T09:54:18.584976+00:00,ORIG-74847,RCVR-87537,445.66,Harbor Manufacturing,Avery Johnson,CA,WA,1522,Vendor payment,WEB,API,0
92d4a6c1-f236-48d2-9f16-4910e4e16354,2026-08-15T10:30:18.584976+00:00,ORIG-50575,RCVR-22948,818.29,Pine Valley Foods,Brightline Supply,WA,TX,1909,Payroll,WEB,File upload,0
c3fa7956-2836-41e1-abf2-76212eeb9f87,2026-07-01T01:28:18.584976+00:00,ORIG-43522,RCVR-85279,210.6,Summit Health,Brightline Supply,WA,NC,2033,Bill payment,PPD,Online banking,0
c5a87ea3-11da-4330-b733-f098ec32fc52,2026-08-19T13:55:18.584976+00:00,ORIG-98270,RCVR-38047,133.72,Pine Valley Foods,Maple Consulting,WA,VA,2549,Payroll,PPD,Online banking,0
343b735c-7063-45f6-8135-57caf3069c9b,2026-07-17T00:44:18.584976+00:00,ORIG-60001,RCVR-38195,333.52,Northstar Services,Maple Consulting,CO,WA,231,Vendor payment,PPD,Online banking,0
b29d3cb7-9905-412e-b746-ac6544f91503,2026-07-21T08:10:18.584976+00:00,ORIG-64277,RCVR-27765,449.61,Northstar Services,Cedar Utilities,GA,NC,1906,Direct deposit,WEB,Online banking,0
d74d0a4c-bcc4-4a97-9db5-0a8e946c9a32,2026-08-15T09:33:18.584976+00:00,ORIG-53717,RCVR-83804,658.55,Northstar Services,Avery Johnson,GA,FL,1892,Payroll,PPD,File upload,0
6d9c42b9-adfc-4b91-a862-df7800289b31,2026-08-17T16:52:18.584976+00:00,ORIG-22258,RCVR-24307,562.62,Pine Valley Foods,Maple Consulting,FL,FL,1937,Payroll,WEB,Online banking,0
6b2f15ab-7a72-46ec-9283-d9a468ae6832,2026-08-07T21:06:18.584976+00:00,ORIG-51446,RCVR-46612,1256.28,Summit Health,Avery Johnson,CA,IL,27,Direct deposit,CCD,Online banking,0
841a025b-e7e3-4db3-99d6-ebedb14077b3,2026-07-14T19:14:18.584976+00:00,ORIG-49522,RCVR-48421,331.03,Pine Valley Foods,Brightline Supply,FL,GA,1629,Payroll,PPD,Online banking,0
594adf15-1d0c-423b-bf95-45aabc709d2d,2026-08-01T07:31:18.584976+00:00,ORIG-28601,RCVR-97073,97.59,Northstar Services,Cedar Utilities,IL,CO,3269,Direct deposit,PPD,Online banking,0
c2b7dcde-917d-4209-aa92-d5cc53a46296,2026-08-18T19:06:18.584976+00:00,ORIG-94089,RCVR-91986,387.05,Harbor Manufacturing,Cedar Utilities,FL,NC,1909,Tax payment,CCD,File upload,0
05022807-c19e-4dd6-9f7c-f664c35d5cab,2026-08-18T15:49:18.584976+00:00,ORIG-45435,RCVR-55212,122.31,Harbor Manufacturing,Cedar Utilities,VA,FL,454,Bill payment,WEB,API,0
b27136e9-5657-4675-a596-834d3cb1d827,2026-08-12T13:52:18.584976+00:00,ORIG-63032,RCVR-47425,384.79,Summit Health,Cedar Utilities,NC,OH,3601,Tax payment,WEB,Online banking,0
26ab473e-6620-4424-b21c-f00cdde91a67,2026-08-01T09:13:18.584976+00:00,ORIG-75562,RCVR-78880,380.8,Harbor Manufacturing,Cedar Utilities,CA,CA,3070,Vendor payment,CCD,File upload,0
7b0c8fe4-b0dd-4c60-b215-21b1bd7788ba,2026-07-01T02:37:18.584976+00:00,ORIG-84958,RCVR-14263,575.9,Summit Health,Cedar Utilities,TX,CO,353,Direct deposit,CCD,Online banking,0
77d42438-dc37-4b91-ae78-7d144eabe986,2026-07-15T02:39:18.584976+00:00,ORIG-36424,RCVR-61516,273.23,Pine Valley Foods,Brightline Supply,WA,OH,1792,Bill payment,CCD,Branch initiated,0
a8925e8f-49a2-4f5e-a7d7-5294c16c6b72,2026-08-17T07:07:18.584976+00:00,ORIG-85246,RCVR-79177,282.2,Summit Health,Cedar Utilities,CO,GA,2928,Payroll,PPD,Online banking,0
1aeb62bd-d8c1-498c-85e3-486400e99052,2026-08-05T16:45:18.584976+00:00,ORIG-99957,RCVR-29449,249.61,Northstar Services,Cedar Utilities,WA,NY,251,Payroll,PPD,API,0
36231f46-6589-493f-a162-02a5d0f77368,2026-07-17T13:07:18.584976+00:00,ORIG-62862,RCVR-69432,453.52,Pine Valley Foods,Avery Johnson,IL,WA,2329,Payroll,PPD,Online banking,0
fd317c41-df16-4fdd-83cb-dfa7f092b9e1,2026-07-14T21:08:18.584976+00:00,ORIG-22103,RCVR-60394,160.91,Pine Valley Foods,Brightline Supply,CA,TX,1872,Tax payment,WEB,API,0
2454a997-21c4-44a0-ba96-b0580aaa52d5,2026-06-29T07:38:18.584976+00:00,ORIG-90973,RCVR-15862,493.42,Summit Health,Avery Johnson,WA,WA,1231,Tax payment,PPD,Branch initiated,0
3b90e12b-0bba-4dfd-89e5-c5cf393ff1e2,2026-07-02T00:12:18.584976+00:00,ORIG-42105,RCVR-15325,1412.98,Northstar Services,Avery Johnson,IL,NC,2804,Vendor payment,PPD,Online banking,0
b1b3b07c-c6ab-410a-ba84-6f042cdb41da,2026-08-12T01:03:18.584976+00:00,ORIG-20811,RCVR-22598,107.28,Northstar Services,Cedar Utilities,GA,NY,2647,Bill payment,WEB,Online banking,0
0de98903-a257-4746-b53a-9bab8b292996,2026-07-06T05:29:18.584976+00:00,ORIG-29671,RCVR-12381,1300.07,Pine Valley Foods,Cedar Utilities,TX,IL,282,Bill payment,PPD,Online banking,0
6990a37c-e472-4985-98ec-435a4719086d,2026-07-30T02:00:18.584976+00:00,ORIG-68520,RCVR-52159,247.23,Summit Health,Cedar Utilities,NC,CA,1810,Vendor payment,WEB,Online banking,0
a94c9bcf-caba-460f-ba02-cbd31f365ad8,2026-08-15T12:33:18.584976+00:00,ORIG-12101,RCVR-28255,420.96,Northstar Services,Brightline Supply,IL,VA,3143,Bill payment,PPD,Online banking,0
429afa0a-9222-4b08-8a0d-759b4fae711c,2026-07-16T06:09:18.584976+00:00,ORIG-75640,RCVR-19178,330.83,Summit Health,Cedar Utilities,OH,MA,1470,Vendor payment,CCD,Online banking,0
ce087f58-d8fc-4a0c-b81f-1a47ca596f0b,2026-07-31T14:55:18.584976+00:00,ORIG-11103,RCVR-48621,441.3,Northstar Services,Brightline Supply,NY,CA,2874,Bill payment,PPD,API,0
9ec7b9ca-2038-4231-a281-b834c36c7526,2026-07-13T17:52:18.584976+00:00,ORIG-92778,RCVR-52908,51.9,Harbor Manufacturing,Avery Johnson,VA,FL,1630,Payroll,PPD,Online banking,0
e90b60a1-1f1a-48d3-9143-5afdf02ee19e,2026-06-27T02:14:18.584976+00:00,ORIG-65898,RCVR-63529,119.45,Northstar Services,Avery Johnson,CA,IL,2141,Vendor payment,CCD,Online banking,0
68dce151-a303-4d7c-97b6-e91295e2bef8,2026-08-12T16:27:18.584976+00:00,ORIG-36280,RCVR-26666,323.97,Summit Health,Avery Johnson,WA,FL,2684,Bill payment,WEB,File upload,0
52536589-e38a-4262-82d3-e04142bb0685,2026-08-19T19:17:18.584976+00:00,ORIG-52611,RCVR-39411,344.0,Harbor Manufacturing,Cedar Utilities,NC,NC,3587,Bill payment,WEB,Online banking,0
4ae97515-e6f0-4ee0-98bb-b7798c2cda87,2026-08-07T17:11:18.584976+00:00,ORIG-93101,RCVR-49301,236.39,Summit Health,Avery Johnson,NC,GA,2947,Vendor payment,WEB,Online banking,0
970a1105-a980-49d7-8f65-2964c8ee35a9,2026-08-07T07:12:18.584976+00:00,ORIG-65293,RCVR-20888,425.58,Summit Health,Maple Consulting,MA,OH,1303,Payroll,WEB,API,0
3bcedb45-7c8e-4c8e-bf16-4de7fe52b25a,2026-07-10T02:06:18.584976+00:00,ORIG-69383,RCVR-10497,618.7,Summit Health,Maple Consulting,FL,NC,1440,Direct deposit,PPD,File upload,0
5c3890e5-468f-4d5f-9c16-dda4aa03d387,2026-07-26T17:25:18.584976+00:00,ORIG-63578,RCVR-81536,684.23,Summit Health,Cedar Utilities,TX,NY,1915,Payroll,WEB,Online banking,0
2bf7ce77-bb54-4252-9b31-86395ba8df98,2026-08-15T09:12:18.584976+00:00,ORIG-14784,RCVR-64104,404.03,Northstar Services,Cedar Utilities,MA,CA,1236,Vendor payment,PPD,Online banking,0
cf13fee7-d47f-4d5a-9997-0c825512a626,2026-07-27T02:33:18.584976+00:00,ORIG-50270,RCVR-64955,225.74,Summit Health,Brightline Supply,IL,CA,3456,Bill payment,WEB,File upload,0
91cec2b0-9d04-4374-a5a0-7f549fd22005,2026-07-19T10:10:18.584976+00:00,ORIG-32553,RCVR-12253,1193.18,Summit Health,Cedar Utilities,IL,TX,362,Payroll,PPD,API,0
441600b5-8f19-4895-a541-276b02b35e45,2026-06-26T02:32:18.584976+00:00,ORIG-82146,RCVR-20526,353.65,Pine Valley Foods,Maple Consulting,GA,OH,1383,Tax payment,CCD,API,0
981ca611-6f03-41f8-b89e-a6ed21e7ef6c,2026-07-06T02:20:18.584976+00:00,ORIG-79236,RCVR-77740,162.08,Harbor Manufacturing,Maple Consulting,WA,CO,76,Bill payment,PPD,File upload,0
e4652be2-56bf-43b4-af68-d5ee4bceb2d6,2026-08-16T20:55:18.584976+00:00,ORIG-50763,RCVR-35699,650.59,Harbor Manufacturing,Avery Johnson,FL,MA,3537,Payroll,PPD,File upload,0
35a43a6a-d679-4be8-9de7-ca912b587252,2026-08-16T05:09:18.584976+00:00,ORIG-65559,RCVR-10549,80.91,Pine Valley Foods,Maple Consulting,WA,OH,2631,Tax payment,CCD,Online banking,0
ce1ceae8-5bbb-4db7-9157-2c4d41237b6e,2026-08-15T12:47:18.584976+00:00,ORIG-36429,RCVR-23767,686.0,Summit Health,Avery Johnson,CA,WA,3074,Direct deposit,WEB,Online banking,0
403b75e2-2328-4a9a-92b2-7e3bd14e84d9,2026-07-09T09:06:18.584976+00:00,ORIG-15975,RCVR-23757,747.7,Summit Health,Brightline Supply,OH,NC,3079,Payroll,WEB,API,0
77b76df6-e536-42e3-9754-3b73eaf4d587,2026-08-11T21:15:18.584976+00:00,ORIG-71165,RCVR-78666,1736.68,Harbor Manufacturing,Cedar Utilities,IL,VA,317,Vendor payment,CCD,Online banking,0
7472bf9b-6f80-4546-b6e7-11a6abeca213,2026-07-21T02:46:18.584976+00:00,ORIG-12966,RCVR-71937,415.37,Pine Valley Foods,Maple Consulting,WA,CO,565,Direct deposit,WEB,File upload,0
dccb0cd8-e490-467e-bd47-e76f1474d072,2026-07-31T05:15:18.584976+00:00,ORIG-65935,RCVR-13603,1934.79,Northstar Services,Maple Consulting,NC,CO,3602,Tax payment,WEB,Branch initiated,0
bd318024-e8b2-48ab-9433-2520baaf4d00,2026-07-28T23:28:18.584976+00:00,ORIG-35947,RCVR-73591,439.6,Harbor Manufacturing,Brightline Supply,CO,OH,30,Vendor payment,CCD,API,0
8899fd7f-937b-4d4f-98f9-deb02de03dff,2026-07-01T21:05:18.584976+00:00,ORIG-75601,RCVR-14125,726.68,Northstar Services,Brightline Supply,MA,NY,1202,Vendor payment,PPD,Online banking,0
5144d106-48dd-4fe7-a5b9-947294592d3c,2026-07-15T21:01:18.584976+00:00,ORIG-61210,RCVR-86687,704.33,Northstar Services,Maple Consulting,FL,CO,2260,Bill payment,CCD,Online banking,0
002c4204-64e6-400d-bae6-3236c888f262,2026-07-08T21:02:18.584976+00:00,ORIG-99474,RCVR-56728,1651.95,Northstar Services,Maple Consulting,NY,VA,148,Bill payment,CCD,Online banking,1
6faa0534-872f-4f8a-93ca-677112f3cc11,2026-08-15T20:30:18.584976+00:00,ORIG-29030,RCVR-60907,393.26,Northstar Services,Avery Johnson,NC,IL,811,Bill payment,PPD,Branch initiated,0
b5c35eec-82b6-4054-b270-347d373d2c03,2026-06-22T19:12:18.584976+00:00,ORIG-46971,RCVR-37771,464.45,Northstar Services,Brightline Supply,IL,FL,3505,Bill payment,WEB,Online banking,0
216ea1c2-6395-40de-b524-256a1b45f31c,2026-08-18T16:57:18.584976+00:00,ORIG-65716,RCVR-88733,927.5,Northstar Services,Avery Johnson,CO,WA,38,Payroll,WEB,Branch initiated,1
be3c24e6-2fbd-4d92-8340-6fa4dfaebae7,2026-07-17T12:47:18.584976+00:00,ORIG-82096,RCVR-60873,579.91,Harbor Manufacturing,Maple Consulting,MA,WA,2737,Tax payment,CCD,Online banking,0
01545826-fd41-497d-a8fd-e9f52fc950e5,2026-07-01T19:05:18.584976+00:00,ORIG-12238,RCVR-25530,259.4,Harbor Manufacturing,Maple Consulting,CA,MA,638,Direct deposit,WEB,File upload,0
06b0aae1-78b3-4d6d-8fc1-e6e7c0dcf7cf,2026-06-28T14:04:18.584976+00:00,ORIG-71926,RCVR-42346,134.02,Harbor Manufacturing,Cedar Utilities,CO,MA,314,Direct deposit,CCD,Online banking,0
9da34663-a3eb-405f-a90f-85ec2d45c993,2026-08-11T21:20:18.584976+00:00,ORIG-83765,RCVR-75241,327.13,Northstar Services,Cedar Utilities,TX,MA,3500,Payroll,WEB,File upload,0
8ebe7df3-394f-4414-ade9-7a3326a0b666,2026-07-09T19:32:18.584976+00:00,ORIG-12472,RCVR-30120,293.32,Harbor Manufacturing,Cedar Utilities,WA,NC,1516,Bill payment,CCD,File upload,0
d84d2b8d-755a-4669-98c5-aa1556689d9e,2026-07-09T04:53:18.584976+00:00,ORIG-67873,RCVR-23336,375.08,Northstar Services,Maple Consulting,MA,CO,3301,Bill payment,WEB,API,0
a7822e86-2f34-4fb7-8d40-5a2ad9a8c881,2026-06-23T11:43:18.584976+00:00,ORIG-18021,RCVR-38378,479.62,Northstar Services,Maple Consulting,NY,VA,3641,Direct deposit,CCD,File upload,0
3c343272-03ac-4079-9526-c91c13a5f25d,2026-07-24T09:22:18.584976+00:00,ORIG-70164,RCVR-98043,107.3,Pine Valley Foods,Maple Consulting,MA,WA,1363,Bill payment,CCD,API,0
a541b840-7ef8-4723-8df7-90a66463ad48,2026-07-15T04:29:18.584976+00:00,ORIG-82745,RCVR-77658,359.41,Harbor Manufacturing,Avery Johnson,NY,FL,559,Payroll,CCD,API,0
6e69df6f-bbf2-4016-a928-45bbbe4775a0,2026-07-17T12:22:18.584976+00:00,ORIG-18860,RCVR-37069,324.1,Harbor Manufacturing,Brightline Supply,FL,NY,568,Bill payment,WEB,Online banking,0
0c4c657a-aada-4bf8-8f5d-43d9d124e43f,2026-07-03T16:50:18.584976+00:00,ORIG-89610,RCVR-16831,890.76,Summit Health,Avery Johnson,OH,NY,2145,Direct deposit,WEB,API,0
74cf0490-536e-49f7-a5ec-dfd5932dcb89,2026-08-04T19:12:18.584976+00:00,ORIG-40843,RCVR-44040,1320.65,Northstar Services,Cedar Utilities,MA,MA,3419,Tax payment,PPD,API,0
6844faef-f2ac-4faa-9ef7-846567df6cdb,2026-06-29T06:27:18.584976+00:00,ORIG-88142,RCVR-68900,677.78,Summit Health,Cedar Utilities,CO,MA,2794,Bill payment,CCD,API,0
ffcecb8f-a1d7-440e-a8d4-7f8ddc860ea8,2026-07-08T17:41:18.584976+00:00,ORIG-54433,RCVR-55123,369.17,Harbor Manufacturing,Brightline Supply,NY,NY,2887,Payroll,PPD,File upload,0
b7ee52c8-d57b-40fc-b651-abb90ea1df8e,2026-07-03T21:18:18.584976+00:00,ORIG-37532,RCVR-62748,577.6,Pine Valley Foods,Maple Consulting,FL,NY,2894,Vendor payment,PPD,Branch initiated,0
bb38d911-8f99-431d-976b-e059c2dd9f10,2026-08-07T10:51:18.584976+00:00,ORIG-70920,RCVR-58626,220.14,Summit Health,Maple Consulting,CO,CO,3194,Bill payment,PPD,API,0
5bcea88a-92cf-48f5-aa76-02f62118e445,2026-07-02T09:51:18.584976+00:00,ORIG-82415,RCVR-62972,655.32,Pine Valley Foods,Avery Johnson,IL,IL,740,Direct deposit,WEB,File upload,0
5a931305-6db0-4be2-b650-99aba90b0060,2026-08-19T14:05:18.584976+00:00,ORIG-98946,RCVR-62103,634.71,Harbor Manufacturing,Maple Consulting,IL,FL,1847,Direct deposit,PPD,Branch initiated,0
5f9fc8d4-d2fe-4928-9db2-6d013f28b01a,2026-08-13T12:52:18.584976+00:00,ORIG-15156,RCVR-54883,288.56,Northstar Services,Avery Johnson,GA,NY,758,Direct deposit,CCD,Online banking,0
e5326c96-00e8-4907-b621-70731c2c5c14,2026-07-26T09:33:18.584976+00:00,ORIG-67746,RCVR-30959,360.22,Harbor Manufacturing,Maple Consulting,GA,CO,2276,Payroll,WEB,Online banking,0
7573fba6-2466-4cf5-99d0-e7fedceadbec,2026-06-30T14:58:18.584976+00:00,ORIG-52611,RCVR-44093,6191.6,Northstar Services,Brightline Supply,NC,FOREIGN,157,Tax payment,WEB,Online banking,1
adf91e00-3bf5-4394-84db-a453a03e16a5,2026-06-26T21:50:18.584976+00:00,ORIG-26675,RCVR-70557,144.99,Pine Valley Foods,Maple Consulting,TX,GA,3369,Direct deposit,PPD,Online banking,0
f8df1f3a-7275-4ca5-b2cd-c6d791bb92e3,2026-08-16T12:09:18.584976+00:00,ORIG-17798,RCVR-26441,339.56,Summit Health,Maple Consulting,TX,NC,3377,Vendor payment,CCD,File upload,0
0d089b91-cb72-45c7-b0ea-9ea7ea3b4eef,2026-07-01T12:30:18.584976+00:00,ORIG-87085,RCVR-74127,409.96,Harbor Manufacturing,Cedar Utilities,MA,GA,1236,Payroll,CCD,File upload,0
2c8abf5e-765f-4e90-8237-4f4093902247,2026-07-18T18:39:18.584976+00:00,ORIG-15845,RCVR-81518,686.11,Northstar Services,Avery Johnson,CA,FL,705,Tax payment,PPD,Online banking,0
188a3cd9-0af8-4ffc-ad74-44b7113f28de,2026-08-13T18:37:18.584976+00:00,ORIG-91224,RCVR-14269,757.94,Harbor Manufacturing,Cedar Utilities,IL,GA,2397,Vendor payment,PPD,File upload,0
61ff4456-003c-46e1-8651-a9eb214c0334,2026-07-20T03:10:18.584976+00:00,ORIG-32716,RCVR-10859,333.25,Pine Valley Foods,Brightline Supply,GA,GA,3318,Bill payment,WEB,File upload,0
350f5d44-ab49-48b7-b3f4-2a6032b8cd16,2026-07-20T12:53:18.584976+00:00,ORIG-91027,RCVR-39654,184.57,Harbor Manufacturing,Cedar Utilities,CA,CO,138,Vendor payment,CCD,API,0
3b6d1d78-1e38-494f-97ca-6ed0b87d6257,2026-07-01T09:24:18.584976+00:00,ORIG-37282,RCVR-91760,251.68,Pine Valley Foods,Brightline Supply,IL,WA,3482,Vendor payment,CCD,Branch initiated,0
62795e79-d71b-4d25-addb-0dc9e00bdda6,2026-06-27T23:01:18.584976+00:00,ORIG-13493,RCVR-55458,268.69,Pine Valley Foods,Avery Johnson,CA,OH,664,Tax payment,PPD,Online banking,0
e56484ce-b323-4547-a294-6dbc6c89712b,2026-07-21T12:17:18.584976+00:00,ORIG-90180,RCVR-88793,210.78,Pine Valley Foods,Avery Johnson,NC,MA,2035,Direct deposit,PPD,Online banking,0
b18d4d8c-fddd-414a-bcc3-da61ece13568,2026-07-10T00:03:18.584976+00:00,ORIG-30978,RCVR-18593,65.63,Northstar Services,Maple Consulting,MA,IL,1100,Payroll,WEB,Online banking,0
c3d795f0-5811-4dbb-8e47-2383dc8be93a,2026-07-11T01:30:18.584976+00:00,ORIG-27359,RCVR-33699,198.82,Summit Health,Maple Consulting,CO,TX,1974,Bill payment,PPD,File upload,0
b0ab8e8a-8f7c-48b3-b188-88fadf482e2b,2026-08-09T04:37:18.584976+00:00,ORIG-51746,RCVR-29810,93.26,Summit Health,Cedar Utilities,IL,NY,583,Payroll,WEB,Online banking,0
147e6ac2-1c91-4654-b86d-f5fc5ecf9e01,2026-07-11T00:34:18.584976+00:00,ORIG-10591,RCVR-84852,306.33,Pine Valley Foods,Cedar Utilities,GA,CA,252,Vendor payment,PPD,File upload,0
a7e5fff5-964c-4edb-a5db-ea30dcb4f31c,2026-08-15T03:18:18.584976+00:00,ORIG-56481,RCVR-11301,140.9,Harbor Manufacturing,Avery Johnson,GA,MA,573,Payroll,WEB,API,0
f9b4291d-3c1d-43a6-9386-3a5885d79455,2026-07-24T14:11:18.584976+00:00,ORIG-67883,RCVR-73584,185.0,Summit Health,Brightline Supply,CA,OH,521,Bill payment,WEB,File upload,0
3e27ac07-2333-4721-842b-abc2db1cb649,2026-08-08T21:40:18.584976+00:00,ORIG-81467,RCVR-40967,706.41,Harbor Manufacturing,Cedar Utilities,CO,OH,450,Tax payment,PPD,File upload,0
348f0f0e-e09e-40d3-a2c2-633fc442dfb2,2026-08-20T04:15:18.584976+00:00,ORIG-74571,RCVR-15432,1109.48,Summit Health,Maple Consulting,OH,NY,814,Vendor payment,PPD,File upload,0
8baa44ce-a0db-499e-9d76-124ad8e677b0,2026-06-28T05:59:18.584976+00:00,ORIG-56437,RCVR-22487,180.04,Harbor Manufacturing,Avery Johnson,OH,NC,2225,Bill payment,CCD,Online banking,0
79ed9365-47f3-48bf-aca1-daf138d7f446,2026-07-04T13:02:18.584976+00:00,ORIG-79113,RCVR-79521,987.5,Pine Valley Foods,Brightline Supply,OH,MA,1792,Direct deposit,PPD,Online banking,0
d4e63189-9007-417d-9412-d99785908a11,2026-08-05T04:57:18.584976+00:00,ORIG-62153,RCVR-73210,81.91,Pine Valley Foods,Brightline Supply,OH,IL,164,Bill payment,WEB,Online banking,1
f810c392-766a-47d6-8e65-ef6063e11925,2026-06-28T13:12:18.584976+00:00,ORIG-32624,RCVR-34060,814.79,Harbor Manufacturing,Avery Johnson,OH,FL,1446,Direct deposit,PPD,File upload,0
303ed336-13ac-4066-b650-dd1571afe1d3,2026-07-24T13:23:18.584976+00:00,ORIG-34733,RCVR-87199,496.08,Harbor Manufacturing,Brightline Supply,OH,NC,696,Vendor payment,PPD,Branch initiated,0
7c986749-264f-446c-aa3f-43fc60fc3bad,2026-08-12T22:00:18.584976+00:00,ORIG-87859,RCVR-11500,180.17,Northstar Services,Maple Consulting,TX,FL,1818,Payroll,PPD,Online banking,0
844f7bec-e1e3-4f66-b59c-2292251fdf76,2026-08-20T19:56:18.584976+00:00,ORIG-86115,RCVR-57357,185.86,Summit Health,Brightline Supply,MA,CA,1169,Payroll,PPD,File upload,0
1a60e16f-d799-4d85-aae1-a32d8629ddab,2026-06-25T22:02:18.584976+00:00,ORIG-85356,RCVR-38784,840.22,Pine Valley Foods,Cedar Utilities,WA,CO,729,Vendor payment,PPD,Online banking,0
c2c55da3-36fa-48e2-878d-33439263dd0b,2026-07-09T15:33:18.584976+00:00,ORIG-60111,RCVR-10758,165.34,Northstar Services,Maple Consulting,TX,GA,154,Bill payment,CCD,Online banking,0
2f7fe8d9-fd7c-4347-a1b6-7c96c359882c,2026-08-10T18:13:18.584976+00:00,ORIG-17194,RCVR-72128,337.12,Summit Health,Brightline Supply,WA,NC,2155,Bill payment,PPD,Online banking,0
641ee2e8-9ec5-483f-bae4-d1b95a351fa6,2026-07-22T05:16:18.584976+00:00,ORIG-45569,RCVR-65529,1381.31,Northstar Services,Maple Consulting,FL,GA,3513,Vendor payment,WEB,Online banking,0
a2d61924-b2db-4f0c-a747-ad098532f237,2026-08-02T19:26:18.584976+00:00,ORIG-94268,RCVR-90900,635.04,Harbor Manufacturing,Cedar Utilities,CO,CA,1132,Bill payment,PPD,Branch initiated,0
36f4834b-d8a0-47d6-b1a4-6fb87daee29f,2026-08-02T22:56:18.584976+00:00,ORIG-96309,RCVR-60903,707.02,Harbor Manufacturing,Maple Consulting,NY,NY,2838,Vendor payment,CCD,API,0
4de6de14-baa6-42cc-827b-d976eb73ac31,2026-08-04T11:08:18.584976+00:00,ORIG-66173,RCVR-19104,431.06,Summit Health,Cedar Utilities,CA,IL,356,Direct deposit,WEB,API,0
015dd991-1a15-4f75-835d-427b6c352b63,2026-08-03T16:04:18.584976+00:00,ORIG-15397,RCVR-32111,366.51,Harbor Manufacturing,Brightline Supply,WA,FL,1096,Payroll,CCD,Online banking,0
c108781a-32df-456c-adf5-0a2aa45cc23c,2026-07-27T09:34:18.584976+00:00,ORIG-75664,RCVR-60950,703.95,Harbor Manufacturing,Maple Consulting,MA,GA,925,Direct deposit,PPD,Online banking,0
6af47bba-fa60-4d3a-a7ad-b473a4317ed7,2026-06-30T04:03:18.584976+00:00,ORIG-32669,RCVR-35933,510.62,Summit Health,Cedar Utilities,WA,NY,3040,Bill payment,PPD,Online banking,0
bc5320ad-759e-4fd5-9644-1aa5258737bb,2026-07-26T12:01:18.584976+00:00,ORIG-12097,RCVR-14260,427.78,Pine Valley Foods,Maple Consulting,TX,TX,1752,Payroll,CCD,API,0
b074a72c-a606-469a-9585-bd1ea194e643,2026-06-22T21:54:18.584976+00:00,ORIG-48482,RCVR-39114,237.16,Summit Health,Cedar Utilities,WA,CO,1624,Direct deposit,PPD,API,0
4d9a62e7-bb5f-4953-bcb7-3d0f2d087557,2026-07-10T18:26:18.584976+00:00,ORIG-43607,RCVR-64276,588.19,Summit Health,Brightline Supply,MA,NC,959,Direct deposit,WEB,Branch initiated,0
ac042581-d57f-4f02-a430-ed728dbc9e74,2026-08-14T17:48:18.584976+00:00,ORIG-21420,RCVR-78087,363.53,Harbor Manufacturing,Avery Johnson,IL,WA,2364,Payroll,PPD,File upload,0
483aefc5-70c3-41bc-89c6-d38a12ed1bce,2026-07-23T19:30:18.584976+00:00,ORIG-95172,RCVR-83675,283.26,Summit Health,Avery Johnson,WA,NY,1689,Direct deposit,PPD,Online banking,0
5df26e7c-198a-4137-b181-4ea22df4a99f,2026-08-17T12:44:18.584976+00:00,ORIG-44997,RCVR-65680,124.32,Pine Valley Foods,Brightline Supply,GA,NY,1804,Vendor payment,PPD,File upload,0
c19a44b9-66af-4a69-a4cf-4875e85f0cf8,2026-07-08T23:33:18.584976+00:00,ORIG-27778,RCVR-33990,179.38,Pine Valley Foods,Maple Consulting,CO,OH,2355,Bill payment,PPD,API,0
d3b30a02-06ab-4135-94f6-5f487f8e93a7,2026-07-05T06:13:18.584976+00:00,ORIG-66479,RCVR-53135,1317.12,Pine Valley Foods,Cedar Utilities,VA,OH,193,Direct deposit,CCD,File upload,0
1afb910f-4409-4841-bacd-a4e15203e936,2026-06-29T17:31:18.584976+00:00,ORIG-32172,RCVR-77506,1165.79,Summit Health,Maple Consulting,IL,VA,3476,Payroll,WEB,API,0
7618f0c7-7e07-4949-8d4b-a4f1325a63e8,2026-06-29T21:06:18.584976+00:00,ORIG-69691,RCVR-17691,1719.68,Harbor Manufacturing,Maple Consulting,CO,WA,2234,Direct deposit,WEB,File upload,0
0b956322-2695-4370-a77c-58304faa62ca,2026-08-18T03:30:18.584976+00:00,ORIG-18020,RCVR-19139,5698.3,Summit Health,Brightline Supply,GA,FL,3605,Payroll,CCD,Online banking,0
4df185f7-1ef4-420b-8460-c30bead2a40e,2026-06-29T00:58:18.584976+00:00,ORIG-20497,RCVR-98198,226.36,Pine Valley Foods,Maple Consulting,OH,TX,2879,Bill payment,PPD,File upload,0
465310fe-9d25-498e-b1ad-a5627a19d8fb,2026-07-30T14:39:18.584976+00:00,ORIG-10796,RCVR-79978,479.15,Summit Health,Cedar Utilities,NY,WA,2407,Bill payment,PPD,Online banking,0
70a96038-c952-4bfa-b7d9-7d46a818070e,2026-06-28T00:38:18.584976+00:00,ORIG-21416,RCVR-98417,460.89,Pine Valley Foods,Cedar Utilities,VA,GA,1158,Bill payment,WEB,API,0
d94ada34-96be-460b-8851-403768114880,2026-07-13T18:09:18.584976+00:00,ORIG-33544,RCVR-18324,214.59,Harbor Manufacturing,Maple Consulting,NC,TX,2489,Tax payment,PPD,Branch initiated,0
b436226f-eacb-464c-923e-a0843209338f,2026-07-27T03:15:18.584976+00:00,ORIG-46429,RCVR-96335,1298.88,Pine Valley Foods,Avery Johnson,OH,WA,2843,Payroll,CCD,File upload,0
1a807416-e234-4dd2-8521-13d9fb34cbc2,2026-08-10T16:35:18.584976+00:00,ORIG-60641,RCVR-93101,774.49,Summit Health,Cedar Utilities,OH,CA,1409,Tax payment,WEB,File upload,0
c82e5150-d2f1-440a-891d-912457ffbb5b,2026-08-16T03:18:18.584976+00:00,ORIG-86142,RCVR-96267,306.24,Pine Valley Foods,Avery Johnson,VA,IL,1840,Payroll,PPD,API,0
1a79daca-8f82-4b1c-9252-15ac11ab40e2,2026-06-27T07:46:18.584976+00:00,ORIG-49104,RCVR-15574,184.31,Summit Health,Avery Johnson,NC,VA,2211,Payroll,WEB,API,0
50a12ce0-d88e-4f8b-83e5-ab35db3f40d5,2026-08-14T21:11:18.584976+00:00,ORIG-79296,RCVR-31706,941.75,Summit Health,Brightline Supply,NC,FL,3413,Bill payment,WEB,Online banking,0
61815305-cdab-4305-8646-1f8a6285bee9,2026-08-18T02:31:18.584976+00:00,ORIG-29307,RCVR-77677,567.78,Harbor Manufacturing,Brightline Supply,CA,NY,1130,Payroll,PPD,Online banking,0
009dcdcd-33fa-4b96-8e91-89f1d8a2e629,2026-08-20T15:42:18.584976+00:00,ORIG-24723,RCVR-88622,181.11,Summit Health,Avery Johnson,TX,VA,1607,Vendor payment,PPD,API,0
984a21d8-2e45-480e-aa83-768fb2ed1d38,2026-07-03T13:50:18.584976+00:00,ORIG-91906,RCVR-25734,984.65,Summit Health,Avery Johnson,CA,GA,1727,Vendor payment,WEB,Branch initiated,0
6606bbba-404c-4e9f-b6b4-c5b864ebb1f4,2026-07-27T18:32:18.584976+00:00,ORIG-87969,RCVR-60002,258.08,Pine Valley Foods,Cedar Utilities,GA,MA,3366,Direct deposit,PPD,Online banking,0
42f0a515-371a-46bd-b8c4-285d4dab3c38,2026-08-19T20:33:18.584976+00:00,ORIG-96212,RCVR-28691,557.77,Harbor Manufacturing,Brightline Supply,IL,VA,1672,Tax payment,PPD,API,0
c6bf7472-7e9e-4a4a-b2be-5e7652090f88,2026-08-06T15:14:18.584976+00:00,ORIG-42590,RCVR-11173,469.24,Pine Valley Foods,Cedar Utilities,NY,MA,3345,Payroll,PPD,API,0
84f4e4dc-2bf0-4ecc-9ee0-0fde361b1979,2026-06-22T18:39:18.584976+00:00,ORIG-48488,RCVR-41756,520.5,Summit Health,Cedar Utilities,CA,FL,1455,Vendor payment,WEB,File upload,0
2da4bdf2-151d-41ba-aa56-1610be18bbfb,2026-07-28T13:35:18.584976+00:00,ORIG-79833,RCVR-67621,409.57,Harbor Manufacturing,Cedar Utilities,CO,WA,1444,Tax payment,CCD,Branch initiated,0
e69c26b3-2396-411c-9d59-acc266097598,2026-07-29T05:02:18.584976+00:00,ORIG-62437,RCVR-63885,149.14,Pine Valley Foods,Brightline Supply,IL,WA,1900,Tax payment,WEB,Branch initiated,0
812f856b-19d4-4ef5-9097-1c5f67b91eeb,2026-07-14T17:44:18.584976+00:00,ORIG-58867,RCVR-86215,522.97,Harbor Manufacturing,Maple Consulting,CO,FL,3067,Payroll,CCD,Online banking,0
ca0a3ae5-dd25-4350-aaa3-005f73be499c,2026-07-04T02:50:18.584976+00:00,ORIG-83882,RCVR-91249,314.71,Pine Valley Foods,Avery Johnson,FL,NC,1860,Tax payment,WEB,Online banking,0
55c7087e-6d5b-4a30-873b-14e47e2d4faf,2026-08-03T15:17:18.584976+00:00,ORIG-87333,RCVR-88750,92.4,Pine Valley Foods,Brightline Supply,NC,TX,3011,Direct deposit,CCD,API,0
c64c81ab-3128-4e40-949d-69639c8ecab7,2026-07-09T14:52:18.584976+00:00,ORIG-34548,RCVR-58780,287.19,Summit Health,Avery Johnson,NY,TX,2153,Vendor payment,PPD,API,0
500909e3-5943-4c35-8a14-ff52d663afb7,2026-07-28T23:08:18.584976+00:00,ORIG-52909,RCVR-36233,242.68,Pine Valley Foods,Avery Johnson,GA,CO,42,Payroll,PPD,File upload,0
0a5411dd-6e83-435a-bcbd-3398e9ec62f8,2026-07-25T11:51:18.584976+00:00,ORIG-71133,RCVR-62284,939.38,Pine Valley Foods,Avery Johnson,VA,VA,2672,Vendor payment,PPD,File upload,0
d653d008-ae83-4b04-b795-9f8ce70a3e10,2026-06-30T12:21:18.584976+00:00,ORIG-12186,RCVR-36755,118.21,Summit Health,Cedar Utilities,IL,CO,2228,Direct deposit,PPD,Online banking,0
d1ae62c6-5d64-4900-8f73-6ce29e91586e,2026-06-26T01:35:18.584976+00:00,ORIG-97996,RCVR-60298,1029.16,Harbor Manufacturing,Brightline Supply,VA,MA,2858,Vendor payment,CCD,Branch initiated,0
c86865f7-6326-4ff5-9e5d-57b0fae50a34,2026-07-21T20:39:18.584976+00:00,ORIG-29835,RCVR-17289,306.92,Pine Valley Foods,Brightline Supply,WA,VA,2337,Direct deposit,CCD,Online banking,0
fdea078a-b344-4ed8-8135-71f90f4892e4,2026-08-11T12:59:18.584976+00:00,ORIG-91322,RCVR-62517,1546.62,Pine Valley Foods,Avery Johnson,IL,OH,1649,Tax payment,PPD,File upload,0
d7ca4d20-fc88-4679-8577-5d9f88236b9b,2026-08-13T02:24:18.584976+00:00,ORIG-92306,RCVR-10364,63.97,Summit Health,Maple Consulting,MA,GA,1765,Tax payment,CCD,Branch initiated,0
529cb825-1943-49ef-9eb2-156d595530b9,2026-08-06T22:23:18.584976+00:00,ORIG-94142,RCVR-48060,398.01,Northstar Services,Cedar Utilities,VA,WA,671,Bill payment,PPD,Branch initiated,0
396a11bd-2d29-48a0-955c-0393e5a935a8,2026-06-22T02:00:18.584976+00:00,ORIG-51385,RCVR-63045,130.18,Northstar Services,Avery Johnson,VA,TX,806,Vendor payment,PPD,API,0
ec31780f-ddf2-4912-bb71-857747acbeaf,2026-07-20T00:44:18.584976+00:00,ORIG-85444,RCVR-96932,203.93,Pine Valley Foods,Avery Johnson,NC,CO,2549,Tax payment,WEB,File upload,0
484dc2a5-05e2-4044-9728-8034dc5ba97b,2026-06-28T01:53:18.584976+00:00,ORIG-37520,RCVR-70243,293.53,Northstar Services,Brightline Supply,NY,GA,1205,Bill payment,CCD,File upload,0
661140dc-8d07-4a69-8f22-529458b3d328,2026-07-25T18:22:18.584976+00:00,ORIG-74668,RCVR-66525,804.72,Northstar Services,Maple Consulting,CA,IL,3549,Vendor payment,PPD,Online banking,0
cae63f0c-0515-4d92-9164-9b3a5834dd45,2026-08-14T20:59:18.584976+00:00,ORIG-71660,RCVR-64203,1003.42,Harbor Manufacturing,Avery Johnson,CA,WA,3223,Direct deposit,WEB,Online banking,0
a474dca7-5c86-476b-8296-93a1ed53d436,2026-07-01T02:54:18.584976+00:00,ORIG-73349,RCVR-41312,174.76,Pine Valley Foods,Cedar Utilities,MA,CO,790,Bill payment,PPD,API,0
80e6f505-5c36-419a-8665-178ac26fc2c1,2026-08-14T04:11:18.584976+00:00,ORIG-10190,RCVR-55129,1867.1,Harbor Manufacturing,Avery Johnson,MA,OH,1316,Direct deposit,CCD,Online banking,0
434966ac-9b0d-44f0-b6ad-7f2559276008,2026-06-25T11:55:18.584976+00:00,ORIG-88941,RCVR-97347,128.07,Northstar Services,Maple Consulting,MA,GA,1938,Payroll,PPD,Online banking,0
bf0f8370-3b38-4470-9b5d-cdc7e8a540f2,2026-06-28T08:20:18.584976+00:00,ORIG-50826,RCVR-51803,473.34,Harbor Manufacturing,Avery Johnson,CA,WA,2412,Direct deposit,CCD,File upload,0
8043970d-5e0d-46b6-8551-e1fcb2c6ff9f,2026-08-17T05:18:18.584976+00:00,ORIG-82703,RCVR-62342,627.74,Harbor Manufacturing,Avery Johnson,MA,OH,52,Vendor payment,CCD,Online banking,0
cf1f96f7-8b91-4ccd-8225-b382f9051f7e,2026-06-26T12:06:18.584976+00:00,ORIG-47025,RCVR-67321,623.4,Pine Valley Foods,Brightline Supply,CO,NC,1712,Vendor payment,PPD,Online banking,0
d0ce0a14-b042-48d4-a3b0-f9d16ceea559,2026-08-03T13:41:18.584976+00:00,ORIG-44556,RCVR-12708,390.4,Northstar Services,Maple Consulting,NY,IL,2480,Tax payment,CCD,Branch initiated,0
96de9c9d-95c5-427c-a00a-4af4c677b8ee,2026-08-16T23:30:18.584976+00:00,ORIG-25398,RCVR-88575,190.95,Northstar Services,Cedar Utilities,CA,VA,412,Payroll,CCD,API,0
7e036afb-1ca2-4f77-8542-a6f1c8a03f27,2026-07-01T11:14:18.584976+00:00,ORIG-31365,RCVR-62342,507.24,Pine Valley Foods,Brightline Supply,CA,MA,2689,Direct deposit,PPD,Online banking,0
6aa4ba33-0084-4d90-9b25-8ce49896a606,2026-07-10T10:54:18.584976+00:00,ORIG-29233,RCVR-12371,515.14,Harbor Manufacturing,Brightline Supply,VA,FL,30,Direct deposit,CCD,Branch initiated,0
0e41a119-dab8-4ad1-b1fa-542857cb89ef,2026-07-18T18:42:18.584976+00:00,ORIG-17432,RCVR-79707,138.79,Pine Valley Foods,Brightline Supply,IL,NY,3372,Tax payment,WEB,Online banking,0
aa1d6bb5-1ac7-4437-af7a-df00100ee7d1,2026-07-29T15:43:18.584976+00:00,ORIG-60788,RCVR-63500,218.79,Pine Valley Foods,Maple Consulting,NC,NY,3110,Tax payment,CCD,Branch initiated,0
5302c975-a897-4111-8676-337247c878fe,2026-07-18T18:50:18.584976+00:00,ORIG-60379,RCVR-19656,159.63,Harbor Manufacturing,Avery Johnson,CA,FL,2277,Direct deposit,PPD,Online banking,0
1e168583-6f14-4de4-9bf1-ee1850e10ca6,2026-07-16T12:18:18.584976+00:00,ORIG-16793,RCVR-61559,338.53,Pine Valley Foods,Avery Johnson,CA,MA,3398,Payroll,CCD,Online banking,0
23bbfc4d-d074-4637-a71e-5ebf9e025eb8,2026-07-03T12:42:18.584976+00:00,ORIG-93006,RCVR-66221,593.8,Harbor Manufacturing,Avery Johnson,CO,VA,46,Vendor payment,WEB,Online banking,0
0fa522ee-48e3-49a1-8f01-7407762c923c,2026-08-10T02:07:18.584976+00:00,ORIG-41097,RCVR-93767,337.63,Northstar Services,Brightline Supply,CA,WA,1076,Bill payment,PPD,API,0
243f6a36-7f81-4126-ba18-69f6a8ed37b1,2026-07-09T23:26:18.584976+00:00,ORIG-88309,RCVR-58059,696.21,Pine Valley Foods,Avery Johnson,TX,NY,1609,Payroll,PPD,API,0
bd39a74f-31e4-4f51-bc07-82a7b9194ee9,2026-07-03T07:09:18.584976+00:00,ORIG-55720,RCVR-74618,262.73,Harbor Manufacturing,Cedar Utilities,FL,NY,2583,Tax payment,PPD,Online banking,0
4b779d40-2b8e-4c35-b5d6-2ab77c3893b2,2026-07-25T20:04:18.584976+00:00,ORIG-47396,RCVR-53172,533.23,Pine Valley Foods,Avery Johnson,TX,IL,2440,Direct deposit,CCD,API,0
a5009b1d-76ea-41a8-88a0-02ee48d927ab,2026-07-03T16:00:18.584976+00:00,ORIG-62184,RCVR-63234,600.48,Pine Valley Foods,Brightline Supply,IL,MA,613,Payroll,CCD,API,0
d3e05831-d4a7-481d-a1cc-1dcb989fd0e9,2026-08-16T02:09:18.584976+00:00,ORIG-11582,RCVR-40767,263.85,Summit Health,Avery Johnson,NC,NC,1835,Payroll,CCD,Online banking,0
13b798bc-11cd-4c30-97f9-a9dd241cc261,2026-06-23T13:37:18.584976+00:00,ORIG-12101,RCVR-27181,405.55,Pine Valley Foods,Cedar Utilities,NC,NC,1535,Vendor payment,WEB,Online banking,0
6c5502af-2d31-461c-99c6-88d8ec45bec7,2026-07-11T16:37:18.584976+00:00,ORIG-21818,RCVR-65464,314.13,Summit Health,Avery Johnson,WA,VA,2158,Direct deposit,WEB,Online banking,0
179d685e-96c8-49b6-b5e2-2d0203cbd1d7,2026-08-09T02:47:18.584976+00:00,ORIG-37418,RCVR-42151,364.68,Harbor Manufacturing,Cedar Utilities,IL,CO,2908,Direct deposit,CCD,File upload,0
cab14822-ddaa-49b1-be57-c19e855d5b41,2026-07-18T14:19:18.584976+00:00,ORIG-71281,RCVR-86483,559.33,Northstar Services,Cedar Utilities,VA,MA,3013,Payroll,WEB,Branch initiated,0
daf09e2b-9422-4ce2-b72a-8db74396bee4,2026-06-23T20:26:18.584976+00:00,ORIG-49366,RCVR-63033,60.11,Pine Valley Foods,Maple Consulting,NC,NC,2270,Vendor payment,PPD,File upload,0
adf4ea3b-d2b7-4195-b04c-262f1fafaba4,2026-06-26T13:52:18.584976+00:00,ORIG-83343,RCVR-70293,297.52,Summit Health,Avery Johnson,VA,VA,3164,Vendor payment,PPD,Branch initiated,0
05d647b0-e667-4b68-91d8-a31ac99a93e0,2026-07-08T07:41:18.584976+00:00,ORIG-81049,RCVR-44781,624.64,Pine Valley Foods,Avery Johnson,WA,CO,762,Vendor payment,PPD,API,0
5ca15211-d760-4a81-a48d-79b122c8522a,2026-07-12T11:42:18.584976+00:00,ORIG-28829,RCVR-89128,616.93,Summit Health,Brightline Supply,GA,GA,2318,Direct deposit,CCD,Online banking,0
f0777cdd-6279-4658-9f17-af738ca7ce60,2026-08-03T22:03:18.584976+00:00,ORIG-41466,RCVR-31478,129.71,Summit Health,Maple Consulting,FL,MA,2675,Vendor payment,CCD,Online banking,0
09a9704e-e5d3-4a7e-b18a-3e8885a5765d,2026-07-08T18:19:18.584976+00:00,ORIG-30899,RCVR-39338,187.61,Harbor Manufacturing,Brightline Supply,TX,WA,748,Payroll,WEB,Online banking,0
e8b58701-d3e3-448a-a6a8-ec7ecb780788,2026-08-20T20:11:18.584976+00:00,ORIG-39878,RCVR-32962,400.45,Harbor Manufacturing,Cedar Utilities,TX,GA,2422,Tax payment,PPD,File upload,0
6fd1d33c-39c6-4a11-af8a-c9cde3d3ff92,2026-08-20T00:37:18.584976+00:00,ORIG-52084,RCVR-21023,533.81,Harbor Manufacturing,Cedar Utilities,NY,MA,1595,Payroll,CCD,Online banking,0
9654ceaf-16d8-4cc4-bb49-d1a75d7744bf,2026-06-30T02:48:18.584976+00:00,ORIG-36442,RCVR-82235,333.04,Pine Valley Foods,Avery Johnson,TX,CO,1009,Vendor payment,WEB,Online banking,0
dbc2b7cb-3b4a-4e44-90f9-0c50371fdd7d,2026-07-12T11:40:18.584976+00:00,ORIG-26814,RCVR-74587,382.39,Summit Health,Maple Consulting,WA,FL,310,Direct deposit,WEB,API,0
47ddc5ee-e290-46ff-b126-3c9001f19661,2026-08-17T18:42:18.584976+00:00,ORIG-72671,RCVR-13706,223.69,Summit Health,Avery Johnson,NC,IL,977,Direct deposit,PPD,Online banking,0
98c3ead9-2f27-4951-b38c-4c0468f1b096,2026-07-23T08:18:18.584976+00:00,ORIG-27730,RCVR-92598,358.04,Harbor Manufacturing,Avery Johnson,OH,IL,2983,Payroll,PPD,File upload,0
1bbdd891-b915-4590-a378-cc39dc2a7eb5,2026-07-27T06:06:18.584976+00:00,ORIG-72028,RCVR-58080,1232.3,Pine Valley Foods,Maple Consulting,VA,NC,146,Payroll,TEL,File upload,1
08031df2-05df-4e69-b23a-4a8c8aa60d25,2026-08-19T14:21:18.584976+00:00,ORIG-63062,RCVR-35022,243.16,Harbor Manufacturing,Maple Consulting,GA,WA,1292,Tax payment,CCD,API,0
396a2c26-2b3a-4748-b230-2d5a6d3533b0,2026-08-01T20:12:18.584976+00:00,ORIG-84807,RCVR-99049,1206.41,Summit Health,Cedar Utilities,GA,TX,318,Bill payment,WEB,Branch initiated,0
d4fe49e4-78a8-4252-b849-298410457cb2,2026-07-05T18:55:18.584976+00:00,ORIG-91293,RCVR-51286,1301.95,Harbor Manufacturing,Avery Johnson,TX,WA,3280,Vendor payment,PPD,File upload,0
7eaa231d-f494-4b53-9a14-a22a59e0d528,2026-07-12T02:53:18.584976+00:00,ORIG-39154,RCVR-87395,795.46,Harbor Manufacturing,Maple Consulting,FL,FL,3608,Tax payment,WEB,Online banking,0
a5206e77-9a12-4b72-b522-6159a89ad81b,2026-08-11T08:34:18.584976+00:00,ORIG-54490,RCVR-39881,615.77,Harbor Manufacturing,Avery Johnson,IL,OH,2865,Vendor payment,PPD,Branch initiated,0
563951b3-093f-4bfd-9db2-b1536f7e3086,2026-06-28T00:09:18.584976+00:00,ORIG-75235,RCVR-49344,196.74,Pine Valley Foods,Brightline Supply,WA,IL,3059,Tax payment,WEB,API,0
5c984745-5021-4651-8bdd-28c3a9321ebd,2026-07-05T02:57:18.584976+00:00,ORIG-26877,RCVR-36873,950.0,Summit Health,Maple Consulting,OH,FL,1590,Tax payment,PPD,Online banking,0
b64eae58-d626-44a2-91ec-935425cb94b9,2026-08-13T20:11:18.584976+00:00,ORIG-43478,RCVR-85436,150.03,Harbor Manufacturing,Maple Consulting,GA,WA,2357,Tax payment,WEB,Branch initiated,0
e8818a7a-3646-4e1a-85dc-0f641aefee27,2026-07-27T04:26:18.584976+00:00,ORIG-77543,RCVR-66148,618.03,Summit Health,Cedar Utilities,VA,MA,791,Tax payment,PPD,Branch initiated,0
99f0e44f-e794-45fe-8e1f-182b04f51c88,2026-06-25T08:06:18.584976+00:00,ORIG-36388,RCVR-61769,933.58,Northstar Services,Avery Johnson,NY,FL,1575,Direct deposit,PPD,Online banking,0
afd944e3-bc1e-42cb-8e5c-864a73639e19,2026-07-13T17:49:18.584976+00:00,ORIG-68932,RCVR-99703,210.22,Summit Health,Cedar Utilities,MA,WA,2143,Direct deposit,CCD,Online banking,0
3add21e4-38ca-42b9-addd-b51557fdb3e7,2026-07-19T05:23:18.584976+00:00,ORIG-32563,RCVR-43392,309.82,Summit Health,Maple Consulting,MA,CO,2136,Direct deposit,WEB,File upload,0
015ecd79-2948-4ea5-9616-550e04845cfd,2026-07-25T08:24:18.584976+00:00,ORIG-64358,RCVR-60150,309.21,Harbor Manufacturing,Cedar Utilities,MA,CO,1053,Bill payment,CCD,Online banking,0
f0eff2e7-5a6c-4ef2-9466-897664ef7545,2026-07-05T05:21:18.584976+00:00,ORIG-10647,RCVR-28837,619.48,Pine Valley Foods,Brightline Supply,NY,IL,1746,Payroll,WEB,File upload,0
a0c8e126-3b4a-4e32-aeba-ad669e2c45a2,2026-07-22T21:11:18.584976+00:00,ORIG-18326,RCVR-69327,356.47,Northstar Services,Brightline Supply,CA,WA,2550,Bill payment,CCD,Online banking,0
7bfa3f16-8b76-457f-93c2-2a4a123de81b,2026-08-01T13:00:18.584976+00:00,ORIG-32722,RCVR-15927,491.56,Harbor Manufacturing,Avery Johnson,NC,CA,916,Payroll,WEB,File upload,0
151e18f3-fcdc-4cc5-86dd-01eaf5721095,2026-07-26T13:13:18.584976+00:00,ORIG-97552,RCVR-85810,1104.07,Northstar Services,Maple Consulting,GA,IL,1950,Tax payment,CCD,File upload,0
cbf1990c-2400-4d32-bd00-8de066084023,2026-06-29T10:30:18.584976+00:00,ORIG-54123,RCVR-30035,218.88,Harbor Manufacturing,Avery Johnson,FL,IL,1109,Tax payment,PPD,Online banking,0
e3020233-7db0-4a13-a5a3-dd0005f979f5,2026-08-17T00:12:18.584976+00:00,ORIG-74506,RCVR-49210,400.94,Northstar Services,Cedar Utilities,MA,NC,914,Tax payment,CCD,API,0
8202bb14-9780-4ba9-9bef-9ab87df1c984,2026-07-21T04:46:18.584976+00:00,ORIG-15918,RCVR-28396,132.51,Summit Health,Avery Johnson,VA,OH,1109,Vendor payment,WEB,File upload,0
e908193b-d2cf-49a8-ad4c-c6870c9bcb74,2026-08-16T19:43:18.584976+00:00,ORIG-79526,RCVR-88704,431.82,Pine Valley Foods,Cedar Utilities,CO,MA,3569,Payroll,CCD,Online banking,0
32e5a9ce-2251-47f3-bf91-559820c456ba,2026-07-23T10:31:18.584976+00:00,ORIG-83861,RCVR-67674,247.26,Summit Health,Maple Consulting,GA,CO,1487,Tax payment,CCD,Branch initiated,0
fe70c7db-d8a7-435d-9731-b4fbfd1aad52,2026-08-10T12:08:18.584976+00:00,ORIG-65752,RCVR-45036,2417.5,Pine Valley Foods,Brightline Supply,CO,OH,1312,Tax payment,CCD,API,0
f7ae7ead-0ae1-4693-870a-ea21aaca8e9d,2026-07-26T16:33:18.584976+00:00,ORIG-42072,RCVR-94764,1166.96,Pine Valley Foods,Brightline Supply,NC,FL,3020,Bill payment,WEB,API,0
6395730c-52c9-439d-96e6-a1101e114360,2026-06-25T04:09:18.584976+00:00,ORIG-65048,RCVR-72988,181.58,Harbor Manufacturing,Brightline Supply,FL,NY,877,Payroll,CCD,Online banking,0
ec6b3625-4fe3-4d98-8c93-0a777c80886d,2026-07-03T15:29:18.584976+00:00,ORIG-80894,RCVR-75621,463.44,Pine Valley Foods,Cedar Utilities,CO,NY,2249,Tax payment,PPD,Branch initiated,0
cf086c10-9d1e-43b4-a466-f93d6ec84d45,2026-08-06T22:46:18.584976+00:00,ORIG-28928,RCVR-38844,354.77,Summit Health,Avery Johnson,NY,WA,2374,Payroll,PPD,File upload,0
69607c08-74e5-4778-8b8a-9ad0a3f49322,2026-07-31T02:24:18.584976+00:00,ORIG-14707,RCVR-66152,543.29,Harbor Manufacturing,Cedar Utilities,TX,CA,2750,Tax payment,CCD,File upload,0
88589ca6-40e4-4a14-a255-7c5162418308,2026-07-11T04:48:18.584976+00:00,ORIG-19253,RCVR-92197,400.71,Summit Health,Maple Consulting,WA,IL,2432,Tax payment,PPD,Branch initiated,0
6040ca8c-72ab-4c3e-b6eb-4f93271a416a,2026-07-02T06:41:18.584976+00:00,ORIG-69301,RCVR-37542,329.44,Summit Health,Avery Johnson,VA,CA,2025,Tax payment,PPD,API,0
8bb387ea-5b13-4a4a-ac78-4692800b8f44,2026-07-24T07:39:18.584976+00:00,ORIG-92206,RCVR-61197,686.96,Pine Valley Foods,Maple Consulting,TX,WA,1081,Tax payment,WEB,Online banking,0
56931710-87cc-44fc-b455-4ce4a0951f86,2026-08-02T03:51:18.584976+00:00,ORIG-99816,RCVR-72781,133.58,Summit Health,Avery Johnson,FL,CA,2792,Payroll,PPD,Online banking,0
625dfcac-bde2-4aed-a7d2-25124be59514,2026-06-24T08:44:18.584976+00:00,ORIG-92842,RCVR-53743,144.57,Northstar Services,Avery Johnson,TX,CA,3234,Tax payment,WEB,API,0
2a176aab-597e-48b8-bf6b-d31d7eb6cd7c,2026-06-22T04:09:18.584976+00:00,ORIG-27539,RCVR-13480,966.2,Summit Health,Avery Johnson,CO,OH,3116,Tax payment,PPD,File upload,0
611495d3-60f4-4646-9963-dc418d479da4,2026-08-16T13:38:18.584976+00:00,ORIG-73051,RCVR-29232,767.75,Pine Valley Foods,Maple Consulting,FL,GA,919,Bill payment,WEB,API,0
9d609df5-fbc0-4fc2-85e0-f612c9ce3525,2026-07-12T02:35:18.584976+00:00,ORIG-16058,RCVR-41799,346.62,Harbor Manufacturing,Avery Johnson,TX,NY,2095,Tax payment,CCD,File upload,0
2175c112-f834-4627-b527-d3fe628fbebc,2026-07-31T08:20:18.584976+00:00,ORIG-56440,RCVR-68470,303.25,Northstar Services,Maple Consulting,GA,MA,3139,Vendor payment,WEB,File upload,0
60de4ab2-930e-4b6b-89a9-a671735fa4a6,2026-08-01T00:12:18.584976+00:00,ORIG-92853,RCVR-15597,509.93,Harbor Manufacturing,Maple Consulting,MA,MA,522,Payroll,WEB,API,0
8e4665d6-d481-4597-ad89-7bc0d830fc90,2026-06-26T22:06:18.584976+00:00,ORIG-77708,RCVR-45893,159.75,Harbor Manufacturing,Cedar Utilities,WA,GA,2087,Tax payment,PPD,Online banking,0
0bda2d56-eaa7-4766-91c1-b943b9911c1b,2026-08-13T21:41:18.584976+00:00,ORIG-16737,RCVR-95380,174.91,Northstar Services,Brightline Supply,IL,NY,1820,Payroll,CCD,API,0
246a5eab-92ba-41dc-bbf8-1efbb89f7131,2026-07-16T00:46:18.584976+00:00,ORIG-19784,RCVR-14911,560.14,Summit Health,Maple Consulting,OH,TX,3580,Vendor payment,PPD,API,0
ddfa62e2-a4b0-4b59-b557-8216bbfa69b4,2026-07-24T07:32:18.584976+00:00,ORIG-56813,RCVR-65882,325.44,Harbor Manufacturing,Cedar Utilities,VA,IL,3320,Bill payment,PPD,Branch initiated,0
85caeb7d-22e3-4eac-858d-e40f35881e68,2026-07-30T17:53:18.584976+00:00,ORIG-66003,RCVR-49080,99.22,Northstar Services,Avery Johnson,NC,WA,2513,Bill payment,CCD,Online banking,0
37aca418-11d2-48f0-b192-44e7ea013ea6,2026-07-06T11:15:18.584976+00:00,ORIG-56539,RCVR-86322,194.72,Summit Health,Cedar Utilities,GA,CO,2465,Vendor payment,WEB,Online banking,0
1ee2cf95-b090-40d6-847a-1639a5978e1c,2026-08-11T08:17:18.584976+00:00,ORIG-37312,RCVR-14947,286.19,Pine Valley Foods,Avery Johnson,OH,WA,2890,Bill payment,WEB,Online banking,0
583c99c7-fd0c-4fc3-9f48-cec0624788aa,2026-07-31T05:05:18.584976+00:00,ORIG-59271,RCVR-58869,502.12,Northstar Services,Cedar Utilities,IL,CO,1015,Tax payment,CCD,File upload,0
f1cf7d1b-f659-47da-ae66-c1d4bf2305ca,2026-08-18T16:07:18.584976+00:00,ORIG-48225,RCVR-60371,238.77,Summit Health,Cedar Utilities,GA,IL,1416,Tax payment,CCD,API,0
01dd106d-ed52-487f-8750-579c313ee5ec,2026-06-22T15:52:18.584976+00:00,ORIG-45092,RCVR-89922,166.56,Northstar Services,Maple Consulting,VA,NY,387,Direct deposit,WEB,API,0
6de99836-eb28-4a94-afc8-bb145224382c,2026-06-23T02:18:18.584976+00:00,ORIG-39874,RCVR-49302,107.91,Harbor Manufacturing,Maple Consulting,IL,CO,2890,Tax payment,CCD,File upload,0
9ab676dd-3c38-4abc-96e1-64c0edd5a1f4,2026-08-02T08:09:18.584976+00:00,ORIG-13385,RCVR-26837,190.74,Pine Valley Foods,Maple Consulting,NY,IL,990,Vendor payment,PPD,File upload,0
327b417a-a9b9-465b-beb4-a3d3239942f3,2026-07-13T04:35:18.584976+00:00,ORIG-13875,RCVR-85384,330.87,Summit Health,Brightline Supply,VA,MA,506,Tax payment,WEB,Online banking,0
0316bedb-af48-498a-8436-8a99cd53e861,2026-07-14T00:50:18.584976+00:00,ORIG-28291,RCVR-51084,88.72,Summit Health,Brightline Supply,CO,CA,133,Vendor payment,PPD,Online banking,0
2e121bcd-5368-4ae1-ad3f-8f9fbe9a88ff,2026-07-31T19:29:18.584976+00:00,ORIG-15192,RCVR-19485,1078.43,Pine Valley Foods,Maple Consulting,TX,OH,2530,Payroll,PPD,API,0
d0be1f6a-2019-46d9-9f7e-30506db8099f,2026-07-10T16:19:18.584976+00:00,ORIG-93317,RCVR-49902,202.0,Harbor Manufacturing,Maple Consulting,MA,FL,2528,Vendor payment,PPD,Online banking,0
cad2f698-309f-4fb8-b1d4-637e5adaa1b1,2026-07-19T22:53:18.584976+00:00,ORIG-57250,RCVR-66922,863.53,Harbor Manufacturing,Brightline Supply,IL,NC,217,Payroll,WEB,Online banking,0
1e897e7f-44fd-4b01-b5fd-0c211d5cdef3,2026-07-07T06:54:18.584976+00:00,ORIG-18714,RCVR-84397,1607.86,Harbor Manufacturing,Maple Consulting,NC,GA,1460,Tax payment,PPD,API,0
92b72082-cd8d-4b3e-a991-b665948c2c7c,2026-07-07T14:52:18.584976+00:00,ORIG-22147,RCVR-49142,645.31,Northstar Services,Avery Johnson,NC,IL,262,Vendor payment,CCD,File upload,0
aae11ecb-7531-408f-8c9e-69a56ea328d9,2026-07-28T13:38:18.584976+00:00,ORIG-28439,RCVR-33667,141.62,Pine Valley Foods,Avery Johnson,NC,NY,958,Payroll,CCD,Branch initiated,0
082c6995-7286-4589-9d59-4282db92977e,2026-07-26T17:34:18.584976+00:00,ORIG-20969,RCVR-58993,458.86,Summit Health,Cedar Utilities,WA,WA,1466,Payroll,PPD,Online banking,0
e864fa0c-e98e-4888-9f9c-70a818aca75c,2026-06-28T07:11:18.584976+00:00,ORIG-87286,RCVR-51525,89.1,Pine Valley Foods,Avery Johnson,OH,NY,1187,Payroll,WEB,Online banking,0
7a77aa56-d78f-45b7-b81c-4bd03c38c4f1,2026-07-29T15:45:18.584976+00:00,ORIG-65695,RCVR-22420,1487.39,Pine Valley Foods,Avery Johnson,VA,NC,2058,Payroll,PPD,Online banking,0
b9454fdb-a7ec-48a1-9a73-78e8bd11e137,2026-07-03T01:45:18.584976+00:00,ORIG-50897,RCVR-37017,205.88,Northstar Services,Cedar Utilities,GA,CO,1691,Vendor payment,WEB,Online banking,0
a1e2d9cb-5648-4145-8165-7452d4ed6d34,2026-08-19T12:11:18.584976+00:00,ORIG-81931,RCVR-69782,517.57,Northstar Services,Avery Johnson,OH,CO,2150,Bill payment,CCD,Online banking,0
d866a227-e06c-41fa-acef-b330344840c1,2026-07-21T18:07:18.584976+00:00,ORIG-94189,RCVR-81816,526.67,Northstar Services,Brightline Supply,CA,NC,3314,Payroll,CCD,Branch initiated,0
68744b36-b581-4225-8f85-aa96a8c9d267,2026-08-04T13:00:18.584976+00:00,ORIG-62985,RCVR-14356,249.35,Northstar Services,Brightline Supply,GA,CA,2059,Direct deposit,CCD,Branch initiated,0
d8d0f15b-eadb-4656-beaf-37d3632c3977,2026-07-21T08:21:18.584976+00:00,ORIG-52787,RCVR-28101,568.39,Pine Valley Foods,Cedar Utilities,CA,VA,3230,Vendor payment,PPD,Online banking,0
772dfac7-1204-4d5f-8842-294c09b0531c,2026-07-08T03:02:18.584976+00:00,ORIG-43566,RCVR-51911,1146.45,Pine Valley Foods,Avery Johnson,MA,CO,133,Vendor payment,CCD,Online banking,1
15c71a36-7f3b-4c89-87f7-2cd0c35491a7,2026-08-08T10:00:18.584976+00:00,ORIG-40422,RCVR-86953,504.01,Pine Valley Foods,Brightline Supply,CA,MA,1549,Vendor payment,WEB,Online banking,0
b7d62bdf-0e87-4fa5-b106-5aa858f2ea46,2026-06-25T23:17:18.584976+00:00,ORIG-37228,RCVR-43557,271.63,Harbor Manufacturing,Brightline Supply,CO,CO,935,Vendor payment,CCD,Online banking,0
c11d6a94-8e21-4955-a19b-6f67b8815872,2026-07-17T08:54:18.584976+00:00,ORIG-30751,RCVR-41884,834.65,Harbor Manufacturing,Cedar Utilities,CO,GA,1162,Bill payment,PPD,Online banking,0
f0aaf520-eba0-48c3-9b0a-6b82187479f7,2026-08-03T22:52:18.584976+00:00,ORIG-89876,RCVR-68027,146.98,Summit Health,Avery Johnson,IL,IL,1763,Direct deposit,PPD,Online banking,0
59b39e6f-65d7-41a0-bd14-e11dcfa00e61,2026-08-15T21:24:18.584976+00:00,ORIG-42442,RCVR-67313,1352.85,Summit Health,Maple Consulting,TX,MA,995,Bill payment,WEB,API,0
ee53163c-f3d6-4a52-b9b7-75a079215ece,2026-06-23T20:59:18.584976+00:00,ORIG-71852,RCVR-40415,1142.17,Harbor Manufacturing,Maple Consulting,FL,TX,3336,Bill payment,WEB,File upload,0
0313d6e3-56a3-4506-b843-44ffbf6bfaa1,2026-07-27T12:05:18.584976+00:00,ORIG-58461,RCVR-42281,357.78,Northstar Services,Maple Consulting,NC,FL,1938,Bill payment,PPD,Online banking,0
206505df-397c-4080-b79c-26607a5b1b38,2026-06-28T21:56:18.584976+00:00,ORIG-67872,RCVR-45493,942.56,Summit Health,Maple Consulting,FL,IL,1386,Vendor payment,WEB,API,0
a250efd4-b61b-4b95-949c-774640513040,2026-07-14T17:48:18.584976+00:00,ORIG-82278,RCVR-54444,395.68,Pine Valley Foods,Brightline Supply,VA,TX,1221,Payroll,CCD,API,0
56869904-69a0-4dda-ba82-9846c46b2770,2026-08-06T14:16:18.584976+00:00,ORIG-64833,RCVR-35757,219.62,Pine Valley Foods,Cedar Utilities,VA,WA,2050,Direct deposit,PPD,API,0
2beab9f5-9c57-46b0-998c-f3b731203a9b,2026-08-18T11:23:18.584976+00:00,ORIG-80569,RCVR-29282,469.68,Harbor Manufacturing,Maple Consulting,CO,NC,2494,Tax payment,WEB,Online banking,0
7b1ac1df-ac80-44d4-8780-cb59ae0b86c0,2026-08-12T02:22:18.584976+00:00,ORIG-75548,RCVR-20918,1157.03,Northstar Services,Maple Consulting,GA,VA,807,Direct deposit,PPD,Online banking,0
bc8331f0-611a-47bf-abfb-9b41b391f8fb,2026-08-18T17:58:18.584976+00:00,ORIG-27144,RCVR-59747,1203.58,Northstar Services,Maple Consulting,GA,NY,3169,Payroll,PPD,Online banking,0
379ba298-ac44-4020-a056-5a498690e13c,2026-06-26T00:10:18.584976+00:00,ORIG-12503,RCVR-82867,812.56,Pine Valley Foods,Maple Consulting,NY,OH,484,Vendor payment,PPD,Branch initiated,0
708d44a9-81b6-427b-84a9-d95196ecc48c,2026-07-15T14:31:18.584976+00:00,ORIG-67936,RCVR-62017,1253.42,Pine Valley Foods,Cedar Utilities,TX,IL,3068,Tax payment,WEB,Online banking,0
9c9ad544-cfd8-49d6-a44a-0ac21615d718,2026-07-24T20:41:18.584976+00:00,ORIG-35068,RCVR-88361,1246.1,Northstar Services,Maple Consulting,NC,GA,1233,Payroll,PPD,Online banking,0
5b25160f-4912-4b26-abba-0c3a72d4cef2,2026-06-29T17:29:18.584976+00:00,ORIG-97525,RCVR-24396,615.54,Pine Valley Foods,Maple Consulting,VA,CO,1198,Tax payment,CCD,Online banking,0
4d0d93b8-45e7-485e-b7d7-225c0c210a41,2026-07-14T12:49:18.584976+00:00,ORIG-63961,RCVR-99381,232.45,Pine Valley Foods,Brightline Supply,VA,CA,136,Payroll,CCD,Online banking,0
07273dc7-f14e-456b-9c1c-d0bfac055487,2026-07-20T00:06:18.584976+00:00,ORIG-24888,RCVR-62606,605.69,Pine Valley Foods,Cedar Utilities,TX,CA,950,Bill payment,CCD,Online banking,0
1fe86945-bda0-490e-833a-902ef4955c76,2026-07-13T16:35:18.584976+00:00,ORIG-99869,RCVR-45865,105.74,Northstar Services,Cedar Utilities,VA,GA,3267,Bill payment,PPD,File upload,0
94af27af-523f-418c-8adc-2eac29d3f7c6,2026-08-14T09:02:18.584976+00:00,ORIG-38378,RCVR-14941,571.37,Northstar Services,Cedar Utilities,NY,TX,2717,Payroll,PPD,Online banking,0
dead8f57-2914-4c79-8067-0b83674d35c6,2026-07-23T11:53:18.584976+00:00,ORIG-29729,RCVR-79420,1011.9,Summit Health,Maple Consulting,FL,CA,2231,Payroll,WEB,Branch initiated,0
136b62be-7e23-46b5-809c-d5377903da67,2026-06-25T08:13:18.584976+00:00,ORIG-28924,RCVR-25989,407.37,Pine Valley Foods,Cedar Utilities,GA,IL,1350,Bill payment,WEB,Online banking,0
068e538f-2821-4b63-b089-7789fce24f68,2026-08-06T15:50:18.584976+00:00,ORIG-35884,RCVR-19789,719.43,Summit Health,Avery Johnson,GA,MA,2751,Payroll,CCD,File upload,0
d713de6d-51f3-4015-bf85-419e3004d64d,2026-06-27T23:56:18.584976+00:00,ORIG-17701,RCVR-20464,140.5,Harbor Manufacturing,Maple Consulting,OH,NC,834,Vendor payment,WEB,Online banking,0
736cb23e-97bc-442c-a201-7f03a5357a92,2026-07-23T16:30:18.584976+00:00,ORIG-49774,RCVR-70808,1427.34,Northstar Services,Brightline Supply,CA,FL,3291,Payroll,CCD,Online banking,0
0ba1c19d-a549-4135-aa30-f0f70aa570f5,2026-08-08T18:59:18.584976+00:00,ORIG-49200,RCVR-51564,814.18,Pine Valley Foods,Maple Consulting,NY,VA,1788,Direct deposit,WEB,Online banking,0
455c40a2-981c-4b55-98c3-6d72a5e59f92,2026-07-17T05:07:18.584976+00:00,ORIG-89324,RCVR-19404,559.22,Pine Valley Foods,Avery Johnson,NC,GA,3206,Tax payment,CCD,Online banking,0
540479d2-4cb1-4d87-bf7a-42be13f0ce64,2026-06-23T11:17:18.584976+00:00,ORIG-16276,RCVR-19979,805.12,Pine Valley Foods,Avery Johnson,MA,IL,212,Direct deposit,WEB,API,0
fe143672-251a-4935-95d4-64de8f9e7941,2026-08-03T23:09:18.584976+00:00,ORIG-43196,RCVR-55140,871.94,Harbor Manufacturing,Brightline Supply,NC,OH,309,Payroll,PPD,API,0
fc7d3a8f-0cbc-4b1f-be9f-b31676bed8e1,2026-07-26T02:16:18.584976+00:00,ORIG-71150,RCVR-86513,317.03,Harbor Manufacturing,Cedar Utilities,CO,WA,2077,Tax payment,WEB,Online banking,0
c0709d20-b89d-4e17-b9f6-40b00fe2983a,2026-08-15T13:00:18.584976+00:00,ORIG-92400,RCVR-54660,666.58,Summit Health,Maple Consulting,CO,TX,103,Vendor payment,WEB,API,1
be043a34-a9a4-4f0a-a1de-77ed2831bcdc,2026-07-05T21:35:18.584976+00:00,ORIG-68753,RCVR-93643,191.95,Northstar Services,Maple Consulting,FL,FL,3116,Bill payment,CCD,Online banking,0
a1fd27d4-0beb-4770-94e4-e641e9699000,2026-07-28T06:42:18.584976+00:00,ORIG-12956,RCVR-96944,258.26,Northstar Services,Avery Johnson,CA,NY,1726,Vendor payment,CCD,Online banking,0
6faaabe5-097d-41c4-a29f-2c96e366991c,2026-07-05T06:06:18.584976+00:00,ORIG-10449,RCVR-93646,426.98,Summit Health,Maple Consulting,CO,CA,1115,Payroll,CCD,Online banking,0
468d52c6-7360-4a6d-8991-6ca2b141bcf5,2026-08-08T01:04:18.584976+00:00,ORIG-35188,RCVR-75732,442.0,Northstar Services,Avery Johnson,NC,FL,42,Vendor payment,CCD,Online banking,1
3e9d6d64-24ee-40cc-b701-56c7ac07635a,2026-08-07T08:59:18.584976+00:00,ORIG-47212,RCVR-11726,309.83,Harbor Manufacturing,Maple Consulting,OH,FL,790,Bill payment,WEB,API,0
d7bac7e4-d12a-41f3-9c4e-7d566019e0c0,2026-07-24T19:19:18.584976+00:00,ORIG-15113,RCVR-82645,1609.93,Harbor Manufacturing,Maple Consulting,IL,CO,96,Payroll,PPD,Branch initiated,1
2cc08c7a-22ad-461d-ba04-67f13ad3ea12,2026-07-20T06:23:18.584976+00:00,ORIG-51770,RCVR-68064,836.75,Pine Valley Foods,Brightline Supply,MA,GA,539,Payroll,CCD,Online banking,0
f13b0add-740b-4f16-870a-b268de586bdb,2026-06-23T15:21:18.584976+00:00,ORIG-74143,RCVR-82944,416.57,Northstar Services,Maple Consulting,VA,MA,2215,Payroll,PPD,Online banking,0
ad70deae-adc8-40e9-8988-02a32167823b,2026-07-24T12:54:18.584976+00:00,ORIG-53178,RCVR-41796,1254.97,Harbor Manufacturing,Avery Johnson,IL,WA,519,Tax payment,PPD,Branch initiated,0
c78f7908-ca1f-477c-9f2c-8189b8608715,2026-07-27T22:44:18.584976+00:00,ORIG-69524,RCVR-47727,125.77,Pine Valley Foods,Avery Johnson,OH,NC,2763,Tax payment,WEB,Online banking,0
d729fea8-314c-4a99-8760-870c2a73ce1a,2026-07-16T18:17:18.584976+00:00,ORIG-83301,RCVR-94210,361.54,Northstar Services,Brightline Supply,MA,NY,474,Vendor payment,PPD,Online banking,0
73159c98-a3aa-4cca-9ddc-646c52c8d6af,2026-06-25T08:50:18.584976+00:00,ORIG-42844,RCVR-41398,284.66,Summit Health,Avery Johnson,WA,NY,1325,Bill payment,CCD,File upload,0
43031957-9ef7-4376-b3fb-b8db86df4092,2026-06-27T22:27:18.584976+00:00,ORIG-81399,RCVR-46471,1190.52,Pine Valley Foods,Avery Johnson,WA,CA,1762,Tax payment,WEB,Online banking,0
84eb31c7-2b47-43a5-84a7-b40cd33d7cf3,2026-07-24T17:24:18.584976+00:00,ORIG-89657,RCVR-81201,225.8,Summit Health,Avery Johnson,FL,OH,1593,Bill payment,CCD,API,0
d7937f80-90d7-487f-957f-e1b084cfcdcd,2026-07-30T14:19:18.584976+00:00,ORIG-68202,RCVR-15666,264.94,Northstar Services,Maple Consulting,IL,MA,383,Vendor payment,CCD,API,0
51ebb6ef-c3c9-4c89-b906-befc3643810a,2026-08-14T13:30:18.584976+00:00,ORIG-28351,RCVR-56886,411.25,Pine Valley Foods,Avery Johnson,OH,CA,2962,Direct deposit,WEB,API,0
03bf40b1-7fec-4fca-abcd-65cb872863bb,2026-06-23T14:03:18.584976+00:00,ORIG-45304,RCVR-49491,709.53,Summit Health,Maple Consulting,NC,IL,3289,Payroll,WEB,Online banking,0
da268cbc-1b91-4481-afa4-7c98ad7438d8,2026-08-04T02:07:18.584976+00:00,ORIG-32820,RCVR-37864,647.27,Harbor Manufacturing,Avery Johnson,FL,IL,1863,Vendor payment,CCD,Online banking,0
21673c9f-79e4-44dd-a5eb-fa58c4d44efe,2026-07-21T17:24:18.584976+00:00,ORIG-24157,RCVR-52942,285.41,Harbor Manufacturing,Cedar Utilities,NC,TX,2397,Payroll,CCD,Online banking,0
1de0a295-03b5-4df1-9952-f1587d8c1ddf,2026-07-06T10:25:18.584976+00:00,ORIG-31253,RCVR-46379,372.09,Pine Valley Foods,Cedar Utilities,NC,CA,3126,Vendor payment,PPD,API,0
73d75ab2-edc2-4899-824a-c5b577656f73,2026-06-25T08:47:18.584976+00:00,ORIG-48157,RCVR-57033,781.47,Pine Valley Foods,Brightline Supply,VA,TX,2204,Vendor payment,WEB,Online banking,0
13fbedf9-ee4e-4c59-90b9-5d01ee77ff9c,2026-08-16T15:47:18.584976+00:00,ORIG-67027,RCVR-61420,371.68,Pine Valley Foods,Avery Johnson,FL,TX,1212,Vendor payment,WEB,Online banking,0
7698020a-542d-4747-b946-f0a4143f2f34,2026-08-08T22:15:18.584976+00:00,ORIG-70818,RCVR-80985,1005.91,Pine Valley Foods,Avery Johnson,CO,NC,46,Direct deposit,TEL,File upload,1
112b5a68-dfec-4c52-ba7b-946b9d3eb493,2026-07-08T15:10:18.584976+00:00,ORIG-39005,RCVR-26541,267.45,Harbor Manufacturing,Avery Johnson,CA,NC,186,Bill payment,WEB,File upload,0
2f0c489d-69b5-4a2c-ba70-40b71c8a4df7,2026-07-19T05:46:18.584976+00:00,ORIG-64786,RCVR-22480,1864.3,Northstar Services,Avery Johnson,FL,CA,55,Bill payment,IAT,API,1
9b3f45af-2edf-410f-90fb-733ee825d5e6,2026-06-26T20:35:18.584976+00:00,ORIG-10270,RCVR-17619,865.27,Northstar Services,Brightline Supply,TX,CA,1764,Payroll,CCD,Online banking,0
1ef16737-ccd4-47bf-b34a-a93257a9d1d5,2026-07-20T20:37:18.584976+00:00,ORIG-46801,RCVR-74517,252.24,Northstar Services,Cedar Utilities,WA,VA,12,Direct deposit,WEB,Branch initiated,0
fd55e713-cd85-48f4-ab46-63d3c55e4ad1,2026-08-07T20:54:18.584976+00:00,ORIG-38468,RCVR-27919,249.8,Pine Valley Foods,Avery Johnson,IL,MA,2191,Payroll,CCD,Online banking,0
017931ba-e586-429b-a447-5c1f70178ab6,2026-07-25T11:47:18.584976+00:00,ORIG-68187,RCVR-11684,977.07,Northstar Services,Cedar Utilities,IL,GA,2777,Tax payment,WEB,Branch initiated,0
1fa61ee0-07f5-4008-bdac-ed663e663538,2026-08-13T13:06:18.584976+00:00,ORIG-65144,RCVR-66100,224.51,Harbor Manufacturing,Avery Johnson,NY,NC,2656,Direct deposit,PPD,Online banking,0
beee8e82-2b75-46f7-a4d6-638dcd618961,2026-06-29T11:17:18.584976+00:00,ORIG-94935,RCVR-52094,354.41,Summit Health,Avery Johnson,CO,WA,2956,Tax payment,PPD,Online banking,0
011221f7-b854-491c-aff2-4373118c122e,2026-07-29T11:17:18.584976+00:00,ORIG-72712,RCVR-92059,174.22,Summit Health,Avery Johnson,CO,NC,2593,Direct deposit,PPD,Online banking,0
ead05015-4e4e-4cbc-be84-acc3421376cb,2026-08-08T12:30:18.584976+00:00,ORIG-26135,RCVR-80667,942.7,Harbor Manufacturing,Brightline Supply,VA,NY,1167,Tax payment,CCD,Online banking,0
296b75d3-e618-48cf-8403-c0cb4d6293db,2026-07-06T12:37:18.584976+00:00,ORIG-89465,RCVR-50837,58.37,Pine Valley Foods,Avery Johnson,IL,FL,3167,Vendor payment,WEB,File upload,0
815b4f1e-5333-4813-97d4-a1f2d3105327,2026-06-30T11:05:18.584976+00:00,ORIG-19587,RCVR-37155,329.89,Pine Valley Foods,Cedar Utilities,FL,GA,2567,Tax payment,CCD,Online banking,0
318c75c0-5bf5-41fe-9feb-4044cd2008b8,2026-08-01T20:35:18.584976+00:00,ORIG-43797,RCVR-23537,872.17,Summit Health,Brightline Supply,NY,OH,1404,Tax payment,PPD,File upload,0
50817c87-04d6-43ae-90e2-a683b9f4dbde,2026-07-20T19:56:18.584976+00:00,ORIG-15405,RCVR-22353,503.7,Northstar Services,Cedar Utilities,OH,FL,1590,Bill payment,PPD,File upload,0
30c20bfd-2f6e-4263-a707-bd2aa9e58934,2026-07-16T02:08:18.584976+00:00,ORIG-38878,RCVR-58339,37.46,Northstar Services,Brightline Supply,NC,NY,1296,Bill payment,PPD,Branch initiated,0
40044707-5d94-4282-acd0-05233fa926d7,2026-07-29T04:44:18.584976+00:00,ORIG-61413,RCVR-51158,362.52,Summit Health,Maple Consulting,MA,VA,1746,Vendor payment,PPD,Online banking,0
30fdde41-bd80-478b-a188-730aea26cd1d,2026-06-29T06:21:18.584976+00:00,ORIG-12841,RCVR-50216,340.58,Summit Health,Brightline Supply,MA,CO,1369,Payroll,PPD,File upload,0
f5778b2e-3bea-4e11-9a00-5ac3a217a493,2026-08-15T22:00:18.584976+00:00,ORIG-64773,RCVR-74512,1136.2,Pine Valley Foods,Brightline Supply,FL,NY,2516,Direct deposit,WEB,File upload,0
f3b2586c-5986-450b-a207-288a368aa54f,2026-07-28T10:10:18.584976+00:00,ORIG-19561,RCVR-27169,278.02,Northstar Services,Cedar Utilities,IL,FL,1522,Payroll,PPD,Online banking,0
a73a4076-7420-4a89-abad-8d3e6b64869f,2026-08-03T00:34:18.584976+00:00,ORIG-82103,RCVR-97573,688.86,Northstar Services,Cedar Utilities,NY,NY,3595,Vendor payment,CCD,Online banking,0
56fd2fe1-759e-4dc2-a285-2bcf59e55693,2026-07-04T13:04:18.584976+00:00,ORIG-70156,RCVR-13175,607.67,Pine Valley Foods,Brightline Supply,VA,CA,385,Bill payment,CCD,API,0
b99d56ac-398b-42fa-aa96-eb13018227f7,2026-08-07T17:52:18.584976+00:00,ORIG-94555,RCVR-30455,174.89,Northstar Services,Cedar Utilities,GA,NY,1618,Direct deposit,CCD,File upload,0
cf69d7c5-7775-42cd-8420-ea54035f271e,2026-07-11T07:46:18.584976+00:00,ORIG-92593,RCVR-38797,795.29,Pine Valley Foods,Maple Consulting,GA,NC,36,Vendor payment,PPD,File upload,1
1e860ec2-83e6-49db-ae75-22968c80ba73,2026-08-16T09:25:18.584976+00:00,ORIG-77894,RCVR-48296,332.47,Harbor Manufacturing,Brightline Supply,WA,VA,3564,Tax payment,PPD,Online banking,0
17c034cf-e342-4d0b-87ca-cfe3fc2bd41f,2026-08-01T12:14:18.584976+00:00,ORIG-85531,RCVR-59941,528.57,Northstar Services,Brightline Supply,NY,VA,3033,Payroll,WEB,Online banking,0
4086a16d-7ae4-4ff4-aee5-ab821586f3ef,2026-08-20T01:25:18.584976+00:00,ORIG-43186,RCVR-89506,1352.75,Harbor Manufacturing,Maple Consulting,VA,VA,100,Tax payment,CCD,Branch initiated,0
5455d39c-6fc3-4471-b00f-85fd32e91c98,2026-07-26T08:57:18.584976+00:00,ORIG-34614,RCVR-29080,586.5,Harbor Manufacturing,Cedar Utilities,CA,CO,2311,Vendor payment,CCD,Online banking,0
87cdd7a0-f95c-46e2-8968-0f5228885cde,2026-06-22T09:47:18.584976+00:00,ORIG-24192,RCVR-53489,187.43,Harbor Manufacturing,Maple Consulting,CA,CO,2175,Payroll,WEB,File upload,0
125c4d53-638c-46b3-8b2b-6ea8de5a7d48,2026-08-01T03:00:18.584976+00:00,ORIG-85638,RCVR-93744,287.76,Northstar Services,Cedar Utilities,WA,OH,1156,Payroll,CCD,Online banking,0
ab3c1d4a-912e-4aef-8027-e93b3be107c3,2026-07-20T03:01:18.584976+00:00,ORIG-19941,RCVR-37993,438.6,Harbor Manufacturing,Brightline Supply,OH,MA,1126,Tax payment,WEB,Online banking,0
66e41116-f5da-45c9-a106-57d73a1e6343,2026-07-23T14:38:18.584976+00:00,ORIG-16545,RCVR-35832,171.43,Northstar Services,Avery Johnson,MA,OH,1303,Direct deposit,CCD,Online banking,0
004ec4af-ae45-478b-9efe-8143c2ad5a51,2026-07-07T12:29:18.584976+00:00,ORIG-44375,RCVR-14730,176.52,Northstar Services,Avery Johnson,NY,OH,2693,Payroll,CCD,File upload,0
f8277c5c-9f53-4b88-8216-54cf8c1f2b96,2026-07-03T20:58:18.584976+00:00,ORIG-36765,RCVR-73403,176.81,Northstar Services,Maple Consulting,VA,WA,1596,Direct deposit,WEB,Branch initiated,0
f5903141-818c-4001-bb9f-652793fcf783,2026-08-10T14:01:18.584976+00:00,ORIG-60512,RCVR-67480,518.61,Harbor Manufacturing,Brightline Supply,TX,NY,270,Direct deposit,PPD,File upload,0
69d0d3c7-97d1-4180-883b-84295969b749,2026-08-18T07:07:18.584976+00:00,ORIG-59142,RCVR-34850,491.79,Harbor Manufacturing,Cedar Utilities,OH,GA,1426,Direct deposit,CCD,Online banking,0
830bd3fc-47dd-4770-9a37-90293dea1df3,2026-08-07T04:54:18.584976+00:00,ORIG-41380,RCVR-42435,194.22,Pine Valley Foods,Cedar Utilities,GA,MA,583,Payroll,CCD,Branch initiated,0
2709fe44-81c0-4473-af80-b3cd54082722,2026-07-07T23:35:18.584976+00:00,ORIG-99301,RCVR-53286,336.82,Harbor Manufacturing,Maple Consulting,CA,CO,3561,Vendor payment,PPD,File upload,0
8ef04ed3-ec2a-4cf8-b2df-640d223b2f5f,2026-08-02T10:20:18.584976+00:00,ORIG-36805,RCVR-30655,1270.69,Summit Health,Brightline Supply,OH,MA,152,Tax payment,CCD,API,1
87a5c0bd-6e17-41a8-8aa3-e84a6d76fe17,2026-08-14T12:22:18.584976+00:00,ORIG-18025,RCVR-31575,867.99,Harbor Manufacturing,Brightline Supply,WA,WA,1230,Direct deposit,PPD,Branch initiated,0
08946ccc-c811-4b14-a8bf-4c3df70748db,2026-08-20T10:49:18.584976+00:00,ORIG-11003,RCVR-80145,864.58,Summit Health,Brightline Supply,NY,GA,918,Tax payment,WEB,File upload,0
c0b411dc-dc7e-4b7c-b4f1-857021504363,2026-07-07T19:38:18.584976+00:00,ORIG-25198,RCVR-25842,188.83,Harbor Manufacturing,Brightline Supply,NY,NY,1971,Tax payment,CCD,Online banking,0
a51e87fa-f7a6-4777-9940-249f9e71f837,2026-06-27T00:12:18.584976+00:00,ORIG-29192,RCVR-19592,593.4,Northstar Services,Brightline Supply,NY,CO,794,Bill payment,WEB,Online banking,0
5d312aff-8451-4ded-b3ca-7cbd71e00a6c,2026-08-01T03:17:18.584976+00:00,ORIG-96330,RCVR-73363,102.37,Summit Health,Maple Consulting,CA,MA,3212,Direct deposit,PPD,API,0
e307fe8e-415e-4ba5-8dde-61e8149d925f,2026-06-28T19:51:18.584976+00:00,ORIG-57810,RCVR-89942,724.58,Summit Health,Cedar Utilities,CO,NC,1866,Direct deposit,CCD,Online banking,0
3b8c4671-e454-499b-92a1-3c0149ce89ef,2026-06-26T09:13:18.584976+00:00,ORIG-40740,RCVR-35529,328.78,Harbor Manufacturing,Cedar Utilities,NC,OH,3377,Bill payment,PPD,Branch initiated,0
73c4b0b2-bffd-4dec-aa93-91bc782c2af6,2026-07-17T06:39:18.584976+00:00,ORIG-70148,RCVR-91807,193.31,Pine Valley Foods,Brightline Supply,MA,GA,2556,Payroll,CCD,Online banking,0
10ab4dad-40fa-4256-bf24-4fcbf60274c7,2026-07-25T22:57:18.584976+00:00,ORIG-16562,RCVR-24944,990.8,Harbor Manufacturing,Maple Consulting,GA,NC,340,Bill payment,PPD,File upload,0
95251976-1e48-4cf2-bac2-8d8edf53c230,2026-08-12T02:22:18.584976+00:00,ORIG-29843,RCVR-64926,405.79,Northstar Services,Avery Johnson,NC,WA,1430,Tax payment,WEB,File upload,0
5cf5269f-f446-4e37-bf46-de384b5b08b6,2026-07-28T00:53:18.584976+00:00,ORIG-69731,RCVR-82916,251.17,Pine Valley Foods,Brightline Supply,MA,TX,2925,Vendor payment,CCD,API,0
f32df110-608d-4aa1-aa2f-ca4c5bf9834c,2026-08-12T17:29:18.584976+00:00,ORIG-84770,RCVR-62811,784.52,Summit Health,Avery Johnson,CO,IL,2913,Tax payment,CCD,Branch initiated,0
8f6fbba8-76d2-40ec-b114-3f340c505c85,2026-07-16T14:19:18.584976+00:00,ORIG-30416,RCVR-13007,1566.79,Pine Valley Foods,Avery Johnson,VA,GA,1671,Direct deposit,CCD,Online banking,0
2d0a8593-659b-486f-8c73-23ca2efbb84c,2026-07-04T15:55:18.584976+00:00,ORIG-53656,RCVR-44585,548.82,Pine Valley Foods,Maple Consulting,NC,OH,163,Payroll,WEB,File upload,0
bd33ca96-62ba-4e35-86bb-ad8016730494,2026-06-21T23:26:18.584976+00:00,ORIG-97041,RCVR-16505,569.03,Northstar Services,Cedar Utilities,OH,NC,73,Bill payment,PPD,API,0
9f4fcf1f-b6be-487e-9f47-6020e0c82f6f,2026-06-30T22:17:18.584976+00:00,ORIG-28774,RCVR-74947,270.63,Northstar Services,Maple Consulting,IL,GA,2686,Vendor payment,CCD,API,0
4cac2355-3aa9-4f62-8004-4b5f3ab3237f,2026-08-02T13:53:18.584976+00:00,ORIG-17453,RCVR-14943,147.93,Northstar Services,Brightline Supply,CO,CA,468,Payroll,CCD,File upload,0
e03dd876-97de-4db6-9117-b49693b6caf5,2026-07-03T10:58:18.584976+00:00,ORIG-94370,RCVR-40230,118.13,Harbor Manufacturing,Cedar Utilities,FL,OH,2460,Vendor payment,WEB,API,0
95539496-26ee-41d2-bd65-bd61f9eadf68,2026-06-25T06:29:18.584976+00:00,ORIG-38917,RCVR-93015,355.0,Summit Health,Maple Consulting,CA,IL,1712,Direct deposit,PPD,API,0
47ea26cd-1ba3-45c2-b02b-a68e9eeb35c2,2026-06-23T08:29:18.584976+00:00,ORIG-27970,RCVR-98392,2388.25,Summit Health,Avery Johnson,CO,FL,118,Bill payment,TEL,File upload,1
980276f7-3cb7-4212-9a46-c87bcf75d469,2026-07-20T05:23:18.584976+00:00,ORIG-21570,RCVR-14762,961.39,Harbor Manufacturing,Brightline Supply,GA,CO,36,Tax payment,CCD,API,0
c99b4490-f0b8-4b9f-aa15-7e3decf4f1b4,2026-08-02T09:27:18.584976+00:00,ORIG-48039,RCVR-28285,583.77,Northstar Services,Avery Johnson,TX,OH,1731,Tax payment,PPD,API,0
54b2945d-e53a-41d6-a7b0-e7a8161b4fa8,2026-07-14T16:46:18.584976+00:00,ORIG-13772,RCVR-23611,298.13,Summit Health,Maple Consulting,MA,VA,404,Tax payment,CCD,API,0
8766a032-0962-42c1-a6db-c097644405e9,2026-08-09T10:50:18.584976+00:00,ORIG-63630,RCVR-40957,222.68,Summit Health,Cedar Utilities,OH,GA,2622,Vendor payment,CCD,Branch initiated,0
c87640ed-a848-440f-a0ae-74aefd85fb23,2026-08-05T04:58:18.584976+00:00,ORIG-66656,RCVR-67013,538.06,Summit Health,Avery Johnson,FL,NC,1835,Direct deposit,PPD,Branch initiated,0
3b762040-a7c0-4bea-9f61-e821d6edc67b,2026-07-22T06:48:18.584976+00:00,ORIG-88935,RCVR-98601,211.74,Northstar Services,Maple Consulting,OH,VA,3313,Bill payment,WEB,API,0
fe42eb67-269c-4db2-96fa-da07ae3bbb92,2026-08-08T12:18:18.584976+00:00,ORIG-72950,RCVR-70929,227.02,Pine Valley Foods,Maple Consulting,TX,NY,2033,Direct deposit,CCD,Online banking,0
9d3b601a-2a6c-46e8-bbee-39f93c8a2539,2026-08-03T17:52:18.584976+00:00,ORIG-79756,RCVR-13229,898.33,Harbor Manufacturing,Avery Johnson,MA,WA,3169,Direct deposit,PPD,File upload,0
937033ed-12f3-4b18-b6c8-098f5004ccd5,2026-07-16T13:54:18.584976+00:00,ORIG-34703,RCVR-84928,3930.86,Northstar Services,Brightline Supply,OH,TX,1445,Direct deposit,CCD,File upload,0
90a8c4a0-60cc-42eb-a89e-13023a214837,2026-07-03T05:06:18.584976+00:00,ORIG-24961,RCVR-50418,483.17,Summit Health,Avery Johnson,CO,VA,2436,Vendor payment,WEB,Branch initiated,0
3c7d08d5-1c6e-4483-84ed-b89a3ee82416,2026-06-30T18:34:18.584976+00:00,ORIG-93814,RCVR-70693,908.14,Northstar Services,Brightline Supply,NY,MA,2417,Vendor payment,PPD,Online banking,0
d747b8f1-b7a0-47c6-af1e-0ced78c5b598,2026-08-07T04:57:18.584976+00:00,ORIG-94377,RCVR-76476,399.32,Summit Health,Avery Johnson,CA,CO,3091,Payroll,CCD,API,0
8a7c3e57-603a-47a2-8159-5f94de6f823c,2026-06-27T04:10:18.584976+00:00,ORIG-39761,RCVR-34776,1246.2,Summit Health,Brightline Supply,FL,FL,66,Direct deposit,PPD,File upload,0
2b02592f-2b92-4c00-8e59-07df96e59ae3,2026-08-19T14:41:18.584976+00:00,ORIG-35633,RCVR-12596,565.36,Pine Valley Foods,Cedar Utilities,NY,VA,1065,Tax payment,CCD,Online banking,0
0361b0a5-ed90-4479-86b6-14c48fb11122,2026-07-09T02:41:18.584976+00:00,ORIG-47785,RCVR-13261,1990.76,Harbor Manufacturing,Maple Consulting,WA,VA,3306,Bill payment,CCD,Online banking,0
56a5a05d-5a89-4d99-a0d9-8f314ffd3305,2026-06-27T11:05:18.584976+00:00,ORIG-75016,RCVR-43516,449.65,Northstar Services,Maple Consulting,NC,VA,855,Bill payment,WEB,Online banking,0
adb5e2b9-8166-4de5-8c39-7499bb925bdd,2026-07-17T22:21:18.584976+00:00,ORIG-18596,RCVR-46790,578.31,Summit Health,Maple Consulting,MA,WA,3581,Tax payment,PPD,API,0
ad47f6a4-5dfa-4069-a6e7-25df2dcc4ce2,2026-07-27T11:45:18.584976+00:00,ORIG-39968,RCVR-96684,1275.13,Harbor Manufacturing,Maple Consulting,IL,OH,3410,Direct deposit,PPD,Online banking,0
cacb25be-2db5-4e28-880a-24d492c77dd0,2026-07-16T04:56:18.584976+00:00,ORIG-41501,RCVR-30218,374.76,Northstar Services,Maple Consulting,OH,MA,20,Tax payment,WEB,Online banking,0
c5d5a835-e773-4b65-ad0e-75cb2a01cdbd,2026-08-06T08:59:18.584976+00:00,ORIG-89964,RCVR-83512,55.08,Pine Valley Foods,Cedar Utilities,VA,NC,2987,Direct deposit,WEB,API,0
94cebaf8-b6a8-4796-b8f1-bca7ab7776df,2026-07-03T02:30:18.584976+00:00,ORIG-50055,RCVR-51828,673.94,Northstar Services,Cedar Utilities,CA,FOREIGN,119,Vendor payment,PPD,Online banking,1
120e6095-6c7e-4c68-b1bc-2c25ef6cddd2,2026-08-02T21:58:18.584976+00:00,ORIG-84336,RCVR-15987,105.54,Summit Health,Maple Consulting,TX,GA,583,Tax payment,CCD,Online banking,0
b3d993ec-c7c3-4f48-bf87-e9589a574100,2026-07-20T10:02:18.584976+00:00,ORIG-41678,RCVR-83692,346.72,Northstar Services,Avery Johnson,VA,CA,1440,Payroll,CCD,Online banking,0
35551f67-e02e-4a8e-ba9d-b27e52021f76,2026-08-08T18:41:18.584976+00:00,ORIG-49308,RCVR-55022,248.85,Northstar Services,Brightline Supply,VA,CA,267,Vendor payment,CCD,API,0
baa6b3ea-c4ec-4b87-88be-0a977cbd73ce,2026-07-30T16:29:18.584976+00:00,ORIG-53333,RCVR-34653,209.23,Northstar Services,Avery Johnson,NY,TX,1446,Tax payment,PPD,Online banking,0
d440eade-ea6c-45d4-9fcb-7c63287c82fb,2026-08-05T15:57:18.584976+00:00,ORIG-44628,RCVR-29528,210.25,Summit Health,Maple Consulting,FL,NY,2146,Bill payment,CCD,Online banking,0
b8da20d9-8b7b-43fd-bd90-e20aae255e91,2026-08-03T08:05:18.584976+00:00,ORIG-55686,RCVR-48345,113.17,Harbor Manufacturing,Avery Johnson,VA,MA,169,Tax payment,WEB,Online banking,0
71b9b42f-93af-48bf-bfd4-82c806e67036,2026-07-30T17:20:18.584976+00:00,ORIG-97236,RCVR-49903,188.03,Harbor Manufacturing,Cedar Utilities,CO,NY,2822,Direct deposit,WEB,Online banking,0
9df963f6-4e0b-45ea-8a46-1130bf244311,2026-07-13T19:36:18.584976+00:00,ORIG-24110,RCVR-64490,261.55,Summit Health,Brightline Supply,FL,OH,393,Vendor payment,PPD,API,0
92598ad8-e26d-4255-9082-703c61f3be61,2026-07-08T13:27:18.584976+00:00,ORIG-31860,RCVR-65758,194.6,Harbor Manufacturing,Avery Johnson,NC,WA,2106,Bill payment,WEB,Online banking,0
2836eb79-ad7e-4941-bc95-e5d49207ffab,2026-06-22T05:36:18.584976+00:00,ORIG-87221,RCVR-91452,445.74,Northstar Services,Maple Consulting,FL,CA,3410,Direct deposit,PPD,Online banking,0
2eccbfb7-0568-4af7-8f49-f28c7c2627db,2026-07-30T11:23:18.584976+00:00,ORIG-19667,RCVR-67124,313.67,Summit Health,Avery Johnson,TX,MA,1353,Tax payment,WEB,API,0
fd09dce4-4ef4-42eb-aa63-0ce69679bcd0,2026-08-09T11:19:18.584976+00:00,ORIG-64889,RCVR-67765,75.38,Pine Valley Foods,Avery Johnson,WA,WA,3392,Tax payment,WEB,API,0
b5689311-fd7c-40f5-8c80-9f4a29cb960e,2026-08-17T08:25:18.584976+00:00,ORIG-96189,RCVR-48240,125.99,Pine Valley Foods,Avery Johnson,MA,CO,994,Direct deposit,CCD,Online banking,0
20ff9324-e6fd-4da4-8570-cf3ec7849182,2026-08-07T16:15:18.584976+00:00,ORIG-24033,RCVR-42285,344.43,Harbor Manufacturing,Brightline Supply,WA,GA,1810,Direct deposit,CCD,Online banking,0
506568ed-4b69-40d7-9077-66b6ebce9256,2026-06-26T08:43:18.584976+00:00,ORIG-48378,RCVR-87394,495.46,Northstar Services,Cedar Utilities,WA,MA,350,Tax payment,WEB,Online banking,0
35f667ed-d83f-45a5-9c25-0c11e158416c,2026-07-24T14:58:18.584976+00:00,ORIG-39494,RCVR-21082,671.99,Northstar Services,Brightline Supply,TX,MA,1983,Payroll,WEB,API,0
f245a007-98e9-45d4-98b7-7db73bfc305a,2026-07-22T15:55:18.584976+00:00,ORIG-86617,RCVR-25032,613.25,Summit Health,Brightline Supply,FL,VA,87,Payroll,TEL,API,1
94f702a6-f1ef-4663-abc2-efaa3bc13a3b,2026-08-06T03:11:18.584976+00:00,ORIG-99824,RCVR-90528,722.14,Northstar Services,Avery Johnson,NC,FL,3361,Tax payment,PPD,Online banking,0
e6e97ed2-ba28-4b06-9b3a-dac0ed32203f,2026-06-27T19:31:18.584976+00:00,ORIG-19898,RCVR-52239,607.07,Summit Health,Brightline Supply,NC,TX,1984,Payroll,PPD,Online banking,0
6c2c9600-4340-473b-9f62-cae558f2fc26,2026-06-30T10:29:18.584976+00:00,ORIG-10128,RCVR-67943,2292.63,Harbor Manufacturing,Cedar Utilities,NY,NY,3444,Payroll,CCD,File upload,0
31da0f84-4f41-499b-b62c-533468042a56,2026-08-15T17:06:18.584976+00:00,ORIG-11356,RCVR-33275,713.73,Northstar Services,Brightline Supply,MA,CA,3307,Tax payment,PPD,API,0
abab344b-24fc-4331-982e-f02ee8383d0c,2026-07-01T08:10:18.584976+00:00,ORIG-50590,RCVR-93617,216.86,Harbor Manufacturing,Avery Johnson,GA,WA,1639,Direct deposit,CCD,Online banking,0
31c2e407-01fb-4d14-b17b-37580e4114e4,2026-06-22T19:39:18.584976+00:00,ORIG-89244,RCVR-36963,626.28,Harbor Manufacturing,Maple Consulting,IL,CA,1427,Bill payment,WEB,Online banking,0
dc3df5c3-1b48-4b0f-95d5-155a9049f0cf,2026-08-07T13:06:18.584976+00:00,ORIG-76189,RCVR-22616,592.03,Northstar Services,Avery Johnson,NC,OH,295,Payroll,CCD,Online banking,0
1cb89838-0a66-4809-8f1c-38d9660ef551,2026-07-29T14:13:18.584976+00:00,ORIG-81498,RCVR-50698,514.88,Pine Valley Foods,Brightline Supply,CA,CO,3262,Vendor payment,PPD,Online banking,0
8858619b-c2ed-4a56-8779-5928be6a1c56,2026-07-01T18:36:18.584976+00:00,ORIG-20065,RCVR-98095,891.72,Summit Health,Avery Johnson,VA,WA,912,Direct deposit,PPD,Online banking,0
de06f5ba-1ba9-4b3f-87b4-7259626b83f1,2026-06-30T09:28:18.584976+00:00,ORIG-95001,RCVR-72768,513.6,Pine Valley Foods,Maple Consulting,VA,CO,2092,Tax payment,WEB,Online banking,0
7765bfc2-7661-4efe-8f80-5b7fa2b1efa5,2026-07-07T14:35:18.584976+00:00,ORIG-15602,RCVR-13032,389.98,Harbor Manufacturing,Brightline Supply,FL,CA,469,Direct deposit,PPD,Online banking,0
4d22b6a7-a42b-4b19-ba49-3b374bb3b550,2026-07-18T14:43:18.584976+00:00,ORIG-97987,RCVR-79878,188.67,Harbor Manufacturing,Avery Johnson,CA,VA,2169,Bill payment,PPD,File upload,0
92529abf-91c1-43ad-9e8a-b6cb18b5d6e0,2026-06-28T16:24:18.584976+00:00,ORIG-94224,RCVR-49837,1058.84,Harbor Manufacturing,Cedar Utilities,TX,IL,1937,Vendor payment,WEB,Online banking,0
4ed31da2-665d-44ac-a4a4-f8fac910b792,2026-07-21T01:10:18.584976+00:00,ORIG-34387,RCVR-69443,153.3,Summit Health,Maple Consulting,CO,TX,3009,Payroll,WEB,File upload,0
7cb53f72-34e6-43f3-813f-016932a630d1,2026-07-06T05:58:18.584976+00:00,ORIG-41525,RCVR-86631,700.12,Harbor Manufacturing,Maple Consulting,FL,NC,3181,Direct deposit,WEB,Online banking,0
a17f4b89-3c21-40e0-8e79-59e51ad683a3,2026-08-18T13:18:18.584976+00:00,ORIG-70131,RCVR-22903,2441.47,Pine Valley Foods,Maple Consulting,NY,GA,192,Vendor payment,WEB,Online banking,0
57c96425-dcfb-426b-953e-9d22ceebdd4e,2026-06-22T05:00:18.584976+00:00,ORIG-59909,RCVR-19023,195.53,Harbor Manufacturing,Cedar Utilities,IL,VA,2981,Vendor payment,PPD,Online banking,0
d8d3dce0-de14-47f6-9a2b-eb979dadab77,2026-08-10T19:12:18.584976+00:00,ORIG-22682,RCVR-99679,483.42,Harbor Manufacturing,Brightline Supply,NY,NC,762,Bill payment,WEB,Online banking,0
1f78b460-3972-4d61-91a6-fb6a64d8acef,2026-06-27T03:39:18.584976+00:00,ORIG-65246,RCVR-37159,340.67,Summit Health,Cedar Utilities,OH,WA,1592,Bill payment,CCD,API,0
6be4b0fe-2cc4-4243-ac1b-685fae281048,2026-06-30T09:23:18.584976+00:00,ORIG-12863,RCVR-38370,129.46,Summit Health,Brightline Supply,OH,NY,2626,Vendor payment,CCD,File upload,0
2d48b526-d718-425e-8902-a723c1e9c81a,2026-08-13T16:26:18.584976+00:00,ORIG-29001,RCVR-87838,393.93,Northstar Services,Brightline Supply,TX,FL,1352,Tax payment,PPD,Online banking,0
b50a96b4-d113-4ec6-b222-004734f9901e,2026-08-16T21:03:18.584976+00:00,ORIG-99861,RCVR-29025,431.39,Northstar Services,Avery Johnson,CA,NC,2105,Vendor payment,CCD,API,0
4bd0acc8-75a9-4e67-b614-569e1f71eaca,2026-07-04T15:35:18.584976+00:00,ORIG-24970,RCVR-68503,955.06,Summit Health,Avery Johnson,CO,OH,2775,Direct deposit,WEB,API,0
49c8cbaf-e457-420f-8950-2c5d56737c13,2026-07-04T11:07:18.584976+00:00,ORIG-47337,RCVR-86236,160.47,Summit Health,Avery Johnson,TX,NY,454,Bill payment,WEB,File upload,0
9495c7bf-55d7-42ea-8663-9a56eaa48690,2026-07-21T07:01:18.584976+00:00,ORIG-22441,RCVR-82468,340.12,Northstar Services,Avery Johnson,MA,OH,2590,Bill payment,CCD,File upload,0
6952b138-3e2e-477f-9f8d-e764b8af5b5c,2026-08-12T05:34:18.584976+00:00,ORIG-32041,RCVR-88168,877.09,Summit Health,Cedar Utilities,GA,CO,731,Direct deposit,PPD,Online banking,0
289bc120-0583-4484-bb2a-88b22a685b6b,2026-07-24T02:00:18.584976+00:00,ORIG-83472,RCVR-76468,970.83,Northstar Services,Avery Johnson,GA,NY,2154,Tax payment,WEB,API,0
bfa4afa6-360f-42a7-aa37-bf8ce9af053f,2026-06-28T13:59:18.584976+00:00,ORIG-16207,RCVR-24919,403.06,Pine Valley Foods,Avery Johnson,OH,FL,2024,Bill payment,PPD,File upload,0
118e874e-ae68-47ea-9096-3a849c225dd7,2026-08-05T05:18:18.584976+00:00,ORIG-35489,RCVR-65258,98.49,Northstar Services,Brightline Supply,GA,WA,2160,Bill payment,CCD,API,0
d19468c9-72a5-4fd8-8174-9fe3483b496f,2026-08-16T17:17:18.584976+00:00,ORIG-41807,RCVR-72419,672.71,Pine Valley Foods,Cedar Utilities,TX,CA,3182,Bill payment,WEB,Online banking,0
dfe6111f-4094-46e1-b064-964a6e364c0a,2026-07-13T12:34:18.584976+00:00,ORIG-88341,RCVR-86807,390.57,Northstar Services,Brightline Supply,GA,VA,3002,Vendor payment,WEB,API,0
e44b1247-a741-42d7-b202-cacbfaef2dce,2026-08-07T14:38:18.584976+00:00,ORIG-67402,RCVR-45694,59.7,Northstar Services,Brightline Supply,MA,CO,275,Bill payment,CCD,File upload,0
824df18a-8731-48df-9e7c-cd330b469d56,2026-08-04T12:21:18.584976+00:00,ORIG-33880,RCVR-34624,139.31,Summit Health,Avery Johnson,CO,WA,957,Tax payment,WEB,Online banking,0
744837dc-4a13-46dd-b3dd-0c3bcd1cfd72,2026-07-28T08:25:18.584976+00:00,ORIG-82726,RCVR-42989,171.37,Harbor Manufacturing,Brightline Supply,GA,WA,3180,Payroll,WEB,Online banking,0
fb6a2e72-d3fc-4bd4-904e-6c381410017f,2026-07-09T01:06:18.584976+00:00,ORIG-54259,RCVR-91495,579.9,Northstar Services,Maple Consulting,OH,VA,3614,Tax payment,WEB,API,0
aeb40c92-8693-4c01-bc24-f58d8fa9e057,2026-06-24T13:01:18.584976+00:00,ORIG-83715,RCVR-90121,351.35,Pine Valley Foods,Avery Johnson,WA,CA,772,Bill payment,WEB,Branch initiated,0
65c80a46-9c05-4a8e-a130-7184191224a2,2026-08-12T09:26:18.584976+00:00,ORIG-18721,RCVR-37026,201.64,Pine Valley Foods,Maple Consulting,OH,CO,119,Direct deposit,WEB,Online banking,0
dd0b4206-f655-4f1d-ba8e-dd48346f7542,2026-07-08T06:28:18.584976+00:00,ORIG-11468,RCVR-33626,697.41,Harbor Manufacturing,Brightline Supply,WA,IL,3012,Bill payment,PPD,API,0
c10d5fcd-b651-4835-b09b-f44c57ca9c88,2026-07-04T01:08:18.584976+00:00,ORIG-18038,RCVR-63974,685.9,Pine Valley Foods,Brightline Supply,WA,GA,1265,Payroll,PPD,File upload,0
7aac7a39-9b37-49fe-bb98-9c6298e52187,2026-08-11T18:17:18.584976+00:00,ORIG-45186,RCVR-32045,53.9,Harbor Manufacturing,Cedar Utilities,IL,IL,1508,Payroll,WEB,API,0
269a35aa-8249-4582-8521-82b4009e50af,2026-07-11T20:59:18.584976+00:00,ORIG-25468,RCVR-97596,1162.35,Summit Health,Avery Johnson,WA,CO,1124,Payroll,WEB,File upload,0
90b8397d-0159-4acf-88d3-4f9237228d5f,2026-07-25T21:52:18.584976+00:00,ORIG-35218,RCVR-91395,379.34,Northstar Services,Brightline Supply,NY,MA,3405,Vendor payment,CCD,File upload,0
49d76528-fc56-445b-9234-b2cf1d794e4d,2026-08-12T08:34:18.584976+00:00,ORIG-76659,RCVR-33472,1351.15,Summit Health,Avery Johnson,TX,CA,291,Payroll,WEB,Online banking,0
cb194f48-d500-4192-9c5f-2ae2da42d69e,2026-07-16T23:05:18.584976+00:00,ORIG-85747,RCVR-87808,497.27,Pine Valley Foods,Avery Johnson,IL,FL,1969,Direct deposit,WEB,Online banking,0
20333eb7-e645-4c8f-8011-2297a9e77c55,2026-06-28T18:42:18.584976+00:00,ORIG-32710,RCVR-32004,230.41,Harbor Manufacturing,Brightline Supply,NC,TX,2331,Bill payment,PPD,File upload,0
1e775f35-4a12-43a1-9eea-7607ad8e3d39,2026-06-24T22:54:18.584976+00:00,ORIG-98710,RCVR-12128,100.83,Pine Valley Foods,Cedar Utilities,GA,TX,3519,Vendor payment,CCD,Online banking,0
ca89011d-a362-46c5-9617-c451262f8e9c,2026-07-13T04:50:18.584976+00:00,ORIG-34618,RCVR-45410,233.12,Summit Health,Brightline Supply,OH,WA,2121,Tax payment,WEB,Online banking,0
60f7bc0b-c0cf-4998-9262-dd97e87f28b4,2026-07-30T04:16:18.584976+00:00,ORIG-23438,RCVR-79050,808.05,Summit Health,Maple Consulting,NY,MA,154,Tax payment,CCD,File upload,0
297b0321-edbf-441f-8c42-42d1aea356c1,2026-07-18T21:44:18.584976+00:00,ORIG-42648,RCVR-83665,448.89,Pine Valley Foods,Maple Consulting,FL,IL,1844,Bill payment,PPD,Online banking,0
cacde3b7-497d-4faf-b332-c0aa0e6beb78,2026-08-18T21:03:18.584976+00:00,ORIG-83327,RCVR-93047,229.5,Harbor Manufacturing,Cedar Utilities,MA,FL,2480,Direct deposit,CCD,Online banking,0
254fae2a-10e0-40db-af35-33862183e48e,2026-07-22T11:29:18.584976+00:00,ORIG-53009,RCVR-15872,138.1,Harbor Manufacturing,Maple Consulting,NY,NC,826,Payroll,PPD,File upload,0
303637d8-76aa-4bcf-ad39-257b0cf9da97,2026-06-28T06:26:18.584976+00:00,ORIG-76670,RCVR-69680,511.72,Pine Valley Foods,Cedar Utilities,FL,OH,1547,Tax payment,CCD,Online banking,0
e59b63d6-3199-4923-87e4-1cfb0471b4b7,2026-06-28T05:41:18.584976+00:00,ORIG-69897,RCVR-12149,278.05,Summit Health,Avery Johnson,TX,IL,2633,Payroll,CCD,API,0
90a4fc4c-eac8-4eb1-9c1f-d5d420ba6589,2026-08-13T02:47:18.584976+00:00,ORIG-20752,RCVR-20589,678.15,Northstar Services,Brightline Supply,TX,NY,2934,Direct deposit,PPD,Online banking,0
35cee506-194c-4445-a8f4-37ca04dd4dae,2026-07-08T02:57:18.584976+00:00,ORIG-52702,RCVR-10006,450.94,Harbor Manufacturing,Avery Johnson,NC,NC,83,Payroll,CCD,API,0
abd73ca7-d945-453f-b082-e2fd976f3498,2026-07-25T05:26:18.584976+00:00,ORIG-33684,RCVR-36792,1049.48,Harbor Manufacturing,Brightline Supply,WA,VA,3637,Direct deposit,WEB,API,0
c107bc91-1c91-4982-b4b6-d15a42a3b9fc,2026-08-19T03:44:18.584976+00:00,ORIG-12180,RCVR-94634,269.82,Harbor Manufacturing,Maple Consulting,IL,MA,3241,Vendor payment,CCD,Online banking,0
e237e53b-f7cb-4e97-b1fe-16be818292c7,2026-08-16T16:57:18.584976+00:00,ORIG-44641,RCVR-33323,356.77,Summit Health,Avery Johnson,WA,WA,2409,Vendor payment,CCD,File upload,0
946e8c54-0df7-4955-a443-e0bbec9caa2c,2026-08-09T12:47:18.584976+00:00,ORIG-53311,RCVR-17300,360.61,Pine Valley Foods,Cedar Utilities,CA,FL,1543,Bill payment,WEB,Branch initiated,0
783d32f3-c90b-47e0-ac8d-16d9d25d5df8,2026-08-14T08:37:18.584976+00:00,ORIG-94780,RCVR-47686,530.53,Pine Valley Foods,Maple Consulting,GA,OH,2099,Bill payment,PPD,Online banking,0
58717b4b-fc51-4c7f-b30c-7434e440dceb,2026-08-13T03:42:18.584976+00:00,ORIG-28520,RCVR-67576,2569.13,Summit Health,Cedar Utilities,CO,FOREIGN,126,Direct deposit,WEB,API,1
b6ef1656-33cd-4009-b541-6f4f28426cf3,2026-07-08T15:09:18.584976+00:00,ORIG-52932,RCVR-64388,238.48,Pine Valley Foods,Avery Johnson,GA,NC,1154,Vendor payment,WEB,API,0
a8c2ffa8-fbb9-43e2-81e5-274fa4bef096,2026-07-15T04:11:18.584976+00:00,ORIG-42060,RCVR-40491,525.29,Northstar Services,Avery Johnson,TX,NC,912,Bill payment,CCD,API,0
e3cc7ed5-8900-4cbc-8d50-c8c022210be8,2026-08-12T18:32:18.584976+00:00,ORIG-68784,RCVR-38814,59.62,Northstar Services,Maple Consulting,WA,CA,1890,Direct deposit,CCD,Online banking,0
268e6595-7ef1-4b7f-85ed-9d54bc4f0c7c,2026-07-14T05:13:18.584976+00:00,ORIG-61434,RCVR-68261,456.5,Harbor Manufacturing,Avery Johnson,NC,GA,2272,Tax payment,CCD,File upload,0
c204a3ed-01a3-42eb-ac5a-7c865356eb32,2026-07-27T17:39:18.584976+00:00,ORIG-45732,RCVR-99671,554.38,Harbor Manufacturing,Brightline Supply,MA,TX,1452,Vendor payment,CCD,File upload,0
d652049b-0aaa-425d-88fc-8d56264e166b,2026-07-28T18:09:18.584976+00:00,ORIG-72416,RCVR-61025,447.23,Summit Health,Maple Consulting,CA,GA,1088,Vendor payment,PPD,Branch initiated,0
5d2ae3ee-aa61-41f6-bdec-cf35c2c9831e,2026-07-08T03:52:18.584976+00:00,ORIG-50386,RCVR-88220,264.08,Summit Health,Cedar Utilities,MA,CO,1300,Direct deposit,PPD,API,0
d681950a-cdfa-42fd-9621-b8ef1d4a45f2,2026-08-01T22:11:18.584976+00:00,ORIG-14236,RCVR-94325,1819.58,Northstar Services,Cedar Utilities,TX,CA,1528,Direct deposit,CCD,File upload,0
2bd562be-0391-4541-b4f3-f5a126c341a9,2026-08-07T04:46:18.584976+00:00,ORIG-44523,RCVR-55010,569.5,Pine Valley Foods,Cedar Utilities,IL,WA,1009,Bill payment,PPD,Branch initiated,0
db941e5d-ed69-44bc-bcbc-1cfd1144c22d,2026-08-09T00:12:18.584976+00:00,ORIG-92745,RCVR-99592,1070.84,Northstar Services,Avery Johnson,NC,CA,3088,Bill payment,CCD,Online banking,0
3a75e899-abda-4ceb-8af7-c6b52c6b7dc3,2026-06-27T05:44:18.584976+00:00,ORIG-84409,RCVR-87538,408.38,Summit Health,Cedar Utilities,TX,OH,1836,Bill payment,CCD,Online banking,0
4d24cdaa-f8e6-45f7-9932-67b0f1224785,2026-07-23T10:59:18.584976+00:00,ORIG-65712,RCVR-22190,545.75,Summit Health,Maple Consulting,NY,NY,1892,Tax payment,CCD,Online banking,0
45c9e060-936b-4d0a-98cf-d90890759536,2026-06-22T14:34:18.584976+00:00,ORIG-29301,RCVR-90492,621.55,Northstar Services,Cedar Utilities,NC,OH,1407,Tax payment,WEB,Online banking,0
e9809bc8-aa69-4156-966b-dbcbf50ec1ae,2026-07-03T21:46:18.584976+00:00,ORIG-31505,RCVR-40496,808.41,Pine Valley Foods,Avery Johnson,CO,IL,763,Direct deposit,CCD,Branch initiated,0
043997d8-e47e-422d-964f-f102886f9e1a,2026-08-19T06:35:18.584976+00:00,ORIG-41715,RCVR-91676,1133.05,Summit Health,Brightline Supply,NY,VA,1542,Payroll,CCD,API,0
d0eb320c-88f3-467d-80e0-199b75c3aac4,2026-07-10T19:06:18.584976+00:00,ORIG-87434,RCVR-21834,735.53,Harbor Manufacturing,Maple Consulting,GA,OH,688,Bill payment,CCD,Online banking,0
bcd58030-f22d-48ee-aaaf-af4ffcfb9ec9,2026-07-24T07:46:18.584976+00:00,ORIG-52901,RCVR-89391,1060.78,Harbor Manufacturing,Cedar Utilities,CA,GA,2959,Vendor payment,WEB,API,0
31aa8638-604b-459a-974a-07e96e14775d,2026-07-31T07:31:18.584976+00:00,ORIG-99385,RCVR-63252,391.59,Summit Health,Cedar Utilities,CO,OH,371,Vendor payment,CCD,Online banking,0
1024f27a-4de1-4eae-a1e4-90d5f3233a4f,2026-08-03T18:00:18.584976+00:00,ORIG-59006,RCVR-35637,3306.6,Harbor Manufacturing,Maple Consulting,MA,OH,21,Bill payment,CCD,Branch initiated,1
7d9d2ad5-3b1c-4d63-9afe-7569467253b8,2026-07-03T20:44:18.584976+00:00,ORIG-31992,RCVR-25588,236.8,Summit Health,Cedar Utilities,MA,VA,2541,Payroll,WEB,API,0
ae62cbb5-fb38-460e-988c-5d04aed70b46,2026-08-13T22:30:18.584976+00:00,ORIG-53292,RCVR-57317,327.41,Northstar Services,Maple Consulting,OH,NC,730,Vendor payment,WEB,Online banking,0
b5589283-ee25-4c26-b68b-38d04b4336a9,2026-08-12T00:21:18.584976+00:00,ORIG-84965,RCVR-22019,189.72,Northstar Services,Avery Johnson,IL,OH,1579,Vendor payment,CCD,Online banking,0
57221270-7279-416f-a56e-13d141d682aa,2026-06-26T15:07:18.584976+00:00,ORIG-30576,RCVR-23473,611.07,Harbor Manufacturing,Maple Consulting,FL,IL,3127,Payroll,WEB,File upload,0
27941acb-dbf5-4cb3-98be-cbab698d08cd,2026-08-11T14:31:18.584976+00:00,ORIG-30281,RCVR-71889,553.18,Pine Valley Foods,Cedar Utilities,OH,MA,1023,Payroll,CCD,File upload,0
5a2e95fc-3c70-4c04-b979-656cc5d1f050,2026-07-19T10:00:18.584976+00:00,ORIG-52038,RCVR-39288,177.8,Northstar Services,Brightline Supply,CA,CO,44,Direct deposit,CCD,API,0
6bf6d8eb-59fb-45dd-ba32-04f414b3fc7d,2026-08-11T18:26:18.584976+00:00,ORIG-63381,RCVR-57259,272.9,Harbor Manufacturing,Cedar Utilities,TX,WA,3440,Direct deposit,PPD,File upload,0
1e70bd5c-aab8-4754-ae3a-60a06c2f8409,2026-07-24T01:16:18.584976+00:00,ORIG-83185,RCVR-34086,295.54,Northstar Services,Brightline Supply,IL,CO,2451,Bill payment,CCD,Online banking,0
729c000a-ef43-4e36-82ac-f287249b1be2,2026-07-13T21:35:18.584976+00:00,ORIG-23497,RCVR-13002,1098.33,Summit Health,Avery Johnson,CO,TX,2524,Payroll,PPD,Online banking,0
3e1b2299-1c22-485b-8ec0-ee29947f0bf2,2026-07-03T22:27:18.584976+00:00,ORIG-42775,RCVR-27563,436.38,Northstar Services,Maple Consulting,FL,VA,2064,Vendor payment,PPD,API,0
d1a6d131-ddbd-4864-a97f-7868954d3697,2026-06-24T06:04:18.584976+00:00,ORIG-62705,RCVR-32347,234.9,Summit Health,Maple Consulting,MA,VA,2348,Payroll,WEB,Online banking,0
ded72def-81be-48ae-b19f-d67be5259cac,2026-07-20T10:14:18.584976+00:00,ORIG-93118,RCVR-93014,232.85,Harbor Manufacturing,Maple Consulting,FL,VA,2571,Direct deposit,PPD,File upload,0
2957017b-738f-4ef9-8ab1-a17a68d9f521,2026-08-06T11:32:18.584976+00:00,ORIG-96639,RCVR-70725,707.48,Harbor Manufacturing,Cedar Utilities,CA,VA,1042,Vendor payment,WEB,API,0
23b95956-7c6c-40c3-8210-2a70ce31cf00,2026-08-09T17:45:18.584976+00:00,ORIG-48697,RCVR-53866,207.05,Pine Valley Foods,Avery Johnson,MA,CO,181,Bill payment,WEB,Online banking,0
cfd9aa15-418f-49f8-942b-e73b0924904b,2026-08-04T07:03:18.584976+00:00,ORIG-49378,RCVR-72535,1067.95,Harbor Manufacturing,Maple Consulting,NC,MA,2488,Bill payment,PPD,File upload,0
26b10458-38aa-491c-8223-7bdd14fa3e51,2026-08-18T17:35:18.584976+00:00,ORIG-75886,RCVR-86601,258.65,Harbor Manufacturing,Maple Consulting,CO,VA,838,Payroll,PPD,Branch initiated,0
032f2617-cd6b-464b-9a0c-5d4b85e94323,2026-07-21T21:16:18.584976+00:00,ORIG-27634,RCVR-38908,647.98,Summit Health,Maple Consulting,MA,NC,1745,Tax payment,WEB,File upload,0
4fd49009-dcab-4ae9-9c8a-651a14892f07,2026-08-14T02:40:18.584976+00:00,ORIG-64616,RCVR-94823,579.42,Pine Valley Foods,Brightline Supply,VA,CA,1567,Payroll,CCD,API,0
2bed9ac2-484c-4023-a174-ee24847c2768,2026-06-28T05:31:18.584976+00:00,ORIG-85683,RCVR-90661,409.33,Northstar Services,Brightline Supply,NY,CO,498,Bill payment,WEB,API,0
e83fd60c-16be-4946-945e-2947f99a22c6,2026-07-22T11:38:18.584976+00:00,ORIG-84650,RCVR-47990,642.36,Harbor Manufacturing,Avery Johnson,OH,FL,1065,Direct deposit,WEB,File upload,0
a0014528-7a56-4bbd-b55b-95d6a2c2bdc8,2026-07-18T22:21:18.584976+00:00,ORIG-83504,RCVR-41374,1091.52,Harbor Manufacturing,Avery Johnson,NY,FL,882,Payroll,WEB,Online banking,0
0510e38a-59ea-4f96-b8f0-4cbd61132b9c,2026-07-31T17:33:18.584976+00:00,ORIG-74674,RCVR-11025,952.55,Harbor Manufacturing,Maple Consulting,WA,NC,3156,Direct deposit,CCD,Online banking,0
61aff456-aedf-4bea-9bef-b374194a41f7,2026-08-07T06:26:18.584976+00:00,ORIG-96970,RCVR-96825,419.62,Pine Valley Foods,Brightline Supply,FL,MA,2199,Payroll,PPD,API,0
9419a068-d667-40cf-8e80-5e695da34847,2026-08-06T19:29:18.584976+00:00,ORIG-67250,RCVR-76840,430.3,Harbor Manufacturing,Maple Consulting,GA,CA,3409,Direct deposit,CCD,Branch initiated,0
57422278-7f77-4da9-8c57-8d625f921ac5,2026-06-23T16:15:18.584976+00:00,ORIG-62327,RCVR-46509,389.22,Harbor Manufacturing,Brightline Supply,CA,TX,1151,Tax payment,CCD,File upload,0
2555d92e-1732-476b-b5e5-aa1c7e956c11,2026-07-08T14:57:18.584976+00:00,ORIG-56846,RCVR-93385,926.07,Pine Valley Foods,Avery Johnson,CO,GA,1413,Bill payment,WEB,API,0
fde93955-0e5f-4124-9cef-74428796faaf,2026-07-06T01:46:18.584976+00:00,ORIG-80444,RCVR-69946,109.47,Harbor Manufacturing,Avery Johnson,NY,IL,642,Direct deposit,CCD,Online banking,0
e17cbfa9-eb62-416d-80fb-2de7428e1fb2,2026-08-09T21:40:18.584976+00:00,ORIG-90884,RCVR-91109,269.72,Summit Health,Maple Consulting,VA,CO,2513,Direct deposit,CCD,File upload,0
6d3464fb-f312-4b8f-a510-cb97d6d65c91,2026-08-14T07:19:18.584976+00:00,ORIG-50721,RCVR-24626,430.94,Summit Health,Maple Consulting,VA,NC,2961,Payroll,PPD,API,0
811ea3ae-ed3d-482f-bc88-918c3e6ba8c6,2026-08-02T01:16:18.584976+00:00,ORIG-17998,RCVR-24451,826.11,Summit Health,Brightline Supply,OH,FL,2673,Vendor payment,PPD,Branch initiated,0
8dced7a7-6b17-4d93-9cf7-65e0a8dec221,2026-08-07T16:38:18.584976+00:00,ORIG-38176,RCVR-50017,286.83,Pine Valley Foods,Maple Consulting,IL,OH,2327,Tax payment,CCD,Online banking,0
d3ce5353-8c1c-4798-ad3f-ac9118a2ee84,2026-08-16T08:45:18.584976+00:00,ORIG-14402,RCVR-45991,230.95,Northstar Services,Brightline Supply,VA,OH,22,Payroll,CCD,File upload,0
1c60813f-2539-4e18-8563-e1dd01f08757,2026-07-11T22:16:18.584976+00:00,ORIG-62315,RCVR-62460,914.55,Summit Health,Avery Johnson,MA,OH,1118,Direct deposit,PPD,Online banking,0
1888cc59-d60c-4451-a169-fdf27bb57d31,2026-06-28T12:50:18.584976+00:00,ORIG-90616,RCVR-67333,265.83,Summit Health,Cedar Utilities,NC,CA,2032,Vendor payment,PPD,API,0
0d3a6826-4a30-46ff-9ecf-fae5c300f3f1,2026-08-02T02:00:18.584976+00:00,ORIG-91795,RCVR-85154,469.13,Northstar Services,Avery Johnson,WA,IL,2175,Bill payment,CCD,Online banking,0
e960b535-165b-4ecd-a798-603b085272aa,2026-06-24T19:47:18.584976+00:00,ORIG-57766,RCVR-15580,1454.25,Pine Valley Foods,Avery Johnson,FL,OH,2690,Vendor payment,WEB,Online banking,0
f4102c17-6312-4737-8152-075e4a05b072,2026-08-19T01:38:18.584976+00:00,ORIG-51946,RCVR-81961,961.34,Pine Valley Foods,Avery Johnson,NY,MA,1709,Bill payment,PPD,Branch initiated,0
e0e58b67-e37f-4bf6-96d9-f9ec6e1bd1dc,2026-07-18T02:30:18.584976+00:00,ORIG-44995,RCVR-47823,337.46,Summit Health,Avery Johnson,VA,OH,3410,Payroll,CCD,File upload,0
3b5376a9-6784-4b0d-a179-3996e9db4195,2026-08-13T08:56:18.584976+00:00,ORIG-84647,RCVR-23114,389.87,Northstar Services,Maple Consulting,TX,WA,629,Tax payment,WEB,API,0
0c4a44cf-c790-42b1-a665-9bd35d102feb,2026-07-24T15:26:18.584976+00:00,ORIG-31654,RCVR-54440,355.91,Pine Valley Foods,Avery Johnson,IL,TX,2219,Vendor payment,WEB,File upload,0
c45a5261-359b-4b3f-85a9-1c20db5bcbe9,2026-07-29T14:17:18.584976+00:00,ORIG-96895,RCVR-84758,351.94,Summit Health,Cedar Utilities,VA,MA,1555,Bill payment,WEB,File upload,0
fd48a2dd-97b9-4246-908c-56806adec0a8,2026-07-08T00:49:18.584976+00:00,ORIG-90315,RCVR-44514,215.15,Pine Valley Foods,Cedar Utilities,MA,IL,138,Direct deposit,TEL,Online banking,1
eb615f1b-f411-4e12-b9da-97314d986e43,2026-07-14T11:40:18.584976+00:00,ORIG-10350,RCVR-86318,294.05,Harbor Manufacturing,Avery Johnson,FL,FL,2844,Vendor payment,CCD,File upload,0
ba6eaf3b-498a-44a3-88e1-c3661c3ae18e,2026-07-20T09:07:18.584976+00:00,ORIG-71160,RCVR-26382,568.66,Northstar Services,Avery Johnson,TX,NY,3519,Vendor payment,CCD,API,0
71a86438-9e5d-4844-b2ca-fb19bb3b1810,2026-07-27T22:19:18.584976+00:00,ORIG-44395,RCVR-80327,371.8,Summit Health,Brightline Supply,CO,VA,1645,Bill payment,PPD,Online banking,0
add86139-6f8c-419a-bf20-2defd3a95737,2026-07-27T05:51:18.584976+00:00,ORIG-73936,RCVR-50503,573.14,Northstar Services,Maple Consulting,WA,VA,1534,Direct deposit,PPD,API,0
fe6cdda9-d119-460e-9b20-6fbb3264ec70,2026-07-23T06:22:18.584976+00:00,ORIG-58066,RCVR-58874,1508.38,Harbor Manufacturing,Avery Johnson,FL,OH,2386,Bill payment,CCD,File upload,0
ca6026c2-7539-462d-bf90-f6b43035594b,2026-07-24T10:02:18.584976+00:00,ORIG-22808,RCVR-95671,172.52,Summit Health,Maple Consulting,MA,OH,3183,Vendor payment,CCD,Online banking,0
5f9a232c-0ef6-4ed5-a3a0-35bf34493a3f,2026-08-01T10:17:18.584976+00:00,ORIG-49577,RCVR-68201,294.52,Northstar Services,Cedar Utilities,VA,VA,1823,Payroll,CCD,File upload,0
6a220f8e-5326-40f7-9a1e-5467962543d9,2026-07-07T00:09:18.584976+00:00,ORIG-42185,RCVR-48121,766.71,Northstar Services,Cedar Utilities,NY,WA,172,Tax payment,WEB,Online banking,0
5b440b3d-3646-4bb6-aed3-de8e558bb186,2026-07-26T01:23:18.584976+00:00,ORIG-26077,RCVR-70487,506.83,Northstar Services,Brightline Supply,NC,CA,81,Payroll,CCD,Online banking,0
acb52d86-fc6d-4c5f-8327-c408d4030486,2026-08-18T00:14:18.584976+00:00,ORIG-67452,RCVR-14622,525.67,Summit Health,Maple Consulting,CA,CO,2355,Payroll,CCD,API,0
1e064e36-9bb8-40af-9096-c16add8255f2,2026-06-27T11:28:18.584976+00:00,ORIG-51132,RCVR-99116,746.76,Northstar Services,Maple Consulting,OH,MA,3070,Bill payment,WEB,File upload,0
49cbe6a2-dda1-460b-b85f-321d0d721f92,2026-07-30T08:10:18.584976+00:00,ORIG-68349,RCVR-62665,394.52,Pine Valley Foods,Cedar Utilities,TX,NC,3603,Bill payment,WEB,API,0
0b099919-6cff-477b-818f-5f321ef2f42e,2026-07-14T18:14:18.584976+00:00,ORIG-26788,RCVR-27411,237.52,Pine Valley Foods,Cedar Utilities,CA,NY,438,Vendor payment,WEB,Online banking,0
84d7d3bc-e243-45d5-97bb-eca5c8298465,2026-07-27T02:03:18.584976+00:00,ORIG-50617,RCVR-31622,278.01,Summit Health,Cedar Utilities,TX,NY,923,Bill payment,CCD,File upload,0
e4255870-1404-478a-a9ee-e41893ba30af,2026-06-30T04:09:18.584976+00:00,ORIG-45131,RCVR-78178,2431.09,Northstar Services,Brightline Supply,CO,WA,2736,Payroll,WEB,Online banking,0
23594b22-e575-4694-86a0-6ae2958175b8,2026-07-10T07:43:18.584976+00:00,ORIG-92429,RCVR-67272,348.83,Harbor Manufacturing,Brightline Supply,GA,MA,715,Bill payment,PPD,Branch initiated,0
019e26c1-8a23-4b9d-bba8-cad8c9b47676,2026-07-14T01:43:18.584976+00:00,ORIG-87502,RCVR-44657,424.98,Northstar Services,Brightline Supply,WA,NY,2391,Payroll,PPD,File upload,0
9476d694-a4fe-4b6c-9655-e54be10d2aa1,2026-08-09T03:56:18.584976+00:00,ORIG-44583,RCVR-92132,388.12,Pine Valley Foods,Cedar Utilities,FL,CO,2326,Vendor payment,CCD,File upload,0
d4831c8c-eda2-4d05-af1f-fa7d288ac152,2026-07-23T23:43:18.584976+00:00,ORIG-44616,RCVR-92467,108.9,Harbor Manufacturing,Maple Consulting,MA,NY,1300,Bill payment,CCD,Branch initiated,0
8c5b5a78-ec07-46c0-9530-1218620d2f0b,2026-08-10T21:32:18.584976+00:00,ORIG-97258,RCVR-54906,306.12,Northstar Services,Brightline Supply,WA,OH,2095,Payroll,WEB,Online banking,0
4e309116-7789-41c4-9054-be41e59313fd,2026-08-15T13:54:18.584976+00:00,ORIG-80762,RCVR-23142,1926.75,Pine Valley Foods,Maple Consulting,VA,VA,2103,Bill payment,PPD,API,0
159a14db-46cf-4704-80fe-f7ffe55906b4,2026-07-26T09:59:18.584976+00:00,ORIG-60069,RCVR-97917,531.36,Pine Valley Foods,Brightline Supply,CO,IL,997,Bill payment,CCD,Branch initiated,0
4a068653-b0e7-42dd-9f84-b1517b71c2b1,2026-08-11T23:36:18.584976+00:00,ORIG-81002,RCVR-37139,181.94,Summit Health,Avery Johnson,NY,FL,3600,Direct deposit,CCD,API,0
a4209db0-7dc0-483d-865c-4b14a1b0b97a,2026-07-07T21:33:18.584976+00:00,ORIG-65284,RCVR-96691,133.81,Summit Health,Maple Consulting,TX,CA,3178,Direct deposit,CCD,Online banking,0
cbbd1916-4363-4cf8-aab5-f68b9b30e5bc,2026-06-26T21:40:18.584976+00:00,ORIG-95748,RCVR-73278,258.14,Northstar Services,Maple Consulting,NY,NC,605,Payroll,CCD,API,0
9b699a2f-74cb-4d2a-b40e-f563757b74d2,2026-07-04T20:56:18.584976+00:00,ORIG-49295,RCVR-23497,578.01,Summit Health,Brightline Supply,CA,VA,1220,Bill payment,CCD,Online banking,0
529e0d24-97bb-461f-a8f9-bf4dffbbcc17,2026-07-12T18:26:18.584976+00:00,ORIG-90330,RCVR-20920,927.17,Summit Health,Avery Johnson,CO,TX,85,Direct deposit,CCD,File upload,0
05dbc6fe-80e4-4899-acec-599835c64f34,2026-06-30T01:12:18.584976+00:00,ORIG-73772,RCVR-94564,837.94,Northstar Services,Brightline Supply,TX,WA,170,Payroll,IAT,API,1
3bb6683a-e15f-48f3-8b53-e7c6032a029b,2026-08-16T00:31:18.584976+00:00,ORIG-58989,RCVR-83223,301.61,Northstar Services,Brightline Supply,CO,WA,2375,Direct deposit,CCD,Branch initiated,0
59b6dbd4-312d-494e-9dc0-6691882b80cb,2026-07-09T18:25:18.584976+00:00,ORIG-42322,RCVR-18779,1545.25,Pine Valley Foods,Maple Consulting,CO,MA,1398,Vendor payment,CCD,File upload,0
ef49cddd-db72-4a01-aad5-53a145bfadee,2026-08-08T01:20:18.584976+00:00,ORIG-13287,RCVR-82142,876.07,Summit Health,Cedar Utilities,NC,TX,581,Tax payment,PPD,Online banking,0
6c772d72-f10a-4fd1-b1b0-c109a63e011e,2026-07-18T08:27:18.584976+00:00,ORIG-35182,RCVR-99449,325.68,Northstar Services,Avery Johnson,OH,IL,3628,Bill payment,PPD,API,0
4be588bf-2984-47f9-a03a-0e89ae73def9,2026-07-21T01:57:18.584976+00:00,ORIG-38530,RCVR-55240,602.82,Northstar Services,Avery Johnson,NC,TX,2226,Vendor payment,PPD,Online banking,0
73cb139d-0e51-49e7-8938-ce8fa47b03eb,2026-07-21T18:40:18.584976+00:00,ORIG-73201,RCVR-84221,171.06,Northstar Services,Brightline Supply,VA,TX,2471,Direct deposit,PPD,API,0
c7b09888-d671-4b7a-8cb9-de41ab735d1b,2026-07-06T23:37:18.584976+00:00,ORIG-13516,RCVR-35198,327.22,Northstar Services,Cedar Utilities,NY,WA,235,Tax payment,CCD,Online banking,0
9d0910db-c623-42c3-844b-46c4c18e05eb,2026-07-28T18:22:18.584976+00:00,ORIG-10630,RCVR-53248,76.5,Northstar Services,Maple Consulting,WA,NC,3118,Tax payment,WEB,Online banking,0
ddebfe5c-cb0d-4df4-b7de-4c9d794cbb3c,2026-07-30T02:13:18.584976+00:00,ORIG-25113,RCVR-83053,268.53,Summit Health,Maple Consulting,OH,IL,1786,Payroll,PPD,Online banking,0
2fac3408-a798-4b25-bbfc-e2c70781f9f7,2026-07-31T10:11:18.584976+00:00,ORIG-86955,RCVR-69643,566.3,Pine Valley Foods,Avery Johnson,VA,WA,970,Payroll,PPD,Online banking,0
f4b29f53-cda6-4d47-9fa7-df4d7c795ec6,2026-07-27T19:20:18.584976+00:00,ORIG-69138,RCVR-53690,1058.4,Summit Health,Cedar Utilities,NC,WA,3194,Payroll,CCD,API,0
f24eea63-0da7-4bea-a2de-bad3ac0ee22f,2026-07-03T07:24:18.584976+00:00,ORIG-67512,RCVR-38471,1130.3,Northstar Services,Avery Johnson,TX,IL,3510,Bill payment,CCD,Online banking,0
f4f4cfa6-2df8-4a30-b3e8-1774f1fd3fc1,2026-08-16T04:03:18.584976+00:00,ORIG-85985,RCVR-49176,650.22,Summit Health,Maple Consulting,TX,MA,211,Direct deposit,WEB,API,0
f512728c-36b7-407e-a296-1f3ba2eac515,2026-07-23T22:32:18.584976+00:00,ORIG-98291,RCVR-56018,364.35,Summit Health,Cedar Utilities,MA,IL,3238,Direct deposit,PPD,Online banking,0
88e284aa-be6f-4886-bb0c-64d1ea242e8d,2026-06-29T08:50:18.584976+00:00,ORIG-45174,RCVR-99168,524.82,Northstar Services,Brightline Supply,OH,MA,1058,Direct deposit,WEB,File upload,0
f5473199-b5e0-47fb-ba50-df49dd53542e,2026-07-13T21:50:18.584976+00:00,ORIG-87349,RCVR-88310,333.99,Pine Valley Foods,Maple Consulting,NC,NC,105,Tax payment,TEL,Online banking,1
4eea3f6c-4c8c-4b73-9ce6-f11957cb3c60,2026-07-11T13:02:18.584976+00:00,ORIG-88137,RCVR-59097,611.42,Summit Health,Avery Johnson,NY,NY,2316,Direct deposit,PPD,Online banking,0
f69d75fc-4f11-46aa-bad2-68383ae9d9fd,2026-07-06T14:45:18.584976+00:00,ORIG-68201,RCVR-19143,454.62,Northstar Services,Avery Johnson,FL,WA,769,Payroll,CCD,API,0
96052e42-5622-4950-b530-a0974d7a0c40,2026-06-22T09:38:18.584976+00:00,ORIG-31491,RCVR-40386,3356.02,Pine Valley Foods,Brightline Supply,IL,GA,1035,Bill payment,CCD,Online banking,0
cb68fff6-5e11-4cec-ba2c-50a11c0054b5,2026-07-15T08:11:18.584976+00:00,ORIG-84186,RCVR-43893,330.84,Pine Valley Foods,Avery Johnson,CA,NC,536,Vendor payment,CCD,Online banking,0
82f97671-9d49-4961-b983-b6567ec1f2b3,2026-07-16T04:36:18.584976+00:00,ORIG-50045,RCVR-21841,125.91,Pine Valley Foods,Cedar Utilities,FL,TX,200,Payroll,CCD,File upload,0
98af974c-5c26-4b4c-bc7d-fb23c0bc8faa,2026-07-27T17:47:18.584976+00:00,ORIG-47652,RCVR-79692,278.46,Summit Health,Cedar Utilities,OH,MA,2372,Tax payment,PPD,Online banking,0
07bc0b09-92bb-4865-826c-1166c15e6f94,2026-07-18T21:26:18.584976+00:00,ORIG-79390,RCVR-10846,1135.64,Harbor Manufacturing,Brightline Supply,IL,FL,1241,Vendor payment,CCD,Online banking,0
00ccad39-3a11-4061-ad64-ab2cdea46655,2026-08-18T03:14:18.584976+00:00,ORIG-79472,RCVR-93563,172.15,Summit Health,Maple Consulting,NC,OH,534,Vendor payment,PPD,Online banking,0
e00eb826-deeb-4aa6-99c1-000d5acb38ae,2026-08-14T00:17:18.584976+00:00,ORIG-91452,RCVR-52733,1151.61,Summit Health,Maple Consulting,CA,CO,2213,Direct deposit,WEB,API,0
95ab77bb-61d0-4a67-b2a2-745a6e938013,2026-07-07T19:05:18.584976+00:00,ORIG-36605,RCVR-19999,1001.03,Harbor Manufacturing,Brightline Supply,OH,NY,3267,Direct deposit,PPD,API,0
3104c666-4a29-491f-bcc5-ce9a5233c99b,2026-08-10T13:24:18.584976+00:00,ORIG-61419,RCVR-50594,356.91,Harbor Manufacturing,Avery Johnson,VA,TX,3115,Vendor payment,WEB,API,0
969bce56-bcee-4ae1-b3eb-e1716fcfba09,2026-08-20T06:00:18.584976+00:00,ORIG-20299,RCVR-15416,187.46,Pine Valley Foods,Maple Consulting,CA,MA,616,Payroll,PPD,API,0
0751c605-92be-4f15-946c-44184e27aa38,2026-06-22T03:14:18.584976+00:00,ORIG-74107,RCVR-57297,226.8,Harbor Manufacturing,Cedar Utilities,CO,WA,565,Payroll,PPD,File upload,0
2ad15375-58d0-444f-8974-91194dde3055,2026-07-27T08:42:18.584976+00:00,ORIG-51882,RCVR-95227,295.05,Northstar Services,Avery Johnson,FL,NY,2789,Tax payment,CCD,Online banking,0
2b855eec-3f0f-4f6f-8e4a-3f5c2ff4a3c3,2026-08-05T07:20:18.584976+00:00,ORIG-62198,RCVR-17261,224.88,Summit Health,Cedar Utilities,GA,WA,3299,Vendor payment,PPD,Online banking,0
c849752a-3eb5-4340-811e-391c60141e22,2026-07-17T22:49:18.584976+00:00,ORIG-41183,RCVR-82796,457.72,Pine Valley Foods,Maple Consulting,NY,FL,1747,Payroll,PPD,File upload,0
79b31e1f-0294-43ce-8f39-27a6ec7d4afb,2026-07-21T07:24:18.584976+00:00,ORIG-40031,RCVR-27639,437.53,Summit Health,Maple Consulting,TX,FL,410,Tax payment,WEB,API,0
91b857b7-ca89-48d9-827b-8a825ffca468,2026-08-12T03:31:18.584976+00:00,ORIG-84120,RCVR-66660,504.74,Summit Health,Maple Consulting,WA,CO,530,Bill payment,PPD,API,0
eab27c88-fd4f-4d28-bd54-be34f045a557,2026-08-16T15:30:18.584976+00:00,ORIG-82051,RCVR-56246,266.89,Pine Valley Foods,Brightline Supply,OH,FL,2316,Direct deposit,PPD,File upload,0
8c394fdc-22f6-4f60-8061-e7987b3aa8a7,2026-06-29T11:36:18.584976+00:00,ORIG-86741,RCVR-54625,528.3,Pine Valley Foods,Avery Johnson,GA,NY,1323,Payroll,PPD,Online banking,0
0b014db2-74d3-406a-a5e0-6d204dd74e7a,2026-08-01T15:31:18.584976+00:00,ORIG-20915,RCVR-47017,1069.22,Pine Valley Foods,Avery Johnson,VA,NY,3403,Direct deposit,CCD,API,0
cfe7e707-2c81-46ba-aac0-e959ea010b0b,2026-08-10T18:39:18.584976+00:00,ORIG-49194,RCVR-83569,457.89,Summit Health,Brightline Supply,IL,FL,535,Bill payment,WEB,Online banking,0
40db6b13-9041-4d09-9f63-2b3462b8c6a9,2026-07-02T05:00:18.584976+00:00,ORIG-49371,RCVR-95607,269.96,Summit Health,Maple Consulting,CO,FL,1968,Vendor payment,CCD,Online banking,0
2ef7fa5c-f711-4796-b2ae-4fed91f8ac78,2026-06-24T00:31:18.584976+00:00,ORIG-49885,RCVR-91610,297.72,Summit Health,Maple Consulting,VA,MA,1384,Direct deposit,WEB,File upload,0
77d5d88c-d5ce-4aec-b626-224cb36c425b,2026-07-31T13:46:18.584976+00:00,ORIG-15637,RCVR-30537,213.92,Northstar Services,Brightline Supply,VA,VA,78,Bill payment,PPD,Online banking,0
2fc325fd-f6c9-4eb6-a18c-76b27ffdeca4,2026-06-28T22:52:18.584976+00:00,ORIG-14007,RCVR-16532,505.0,Harbor Manufacturing,Avery Johnson,CA,VA,1453,Direct deposit,PPD,API,0
1966cc33-8f2b-4c64-aae7-c29052ddd6f7,2026-08-09T06:04:18.584976+00:00,ORIG-60062,RCVR-28143,280.81,Pine Valley Foods,Cedar Utilities,FL,NC,137,Vendor payment,CCD,File upload,0
280f2ef5-9d81-42e8-b286-63c63265e91f,2026-07-30T20:00:18.584976+00:00,ORIG-45183,RCVR-92513,528.51,Northstar Services,Avery Johnson,CO,WA,992,Payroll,WEB,Online banking,0
ff614ca6-295b-4ba8-88a3-982f5491b5f2,2026-07-09T23:20:18.584976+00:00,ORIG-50729,RCVR-18628,973.68,Harbor Manufacturing,Maple Consulting,FL,NC,2343,Payroll,PPD,API,0
1b7b4e0c-7528-4b9d-9db2-efbc0328f490,2026-07-04T08:48:18.584976+00:00,ORIG-38498,RCVR-53248,641.12,Harbor Manufacturing,Maple Consulting,TX,GA,2358,Tax payment,WEB,Online banking,0
99e9ac12-2985-4651-bda9-cd57d7da708f,2026-06-22T22:15:18.584976+00:00,ORIG-99704,RCVR-64452,612.05,Summit Health,Maple Consulting,TX,NC,1447,Vendor payment,WEB,Online banking,0
b4eedf99-1d36-4341-92d9-9a170c2f0e7b,2026-08-05T11:42:18.584976+00:00,ORIG-49478,RCVR-70944,318.64,Pine Valley Foods,Maple Consulting,FL,WA,832,Vendor payment,WEB,API,0
d7b99c1b-b5fb-4ba5-9bbb-0066183adeef,2026-06-29T13:08:18.584976+00:00,ORIG-66665,RCVR-49402,953.2,Summit Health,Maple Consulting,VA,CA,129,Direct deposit,CCD,File upload,1
89f8322d-10c9-4c2e-ac4f-438052012ac2,2026-07-22T06:45:18.584976+00:00,ORIG-47242,RCVR-33073,313.49,Pine Valley Foods,Avery Johnson,VA,CA,590,Payroll,WEB,Online banking,0
0b928af1-1371-4f12-bcf4-d5b0a85178ac,2026-07-18T18:00:18.584976+00:00,ORIG-39443,RCVR-91523,353.94,Pine Valley Foods,Cedar Utilities,IL,TX,1310,Vendor payment,WEB,File upload,0
6885a224-7d76-4186-adb2-032d38e35b00,2026-06-28T03:41:18.584976+00:00,ORIG-32874,RCVR-77290,309.28,Summit Health,Brightline Supply,WA,MA,3390,Tax payment,PPD,File upload,0
a5e43537-6e05-4395-b972-6270ce440315,2026-07-29T10:29:18.584976+00:00,ORIG-46337,RCVR-54615,1173.63,Pine Valley Foods,Brightline Supply,NY,GA,46,Vendor payment,WEB,File upload,1
942a60e2-5c8c-4a44-9fbe-4acf36b7bcb5,2026-07-28T18:42:18.584976+00:00,ORIG-59061,RCVR-35018,548.65,Summit Health,Brightline Supply,TX,OH,12,Bill payment,PPD,API,1
30bf2cb3-c80e-480c-bc6d-840e88578112,2026-08-09T10:17:18.584976+00:00,ORIG-22561,RCVR-13714,308.39,Summit Health,Avery Johnson,FL,MA,2190,Direct deposit,PPD,File upload,0
358f3f1b-e200-4a44-a140-3156bd59b2c9,2026-07-27T13:42:18.584976+00:00,ORIG-45832,RCVR-29907,1039.44,Pine Valley Foods,Cedar Utilities,WA,CA,293,Payroll,WEB,API,0
60d48c6a-d258-4f49-861f-02fd19659d4f,2026-07-18T01:17:18.584976+00:00,ORIG-52040,RCVR-40483,587.97,Northstar Services,Maple Consulting,CO,FL,375,Vendor payment,WEB,Branch initiated,0
893cc097-ee46-413c-93de-63f2eb85ae4f,2026-07-20T10:15:18.584976+00:00,ORIG-39257,RCVR-50640,1331.34,Harbor Manufacturing,Avery Johnson,MA,WA,452,Bill payment,WEB,API,0
9baabf6d-2d0d-4536-80a2-aa48accb05bd,2026-07-23T06:24:18.584976+00:00,ORIG-66654,RCVR-40227,1149.93,Pine Valley Foods,Brightline Supply,CO,NC,73,Direct deposit,PPD,File upload,0
a8bbc925-da61-48bf-b363-68e9389a11e6,2026-08-08T15:28:18.584976+00:00,ORIG-97767,RCVR-80313,273.44,Harbor Manufacturing,Maple Consulting,CO,VA,3581,Payroll,CCD,Online banking,0
5791c0f7-fba3-49be-ad82-bfdd5afae57e,2026-08-14T04:40:18.584976+00:00,ORIG-17174,RCVR-51208,585.18,Summit Health,Cedar Utilities,IL,FL,1826,Direct deposit,PPD,Online banking,0
3c41ef5d-c7c7-4ae9-aa9a-6860b0dbfa16,2026-08-01T05:07:18.584976+00:00,ORIG-76215,RCVR-15509,724.93,Northstar Services,Avery Johnson,NC,CA,395,Payroll,WEB,Online banking,0
9aa37b10-c519-4c3d-b00b-5400153fb982,2026-08-07T07:25:18.584976+00:00,ORIG-75645,RCVR-83042,1776.53,Northstar Services,Brightline Supply,OH,OH,1582,Vendor payment,WEB,API,0
feee416e-8262-4014-9461-42d8fdf41b2c,2026-07-14T17:59:18.584976+00:00,ORIG-80209,RCVR-56178,164.04,Northstar Services,Cedar Utilities,NY,WA,146,Tax payment,CCD,Online banking,0
981d6e87-a958-48e6-9cc2-c44ce480bcda,2026-07-15T10:06:18.584976+00:00,ORIG-59832,RCVR-72735,559.63,Pine Valley Foods,Avery Johnson,OH,FL,9,Tax payment,PPD,API,0
973f8efe-e3fa-4264-8f82-643559a39ba6,2026-07-25T10:07:18.584976+00:00,ORIG-70044,RCVR-37627,238.98,Harbor Manufacturing,Maple Consulting,VA,GA,916,Payroll,WEB,Online banking,0
82e01312-b999-43f1-a7a8-9b7d31acad60,2026-07-15T09:55:18.584976+00:00,ORIG-86544,RCVR-92419,533.12,Harbor Manufacturing,Avery Johnson,OH,TX,1165,Tax payment,WEB,Online banking,0
5a252483-fe69-47cd-bb09-c0203cfaf35b,2026-07-09T20:25:18.584976+00:00,ORIG-73020,RCVR-44529,292.57,Northstar Services,Maple Consulting,IL,NC,1713,Direct deposit,CCD,Online banking,0
99ede61d-2778-44fb-a76a-eb4e010cbd55,2026-06-30T18:33:18.584976+00:00,ORIG-21010,RCVR-65703,351.92,Harbor Manufacturing,Cedar Utilities,NY,CO,2490,Bill payment,CCD,Online banking,0
9f7f9c45-6079-4561-ae9a-72efef7e0ef7,2026-07-24T05:06:18.584976+00:00,ORIG-16398,RCVR-92027,461.06,Summit Health,Brightline Supply,CO,OH,2950,Payroll,PPD,Online banking,0
c6386ec3-8112-46ca-9631-6042040e22bb,2026-07-20T08:24:18.584976+00:00,ORIG-71567,RCVR-72497,244.65,Summit Health,Brightline Supply,GA,GA,1972,Payroll,WEB,File upload,0
fdeae210-2b63-44a1-9f6f-a8aa124d09be,2026-07-14T00:24:18.584976+00:00,ORIG-72978,RCVR-98250,684.71,Pine Valley Foods,Avery Johnson,IL,OH,2724,Payroll,PPD,Branch initiated,0
821bb437-f595-41c2-9da3-0e67921f48a0,2026-07-25T10:48:18.584976+00:00,ORIG-17576,RCVR-54839,418.49,Harbor Manufacturing,Avery Johnson,CA,VA,151,Tax payment,WEB,Branch initiated,0
69fa10c5-e4d1-4910-a267-1e3a88c815ea,2026-08-01T20:23:18.584976+00:00,ORIG-92719,RCVR-70063,189.77,Pine Valley Foods,Maple Consulting,NY,NC,1606,Vendor payment,PPD,Online banking,0
823fe4b5-2d81-48ea-9409-0220ac15d072,2026-07-26T04:13:18.584976+00:00,ORIG-17790,RCVR-13604,272.8,Northstar Services,Avery Johnson,GA,VA,2521,Bill payment,WEB,Branch initiated,0
0c0c99a9-91ac-4962-90cc-0b8ef06d3b38,2026-08-19T05:41:18.584976+00:00,ORIG-23940,RCVR-67367,1182.53,Summit Health,Cedar Utilities,WA,IL,1589,Vendor payment,WEB,API,0
23a28774-4621-4078-869f-ce0a3e8aa48b,2026-08-03T03:15:18.584976+00:00,ORIG-59491,RCVR-30547,482.81,Pine Valley Foods,Cedar Utilities,OH,TX,681,Vendor payment,PPD,Online banking,0
f3dfc4fd-27fc-4fee-85bf-c40c5b2ad7b6,2026-07-31T10:09:18.584976+00:00,ORIG-58795,RCVR-60101,181.41,Summit Health,Maple Consulting,IL,CA,2702,Bill payment,WEB,API,0
d86ecc2f-763a-45d6-aedf-165d3f33a7d4,2026-08-16T21:30:18.584976+00:00,ORIG-92448,RCVR-31758,159.62,Northstar Services,Cedar Utilities,CO,OH,179,Tax payment,PPD,File upload,0
1f925ef2-673c-4a76-beb6-50c3e21ff228,2026-08-01T01:19:18.584976+00:00,ORIG-82525,RCVR-48523,482.8,Harbor Manufacturing,Maple Consulting,NY,OH,2282,Direct deposit,PPD,Online banking,0
b4796ad7-845d-4166-8500-41f740d10303,2026-07-22T03:29:18.584976+00:00,ORIG-52330,RCVR-82306,541.04,Harbor Manufacturing,Cedar Utilities,NC,TX,2200,Tax payment,CCD,Online banking,0
22174b7a-9800-45b6-b0cd-e46e8543cbe5,2026-08-14T10:28:18.584976+00:00,ORIG-70558,RCVR-20067,100.18,Harbor Manufacturing,Cedar Utilities,NY,GA,2587,Tax payment,PPD,Branch initiated,0
1574cd65-7b54-4f67-b12e-938323af1cb8,2026-08-09T19:00:18.584976+00:00,ORIG-85202,RCVR-63577,195.45,Northstar Services,Maple Consulting,GA,VA,3207,Payroll,WEB,API,0
c1cdb344-2b54-4fe1-adef-1f53daa3fcbe,2026-08-09T13:17:18.584976+00:00,ORIG-26409,RCVR-51330,310.79,Summit Health,Brightline Supply,TX,TX,3184,Vendor payment,CCD,Online banking,0
a16b9a2b-7a86-4db5-ab7d-4fa1489c7fc4,2026-08-16T17:35:18.584976+00:00,ORIG-22220,RCVR-35952,1402.3,Northstar Services,Avery Johnson,CO,IL,1280,Payroll,CCD,Branch initiated,0
7cac3188-c2c5-4901-afb8-462765ace197,2026-07-30T18:51:18.584976+00:00,ORIG-68318,RCVR-86971,313.62,Northstar Services,Cedar Utilities,VA,CO,1481,Direct deposit,PPD,API,0
0cb9626c-5e53-4917-8899-5af5a50b71a8,2026-07-26T19:58:18.584976+00:00,ORIG-23118,RCVR-48785,202.14,Summit Health,Brightline Supply,NC,NY,1077,Bill payment,CCD,Online banking,0
9fdabe9b-e9f9-47f8-ad03-95da9336d6eb,2026-07-08T17:26:18.584976+00:00,ORIG-53007,RCVR-96690,801.07,Summit Health,Cedar Utilities,FL,NY,1098,Payroll,PPD,Online banking,0
c74ec068-ee2d-45db-9efc-def09f40ee5b,2026-07-10T22:01:18.584976+00:00,ORIG-86103,RCVR-90404,480.18,Summit Health,Avery Johnson,TX,VA,2494,Payroll,WEB,Online banking,0
6380be52-396e-46a1-b6a4-3a726e41933e,2026-06-25T21:16:18.584976+00:00,ORIG-63021,RCVR-49381,68.45,Northstar Services,Avery Johnson,FL,VA,1848,Bill payment,PPD,Branch initiated,0
6fa35c33-0357-4110-b2d7-be33f0ad36f2,2026-06-23T01:29:18.584976+00:00,ORIG-61980,RCVR-41645,584.45,Northstar Services,Avery Johnson,MA,NY,1211,Direct deposit,PPD,Online banking,0
f821b2f8-b75a-4dae-992f-44df4d009bbe,2026-07-31T07:05:18.584976+00:00,ORIG-12794,RCVR-18052,229.85,Harbor Manufacturing,Maple Consulting,NC,IL,1902,Tax payment,CCD,File upload,0
0ba6ae0a-4009-4730-ad42-d6a8cde3ebf7,2026-07-17T09:28:18.584976+00:00,ORIG-78003,RCVR-87455,420.1,Harbor Manufacturing,Cedar Utilities,VA,TX,2662,Vendor payment,CCD,File upload,0
508394c5-b3b9-460f-8445-5260fc4c7083,2026-08-18T13:05:18.584976+00:00,ORIG-10514,RCVR-19413,202.62,Summit Health,Maple Consulting,NY,NY,2353,Bill payment,WEB,Online banking,0
ba10be30-29a8-4245-ac0c-5077a1592fbc,2026-08-02T11:13:18.584976+00:00,ORIG-79180,RCVR-23534,339.0,Northstar Services,Avery Johnson,CA,NY,3110,Direct deposit,PPD,Branch initiated,0
77694223-afea-4fe8-89a5-2c602f4f54e0,2026-07-26T13:06:18.584976+00:00,ORIG-45133,RCVR-47567,239.18,Harbor Manufacturing,Avery Johnson,FL,CO,1835,Bill payment,PPD,Online banking,0
956e600a-c809-45ac-a062-756d93b6c4f2,2026-07-04T14:44:18.584976+00:00,ORIG-63366,RCVR-54884,372.35,Harbor Manufacturing,Brightline Supply,TX,WA,3354,Vendor payment,WEB,Online banking,0
83f73480-667b-4a36-8e26-690f7c74995c,2026-07-29T15:53:18.584976+00:00,ORIG-90896,RCVR-86764,221.78,Pine Valley Foods,Maple Consulting,CA,IL,459,Tax payment,CCD,API,0
195b64b6-0bae-4fbe-8e39-56ce7f8f2848,2026-07-10T07:32:18.584976+00:00,ORIG-84439,RCVR-49772,226.2,Summit Health,Brightline Supply,NY,GA,2962,Vendor payment,PPD,File upload,0
b838da69-385a-4b87-a3f7-c39f4f993799,2026-06-30T20:48:18.584976+00:00,ORIG-53197,RCVR-96671,1602.73,Pine Valley Foods,Brightline Supply,OH,NC,1591,Tax payment,CCD,API,0
07b349ab-4c62-4b6c-b147-2b1f8fc9bd2f,2026-07-28T02:48:18.584976+00:00,ORIG-85563,RCVR-36313,973.77,Northstar Services,Maple Consulting,GA,IL,138,Direct deposit,PPD,Online banking,0
bed69819-d1a9-4f9a-9de2-03ab98ad9084,2026-06-30T22:51:18.584976+00:00,ORIG-51868,RCVR-70621,746.88,Pine Valley Foods,Avery Johnson,NY,GA,2510,Vendor payment,CCD,File upload,0
621d6727-988d-476b-a78d-f1ae3a60ea96,2026-07-16T01:38:18.584976+00:00,ORIG-80138,RCVR-88114,194.8,Summit Health,Avery Johnson,GA,TX,2575,Bill payment,CCD,API,0
7b74d822-4520-42a7-8c97-7398a80aafe4,2026-07-30T20:20:18.584976+00:00,ORIG-96692,RCVR-27343,239.4,Summit Health,Avery Johnson,GA,IL,620,Bill payment,CCD,Online banking,0
6ed67627-3547-421d-9a40-76d47ecda9ca,2026-06-22T19:55:18.584976+00:00,ORIG-32758,RCVR-61043,953.46,Northstar Services,Avery Johnson,CA,TX,342,Bill payment,CCD,Online banking,0
b9823a41-25aa-4216-887e-3cf1ae12eb1f,2026-08-14T10:39:18.584976+00:00,ORIG-83642,RCVR-43806,759.32,Harbor Manufacturing,Avery Johnson,NY,GA,2685,Vendor payment,WEB,File upload,0
9a607f70-35e8-4aa5-a14e-8ff2670cd0aa,2026-07-17T16:15:18.584976+00:00,ORIG-99181,RCVR-99993,92.93,Summit Health,Maple Consulting,TX,CA,895,Payroll,PPD,Online banking,0
4caffae3-0d36-458d-b0a5-e07456f358c8,2026-07-27T23:15:18.584976+00:00,ORIG-71106,RCVR-92325,422.06,Pine Valley Foods,Maple Consulting,NY,VA,574,Payroll,CCD,Online banking,0
1f82d9f3-7424-42f2-8295-d4834816bf3f,2026-08-13T10:12:18.584976+00:00,ORIG-25933,RCVR-73005,649.87,Summit Health,Avery Johnson,NC,IL,2942,Vendor payment,PPD,Online banking,0
d26bf6f1-3d8c-4f33-b0e5-990d48c5e14d,2026-07-14T05:15:18.584976+00:00,ORIG-92285,RCVR-67194,408.58,Pine Valley Foods,Maple Consulting,CO,WA,2564,Tax payment,WEB,Online banking,0
1b549d11-3b08-42da-b288-5e0fb640a5e8,2026-07-09T18:15:18.584976+00:00,ORIG-29312,RCVR-39534,766.34,Northstar Services,Brightline Supply,CA,GA,3639,Tax payment,PPD,API,0
a3969910-268b-4c99-a28f-521db195e38e,2026-07-28T04:25:18.584976+00:00,ORIG-52058,RCVR-31681,140.84,Pine Valley Foods,Cedar Utilities,TX,TX,3121,Bill payment,CCD,Online banking,0
4862fc18-5fd9-4853-a8fb-3f73f8d6bf88,2026-07-04T12:00:18.584976+00:00,ORIG-92548,RCVR-66256,183.11,Summit Health,Avery Johnson,GA,WA,2130,Payroll,CCD,API,0
658607af-0bc0-4bb0-94d5-39e71d85e8e6,2026-07-08T06:18:18.584976+00:00,ORIG-55576,RCVR-87834,548.24,Northstar Services,Maple Consulting,MA,MA,1974,Tax payment,CCD,Branch initiated,0
9efe8bb1-6872-466a-808d-17b03e747bd1,2026-08-16T02:36:18.584976+00:00,ORIG-22840,RCVR-29915,385.04,Northstar Services,Cedar Utilities,MA,TX,733,Direct deposit,CCD,File upload,0
b82d62c2-90db-42de-a1b1-9a0fd5343f5b,2026-08-01T03:49:18.584976+00:00,ORIG-48922,RCVR-19497,513.12,Northstar Services,Brightline Supply,MA,OH,2538,Tax payment,WEB,Branch initiated,0
c28b664e-3848-472b-86fb-c59c0dcd9c3d,2026-07-09T05:13:18.584976+00:00,ORIG-84874,RCVR-35633,783.15,Harbor Manufacturing,Maple Consulting,WA,NY,1420,Payroll,WEB,Branch initiated,0
dce5746b-d973-4575-a74f-b96830fb5a45,2026-08-07T13:26:18.584976+00:00,ORIG-99415,RCVR-21185,390.06,Northstar Services,Avery Johnson,NY,IL,1605,Direct deposit,PPD,Online banking,0
f7af2e2d-eeb9-463e-8f98-f071c225445d,2026-07-03T19:41:18.584976+00:00,ORIG-95581,RCVR-70688,180.68,Summit Health,Avery Johnson,MA,NC,2277,Bill payment,WEB,File upload,0
9d4de9af-6d68-49e1-a6fb-d460e6fa7ea2,2026-08-02T04:01:18.584976+00:00,ORIG-15631,RCVR-57381,741.06,Summit Health,Brightline Supply,CA,OH,682,Bill payment,WEB,API,0
a5b5d848-bf74-4196-9bf4-95774a6ab58f,2026-07-05T07:34:18.584976+00:00,ORIG-15153,RCVR-71827,189.43,Pine Valley Foods,Avery Johnson,FL,CO,2935,Direct deposit,CCD,File upload,0
9f0e5cf4-d543-49f3-8fc5-00b005b9b2ba,2026-07-25T09:38:18.584976+00:00,ORIG-10349,RCVR-71857,145.72,Pine Valley Foods,Avery Johnson,FL,FL,94,Tax payment,CCD,Online banking,0
1af18ab1-2fe6-4eaa-98f1-700aac206b65,2026-07-09T01:50:18.584976+00:00,ORIG-67259,RCVR-99375,520.7,Pine Valley Foods,Maple Consulting,VA,CO,3639,Vendor payment,WEB,Online banking,0
aa1f5d4e-4a85-4faf-89a2-8eb6aca13320,2026-08-14T19:49:18.584976+00:00,ORIG-52891,RCVR-56331,233.51,Harbor Manufacturing,Avery Johnson,WA,WA,1050,Vendor payment,PPD,Online banking,0
bad60d61-667d-476b-8267-3923daf4b1ef,2026-08-05T02:44:18.584976+00:00,ORIG-37499,RCVR-64832,217.23,Northstar Services,Maple Consulting,CA,CA,158,Vendor payment,WEB,API,0
8611e571-4109-4b5f-9610-c68488fac713,2026-07-30T20:02:18.584976+00:00,ORIG-45614,RCVR-99496,566.8,Pine Valley Foods,Cedar Utilities,GA,VA,53,Tax payment,PPD,Branch initiated,1
fe8c1918-caa4-43af-a5e5-2bc95294b8b1,2026-06-29T16:28:18.584976+00:00,ORIG-89448,RCVR-24661,216.84,Summit Health,Maple Consulting,OH,CA,3215,Direct deposit,WEB,Online banking,0
d35ff993-a759-465c-b1e3-44c25cc22c5e,2026-07-01T01:10:18.584976+00:00,ORIG-11212,RCVR-42601,260.28,Pine Valley Foods,Avery Johnson,VA,IL,1037,Payroll,PPD,Online banking,0
c416f1e6-07f3-41ad-9eb9-2a8da318ddfe,2026-07-12T04:15:18.584976+00:00,ORIG-10561,RCVR-14014,703.19,Harbor Manufacturing,Cedar Utilities,TX,NY,114,Payroll,CCD,File upload,0
2bcd15d2-feec-495a-9dd4-598ba85d5713,2026-08-12T04:59:18.584976+00:00,ORIG-86035,RCVR-64116,472.36,Pine Valley Foods,Avery Johnson,IL,FL,489,Bill payment,PPD,Online banking,0
19989f62-d6c6-427b-987d-8e939db42ada,2026-08-19T04:48:18.584976+00:00,ORIG-85123,RCVR-64486,618.43,Northstar Services,Brightline Supply,NC,TX,2861,Vendor payment,WEB,Online banking,0
a34f9b0a-2c9d-413f-a5ff-6650001dd1ce,2026-07-01T13:08:18.584976+00:00,ORIG-81859,RCVR-35310,507.08,Summit Health,Maple Consulting,MA,OH,1112,Payroll,WEB,File upload,0
3784b8e9-408e-4a4b-bfb9-1571ca6d46a6,2026-07-23T23:52:18.584976+00:00,ORIG-54546,RCVR-98652,192.99,Pine Valley Foods,Cedar Utilities,NC,FL,653,Bill payment,CCD,API,0
a61221f6-c0c2-43ed-94dd-6ddfb8702cac,2026-07-12T05:19:18.584976+00:00,ORIG-81211,RCVR-82373,347.0,Pine Valley Foods,Maple Consulting,NY,NY,78,Vendor payment,PPD,Online banking,0
5f3c8387-5783-49a6-bd6c-b6d944fe3d05,2026-07-19T04:47:18.584976+00:00,ORIG-10916,RCVR-87726,864.84,Summit Health,Avery Johnson,OH,OH,3275,Bill payment,PPD,Online banking,0
1f02d33f-5126-47aa-bb2e-cc709123e26b,2026-07-31T19:28:18.584976+00:00,ORIG-48668,RCVR-96605,293.06,Harbor Manufacturing,Brightline Supply,WA,MA,1317,Direct deposit,CCD,API,0
12f1a373-fe29-438b-b045-8267753b5a6b,2026-08-12T19:40:18.584976+00:00,ORIG-87648,RCVR-81860,1226.63,Pine Valley Foods,Avery Johnson,GA,NY,1917,Direct deposit,PPD,Online banking,0
19a2110d-350a-4aac-afda-d862e1cfdec7,2026-07-29T02:06:18.584976+00:00,ORIG-21503,RCVR-60994,64.45,Northstar Services,Cedar Utilities,VA,CO,827,Direct deposit,WEB,API,0
5039122e-403b-4a71-8a94-7367d1ad80fc,2026-07-17T15:11:18.584976+00:00,ORIG-45690,RCVR-70097,153.39,Summit Health,Avery Johnson,OH,GA,2368,Tax payment,WEB,API,0
c6bee9d5-e351-449f-b2a4-8296ba34d2db,2026-07-31T03:58:18.584976+00:00,ORIG-61172,RCVR-23871,3078.1,Northstar Services,Brightline Supply,NY,IL,164,Direct deposit,IAT,File upload,1
e8e0c6b2-abb1-4f8e-ba6f-2ab05b5501fa,2026-06-27T18:00:18.584976+00:00,ORIG-53038,RCVR-61635,127.82,Northstar Services,Brightline Supply,CO,VA,3066,Tax payment,WEB,API,0
008b982c-8419-4b73-89b4-bdc8e509f686,2026-08-07T14:33:18.584976+00:00,ORIG-83507,RCVR-90579,520.37,Summit Health,Avery Johnson,WA,VA,3180,Vendor payment,WEB,API,0
24413444-6540-45f9-ab0b-fa076dda2b23,2026-07-29T18:16:18.584976+00:00,ORIG-94547,RCVR-10533,400.86,Summit Health,Brightline Supply,TX,CA,2387,Tax payment,WEB,API,0
fd1c9f06-81c8-4b01-8e33-6193a1a09135,2026-07-24T19:15:18.584976+00:00,ORIG-99652,RCVR-94222,59.63,Harbor Manufacturing,Cedar Utilities,MA,NY,179,Direct deposit,CCD,API,0
c9fab46f-f733-46c4-af37-bbfaff790885,2026-08-05T08:20:18.584976+00:00,ORIG-93918,RCVR-55004,250.92,Harbor Manufacturing,Brightline Supply,FL,NC,1454,Tax payment,PPD,API,0
8683a19c-b348-4a50-a738-0138ba634aa6,2026-08-18T00:46:18.584976+00:00,ORIG-42700,RCVR-54680,356.42,Pine Valley Foods,Cedar Utilities,WA,IL,3208,Tax payment,CCD,Online banking,0
fa079749-d3f5-462d-89dc-73a87453e0e0,2026-07-23T06:02:18.584976+00:00,ORIG-75126,RCVR-53236,289.98,Summit Health,Avery Johnson,GA,VA,3376,Vendor payment,CCD,API,0
9721dcc1-a7eb-4bd4-8599-1dd6a34c4ba5,2026-07-07T08:40:18.584976+00:00,ORIG-17443,RCVR-68046,375.36,Northstar Services,Maple Consulting,WA,GA,3607,Vendor payment,CCD,API,0
e3db27ed-87ab-45e7-9762-eae8709b6ac8,2026-06-23T10:11:18.584976+00:00,ORIG-80071,RCVR-38562,229.69,Summit Health,Brightline Supply,NY,OH,2916,Tax payment,CCD,Online banking,0
3b6d8a39-5a39-4c31-a11c-3c6f2b8d5429,2026-07-30T08:17:18.584976+00:00,ORIG-87053,RCVR-89169,968.44,Harbor Manufacturing,Brightline Supply,NC,TX,3138,Payroll,WEB,Online banking,0
f502918f-4b0e-4e86-a8c7-e7536c3cbfa4,2026-08-12T22:25:18.584976+00:00,ORIG-61457,RCVR-51295,373.31,Pine Valley Foods,Brightline Supply,FL,VA,2750,Bill payment,PPD,Online banking,0
45bcc7fc-77b8-4561-bd3a-f190f26aaa45,2026-07-10T20:22:18.584976+00:00,ORIG-17029,RCVR-34690,214.47,Pine Valley Foods,Brightline Supply,TX,WA,308,Bill payment,CCD,File upload,0
528c655f-fdcb-44a4-add9-900cf6b8c9bb,2026-07-21T20:09:18.584976+00:00,ORIG-56784,RCVR-51151,146.63,Harbor Manufacturing,Cedar Utilities,TX,GA,1928,Bill payment,PPD,Online banking,0
dab458f0-df71-48ec-98bf-1da0114aa2b6,2026-07-23T17:05:18.584976+00:00,ORIG-45926,RCVR-71617,592.02,Summit Health,Avery Johnson,MA,TX,2310,Vendor payment,WEB,API,0
77625c60-dc24-455e-b9d2-dbd21b7eb1bb,2026-06-24T01:35:18.584976+00:00,ORIG-11870,RCVR-64850,352.49,Harbor Manufacturing,Avery Johnson,VA,WA,632,Vendor payment,PPD,Branch initiated,0
f8290964-fe64-44ab-a387-988d84dabe5a,2026-07-02T14:36:18.584976+00:00,ORIG-92879,RCVR-13462,256.76,Harbor Manufacturing,Maple Consulting,VA,WA,2848,Bill payment,PPD,API,0
9643c248-319d-441a-9abe-7ede048d6165,2026-07-28T11:46:18.584976+00:00,ORIG-86104,RCVR-53642,399.9,Northstar Services,Brightline Supply,MA,MA,2483,Bill payment,PPD,Online banking,0
2f1fadbb-098c-4408-9b0d-bff7aa0277f1,2026-08-08T09:25:18.584976+00:00,ORIG-88722,RCVR-18089,116.25,Harbor Manufacturing,Maple Consulting,GA,TX,2845,Vendor payment,CCD,API,0
c308a6b4-9deb-43b4-9fdc-75a0af70baba,2026-08-07T22:01:18.584976+00:00,ORIG-12276,RCVR-34083,146.4,Pine Valley Foods,Brightline Supply,NC,TX,1383,Payroll,CCD,Online banking,0
cb46acf3-b094-491b-973b-30cd819cfd2a,2026-06-26T17:45:18.584976+00:00,ORIG-13113,RCVR-18799,1578.06,Harbor Manufacturing,Avery Johnson,VA,NY,80,Tax payment,PPD,API,1
c900bc08-c26e-4cd1-b252-54548a27804c,2026-06-27T07:39:18.584976+00:00,ORIG-60120,RCVR-33897,1070.35,Northstar Services,Brightline Supply,FL,CO,3352,Vendor payment,WEB,File upload,0
801e2f6e-6e89-4cb5-865a-f38df579dbc9,2026-08-14T05:57:18.584976+00:00,ORIG-59535,RCVR-95039,195.97,Pine Valley Foods,Avery Johnson,FL,TX,3548,Payroll,WEB,Online banking,0
d9e15e12-4d4c-4570-9ed3-62ea8ae2a740,2026-08-07T15:01:18.584976+00:00,ORIG-68257,RCVR-46664,682.14,Pine Valley Foods,Maple Consulting,VA,NY,2543,Tax payment,CCD,API,0
f7cdcf6f-a089-4e00-8f45-45b4c975bd25,2026-07-02T13:36:18.584976+00:00,ORIG-81762,RCVR-29043,252.45,Northstar Services,Maple Consulting,NY,FL,2706,Tax payment,WEB,File upload,0
db9bbca6-172d-4878-967e-1d4b11bcf951,2026-08-18T12:08:18.584976+00:00,ORIG-85618,RCVR-82536,141.48,Northstar Services,Cedar Utilities,FL,NC,1499,Tax payment,WEB,Online banking,0
9bc64c61-6eb9-489b-8c82-b033198be2c1,2026-07-27T05:01:18.584976+00:00,ORIG-64651,RCVR-12549,313.22,Summit Health,Cedar Utilities,CA,TX,1054,Bill payment,PPD,Online banking,0
ea2fbcfe-1c0f-4603-ac55-82ca4a705cd3,2026-08-01T01:18:18.584976+00:00,ORIG-42847,RCVR-71508,767.33,Summit Health,Cedar Utilities,NY,WA,1708,Bill payment,CCD,API,0
b28f63c3-a8e0-4e71-b7fc-f9b9a2672ab7,2026-08-16T01:00:18.584976+00:00,ORIG-90585,RCVR-77364,432.54,Summit Health,Brightline Supply,CO,FL,2141,Payroll,WEB,Online banking,0
c200fde3-f100-4657-bfdc-39ed05c3a079,2026-08-07T12:10:18.584976+00:00,ORIG-19332,RCVR-94397,88.47,Summit Health,Cedar Utilities,VA,WA,307,Tax payment,CCD,Online banking,0
ea85bdbb-f01e-4be5-b341-9b4e64647b0d,2026-07-16T14:38:18.584976+00:00,ORIG-77542,RCVR-11386,336.08,Pine Valley Foods,Avery Johnson,NC,OH,1935,Tax payment,CCD,API,0
2f0c8cc3-910a-4fcc-9781-3352106d308b,2026-08-07T17:09:18.584976+00:00,ORIG-26149,RCVR-32832,452.17,Harbor Manufacturing,Brightline Supply,OH,GA,1530,Bill payment,PPD,File upload,0
24ab0bf8-0947-4cc2-a16e-93963f5c9063,2026-08-19T05:08:18.584976+00:00,ORIG-90845,RCVR-82924,415.2,Harbor Manufacturing,Avery Johnson,TX,CO,2879,Payroll,CCD,Online banking,0
10c61806-0046-419f-9e6e-8a145106605e,2026-07-05T00:40:18.584976+00:00,ORIG-73687,RCVR-23470,132.61,Harbor Manufacturing,Brightline Supply,VA,NC,425,Payroll,CCD,File upload,0
18525c4d-e226-4b23-a4cf-a95aa869baf3,2026-08-15T13:18:18.584976+00:00,ORIG-81823,RCVR-85888,506.95,Harbor Manufacturing,Maple Consulting,GA,NC,623,Bill payment,CCD,Online banking,0
2891df31-859d-415e-8f67-093ea889d05e,2026-08-15T23:09:18.584976+00:00,ORIG-14585,RCVR-84796,512.35,Northstar Services,Avery Johnson,CO,CO,436,Direct deposit,WEB,File upload,0
f18d49cd-2223-4439-aeb5-cdd506b2779d,2026-08-18T07:08:18.584976+00:00,ORIG-16300,RCVR-29476,446.08,Harbor Manufacturing,Cedar Utilities,CA,MA,3125,Vendor payment,WEB,API,0
b61a259b-9210-4573-9d17-1a4e927b852a,2026-08-04T20:49:18.584976+00:00,ORIG-32563,RCVR-91278,1191.61,Summit Health,Cedar Utilities,CA,VA,173,Bill payment,CCD,File upload,1
602f407d-9514-4c42-b11c-5c46f3a237cd,2026-07-13T10:02:18.584976+00:00,ORIG-50531,RCVR-43345,106.53,Pine Valley Foods,Cedar Utilities,WA,NY,2789,Tax payment,WEB,Online banking,0
87de9aeb-eb9a-466b-88d4-cea7104250c0,2026-06-22T19:55:18.584976+00:00,ORIG-63013,RCVR-47252,635.47,Northstar Services,Cedar Utilities,IL,CO,1196,Payroll,WEB,File upload,0
90c85e8a-cef2-48a9-8c49-735af8099f51,2026-08-12T09:30:18.584976+00:00,ORIG-70107,RCVR-90295,2508.27,Pine Valley Foods,Maple Consulting,GA,GA,1621,Tax payment,WEB,API,0
fa225eac-a0db-4745-9765-e5c1dd1f57df,2026-07-17T07:50:18.584976+00:00,ORIG-59377,RCVR-10628,401.39,Harbor Manufacturing,Cedar Utilities,WA,VA,3261,Direct deposit,CCD,API,0
3ded1b19-3b58-4ff7-9ba0-44c56a962445,2026-08-16T15:03:18.584976+00:00,ORIG-90658,RCVR-61247,189.86,Northstar Services,Cedar Utilities,OH,IL,2113,Payroll,PPD,Branch initiated,0
02f4d857-ae78-4cc3-8eec-52ce4270ec57,2026-07-21T03:24:18.584976+00:00,ORIG-15915,RCVR-98321,252.13,Harbor Manufacturing,Maple Consulting,FL,IL,2315,Tax payment,WEB,API,0
89e7a5b8-17e3-4e6d-bef6-32e399b625a8,2026-08-01T19:41:18.584976+00:00,ORIG-51594,RCVR-29052,523.84,Summit Health,Avery Johnson,MA,GA,2873,Tax payment,CCD,File upload,0
bcd685bb-1c31-4e84-95e2-54cb0cc65cfc,2026-08-14T09:46:18.584976+00:00,ORIG-98791,RCVR-65612,261.14,Harbor Manufacturing,Brightline Supply,IL,NC,484,Tax payment,WEB,Online banking,0
4e713e36-8f09-4db8-8d2d-d777f3bff432,2026-06-21T20:42:18.584976+00:00,ORIG-95306,RCVR-46044,721.18,Northstar Services,Avery Johnson,WA,GA,3518,Direct deposit,CCD,Online banking,0
2d0d7bc8-d19d-47cc-92d8-2a7bc679945a,2026-06-25T18:22:18.584976+00:00,ORIG-27597,RCVR-11134,89.41,Harbor Manufacturing,Cedar Utilities,NY,VA,3371,Tax payment,WEB,File upload,0
6236a99a-2576-45b6-bf17-716d6beb6d69,2026-07-07T18:34:18.584976+00:00,ORIG-89922,RCVR-28468,357.86,Northstar Services,Cedar Utilities,OH,CO,2495,Tax payment,CCD,Online banking,0
737ccbcc-96c9-491f-9ac2-8bada06de01e,2026-07-16T15:57:18.584976+00:00,ORIG-42493,RCVR-69725,1096.59,Northstar Services,Maple Consulting,FL,TX,128,Bill payment,IAT,Online banking,1
b912bcc0-41d0-4e1f-90fa-455bbcebdb79,2026-07-27T03:32:18.584976+00:00,ORIG-33714,RCVR-65551,550.1,Summit Health,Maple Consulting,FL,TX,2660,Tax payment,CCD,API,0
6c531c0b-0355-44b8-93c8-05a793f45bb5,2026-07-02T12:59:18.584976+00:00,ORIG-48429,RCVR-46540,1171.01,Harbor Manufacturing,Cedar Utilities,NY,MA,3649,Payroll,WEB,Online banking,0
90473678-dfaa-480e-bad9-31fe6a75d858,2026-06-27T01:14:18.584976+00:00,ORIG-53630,RCVR-96964,412.02,Northstar Services,Brightline Supply,WA,NY,629,Bill payment,WEB,Online banking,0
5357ae7f-316c-4772-a183-6e6e9aa09184,2026-07-25T00:54:18.584976+00:00,ORIG-97697,RCVR-55806,269.4,Summit Health,Avery Johnson,GA,NC,1648,Vendor payment,WEB,Online banking,0
3e5808bb-2fce-4cd5-a478-2d6772575213,2026-07-30T00:12:18.584976+00:00,ORIG-13699,RCVR-96144,546.05,Summit Health,Cedar Utilities,CA,NY,3550,Bill payment,PPD,Online banking,0
4111c165-279e-4791-9115-0132f7aa2b30,2026-08-17T15:45:18.584976+00:00,ORIG-93317,RCVR-49257,1664.76,Pine Valley Foods,Brightline Supply,FL,NY,3075,Direct deposit,PPD,API,0
57977979-2ed8-496b-ae1a-bcfdc3572750,2026-06-23T23:41:18.584976+00:00,ORIG-69843,RCVR-56156,103.88,Summit Health,Brightline Supply,IL,IL,860,Tax payment,WEB,Online banking,0
d872adb4-18cb-4eb6-9007-e2a8690dc2ad,2026-07-02T06:56:18.584976+00:00,ORIG-80724,RCVR-16224,203.19,Summit Health,Maple Consulting,OH,NY,2093,Bill payment,WEB,Online banking,0
7a4d549e-2411-4e0d-a524-20d0d720780b,2026-07-30T18:26:18.584976+00:00,ORIG-48856,RCVR-20473,582.98,Northstar Services,Brightline Supply,MA,WA,2141,Vendor payment,CCD,Online banking,0
50470aca-7f61-4f6f-84d0-bc3cf8935321,2026-08-05T06:09:18.584976+00:00,ORIG-80817,RCVR-59968,874.68,Summit Health,Avery Johnson,OH,WA,2514,Bill payment,CCD,API,0
53d694c1-0690-48c5-9ede-4bdf800ede68,2026-06-26T17:15:18.584976+00:00,ORIG-80366,RCVR-75732,376.89,Pine Valley Foods,Cedar Utilities,IL,FL,633,Payroll,PPD,Online banking,0
a16e0ccc-a434-467c-82a1-e9349a324c3c,2026-07-31T19:24:18.584976+00:00,ORIG-80830,RCVR-82808,1871.89,Summit Health,Avery Johnson,FL,TX,688,Vendor payment,WEB,Online banking,0
e51ecfb3-74ba-42a6-b5b4-ea8fb0f3b1e3,2026-08-19T07:50:18.584976+00:00,ORIG-78544,RCVR-67210,815.87,Harbor Manufacturing,Brightline Supply,NC,NC,559,Direct deposit,WEB,File upload,0
686c2f0e-67a9-4f2c-9ec3-73a5327560a3,2026-07-21T02:16:18.584976+00:00,ORIG-70655,RCVR-59639,161.99,Northstar Services,Brightline Supply,FL,OH,1980,Direct deposit,WEB,Online banking,0
5247771c-0ba6-481d-8e5d-9fa1431c5e36,2026-07-27T09:38:18.584976+00:00,ORIG-10950,RCVR-63306,711.73,Pine Valley Foods,Brightline Supply,CO,WA,2595,Bill payment,WEB,File upload,0
eefa065e-d686-434e-a01c-e70c5b065503,2026-07-08T03:10:18.584976+00:00,ORIG-35280,RCVR-95245,402.9,Pine Valley Foods,Maple Consulting,NC,FL,151,Payroll,CCD,Online banking,0
394dafce-a385-497b-9352-a5ff55f53eca,2026-07-20T22:29:18.584976+00:00,ORIG-71579,RCVR-38616,636.23,Northstar Services,Brightline Supply,WA,TX,2607,Vendor payment,PPD,API,0
a664563c-00dd-464e-8adb-17e0ca4eacda,2026-07-11T01:27:18.584976+00:00,ORIG-31393,RCVR-43367,290.55,Northstar Services,Brightline Supply,CA,IL,1683,Tax payment,WEB,File upload,0
2e5d3194-5366-4cd1-90b5-35b55d7519b8,2026-07-31T13:28:18.584976+00:00,ORIG-95097,RCVR-15069,152.38,Harbor Manufacturing,Avery Johnson,NY,NY,2287,Tax payment,PPD,Online banking,0
ef7a1fab-1bec-4278-90c4-f93efbd2f43f,2026-06-28T17:11:18.584976+00:00,ORIG-94531,RCVR-70323,240.96,Pine Valley Foods,Maple Consulting,IL,NC,1218,Bill payment,WEB,API,0
90247ad8-e874-4061-a877-fc8846b639e7,2026-07-27T18:33:18.584976+00:00,ORIG-39919,RCVR-37161,478.71,Pine Valley Foods,Brightline Supply,NC,NY,2827,Vendor payment,CCD,API,0
2b93148c-181a-4528-a4ea-c42c8a115cac,2026-07-21T18:56:18.584976+00:00,ORIG-67370,RCVR-13802,781.72,Northstar Services,Maple Consulting,NY,WA,2520,Bill payment,CCD,API,0
2f7acdaa-a82c-4b5d-b402-59363db1ef26,2026-06-27T21:26:18.584976+00:00,ORIG-65279,RCVR-45990,296.14,Northstar Services,Maple Consulting,IL,FL,2437,Bill payment,PPD,Online banking,0
ae3fcc46-b974-4bff-b923-154d1361fa36,2026-08-09T03:10:18.584976+00:00,ORIG-42104,RCVR-85487,398.76,Northstar Services,Avery Johnson,CA,GA,1541,Vendor payment,WEB,Online banking,0
03910c3d-60c8-4d5e-90d3-17120f8a77ac,2026-07-19T11:06:18.584976+00:00,ORIG-52004,RCVR-81842,425.58,Northstar Services,Avery Johnson,TX,CA,481,Bill payment,PPD,Online banking,0
93837c71-1bdf-48a7-9a47-7650291d66de,2026-07-26T08:22:18.584976+00:00,ORIG-62913,RCVR-70081,554.35,Northstar Services,Brightline Supply,GA,MA,680,Tax payment,CCD,Online banking,0
e1a403f0-be09-48d7-b066-274adae7091e,2026-07-22T20:07:18.584976+00:00,ORIG-66556,RCVR-96514,738.76,Harbor Manufacturing,Maple Consulting,MA,TX,1213,Bill payment,CCD,Online banking,0
fe5cb722-475f-447a-9d84-d36435569039,2026-07-20T14:37:18.584976+00:00,ORIG-13331,RCVR-54905,598.91,Harbor Manufacturing,Brightline Supply,MA,MA,2308,Payroll,CCD,Online banking,0
9583bf48-0b27-47e0-904b-fa3c6856b1ab,2026-07-05T01:45:18.584976+00:00,ORIG-83289,RCVR-39393,534.23,Harbor Manufacturing,Brightline Supply,IL,CO,3496,Bill payment,PPD,File upload,0
6d7b9bad-37ea-4e78-afbe-83bd0de38d06,2026-08-15T05:41:18.584976+00:00,ORIG-94572,RCVR-75617,330.98,Pine Valley Foods,Avery Johnson,VA,OH,3580,Payroll,WEB,API,0
b6322a11-f245-4dce-b324-a63366401510,2026-08-04T00:24:18.584976+00:00,ORIG-48718,RCVR-48777,198.03,Harbor Manufacturing,Brightline Supply,MA,NY,3235,Vendor payment,CCD,API,0
3d6bdaa7-ef80-43bb-a7a7-ee7e8e9e2c20,2026-06-25T03:36:18.584976+00:00,ORIG-13371,RCVR-77225,1021.65,Pine Valley Foods,Cedar Utilities,NY,GA,993,Vendor payment,WEB,Branch initiated,0
94ca5a52-8277-4c8e-accf-7333cabb990d,2026-08-05T12:19:18.584976+00:00,ORIG-11259,RCVR-32658,154.01,Pine Valley Foods,Maple Consulting,IL,IL,3255,Payroll,WEB,Online banking,0
aae7aff0-7825-4a4c-bc2d-022abce836fd,2026-08-04T19:56:18.584976+00:00,ORIG-15083,RCVR-57408,387.19,Pine Valley Foods,Cedar Utilities,CO,OH,2329,Payroll,WEB,Online banking,0
29a077c0-725f-4551-bf2e-4bcfc9303003,2026-07-08T07:17:18.584976+00:00,ORIG-27864,RCVR-95905,275.99,Pine Valley Foods,Brightline Supply,IL,CO,355,Tax payment,WEB,Online banking,0
87889834-2c01-42e8-bfaa-b3f57e93e8c0,2026-08-10T11:46:18.584976+00:00,ORIG-40569,RCVR-44339,199.06,Harbor Manufacturing,Maple Consulting,IL,WA,3144,Tax payment,CCD,API,0
0e8a3ede-6531-4217-bc8e-15ade2837481,2026-07-09T19:55:18.584976+00:00,ORIG-34332,RCVR-74693,642.17,Pine Valley Foods,Cedar Utilities,NC,CO,479,Vendor payment,PPD,File upload,0
959adb03-3c28-4cda-b8ae-e31fea9c81b7,2026-06-25T11:43:18.584976+00:00,ORIG-36714,RCVR-75863,175.1,Northstar Services,Brightline Supply,WA,WA,3521,Bill payment,WEB,Online banking,0
0b8e7490-ae3c-4a46-8419-43f150d245e6,2026-06-25T14:17:18.584976+00:00,ORIG-82883,RCVR-81438,559.51,Northstar Services,Maple Consulting,TX,CA,1478,Vendor payment,PPD,Online banking,0
a6b3a455-2ccb-46b7-aee3-df20658bdc61,2026-06-29T18:19:18.584976+00:00,ORIG-14731,RCVR-77257,529.48,Pine Valley Foods,Avery Johnson,TX,TX,1609,Tax payment,WEB,File upload,0
3aa97650-9c77-4659-8c79-a9e4bd350512,2026-08-02T00:30:18.584976+00:00,ORIG-66497,RCVR-92055,177.59,Summit Health,Maple Consulting,FL,GA,2916,Payroll,CCD,Online banking,0
3937d194-fd70-4dda-bc17-5e1188bcc0ae,2026-06-22T05:11:18.584976+00:00,ORIG-22090,RCVR-91052,271.27,Northstar Services,Maple Consulting,OH,TX,3552,Payroll,PPD,Online banking,0
a00732e8-ee22-46ab-8f43-f2e41157927a,2026-08-02T02:35:18.584976+00:00,ORIG-45708,RCVR-44537,121.69,Harbor Manufacturing,Maple Consulting,CA,GA,1050,Tax payment,CCD,File upload,0
876375d3-2d7d-441a-a3dc-841c09982f0b,2026-07-20T10:56:18.584976+00:00,ORIG-69478,RCVR-55449,870.77,Pine Valley Foods,Cedar Utilities,WA,NY,624,Vendor payment,PPD,File upload,0
69272945-b939-4de6-a41a-3c33a0c0bba3,2026-08-01T19:59:18.584976+00:00,ORIG-96787,RCVR-75203,1527.23,Northstar Services,Avery Johnson,CA,GA,3050,Payroll,CCD,File upload,0
f03670ee-85e1-47fe-872a-371cc045f6e1,2026-07-11T20:23:18.584976+00:00,ORIG-85147,RCVR-90222,157.44,Summit Health,Brightline Supply,CA,GA,1892,Payroll,PPD,Online banking,0
c9bb9d12-13b9-4875-b27b-3e38b2fd24fe,2026-06-26T13:18:18.584976+00:00,ORIG-62063,RCVR-99970,523.16,Pine Valley Foods,Brightline Supply,TX,NC,2021,Payroll,WEB,API,0
01126605-684f-44e4-a1b6-e2c1618e06d4,2026-07-04T06:09:18.584976+00:00,ORIG-74943,RCVR-18611,443.78,Harbor Manufacturing,Avery Johnson,CA,TX,749,Vendor payment,CCD,Online banking,0
6c102a62-a33a-47c2-9262-2a3b6f38b7ed,2026-08-18T01:35:18.584976+00:00,ORIG-80060,RCVR-74345,1178.01,Harbor Manufacturing,Cedar Utilities,NC,MA,2157,Tax payment,PPD,API,0
8ca966bd-311f-4d1e-9c99-1a3b9466e0bb,2026-06-22T14:09:18.584976+00:00,ORIG-88614,RCVR-10682,246.84,Summit Health,Brightline Supply,NY,MA,2838,Vendor payment,WEB,Online banking,0
7af6b088-859e-4a6a-ada2-d32337839fa8,2026-07-21T02:50:18.584976+00:00,ORIG-24754,RCVR-37731,1239.66,Northstar Services,Maple Consulting,MA,MA,678,Vendor payment,CCD,API,0
00677617-6bde-4b32-82b7-ab6634556b2a,2026-06-30T19:24:18.584976+00:00,ORIG-74099,RCVR-35618,221.23,Summit Health,Brightline Supply,OH,WA,71,Payroll,CCD,API,0
04100b6e-2f80-4ef6-9676-766934bf54df,2026-07-14T10:12:18.584976+00:00,ORIG-50789,RCVR-64171,439.12,Summit Health,Cedar Utilities,MA,OH,2917,Bill payment,PPD,Online banking,0
101e6e12-5360-4923-9a41-05c582eb89dc,2026-07-07T03:40:18.584976+00:00,ORIG-62471,RCVR-39882,56.88,Northstar Services,Maple Consulting,FL,CA,2357,Direct deposit,CCD,Online banking,0
840d3d30-912f-42a7-8170-27b53c1bcc6d,2026-08-09T18:20:18.584976+00:00,ORIG-10638,RCVR-77223,625.78,Northstar Services,Avery Johnson,OH,IL,3275,Payroll,CCD,Online banking,0
f7b2345e-2c74-4e74-8418-2db9f9e469a4,2026-07-02T07:59:18.584976+00:00,ORIG-38072,RCVR-59708,337.42,Northstar Services,Avery Johnson,IL,WA,419,Bill payment,CCD,Branch initiated,0
400732a2-9c49-4d8e-9721-afaa107fe22f,2026-08-02T19:24:18.584976+00:00,ORIG-77685,RCVR-89635,291.27,Pine Valley Foods,Maple Consulting,CO,CO,2584,Bill payment,CCD,Branch initiated,0
e631dce8-49e2-404e-9e47-d042e6e4f12f,2026-07-28T08:25:18.584976+00:00,ORIG-42348,RCVR-59777,403.33,Harbor Manufacturing,Brightline Supply,NC,OH,1095,Payroll,PPD,Online banking,0
c06a2076-575d-4b41-90df-a087477ef390,2026-07-27T00:46:18.584976+00:00,ORIG-54297,RCVR-84265,106.25,Harbor Manufacturing,Maple Consulting,MA,IL,1696,Vendor payment,PPD,API,0
c1008016-a029-4118-99d5-81ea3b9b6f4c,2026-08-07T05:09:18.584976+00:00,ORIG-86945,RCVR-71810,815.22,Harbor Manufacturing,Brightline Supply,OH,NC,2978,Direct deposit,WEB,File upload,0
43d1e622-198f-4cff-9659-5038366bdd16,2026-08-01T22:50:18.584976+00:00,ORIG-80133,RCVR-58188,1309.71,Northstar Services,Cedar Utilities,OH,GA,89,Tax payment,PPD,Online banking,0
dba764f0-db4b-4039-9313-cc8bba37133a,2026-06-26T19:48:18.584976+00:00,ORIG-57279,RCVR-14344,65.58,Northstar Services,Avery Johnson,NC,VA,2575,Bill payment,WEB,Online banking,0
6a538f41-1070-4e99-9bd2-d8f92e8636ee,2026-07-08T17:19:18.584976+00:00,ORIG-65046,RCVR-32638,769.34,Summit Health,Cedar Utilities,CA,CA,3591,Payroll,CCD,File upload,0
81713b35-e118-4d02-a625-f996d377bc80,2026-06-27T19:03:18.584976+00:00,ORIG-90354,RCVR-60750,80.49,Summit Health,Cedar Utilities,IL,IL,3040,Direct deposit,WEB,API,0
264d8003-ca98-4401-b0c4-d57b14eb6e56,2026-07-19T15:45:18.584976+00:00,ORIG-54930,RCVR-32092,569.68,Northstar Services,Avery Johnson,FL,NY,1111,Bill payment,CCD,API,0
393be392-95d3-4dc1-b283-d1b846c19802,2026-07-25T22:50:18.584976+00:00,ORIG-34133,RCVR-40701,1652.9,Harbor Manufacturing,Avery Johnson,MA,TX,2258,Vendor payment,PPD,Online banking,0
1a7d3302-45cd-4d79-9ed8-4c7e040bafd6,2026-07-05T00:47:18.584976+00:00,ORIG-99589,RCVR-16053,353.4,Northstar Services,Avery Johnson,WA,CO,425,Vendor payment,WEB,File upload,0
74ad3bf9-60dc-4366-b6f4-8c96afcba30b,2026-07-26T00:21:18.584976+00:00,ORIG-63088,RCVR-19816,282.81,Pine Valley Foods,Avery Johnson,MA,NY,2864,Bill payment,PPD,API,0
c146e321-8fe7-4213-86b7-118fdf5bbb4e,2026-06-23T20:43:18.584976+00:00,ORIG-55954,RCVR-29628,377.8,Pine Valley Foods,Brightline Supply,GA,MA,3318,Direct deposit,WEB,Online banking,0
851ff5a9-e8cd-4601-98bf-8bdd84728250,2026-07-14T22:54:18.584976+00:00,ORIG-26343,RCVR-96447,1011.63,Pine Valley Foods,Avery Johnson,TX,OH,1336,Direct deposit,CCD,API,0
18d10efe-badc-47a2-aff2-0a983b000ace,2026-07-08T20:36:18.584976+00:00,ORIG-77849,RCVR-83448,646.23,Pine Valley Foods,Avery Johnson,CO,MA,2437,Bill payment,PPD,Branch initiated,0
c9377d25-e310-4e24-b3b2-6e481615a0d7,2026-08-20T16:03:18.584976+00:00,ORIG-25203,RCVR-64594,262.87,Northstar Services,Avery Johnson,TX,CO,1044,Direct deposit,WEB,API,0
59a029cf-6c6b-49d7-84a5-c097c5c9b786,2026-08-11T11:19:18.584976+00:00,ORIG-17910,RCVR-85571,643.43,Summit Health,Cedar Utilities,OH,GA,3145,Bill payment,CCD,Online banking,0
2bc31f80-c7f4-48bc-a2b1-df29eb5de557,2026-07-04T20:52:18.584976+00:00,ORIG-34212,RCVR-41611,2003.4,Summit Health,Maple Consulting,VA,MA,1879,Payroll,PPD,API,0
25753026-d14a-4168-a008-241a2b5feec7,2026-06-30T20:01:18.584976+00:00,ORIG-54647,RCVR-41752,1317.0,Pine Valley Foods,Cedar Utilities,VA,FL,2274,Payroll,WEB,Branch initiated,0
524743ad-314f-4199-ac8e-527319484170,2026-08-05T17:51:18.584976+00:00,ORIG-17917,RCVR-90544,359.4,Summit Health,Maple Consulting,TX,TX,2218,Direct deposit,CCD,Branch initiated,0
72deb680-0fc1-4220-836d-e2d32cecb5e2,2026-08-02T08:26:18.584976+00:00,ORIG-94749,RCVR-57317,332.26,Summit Health,Avery Johnson,GA,TX,3382,Tax payment,PPD,Branch initiated,0
ee922584-4d1b-47eb-b5ba-b6c172dbec38,2026-08-20T17:56:18.584976+00:00,ORIG-71916,RCVR-11261,186.12,Northstar Services,Maple Consulting,GA,VA,2132,Payroll,WEB,API,0
02827283-05b6-4d70-9e85-b3b3fed45e9a,2026-07-13T21:43:18.584976+00:00,ORIG-86027,RCVR-39464,399.25,Pine Valley Foods,Avery Johnson,WA,NC,3084,Payroll,WEB,Branch initiated,0
8a57b53b-d4b5-4e34-9de2-330d43178fb8,2026-07-04T23:46:18.584976+00:00,ORIG-87839,RCVR-30257,752.62,Summit Health,Maple Consulting,OH,IL,3545,Direct deposit,WEB,Online banking,0
283dac54-c0e7-4c3b-9d44-dabbaaf0f2ef,2026-07-14T13:09:18.584976+00:00,ORIG-98237,RCVR-45261,307.31,Harbor Manufacturing,Maple Consulting,NY,IL,1930,Direct deposit,CCD,API,0
bdba741f-49c2-4fd0-9eab-14fe6d4b53c6,2026-08-12T16:17:18.584976+00:00,ORIG-75817,RCVR-23495,401.48,Summit Health,Cedar Utilities,OH,FL,16,Payroll,PPD,Online banking,0
02a27376-2e5c-40a2-a272-6eb756ae1fc8,2026-08-08T19:18:18.584976+00:00,ORIG-67339,RCVR-33534,1021.8,Summit Health,Brightline Supply,CA,FL,1049,Bill payment,PPD,Branch initiated,0
55b9b2e6-2c76-41b1-9fe9-9fc990dfbfee,2026-07-18T01:32:18.584976+00:00,ORIG-11325,RCVR-90188,2470.31,Northstar Services,Maple Consulting,GA,GA,3178,Payroll,WEB,Online banking,0
d2d0cd43-1a3f-4ea8-b2be-a484467e6f7b,2026-07-21T08:38:18.584976+00:00,ORIG-29220,RCVR-94842,338.18,Pine Valley Foods,Cedar Utilities,OH,MA,1509,Payroll,PPD,Online banking,0
22715463-df5c-4ac0-b19a-ac3b6ae7e66f,2026-07-01T01:33:18.584976+00:00,ORIG-87798,RCVR-13240,73.27,Northstar Services,Cedar Utilities,VA,TX,1673,Tax payment,PPD,Online banking,0
14bcd1f0-df80-46b6-8df2-0fdb221e0060,2026-07-07T00:27:18.584976+00:00,ORIG-26976,RCVR-29588,422.95,Harbor Manufacturing,Maple Consulting,GA,IL,3223,Vendor payment,CCD,API,0
08a2b913-0a67-4200-8d2e-0b62fee54117,2026-08-03T21:38:18.584976+00:00,ORIG-23370,RCVR-14632,1987.73,Pine Valley Foods,Brightline Supply,TX,GA,3005,Payroll,PPD,API,0
020f0dd4-d155-4c88-8a06-7933d9cb1a02,2026-06-28T16:34:18.584976+00:00,ORIG-42896,RCVR-14460,95.57,Pine Valley Foods,Maple Consulting,VA,GA,2798,Payroll,WEB,API,0
bb0f066a-b20a-4e93-bf33-c18c94e66e5d,2026-07-05T00:14:18.584976+00:00,ORIG-62248,RCVR-93180,284.03,Northstar Services,Brightline Supply,IL,MA,2244,Payroll,CCD,API,0
9cddf34f-826d-45a0-a582-04f2cb444acd,2026-07-11T19:31:18.584976+00:00,ORIG-94111,RCVR-92090,383.77,Harbor Manufacturing,Avery Johnson,OH,WA,2700,Direct deposit,WEB,Online banking,0
08328ac6-a214-43a3-b4a4-a001fedb58f2,2026-06-22T10:58:18.584976+00:00,ORIG-56732,RCVR-50260,145.69,Harbor Manufacturing,Brightline Supply,IL,MA,2855,Tax payment,PPD,API,0
dc1f953e-6545-4856-803c-241c691391e6,2026-08-06T12:45:18.584976+00:00,ORIG-37034,RCVR-29066,531.78,Summit Health,Brightline Supply,CA,MA,1487,Tax payment,PPD,Online banking,0
d38d43bf-504e-4186-877b-18b5ebcb5179,2026-08-08T18:24:18.584976+00:00,ORIG-93317,RCVR-84994,568.92,Northstar Services,Brightline Supply,OH,GA,2489,Direct deposit,WEB,API,0
17d8f2df-a44a-4974-87f7-81781a21f171,2026-08-01T00:55:18.584976+00:00,ORIG-58797,RCVR-12995,139.2,Pine Valley Foods,Brightline Supply,CO,WA,3104,Tax payment,WEB,Online banking,0
21d64b63-4414-4502-9eed-f01100737a98,2026-07-20T09:50:18.584976+00:00,ORIG-99777,RCVR-13912,132.45,Pine Valley Foods,Cedar Utilities,CO,VA,3593,Tax payment,CCD,API,0
e7cdc4c5-75e2-4ec4-8a2c-d76c00dac7c1,2026-08-17T12:02:18.584976+00:00,ORIG-49015,RCVR-74777,191.59,Summit Health,Maple Consulting,NY,GA,2329,Tax payment,WEB,API,0
28bc2ac6-fd2c-426a-a577-5c87c69c20c2,2026-07-29T09:44:18.584976+00:00,ORIG-90692,RCVR-21668,421.49,Northstar Services,Brightline Supply,TX,MA,602,Direct deposit,CCD,Online banking,0
d424c873-cc5b-46f4-8a26-c47734f02bbe,2026-08-11T11:07:18.584976+00:00,ORIG-41721,RCVR-98736,125.17,Summit Health,Cedar Utilities,TX,NC,1700,Vendor payment,WEB,API,0
9e6a6e7f-8482-40ae-8d79-ab5eae2d5154,2026-06-25T20:48:18.584976+00:00,ORIG-10946,RCVR-36353,677.73,Harbor Manufacturing,Cedar Utilities,TX,IL,1485,Direct deposit,WEB,API,0
5673bb60-750f-40ef-a74d-d372f4f6631d,2026-08-02T19:06:18.584976+00:00,ORIG-74303,RCVR-38468,846.67,Northstar Services,Avery Johnson,CA,OH,837,Direct deposit,WEB,Online banking,0
43e8c0c7-8ad8-4e84-b62f-a38446f55b63,2026-08-05T14:02:18.584976+00:00,ORIG-70450,RCVR-36855,1076.79,Pine Valley Foods,Brightline Supply,NC,VA,2313,Vendor payment,WEB,Branch initiated,0
446cc94d-3664-4e20-8b0b-af993ddccdec,2026-07-13T01:41:18.584976+00:00,ORIG-86055,RCVR-26232,237.67,Northstar Services,Avery Johnson,CA,CO,1625,Payroll,WEB,Online banking,0
d64bdf96-da82-4db9-a132-696f7a796f65,2026-08-06T19:30:18.584976+00:00,ORIG-83088,RCVR-84844,422.84,Pine Valley Foods,Maple Consulting,IL,NY,2582,Bill payment,PPD,API,0
fc0b2100-1976-47b2-8c11-431993bc723b,2026-07-12T15:30:18.584976+00:00,ORIG-13042,RCVR-88573,166.22,Pine Valley Foods,Maple Consulting,TX,VA,3160,Bill payment,WEB,Branch initiated,0
f22ad572-2270-4c56-8a72-6c4546ca243d,2026-08-11T01:46:18.584976+00:00,ORIG-74335,RCVR-42364,1059.18,Harbor Manufacturing,Maple Consulting,MA,FOREIGN,77,Bill payment,TEL,File upload,1
1a5dec7d-125b-4eb7-9396-7540c569906b,2026-07-30T13:43:18.584976+00:00,ORIG-52674,RCVR-27140,324.41,Northstar Services,Cedar Utilities,OH,CA,361,Tax payment,PPD,Online banking,0
f401d1c2-7758-4481-b9bb-df6a1f90e92d,2026-07-24T06:41:18.584976+00:00,ORIG-87780,RCVR-79293,83.25,Pine Valley Foods,Maple Consulting,NY,CO,1455,Payroll,WEB,File upload,0
fb52a745-05cd-4332-b768-6cd7efd66ab4,2026-07-05T14:29:18.584976+00:00,ORIG-15318,RCVR-61782,190.86,Pine Valley Foods,Cedar Utilities,GA,OH,2097,Tax payment,WEB,API,0
2788e76c-e1de-465f-8082-6f7f2f4f46bc,2026-07-16T08:39:18.584976+00:00,ORIG-31679,RCVR-44762,639.09,Pine Valley Foods,Cedar Utilities,TX,VA,1030,Tax payment,CCD,API,0
6efffa89-2a2a-460e-8529-4995ad84becc,2026-08-04T18:14:18.584976+00:00,ORIG-99919,RCVR-56618,932.04,Summit Health,Avery Johnson,FL,CO,262,Payroll,WEB,API,0
caf0fb27-67e9-4af0-a212-17f67004df37,2026-08-01T18:39:18.584976+00:00,ORIG-91513,RCVR-48107,660.96,Summit Health,Maple Consulting,IL,NC,1650,Bill payment,CCD,Online banking,0
35de69e1-a16c-4656-8f9e-fe2706759853,2026-07-12T16:27:18.584976+00:00,ORIG-96123,RCVR-20737,255.56,Summit Health,Avery Johnson,TX,CO,1386,Payroll,PPD,File upload,0
23735a0b-8fe8-4e3c-b4aa-9e0d2c09aec0,2026-07-14T23:36:18.584976+00:00,ORIG-63578,RCVR-75891,146.36,Northstar Services,Avery Johnson,MA,OH,909,Vendor payment,PPD,Online banking,0
e8b48160-f317-4ece-aba7-ba349957bfb8,2026-07-02T08:30:18.584976+00:00,ORIG-62572,RCVR-10166,415.46,Northstar Services,Brightline Supply,WA,VA,3,Payroll,PPD,API,0
0d143e65-257c-4520-837e-b0eedcf2bfdf,2026-07-07T23:42:18.584976+00:00,ORIG-23884,RCVR-14085,741.27,Northstar Services,Brightline Supply,OH,CA,2291,Payroll,CCD,File upload,0
a57bd2a6-914d-4b6f-9f4d-3dbc05a35240,2026-06-22T07:38:18.584976+00:00,ORIG-89637,RCVR-84475,1669.04,Northstar Services,Brightline Supply,TX,IL,2967,Bill payment,PPD,File upload,0
bf9d28f8-9ab8-4fea-a6bf-09a0f9021800,2026-07-21T06:23:18.584976+00:00,ORIG-87740,RCVR-39178,156.04,Summit Health,Maple Consulting,CO,VA,2706,Direct deposit,PPD,API,0
0d41f0cd-c269-4154-b3d1-d45760fd88ad,2026-07-03T00:59:18.584976+00:00,ORIG-29346,RCVR-88308,1585.7,Pine Valley Foods,Brightline Supply,IL,TX,152,Vendor payment,CCD,File upload,1
f5313681-5fc0-49a2-8831-959b5bbc7d40,2026-08-14T02:20:18.584976+00:00,ORIG-56270,RCVR-31390,1615.83,Pine Valley Foods,Avery Johnson,IL,TX,3162,Bill payment,PPD,API,0
fca82187-52b6-4e2f-82e8-7c849b0b92e5,2026-08-01T10:44:18.584976+00:00,ORIG-71759,RCVR-75015,239.84,Harbor Manufacturing,Cedar Utilities,VA,CO,1046,Tax payment,PPD,Online banking,0
914bed98-2220-4c75-b002-409a330c73c8,2026-08-11T04:26:18.584976+00:00,ORIG-27210,RCVR-14302,337.5,Pine Valley Foods,Avery Johnson,FL,NC,384,Vendor payment,PPD,Online banking,0
318961c2-057f-4eca-8256-fbf6f77cedda,2026-07-12T13:35:18.584976+00:00,ORIG-81046,RCVR-20730,2028.78,Northstar Services,Brightline Supply,VA,CO,3196,Vendor payment,WEB,API,0
9a367945-c916-4411-af11-0a1b829b814c,2026-06-26T10:45:18.584976+00:00,ORIG-33869,RCVR-52538,1376.34,Harbor Manufacturing,Maple Consulting,GA,CA,245,Direct deposit,PPD,Online banking,0
971b1743-a24b-4502-8a10-0785d2969410,2026-07-25T23:00:18.584976+00:00,ORIG-66423,RCVR-82741,601.5,Northstar Services,Avery Johnson,MA,TX,1659,Tax payment,PPD,Branch initiated,0
6808bae4-43b9-4843-bdc4-4153607b724d,2026-07-19T03:33:18.584976+00:00,ORIG-18533,RCVR-28478,296.72,Northstar Services,Brightline Supply,FL,CO,105,Payroll,IAT,File upload,1
6db90116-9f06-495f-941e-af8a66e805c8,2026-06-26T05:19:18.584976+00:00,ORIG-14999,RCVR-82326,349.54,Pine Valley Foods,Cedar Utilities,CO,IL,1150,Tax payment,CCD,Online banking,0
f3ae73bb-32e5-4439-854a-7e5c623757c7,2026-07-15T02:03:18.584976+00:00,ORIG-53570,RCVR-75732,6935.22,Northstar Services,Maple Consulting,VA,FOREIGN,117,Bill payment,WEB,API,1
85f2f02c-f7ad-41ee-b310-f131a2efe9bd,2026-06-27T18:36:18.584976+00:00,ORIG-93581,RCVR-81615,395.71,Harbor Manufacturing,Avery Johnson,VA,TX,1125,Payroll,CCD,Online banking,0
94c1d44e-34ba-4076-bd94-e2dc06f1c2ef,2026-06-25T12:59:18.584976+00:00,ORIG-57066,RCVR-69546,736.59,Summit Health,Maple Consulting,IL,TX,1180,Direct deposit,CCD,File upload,0
11c0462c-787f-429a-9c84-16c4f9ad9010,2026-06-26T19:14:18.584976+00:00,ORIG-35591,RCVR-15884,398.41,Northstar Services,Maple Consulting,TX,MA,2582,Direct deposit,PPD,API,0
50b38411-7694-4087-9018-ead2782f68b7,2026-07-25T03:20:18.584976+00:00,ORIG-51965,RCVR-86342,278.6,Northstar Services,Brightline Supply,NC,OH,1828,Direct deposit,PPD,Online banking,0
92ce78e0-4cb9-48ea-b495-6b530418cf0b,2026-07-16T08:00:18.584976+00:00,ORIG-62300,RCVR-67066,240.87,Northstar Services,Brightline Supply,WA,OH,1108,Direct deposit,WEB,API,0
8ede24f9-0913-4846-9912-6621dadf69a3,2026-06-24T09:19:18.584976+00:00,ORIG-73323,RCVR-95257,325.17,Northstar Services,Avery Johnson,VA,NC,3439,Direct deposit,WEB,API,0
366d2cbd-8a9a-471d-9666-de5eb228c1e0,2026-07-24T23:16:18.584976+00:00,ORIG-75174,RCVR-27319,559.59,Pine Valley Foods,Avery Johnson,CO,MA,608,Bill payment,PPD,Branch initiated,0
d776001d-da26-4dc1-bb35-a11846022b7c,2026-07-20T21:17:18.584976+00:00,ORIG-14436,RCVR-10090,1166.47,Harbor Manufacturing,Cedar Utilities,WA,NC,1855,Vendor payment,PPD,Online banking,0
9f3a7d72-e286-4d0c-9762-6e7343d9beeb,2026-08-15T16:54:18.584976+00:00,ORIG-92042,RCVR-57183,263.97,Pine Valley Foods,Cedar Utilities,FL,CA,2946,Payroll,WEB,Online banking,0
ed1814b3-e41b-49f0-9846-a113e87d6d9f,2026-07-14T04:43:18.584976+00:00,ORIG-40138,RCVR-47769,186.31,Pine Valley Foods,Brightline Supply,TX,TX,32,Payroll,IAT,Online banking,1
343d06a7-b8a5-418b-9da1-4a628f96dbd5,2026-08-07T11:36:18.584976+00:00,ORIG-43835,RCVR-39651,1743.6,Northstar Services,Cedar Utilities,TX,IL,309,Bill payment,PPD,File upload,0
f080e47e-a9a2-4e33-a64c-d94e34235bed,2026-07-02T20:39:18.584976+00:00,ORIG-39156,RCVR-44765,1025.87,Pine Valley Foods,Maple Consulting,NY,OH,3123,Tax payment,PPD,API,0
0fb3946e-c7ca-44ae-8090-e735743d1f0b,2026-07-24T04:57:18.584976+00:00,ORIG-25041,RCVR-65978,143.78,Pine Valley Foods,Brightline Supply,FL,CO,2319,Tax payment,PPD,API,0
58d74ab4-8094-496c-991b-b761ea54076e,2026-06-22T09:40:18.584976+00:00,ORIG-99268,RCVR-84299,2608.61,Summit Health,Brightline Supply,CA,FOREIGN,105,Bill payment,TEL,API,1
869a1f10-94de-4593-90cc-c87451d00e91,2026-06-25T17:36:18.584976+00:00,ORIG-99034,RCVR-53580,369.94,Harbor Manufacturing,Maple Consulting,NC,GA,3569,Bill payment,PPD,Online banking,0
2fde40fa-2f90-4872-b106-7d25979a2628,2026-07-24T12:00:18.584976+00:00,ORIG-35614,RCVR-74748,153.65,Pine Valley Foods,Cedar Utilities,OH,FL,527,Bill payment,PPD,Online banking,0
9081a84d-2b44-4f11-8509-17e4d61967fa,2026-08-14T16:47:18.584976+00:00,ORIG-83020,RCVR-34453,185.26,Northstar Services,Cedar Utilities,OH,VA,1379,Bill payment,PPD,API,0
913aaa9a-262b-4f6c-8691-d666d9c88a54,2026-07-03T20:39:18.584976+00:00,ORIG-10932,RCVR-44340,381.31,Summit Health,Maple Consulting,NY,FL,1553,Payroll,WEB,Online banking,0
3f43fd2f-4518-4aba-9f36-05523f3ad04e,2026-07-02T03:46:18.584976+00:00,ORIG-75608,RCVR-68555,136.43,Northstar Services,Brightline Supply,IL,MA,852,Payroll,WEB,File upload,0
180c0c08-5d16-4f6f-86e4-9227ea263f25,2026-08-01T06:29:18.584976+00:00,ORIG-57173,RCVR-89190,208.11,Pine Valley Foods,Avery Johnson,NC,OH,560,Direct deposit,PPD,Online banking,0
755ccc92-5e26-4d1a-8837-fd4658390272,2026-06-22T05:57:18.584976+00:00,ORIG-20774,RCVR-43675,394.5,Harbor Manufacturing,Brightline Supply,IL,WA,72,Bill payment,WEB,Online banking,1
40d0261f-de00-4741-8646-9054776f19eb,2026-06-27T11:13:18.584976+00:00,ORIG-70471,RCVR-50879,162.32,Harbor Manufacturing,Brightline Supply,IL,MA,2510,Direct deposit,PPD,File upload,0
9ddd10f3-bd83-4926-abcb-9da17547a199,2026-07-18T20:45:18.584976+00:00,ORIG-86104,RCVR-69103,921.68,Pine Valley Foods,Maple Consulting,GA,IL,379,Payroll,PPD,File upload,0
7d65ac52-0ef9-42bb-8f05-cee78865ca21,2026-06-24T05:16:18.584976+00:00,ORIG-88611,RCVR-88597,790.13,Summit Health,Cedar Utilities,IL,IL,1459,Tax payment,WEB,Online banking,0
495756e6-11e2-4966-9876-80b2a5d3f746,2026-08-14T14:08:18.584976+00:00,ORIG-22100,RCVR-72411,637.41,Summit Health,Avery Johnson,OH,OH,1502,Tax payment,WEB,Online banking,0
4fda4f58-4e70-40cc-8354-fed754e4320d,2026-06-26T14:27:18.584976+00:00,ORIG-38782,RCVR-77498,1400.56,Pine Valley Foods,Maple Consulting,NY,NC,186,Vendor payment,PPD,Online banking,0
12bbe493-333b-4f73-b3b3-7b47af434247,2026-08-05T14:50:18.584976+00:00,ORIG-44608,RCVR-82974,129.23,Northstar Services,Maple Consulting,TX,MA,2810,Payroll,CCD,File upload,0
5667446e-7146-4ad7-b893-9031f16a0766,2026-07-04T00:48:18.584976+00:00,ORIG-70728,RCVR-50586,713.27,Summit Health,Maple Consulting,NC,OH,28,Direct deposit,PPD,Online banking,0
92d6d646-a2de-420c-a457-b4b79dc77c50,2026-07-16T19:26:18.584976+00:00,ORIG-11641,RCVR-10489,1111.68,Summit Health,Maple Consulting,MA,NC,635,Payroll,PPD,File upload,0
cd05c5d4-2e34-4a37-8263-7cf4cbc9c969,2026-06-23T03:25:18.584976+00:00,ORIG-37856,RCVR-75987,358.54,Summit Health,Brightline Supply,CO,TX,3125,Direct deposit,PPD,Online banking,0
66d03def-2ff7-4e16-96ca-4aabeb1f2940,2026-08-01T05:43:18.584976+00:00,ORIG-49238,RCVR-57205,501.06,Summit Health,Brightline Supply,GA,CA,1649,Direct deposit,WEB,Branch initiated,0
709d627a-9ebf-4434-97bf-b108a0f23d5b,2026-08-17T21:34:18.584976+00:00,ORIG-40357,RCVR-22386,227.24,Pine Valley Foods,Brightline Supply,OH,MA,3325,Bill payment,WEB,File upload,0
e7916ddf-899d-43df-8d3a-d4b422a4d703,2026-06-30T15:51:18.584976+00:00,ORIG-50538,RCVR-66753,220.81,Harbor Manufacturing,Avery Johnson,OH,VA,486,Payroll,CCD,File upload,0
954a71f8-9254-4999-b221-e2dc8dfb3989,2026-07-09T06:48:18.584976+00:00,ORIG-12487,RCVR-50229,806.9,Pine Valley Foods,Maple Consulting,CO,NY,1482,Tax payment,WEB,File upload,0
369b2311-4918-4ade-8057-3bf8f3f09c81,2026-06-29T17:21:18.584976+00:00,ORIG-91613,RCVR-42341,800.37,Summit Health,Brightline Supply,FL,CO,3496,Direct deposit,PPD,Branch initiated,0
f70966f9-b5e4-4e9a-8ac8-802e74322667,2026-07-16T00:02:18.584976+00:00,ORIG-74076,RCVR-62395,423.4,Summit Health,Maple Consulting,NY,FL,1501,Tax payment,PPD,Online banking,0
83eaf654-f93e-4b07-b1d7-b55b154bbfbc,2026-06-30T23:19:18.584976+00:00,ORIG-21704,RCVR-73638,464.02,Harbor Manufacturing,Avery Johnson,GA,IL,3336,Tax payment,PPD,Branch initiated,0
be439ac0-c325-4d26-a630-e717e58f417d,2026-06-22T11:23:18.584976+00:00,ORIG-66669,RCVR-74407,151.35,Pine Valley Foods,Brightline Supply,IL,FL,2785,Direct deposit,CCD,Online banking,0
544eb1b7-a37d-467a-904f-31e9391bfe08,2026-08-18T08:15:18.584976+00:00,ORIG-39352,RCVR-89926,931.34,Northstar Services,Cedar Utilities,CO,CO,51,Direct deposit,WEB,API,1
c358449f-dc7e-40af-ad76-39faf3755467,2026-08-06T15:04:18.584976+00:00,ORIG-89129,RCVR-11673,1080.43,Northstar Services,Avery Johnson,IL,TX,1614,Payroll,CCD,File upload,0
2415b96b-4afb-4a1b-8a61-87a05d9b92da,2026-07-29T02:09:18.584976+00:00,ORIG-12431,RCVR-50876,1330.77,Northstar Services,Cedar Utilities,WA,TX,2174,Payroll,CCD,API,0
20d8e389-6068-4750-81b6-28b790511a4d,2026-06-29T18:17:18.584976+00:00,ORIG-60738,RCVR-69256,482.29,Pine Valley Foods,Avery Johnson,VA,GA,186,Vendor payment,PPD,API,0
316cfb58-7c99-4c2f-b91d-232d9bff50c7,2026-07-12T12:00:18.584976+00:00,ORIG-17488,RCVR-57688,1625.94,Summit Health,Maple Consulting,VA,FL,1922,Payroll,WEB,File upload,0
a9d3e217-d77c-48ec-ac2b-00283bf0156e,2026-06-23T02:08:18.584976+00:00,ORIG-91010,RCVR-35620,384.4,Pine Valley Foods,Maple Consulting,VA,NY,2792,Bill payment,CCD,API,0
01a9b021-c2fb-4121-9b92-1e0eec8557fa,2026-08-12T03:02:18.584976+00:00,ORIG-75422,RCVR-36948,347.86,Pine Valley Foods,Maple Consulting,NY,VA,2084,Tax payment,WEB,API,0
76b92328-2956-4ae0-a50f-9c9da934d8c0,2026-06-23T12:31:18.584976+00:00,ORIG-14578,RCVR-78648,223.64,Harbor Manufacturing,Maple Consulting,NC,CO,1552,Direct deposit,WEB,Online banking,0
b364eb04-83b3-4f06-9aed-296b47ccf41c,2026-08-01T12:11:18.584976+00:00,ORIG-45888,RCVR-45591,236.48,Summit Health,Avery Johnson,GA,NC,2009,Direct deposit,CCD,API,0
2a1e53ee-8198-4c38-82bd-401a19cc6e27,2026-07-19T22:28:18.584976+00:00,ORIG-53880,RCVR-77927,330.39,Summit Health,Maple Consulting,IL,WA,2391,Bill payment,CCD,File upload,0
64faca6b-2fdd-4af4-864e-db9da39fd053,2026-07-20T02:21:18.584976+00:00,ORIG-41275,RCVR-46054,1522.27,Summit Health,Cedar Utilities,VA,WA,2938,Vendor payment,CCD,Online banking,0
ab36aea9-53cc-4009-abbd-2e77f7c30487,2026-07-18T16:07:18.584976+00:00,ORIG-88710,RCVR-94863,1007.49,Northstar Services,Cedar Utilities,NY,FL,2505,Direct deposit,CCD,File upload,0
aad6dba1-be8a-4cb9-868c-bf3f465bdc6b,2026-06-23T10:42:18.584976+00:00,ORIG-41067,RCVR-67793,1331.47,Harbor Manufacturing,Cedar Utilities,MA,CA,3167,Direct deposit,WEB,Online banking,0
95e8c057-8be9-42a0-ad53-8e74de94e3d7,2026-07-30T22:58:18.584976+00:00,ORIG-79950,RCVR-58742,144.5,Summit Health,Brightline Supply,GA,WA,1016,Direct deposit,WEB,Online banking,0
be53db67-e7b6-402c-a41d-a44cd8bf1a17,2026-07-04T01:54:18.584976+00:00,ORIG-72222,RCVR-39020,258.04,Summit Health,Brightline Supply,IL,CA,2958,Direct deposit,PPD,Online banking,0
5dd0e20a-94fb-4502-97ca-4584dd9b6717,2026-07-28T09:49:18.584976+00:00,ORIG-16014,RCVR-28501,474.73,Summit Health,Cedar Utilities,MA,CO,1853,Tax payment,CCD,Online banking,0
edeea938-681b-4316-9a66-886f39c30c19,2026-07-25T08:00:18.584976+00:00,ORIG-94897,RCVR-65973,66.31,Harbor Manufacturing,Maple Consulting,NY,IL,2538,Direct deposit,CCD,Online banking,0
2843f1f7-28c4-418c-acdd-e2f087ff186e,2026-06-27T17:28:18.584976+00:00,ORIG-85440,RCVR-47182,540.65,Northstar Services,Avery Johnson,CA,WA,1980,Tax payment,PPD,API,0
4bf67355-c683-4aaa-b037-1e2e14bb574c,2026-06-27T13:47:18.584976+00:00,ORIG-77862,RCVR-44389,473.19,Summit Health,Maple Consulting,NC,IL,2125,Vendor payment,PPD,File upload,0
ce7806a6-f34b-4f4a-bc0d-ad240834b839,2026-08-18T21:01:18.584976+00:00,ORIG-38175,RCVR-52130,422.33,Summit Health,Cedar Utilities,IL,IL,1400,Payroll,CCD,API,0
4862e200-3784-432b-9bc4-126793f70d7f,2026-06-23T11:28:18.584976+00:00,ORIG-34343,RCVR-71255,969.04,Northstar Services,Maple Consulting,NC,CA,1774,Direct deposit,PPD,API,0
921a8dc5-1ccd-4fe1-a230-ba9fc87fb1c3,2026-06-23T22:00:18.584976+00:00,ORIG-99155,RCVR-25695,122.31,Pine Valley Foods,Brightline Supply,WA,OH,390,Vendor payment,WEB,Online banking,0
b07ff2d6-ad4c-4875-9c4f-13ad293d4474,2026-08-03T18:39:18.584976+00:00,ORIG-88410,RCVR-94490,812.89,Harbor Manufacturing,Avery Johnson,IL,MA,1686,Tax payment,CCD,Online banking,0
ac7a0b70-5ef8-45e9-80e6-7e7236882d30,2026-07-05T21:14:18.584976+00:00,ORIG-85861,RCVR-18668,810.21,Northstar Services,Maple Consulting,CA,NY,3632,Payroll,CCD,Online banking,0
7cc15126-532b-4f95-8b62-e2c256759f8d,2026-07-06T17:02:18.584976+00:00,ORIG-36867,RCVR-80496,1429.78,Harbor Manufacturing,Maple Consulting,NY,OH,51,Payroll,CCD,API,1
9090bcbe-9ccc-41ea-aa17-60de74737ab4,2026-07-19T21:07:18.584976+00:00,ORIG-96498,RCVR-47322,1449.97,Northstar Services,Cedar Utilities,NC,MA,1964,Vendor payment,WEB,Online banking,0
a83ecebf-503c-4820-b45f-36cb1c598120,2026-08-19T22:52:18.584976+00:00,ORIG-76328,RCVR-42094,280.89,Summit Health,Cedar Utilities,NY,OH,1335,Tax payment,WEB,File upload,0
210a8d86-8add-42d3-9d8a-14e2edbb00f3,2026-07-28T02:07:18.584976+00:00,ORIG-83658,RCVR-96375,522.55,Harbor Manufacturing,Brightline Supply,CA,OH,22,Bill payment,PPD,Online banking,0
dd441247-d1db-433f-ad7e-8004c719009d,2026-06-24T23:09:18.584976+00:00,ORIG-57396,RCVR-30834,1489.57,Pine Valley Foods,Avery Johnson,CO,WA,2451,Tax payment,CCD,Online banking,0
b143871a-e4c3-49fe-820b-3360fdecc01e,2026-07-31T22:11:18.584976+00:00,ORIG-42228,RCVR-56952,662.65,Summit Health,Cedar Utilities,TX,FL,165,Tax payment,PPD,File upload,1
20c6247b-b1b0-486b-86c1-b037e71a5fef,2026-07-26T19:20:18.584976+00:00,ORIG-99472,RCVR-70674,175.84,Pine Valley Foods,Brightline Supply,CA,FL,1338,Payroll,PPD,Online banking,0
b14a4e12-04c7-48cc-9bf2-62aa920c53fa,2026-08-02T14:31:18.584976+00:00,ORIG-15109,RCVR-60398,52.44,Pine Valley Foods,Avery Johnson,OH,FL,3204,Payroll,WEB,Online banking,0
2f706880-d45d-4f8b-9305-d3c5c7bb89e7,2026-08-15T18:20:18.584976+00:00,ORIG-79558,RCVR-47733,928.29,Summit Health,Brightline Supply,MA,IL,3100,Direct deposit,WEB,Online banking,0
e679b6b1-555f-4325-92ee-02e7d312f3a8,2026-08-02T05:35:18.584976+00:00,ORIG-29708,RCVR-45506,55.08,Harbor Manufacturing,Cedar Utilities,OH,WA,1536,Payroll,WEB,Online banking,0
5842c707-3397-41c3-8801-5b82ea0617bb,2026-08-07T14:59:18.584976+00:00,ORIG-28098,RCVR-67224,941.37,Harbor Manufacturing,Brightline Supply,GA,OH,405,Tax payment,CCD,Online banking,0
5360924e-aa9a-4273-a751-1b675e7934b3,2026-07-18T20:56:18.584976+00:00,ORIG-64893,RCVR-79188,1446.97,Northstar Services,Cedar Utilities,NY,VA,1000,Payroll,WEB,Online banking,0
5bb0fa22-c67e-4ea6-a9fe-6edabadf75ff,2026-07-13T07:56:18.584976+00:00,ORIG-49758,RCVR-44314,222.67,Summit Health,Maple Consulting,TX,MA,2398,Payroll,WEB,File upload,0
4b88c562-7222-456f-a1bd-d90eda95bd35,2026-08-18T01:57:18.584976+00:00,ORIG-43463,RCVR-47762,80.96,Summit Health,Cedar Utilities,FL,VA,1421,Bill payment,WEB,API,0
ad1736f7-bb72-42a8-9b83-d5833814e70f,2026-08-01T17:00:18.584976+00:00,ORIG-76948,RCVR-20197,590.77,Northstar Services,Brightline Supply,MA,OH,3180,Bill payment,CCD,Online banking,0
520155f1-280a-4762-b919-53d462277514,2026-07-10T17:01:18.584976+00:00,ORIG-58772,RCVR-85290,155.64,Pine Valley Foods,Cedar Utilities,NY,IL,518,Vendor payment,WEB,Online banking,0
5f8ef794-447e-4366-8190-43e63d8d2d7c,2026-07-25T14:20:18.584976+00:00,ORIG-88136,RCVR-71595,391.86,Northstar Services,Avery Johnson,GA,NY,3582,Bill payment,CCD,API,0
3da8212c-e43b-41f3-a31f-f4d860537f57,2026-07-25T23:37:18.584976+00:00,ORIG-64533,RCVR-70534,367.1,Harbor Manufacturing,Avery Johnson,IL,TX,2778,Tax payment,CCD,File upload,0
b01eb94a-175f-46da-b688-6229b63c8468,2026-06-21T20:53:18.584976+00:00,ORIG-53239,RCVR-57712,753.86,Pine Valley Foods,Cedar Utilities,CO,FL,1081,Tax payment,WEB,File upload,0
37f286ae-d078-4272-95e1-c8be00667ab0,2026-07-17T15:57:18.584976+00:00,ORIG-74332,RCVR-29336,160.44,Summit Health,Maple Consulting,FL,FL,1161,Bill payment,PPD,API,0
6de1ce0a-e226-4138-969e-9756cb56c654,2026-08-02T11:17:18.584976+00:00,ORIG-16478,RCVR-17324,984.97,Harbor Manufacturing,Cedar Utilities,NY,VA,987,Bill payment,CCD,Online banking,0
9611ab42-c5de-40b9-9982-505673224af6,2026-07-21T06:01:18.584976+00:00,ORIG-34554,RCVR-26125,63.14,Summit Health,Brightline Supply,MA,NC,2697,Direct deposit,WEB,Branch initiated,0
755dc74a-6c5c-4396-b396-3bdb925bf190,2026-07-14T02:44:18.584976+00:00,ORIG-90315,RCVR-56677,140.25,Northstar Services,Cedar Utilities,CA,OH,3111,Payroll,CCD,Online banking,0
6cd41d71-4eb7-416d-bfad-293a2da7597b,2026-07-08T17:46:18.584976+00:00,ORIG-71806,RCVR-83289,375.27,Harbor Manufacturing,Brightline Supply,MA,VA,1603,Tax payment,CCD,File upload,0
21d06ede-3edd-4ff4-b37f-50d8fac4dfec,2026-06-25T18:40:18.584976+00:00,ORIG-97586,RCVR-99125,798.18,Summit Health,Avery Johnson,GA,CO,3620,Tax payment,WEB,API,0
f4263faf-aac5-4ca9-a415-73dcd3654693,2026-06-23T00:46:18.584976+00:00,ORIG-58307,RCVR-58733,175.78,Pine Valley Foods,Avery Johnson,CO,CA,840,Vendor payment,PPD,Online banking,0
f9d6d09a-b93a-406e-84aa-08ab82596e74,2026-07-25T21:48:18.584976+00:00,ORIG-34885,RCVR-99911,1096.84,Pine Valley Foods,Brightline Supply,TX,WA,2049,Tax payment,PPD,Online banking,0
3ec2ea9b-2fc4-4324-aae0-f4e0c5ddc0a8,2026-08-20T15:09:18.584976+00:00,ORIG-83467,RCVR-93398,121.17,Summit Health,Brightline Supply,GA,OH,867,Tax payment,CCD,Online banking,0
ad7573ef-b234-4294-bab9-f4fbd7267a0e,2026-07-10T21:53:18.584976+00:00,ORIG-66659,RCVR-62976,791.79,Pine Valley Foods,Cedar Utilities,NC,NY,1226,Tax payment,WEB,Online banking,0
7908e0c5-7198-49aa-9f2c-fc6e28bc39e1,2026-07-25T02:20:18.584976+00:00,ORIG-48286,RCVR-73010,664.89,Harbor Manufacturing,Brightline Supply,NC,NC,1127,Payroll,CCD,API,0
fa970880-b375-4a1c-b56d-311911fc600d,2026-06-30T23:45:18.584976+00:00,ORIG-74868,RCVR-88547,176.81,Summit Health,Maple Consulting,VA,FL,2669,Bill payment,WEB,Online banking,0
564fdbbd-ea87-4c8c-ab15-ffadf184ec01,2026-07-01T19:43:18.584976+00:00,ORIG-89873,RCVR-84249,311.17,Pine Valley Foods,Cedar Utilities,IL,IL,363,Bill payment,CCD,Online banking,0
3a7a82c8-b3ad-4d07-8933-e01e7598911a,2026-06-26T08:13:18.584976+00:00,ORIG-53903,RCVR-42679,273.7,Northstar Services,Cedar Utilities,TX,TX,1275,Vendor payment,PPD,API,0
418230e2-60ba-49fc-a78b-cc052ef2e241,2026-08-19T22:07:18.584976+00:00,ORIG-86459,RCVR-11456,927.04,Summit Health,Cedar Utilities,VA,NC,1601,Direct deposit,WEB,Branch initiated,0
c1db2463-61fe-40ff-893d-b249c809c6d5,2026-07-04T13:55:18.584976+00:00,ORIG-80487,RCVR-33863,94.53,Pine Valley Foods,Brightline Supply,CO,VA,2583,Vendor payment,CCD,Online banking,0
785458f3-9f26-40af-a762-e2e05b04f9ca,2026-07-07T04:39:18.584976+00:00,ORIG-71303,RCVR-37235,1307.78,Pine Valley Foods,Maple Consulting,CA,GA,220,Direct deposit,WEB,File upload,0
1a5ca64e-7fe9-4d53-9d1e-491eaa9b5fa7,2026-08-02T07:22:18.584976+00:00,ORIG-78265,RCVR-52831,183.88,Summit Health,Brightline Supply,NY,IL,1352,Bill payment,WEB,Online banking,0
6cb5864a-cf09-44e3-b321-61b6097ae1bb,2026-07-22T05:18:18.584976+00:00,ORIG-62349,RCVR-95423,406.3,Harbor Manufacturing,Maple Consulting,NY,VA,10,Payroll,CCD,Online banking,0
fe7d7c14-dcea-4c8a-b4fc-ba2be5f9eca4,2026-08-08T20:38:18.584976+00:00,ORIG-72780,RCVR-95414,146.52,Summit Health,Cedar Utilities,VA,WA,1047,Direct deposit,CCD,Online banking,0
6782e124-7277-42f7-9d36-d9848130fe5a,2026-07-28T23:29:18.584976+00:00,ORIG-18054,RCVR-48251,1425.74,Pine Valley Foods,Avery Johnson,FL,CA,1816,Bill payment,CCD,File upload,0
47661d50-9099-427b-bf66-73738d7bb7a8,2026-07-18T07:08:18.584976+00:00,ORIG-20855,RCVR-92781,765.82,Northstar Services,Cedar Utilities,GA,MA,3297,Bill payment,CCD,Online banking,0
72fb192c-7850-4970-800c-2c62b1f90d5c,2026-08-11T15:13:18.584976+00:00,ORIG-51878,RCVR-16509,1763.5,Northstar Services,Cedar Utilities,MA,OH,2052,Direct deposit,CCD,Online banking,0
30ed7f23-78b2-4fc1-a166-77199d2c3d7c,2026-08-02T05:03:18.584976+00:00,ORIG-87469,RCVR-16241,175.32,Harbor Manufacturing,Brightline Supply,NY,VA,8,Direct deposit,PPD,Branch initiated,0
c130a3fc-55ba-406e-8ffc-bbf6293447aa,2026-07-05T20:24:18.584976+00:00,ORIG-74364,RCVR-15664,130.17,Northstar Services,Cedar Utilities,CO,WA,2167,Bill payment,CCD,API,0
25f9e852-3425-403e-8818-841d1a76c817,2026-06-22T07:06:18.584976+00:00,ORIG-63271,RCVR-57428,941.91,Northstar Services,Cedar Utilities,IL,TX,2882,Vendor payment,CCD,API,0
bd0de790-7050-4c95-8d93-45364354359d,2026-07-12T18:50:18.584976+00:00,ORIG-38255,RCVR-51488,65.21,Pine Valley Foods,Avery Johnson,CO,IL,2572,Direct deposit,CCD,File upload,0
ca187260-392b-47b4-b2aa-06478fc27e86,2026-07-18T12:19:18.584976+00:00,ORIG-20067,RCVR-11420,131.88,Pine Valley Foods,Brightline Supply,CA,NC,1868,Bill payment,CCD,File upload,0
1a2ca0a6-4b0f-4bad-b3d2-f31693cc3d42,2026-08-02T13:01:18.584976+00:00,ORIG-68590,RCVR-41353,297.74,Pine Valley Foods,Avery Johnson,CO,IL,519,Direct deposit,CCD,Online banking,0
830c6e82-aa5d-4eca-a9f0-410ff6e9dc21,2026-08-12T22:27:18.584976+00:00,ORIG-56057,RCVR-62185,221.72,Northstar Services,Brightline Supply,NC,NC,1697,Bill payment,CCD,API,0
9d0797d7-40a3-45c1-8339-73ab420e07b8,2026-07-13T18:12:18.584976+00:00,ORIG-52711,RCVR-53484,73.75,Harbor Manufacturing,Brightline Supply,IL,NY,223,Vendor payment,CCD,API,0
dd6f9f69-3449-4f07-9e62-f0eb9bba629f,2026-07-08T19:02:18.584976+00:00,ORIG-51167,RCVR-24776,878.31,Northstar Services,Avery Johnson,FL,NY,3067,Direct deposit,WEB,API,0
0ab94be9-138c-4d85-a544-97398f10f4d4,2026-07-13T01:17:18.584976+00:00,ORIG-19963,RCVR-19305,533.85,Pine Valley Foods,Avery Johnson,MA,NY,1571,Direct deposit,WEB,API,0
06af38ef-4802-442f-b7c0-318b7d5a4b5b,2026-08-04T10:46:18.584976+00:00,ORIG-85281,RCVR-40098,525.85,Pine Valley Foods,Avery Johnson,MA,GA,2171,Bill payment,WEB,API,0
405eb0f8-b987-42b3-91fa-14e687cbd05a,2026-07-22T18:08:18.584976+00:00,ORIG-72007,RCVR-17348,568.73,Summit Health,Cedar Utilities,NC,MA,607,Bill payment,PPD,Online banking,0
4902008d-ad25-45a3-9bb9-f2110448c99a,2026-07-27T17:26:18.584976+00:00,ORIG-92323,RCVR-99667,450.5,Harbor Manufacturing,Avery Johnson,OH,MA,143,Bill payment,PPD,File upload,0
5d34e631-362c-4f06-901e-0e5a37d00ce6,2026-06-22T11:11:18.584976+00:00,ORIG-49948,RCVR-81352,108.45,Northstar Services,Cedar Utilities,MA,WA,781,Bill payment,CCD,File upload,0
91fc4d2a-61b7-4765-b0cd-bacb762ca8a8,2026-07-29T07:07:18.584976+00:00,ORIG-41210,RCVR-10853,617.09,Harbor Manufacturing,Maple Consulting,NC,GA,1241,Vendor payment,CCD,File upload,0
7c34389f-ae04-4c0d-8645-6fe2a3a2351c,2026-08-16T00:50:18.584976+00:00,ORIG-25665,RCVR-63165,1167.06,Harbor Manufacturing,Brightline Supply,OH,IL,164,Vendor payment,PPD,File upload,1
bbe42060-4695-42dc-9ad3-57fbf5edf982,2026-08-19T21:03:18.584976+00:00,ORIG-67781,RCVR-18059,203.97,Northstar Services,Brightline Supply,WA,IL,2551,Vendor payment,WEB,File upload,0
9d0cb43c-2a30-49a8-93d8-c1255432da3d,2026-07-31T11:12:18.584976+00:00,ORIG-71695,RCVR-22128,339.61,Summit Health,Cedar Utilities,VA,TX,1552,Tax payment,CCD,Online banking,0
c972722a-5e6c-4b26-8430-f8c1b1b70b71,2026-07-19T13:50:18.584976+00:00,ORIG-41031,RCVR-83767,580.68,Pine Valley Foods,Avery Johnson,NY,WA,236,Bill payment,WEB,Online banking,0
15f2a7f3-ee5d-45e3-b052-6529d0bdbdf8,2026-06-28T04:20:18.584976+00:00,ORIG-81853,RCVR-34799,395.68,Pine Valley Foods,Avery Johnson,NC,TX,3644,Direct deposit,CCD,API,0
053fc78e-614d-43ae-959b-c8aa12151e5c,2026-08-18T07:28:18.584976+00:00,ORIG-49318,RCVR-15657,1515.04,Summit Health,Cedar Utilities,WA,IL,1214,Bill payment,PPD,Branch initiated,0
59e88e59-4bea-480d-ab6c-89be4e16ed83,2026-07-21T10:44:18.584976+00:00,ORIG-12812,RCVR-97024,277.26,Summit Health,Maple Consulting,MA,NY,52,Direct deposit,WEB,File upload,0
812adb83-8b93-44aa-a5c2-64f557f0fc9f,2026-07-22T16:41:18.584976+00:00,ORIG-33892,RCVR-69004,249.87,Northstar Services,Brightline Supply,VA,WA,3402,Direct deposit,WEB,File upload,0
4c49d5ca-2309-452c-9ef9-822b3d369246,2026-08-14T22:48:18.584976+00:00,ORIG-12617,RCVR-25406,371.44,Northstar Services,Brightline Supply,NC,OH,2661,Payroll,WEB,Online banking,0
030bf392-6fea-4f18-be5b-3106282d5ec7,2026-06-29T19:25:18.584976+00:00,ORIG-95679,RCVR-71256,1338.02,Northstar Services,Avery Johnson,OH,CO,44,Tax payment,PPD,API,1
fd4e76e9-3f98-4a93-82a9-bed8deb41d57,2026-07-04T04:02:18.584976+00:00,ORIG-16521,RCVR-21092,187.48,Harbor Manufacturing,Maple Consulting,NY,NY,532,Payroll,PPD,API,0
56cb0183-bad9-4197-aa26-324c3edf76b8,2026-07-13T00:07:18.584976+00:00,ORIG-62590,RCVR-50096,1193.92,Summit Health,Avery Johnson,WA,TX,2605,Bill payment,WEB,Online banking,0
0191d301-bdb2-4d14-a51a-1df8abf1600b,2026-06-30T14:44:18.584976+00:00,ORIG-29568,RCVR-14839,1052.94,Harbor Manufacturing,Avery Johnson,TX,FL,985,Tax payment,WEB,API,0
d39ec18c-6e06-47c7-842b-6af568c83ca6,2026-07-26T03:46:18.584976+00:00,ORIG-32899,RCVR-56098,401.11,Northstar Services,Avery Johnson,VA,TX,1914,Bill payment,WEB,API,0
b25fc13b-963a-4c1c-bbbd-c1eff7b8edfe,2026-06-23T16:38:18.584976+00:00,ORIG-25813,RCVR-82220,393.31,Pine Valley Foods,Avery Johnson,MA,OH,2089,Direct deposit,CCD,API,0
758e0cbd-27ae-40bf-97c0-664281c67965,2026-06-26T14:00:18.584976+00:00,ORIG-97381,RCVR-98879,250.26,Harbor Manufacturing,Cedar Utilities,TX,TX,1585,Tax payment,WEB,API,0
c5183b44-7911-4665-8472-aa761bb911ac,2026-08-09T13:10:18.584976+00:00,ORIG-20519,RCVR-90168,321.75,Pine Valley Foods,Avery Johnson,FL,CA,611,Direct deposit,CCD,Online banking,0
3b982774-4edb-4eba-a971-b18ccbcd01b8,2026-08-12T17:57:18.584976+00:00,ORIG-34792,RCVR-37632,539.89,Harbor Manufacturing,Brightline Supply,TX,TX,314,Vendor payment,WEB,API,0
fc1f7222-3114-4846-98d7-564e5df3d780,2026-08-01T02:59:18.584976+00:00,ORIG-79516,RCVR-27380,722.9,Summit Health,Cedar Utilities,VA,NC,85,Vendor payment,TEL,File upload,1
6bb8bb15-634c-41e4-9ea2-4d28117ab91d,2026-08-16T00:07:18.584976+00:00,ORIG-81940,RCVR-74351,405.88,Harbor Manufacturing,Maple Consulting,VA,IL,2289,Vendor payment,CCD,API,0
bde42d91-1f4a-4f8a-bba4-130cec0b6984,2026-06-28T05:16:18.584976+00:00,ORIG-26019,RCVR-69252,631.73,Pine Valley Foods,Brightline Supply,WA,MA,907,Payroll,CCD,API,0
4fe246ac-8bae-4c3b-a759-340ac387cf48,2026-07-05T08:52:18.584976+00:00,ORIG-84404,RCVR-95330,205.91,Harbor Manufacturing,Maple Consulting,CA,GA,2657,Payroll,CCD,Online banking,0
4333beef-3ad9-43cf-b53e-77ba8713b25d,2026-07-07T22:45:18.584976+00:00,ORIG-73244,RCVR-83733,305.81,Northstar Services,Maple Consulting,NY,WA,516,Bill payment,PPD,Online banking,0
0dccad36-5fd6-4a02-be4c-4034167c961a,2026-07-22T19:02:18.584976+00:00,ORIG-20025,RCVR-19005,106.21,Harbor Manufacturing,Maple Consulting,GA,OH,578,Direct deposit,PPD,Online banking,0
93507775-99c4-49d1-9069-330915ee2a0d,2026-07-27T03:00:18.584976+00:00,ORIG-59877,RCVR-87532,142.7,Harbor Manufacturing,Maple Consulting,WA,GA,809,Vendor payment,WEB,Online banking,0
41d791d9-c545-4c06-8593-1df6a2d1bc73,2026-07-03T01:55:18.584976+00:00,ORIG-78269,RCVR-80399,110.33,Harbor Manufacturing,Cedar Utilities,NY,CA,2374,Bill payment,CCD,File upload,0
37f53937-4321-4f9d-8891-621473b14540,2026-08-15T08:26:18.584976+00:00,ORIG-49300,RCVR-29124,275.36,Summit Health,Maple Consulting,CO,CA,1142,Tax payment,PPD,Online banking,0
ddb6603c-77c8-4289-8d06-7bd9564f5ae6,2026-08-20T17:25:18.584976+00:00,ORIG-76182,RCVR-81525,260.97,Summit Health,Avery Johnson,OH,CO,3473,Tax payment,PPD,Online banking,0
e4763ac1-09cc-4535-b500-e511b03ee6ef,2026-07-22T15:20:18.584976+00:00,ORIG-93120,RCVR-20166,257.24,Northstar Services,Avery Johnson,IL,OH,3504,Vendor payment,CCD,API,0
4901f76e-3c48-45e8-a83b-6b8cfc16c000,2026-07-15T20:14:18.584976+00:00,ORIG-47524,RCVR-31151,840.56,Summit Health,Brightline Supply,CO,NC,668,Payroll,PPD,Branch initiated,0
b3e3aac1-eeae-4423-b7d0-e4748381d752,2026-07-30T20:54:18.584976+00:00,ORIG-91655,RCVR-32232,441.39,Pine Valley Foods,Brightline Supply,IL,NC,3428,Payroll,CCD,Online banking,0
870ab0c3-8758-45b7-8d91-d1c1397bfd29,2026-07-24T23:49:18.584976+00:00,ORIG-18134,RCVR-91818,388.57,Harbor Manufacturing,Cedar Utilities,NC,NC,2713,Payroll,CCD,Online banking,0
c2af2686-c19c-41cc-ab78-8e4f91603a26,2026-07-29T02:42:18.584976+00:00,ORIG-16746,RCVR-67867,326.6,Harbor Manufacturing,Avery Johnson,OH,CO,307,Bill payment,WEB,File upload,0
a4dd5da0-2b7f-474e-b142-0abcbee991f0,2026-08-13T01:54:18.584976+00:00,ORIG-31686,RCVR-48150,322.61,Northstar Services,Maple Consulting,CA,FL,2109,Payroll,WEB,Online banking,0
9d3b86b3-663a-4044-b78b-50d8ed79723b,2026-07-28T19:35:18.584976+00:00,ORIG-54010,RCVR-45364,256.89,Northstar Services,Brightline Supply,CO,OH,1607,Bill payment,WEB,File upload,0
c099eaca-e663-4eb3-942e-d8b7476de617,2026-08-08T01:36:18.584976+00:00,ORIG-53088,RCVR-66504,329.71,Harbor Manufacturing,Avery Johnson,TX,CO,2733,Bill payment,WEB,API,0
1b8b9ecf-746e-45bf-ac2c-76d10d3804eb,2026-08-05T08:09:18.584976+00:00,ORIG-33288,RCVR-49848,111.68,Pine Valley Foods,Brightline Supply,WA,MA,477,Payroll,WEB,Online banking,0
76e40b18-ff1e-477a-9f50-e3193b3fed68,2026-06-29T22:21:18.584976+00:00,ORIG-76031,RCVR-24798,132.26,Harbor Manufacturing,Avery Johnson,TX,IL,888,Tax payment,CCD,API,0
e844d3a5-b743-429d-990b-a7b3243e7723,2026-07-15T17:43:18.584976+00:00,ORIG-86085,RCVR-25859,353.0,Harbor Manufacturing,Brightline Supply,TX,GA,496,Vendor payment,WEB,Online banking,0
cdcc83f8-aacb-4cb6-90c6-c0483ebddab3,2026-07-10T20:57:18.584976+00:00,ORIG-16768,RCVR-91170,418.3,Harbor Manufacturing,Cedar Utilities,CA,FL,1653,Bill payment,WEB,Online banking,0
546be7cf-1962-4be4-ab87-88fdc405d070,2026-08-14T02:36:18.584976+00:00,ORIG-34460,RCVR-88624,592.34,Northstar Services,Brightline Supply,FL,NY,2738,Bill payment,WEB,Branch initiated,0
2e63012d-98ca-4f2f-93c4-d89520e346f8,2026-07-13T22:58:18.584976+00:00,ORIG-93789,RCVR-85591,252.93,Northstar Services,Cedar Utilities,IL,WA,467,Tax payment,WEB,Online banking,0
20fecc72-35e7-4667-8c22-1b5fcc005c06,2026-08-12T04:43:18.584976+00:00,ORIG-51241,RCVR-28008,140.12,Pine Valley Foods,Avery Johnson,CA,OH,2187,Vendor payment,PPD,Online banking,0
d34dd37f-a393-4eef-b8dc-9f734fcae45f,2026-07-02T09:57:18.584976+00:00,ORIG-26434,RCVR-29339,202.2,Harbor Manufacturing,Maple Consulting,WA,CA,3416,Payroll,WEB,Online banking,0
3b3b8ba7-bbe0-4a01-a6ef-36c420312af1,2026-08-06T11:06:18.584976+00:00,ORIG-42361,RCVR-43179,1483.13,Pine Valley Foods,Brightline Supply,FL,MA,11,Direct deposit,TEL,API,1
2ff03db8-05dc-4b28-8750-0f153b306e92,2026-07-23T13:13:18.584976+00:00,ORIG-35939,RCVR-95434,400.43,Summit Health,Maple Consulting,TX,WA,309,Payroll,CCD,API,0
e02e830f-3920-48f3-b0b6-bf6ad6bb386f,2026-08-04T14:35:18.584976+00:00,ORIG-12682,RCVR-41601,881.46,Pine Valley Foods,Avery Johnson,WA,CA,301,Payroll,WEB,API,0
5fb032c1-883e-4845-b679-7620dae34557,2026-06-27T09:22:18.584976+00:00,ORIG-47179,RCVR-70548,243.11,Pine Valley Foods,Cedar Utilities,NY,FL,1187,Payroll,CCD,File upload,0
a72df47e-95aa-45d0-991f-2820e75014c9,2026-07-03T10:38:18.584976+00:00,ORIG-33315,RCVR-73621,470.09,Summit Health,Brightline Supply,GA,TX,760,Vendor payment,WEB,API,0
b1780362-8063-4b3a-9e08-b36c12021b98,2026-07-01T16:04:18.584976+00:00,ORIG-34998,RCVR-59981,780.12,Pine Valley Foods,Brightline Supply,OH,TX,2668,Direct deposit,WEB,Online banking,0
bf643ddf-4873-4e78-ac5e-be017b3aec34,2026-08-17T05:41:18.584976+00:00,ORIG-56174,RCVR-69848,431.86,Pine Valley Foods,Avery Johnson,VA,GA,2372,Vendor payment,PPD,File upload,0
46db8283-5135-4181-893c-a5b6647caaec,2026-07-13T01:02:18.584976+00:00,ORIG-98403,RCVR-20600,134.2,Pine Valley Foods,Cedar Utilities,TX,FL,2950,Payroll,CCD,Online banking,0
3745af17-7bda-4690-a343-3d451260fdc3,2026-07-09T03:19:18.584976+00:00,ORIG-74961,RCVR-72847,765.45,Harbor Manufacturing,Avery Johnson,VA,CA,3173,Bill payment,WEB,Online banking,0
a264801c-3646-440b-ae90-2319fad3c11e,2026-06-29T06:06:18.584976+00:00,ORIG-55416,RCVR-69777,632.16,Summit Health,Maple Consulting,NC,GA,3150,Payroll,PPD,API,0
a6315430-c327-4b29-96ee-8e09710b5c83,2026-08-19T19:23:18.584976+00:00,ORIG-19562,RCVR-90070,618.54,Harbor Manufacturing,Cedar Utilities,TX,MA,703,Vendor payment,CCD,API,0
561483a6-0e4e-4369-909f-3d0e870b1e6d,2026-07-21T05:04:18.584976+00:00,ORIG-14531,RCVR-52913,214.14,Northstar Services,Cedar Utilities,GA,WA,854,Bill payment,PPD,Branch initiated,0
f9095688-3df6-4f73-a877-8ca740639920,2026-08-11T19:07:18.584976+00:00,ORIG-50451,RCVR-54908,1114.8,Northstar Services,Brightline Supply,NC,NY,92,Tax payment,PPD,Branch initiated,1
92089abc-6f22-4e15-a638-0c45327ee62a,2026-07-21T08:16:18.584976+00:00,ORIG-74387,RCVR-41110,215.84,Summit Health,Brightline Supply,IL,CO,1721,Direct deposit,WEB,File upload,0
837d0347-2b23-4a35-b2c6-ee7935aae1c0,2026-07-09T10:13:18.584976+00:00,ORIG-36046,RCVR-98923,588.13,Pine Valley Foods,Brightline Supply,CA,WA,575,Tax payment,PPD,Online banking,0
d59f5697-93d3-4076-9b8d-a30f577a3f78,2026-07-03T22:42:18.584976+00:00,ORIG-84737,RCVR-40154,963.45,Harbor Manufacturing,Cedar Utilities,VA,WA,3490,Bill payment,PPD,Branch initiated,0
f6075f6a-e525-40a0-a208-ce6c9f2c2030,2026-08-09T22:19:18.584976+00:00,ORIG-51572,RCVR-86197,780.42,Summit Health,Brightline Supply,FL,NY,3347,Vendor payment,PPD,Online banking,0
e8748c63-f05e-4536-b62e-a862096462e4,2026-06-26T15:56:18.584976+00:00,ORIG-23782,RCVR-12116,277.18,Summit Health,Brightline Supply,GA,GA,3202,Tax payment,CCD,API,0
a934b93f-7f09-413a-b6b3-4c9e0f127dcf,2026-08-18T10:55:18.584976+00:00,ORIG-76772,RCVR-12452,3754.12,Pine Valley Foods,Maple Consulting,OH,CO,12,Vendor payment,PPD,API,1
dd7ba9e4-bc0a-439b-aea6-dfef3b214b23,2026-07-24T03:10:18.584976+00:00,ORIG-81299,RCVR-21435,213.44,Summit Health,Avery Johnson,IL,CA,1733,Payroll,CCD,API,0
66a46c9b-4154-4359-9829-963a39d698d7,2026-07-09T00:28:18.584976+00:00,ORIG-35108,RCVR-34080,495.2,Northstar Services,Cedar Utilities,VA,VA,3532,Payroll,PPD,API,0
2ce05e93-25a0-4597-8102-2127b73be921,2026-08-18T23:28:18.584976+00:00,ORIG-97070,RCVR-74956,611.67,Harbor Manufacturing,Brightline Supply,VA,IL,533,Payroll,PPD,Online banking,0
8141a8ae-4f12-49a2-9bd1-f83f156f06ba,2026-08-14T19:33:18.584976+00:00,ORIG-61786,RCVR-10254,486.2,Northstar Services,Avery Johnson,CA,IL,501,Vendor payment,CCD,Online banking,0
5fc437c3-db35-4fd6-bf21-760224782530,2026-07-10T10:03:18.584976+00:00,ORIG-71912,RCVR-29233,489.7,Pine Valley Foods,Brightline Supply,FL,CA,3094,Direct deposit,PPD,API,0
43bd7571-cf53-4562-bc34-ea611949c6a5,2026-07-07T07:58:18.584976+00:00,ORIG-78515,RCVR-88631,394.71,Summit Health,Maple Consulting,CO,WA,1795,Bill payment,PPD,Online banking,0
7ced5006-fbcc-4ff8-8cbc-37e0fd7c491a,2026-07-08T03:04:18.584976+00:00,ORIG-37929,RCVR-89491,610.17,Northstar Services,Brightline Supply,CO,FL,3278,Vendor payment,PPD,Online banking,0
d14ae784-010f-4ec1-ad7e-92f537c41b79,2026-07-08T11:26:18.584976+00:00,ORIG-25323,RCVR-86929,268.08,Harbor Manufacturing,Cedar Utilities,IL,MA,2090,Payroll,WEB,File upload,0
90991c52-b523-4423-8b1c-bd513755119d,2026-07-10T07:48:18.584976+00:00,ORIG-24872,RCVR-80588,336.36,Northstar Services,Maple Consulting,GA,IL,2776,Payroll,PPD,API,0
3d06aa7c-708b-43de-bdd7-7f1083e17dfc,2026-08-11T02:51:18.584976+00:00,ORIG-76846,RCVR-53444,850.97,Pine Valley Foods,Avery Johnson,NY,MA,1334,Vendor payment,WEB,Online banking,0
d5b87832-2dd1-4c66-8b65-da8b97a7fc11,2026-08-08T02:11:18.584976+00:00,ORIG-88767,RCVR-35062,1047.11,Pine Valley Foods,Brightline Supply,IL,IL,81,Bill payment,PPD,Branch initiated,1
fe6e5ff4-19b8-47a4-b970-44b62ea14f8e,2026-07-31T02:37:18.584976+00:00,ORIG-11105,RCVR-28385,285.9,Northstar Services,Maple Consulting,NC,NY,2691,Bill payment,PPD,Online banking,0
7cf39e46-0761-4fc9-99ec-52fe5fc5f07f,2026-07-20T07:50:18.584976+00:00,ORIG-54115,RCVR-38710,126.07,Harbor Manufacturing,Cedar Utilities,VA,MA,149,Direct deposit,WEB,File upload,0
a0470e87-77d1-406e-a24c-76fbfa966495,2026-07-14T05:52:18.584976+00:00,ORIG-78895,RCVR-80522,116.64,Pine Valley Foods,Brightline Supply,WA,OH,2535,Bill payment,CCD,File upload,0
5a483813-aa36-4c03-ac9e-c183265ba99c,2026-08-14T15:49:18.584976+00:00,ORIG-62760,RCVR-23847,644.92,Summit Health,Cedar Utilities,FL,IL,65,Bill payment,PPD,Branch initiated,0
132cc208-75c5-43f6-8fbb-781604bccbfa,2026-08-18T18:16:18.584976+00:00,ORIG-66036,RCVR-63589,418.96,Summit Health,Avery Johnson,IL,OH,1121,Vendor payment,CCD,Online banking,0
62a8a9e7-8d08-4ef8-b9a9-ed1e11ca3bb7,2026-07-25T05:50:18.584976+00:00,ORIG-43916,RCVR-83787,1393.35,Summit Health,Maple Consulting,NY,CA,1911,Payroll,PPD,Online banking,0
edf7f41e-908d-471d-84b3-d4a1396dcce0,2026-07-22T03:40:18.584976+00:00,ORIG-47390,RCVR-96456,250.77,Harbor Manufacturing,Brightline Supply,CA,WA,1542,Direct deposit,WEB,API,0
f37eec22-d55f-4da9-98ca-a0c9b905f0ca,2026-06-26T00:07:18.584976+00:00,ORIG-88737,RCVR-99039,487.74,Northstar Services,Brightline Supply,VA,IL,3270,Vendor payment,WEB,Branch initiated,0
0f9e3de4-dfa9-4c70-bb6c-f062731d683f,2026-07-09T14:46:18.584976+00:00,ORIG-75563,RCVR-87317,301.91,Pine Valley Foods,Cedar Utilities,TX,WA,1163,Direct deposit,PPD,Online banking,0
966bc5a5-c2cf-495a-8b58-916830381b74,2026-07-03T20:22:18.584976+00:00,ORIG-17757,RCVR-22221,260.9,Summit Health,Cedar Utilities,VA,GA,3336,Bill payment,CCD,API,0
5b8cf8f9-53dd-4a5a-b82e-53dbe299ad85,2026-07-18T00:44:18.584976+00:00,ORIG-70780,RCVR-58130,189.45,Northstar Services,Maple Consulting,CO,FL,993,Direct deposit,CCD,Online banking,0
1b86aad6-75ac-49fe-a490-96ee004935f6,2026-08-06T18:50:18.584976+00:00,ORIG-71472,RCVR-48799,261.67,Northstar Services,Cedar Utilities,NC,VA,376,Vendor payment,PPD,Online banking,0
b6820813-aab8-421a-80fa-a01d6b46faef,2026-07-21T05:15:18.584976+00:00,ORIG-24882,RCVR-87577,513.79,Northstar Services,Brightline Supply,VA,CO,3213,Payroll,CCD,File upload,0
e279eb23-5ffa-4b88-b28b-d9d13e97407b,2026-08-04T18:50:18.584976+00:00,ORIG-44705,RCVR-31489,667.45,Summit Health,Maple Consulting,VA,IL,821,Tax payment,CCD,API,0
42ca69cd-79e9-46da-b07b-03b8a5511ba7,2026-07-23T02:15:18.584976+00:00,ORIG-63655,RCVR-24243,285.84,Harbor Manufacturing,Cedar Utilities,CO,CO,3246,Payroll,WEB,Online banking,0
3b3ecaa7-9f7b-4095-bb16-b4a5a6d84bcb,2026-07-21T20:47:18.584976+00:00,ORIG-80164,RCVR-30214,857.48,Summit Health,Brightline Supply,NY,MA,247,Tax payment,PPD,Online banking,0
85c0b017-bc3a-491d-98d9-1a491f494b39,2026-06-26T03:27:18.584976+00:00,ORIG-14115,RCVR-33982,166.9,Pine Valley Foods,Brightline Supply,VA,IL,2431,Vendor payment,CCD,API,0
6410c40f-9e54-4f01-8627-2a053b3b9a5a,2026-08-02T01:54:18.584976+00:00,ORIG-53680,RCVR-94520,401.17,Pine Valley Foods,Avery Johnson,WA,VA,2038,Tax payment,PPD,API,0
64c2ffd4-b65c-4b2d-80b9-6be5215f2eb7,2026-06-24T11:14:18.584976+00:00,ORIG-43980,RCVR-48625,100.87,Pine Valley Foods,Cedar Utilities,GA,MA,1940,Direct deposit,CCD,API,0
41970d2a-75a1-4ee6-82c0-6f2012c0f7bd,2026-07-25T21:17:18.584976+00:00,ORIG-61186,RCVR-44674,284.98,Pine Valley Foods,Avery Johnson,IL,TX,218,Payroll,CCD,Online banking,0
15a56b2e-fd51-400f-b531-95c07b9b0405,2026-06-30T03:00:18.584976+00:00,ORIG-61140,RCVR-49013,306.36,Summit Health,Brightline Supply,OH,FL,853,Direct deposit,CCD,API,0
20a0526c-c07b-4300-9914-0ade225e5e23,2026-06-30T15:44:18.584976+00:00,ORIG-95619,RCVR-59786,202.4,Northstar Services,Avery Johnson,VA,IL,3319,Bill payment,WEB,Online banking,0
6857a796-4686-4f8b-931f-d950b6944159,2026-07-12T06:04:18.584976+00:00,ORIG-85170,RCVR-90543,2242.59,Pine Valley Foods,Brightline Supply,NC,CA,1921,Payroll,CCD,API,0
105ba8f6-867b-4268-85c2-dd52cde90b1f,2026-07-15T16:55:18.584976+00:00,ORIG-23651,RCVR-72511,181.66,Harbor Manufacturing,Brightline Supply,MA,VA,234,Vendor payment,PPD,Online banking,0
8393b8dd-0766-4dea-88ff-4b7416d88a35,2026-06-22T18:32:18.584976+00:00,ORIG-86610,RCVR-48947,357.52,Pine Valley Foods,Cedar Utilities,WA,VA,638,Vendor payment,CCD,Online banking,0
9ba4c2e9-ef4e-47b1-8e2e-f2f05b6abe14,2026-07-06T09:34:18.584976+00:00,ORIG-64282,RCVR-44414,688.49,Harbor Manufacturing,Cedar Utilities,IL,TX,1453,Tax payment,CCD,File upload,0
be674919-2124-471b-ac2a-52f71d8208a1,2026-07-05T16:45:18.584976+00:00,ORIG-35302,RCVR-24312,2213.79,Summit Health,Cedar Utilities,FL,NY,3282,Vendor payment,CCD,File upload,0
5ac077e1-2807-4455-bb59-7b4cee22dd00,2026-07-03T16:40:18.584976+00:00,ORIG-46681,RCVR-13102,474.43,Pine Valley Foods,Brightline Supply,FL,VA,3534,Vendor payment,CCD,Online banking,0
c0064d25-6178-4fd3-930c-527fd82f1555,2026-07-09T19:57:18.584976+00:00,ORIG-13984,RCVR-97335,289.34,Harbor Manufacturing,Avery Johnson,IL,WA,332,Vendor payment,WEB,Online banking,0
22fdfef5-7237-430b-bdb7-fbaa5185c3d1,2026-07-05T22:04:18.584976+00:00,ORIG-55903,RCVR-10858,447.38,Pine Valley Foods,Brightline Supply,CO,CA,157,Direct deposit,WEB,Online banking,0
02dd340a-e077-4aa7-9fa7-582683d23a9a,2026-06-23T22:10:18.584976+00:00,ORIG-78929,RCVR-27672,379.81,Summit Health,Maple Consulting,MA,FL,749,Vendor payment,WEB,Online banking,0
f44bf3a6-3de3-4e10-8a89-910f804e1946,2026-07-27T17:35:18.584976+00:00,ORIG-69874,RCVR-35365,416.91,Pine Valley Foods,Maple Consulting,GA,VA,1715,Tax payment,PPD,Online banking,0
e0afefa3-3275-4618-8d33-bd4e8481a899,2026-07-20T11:26:18.584976+00:00,ORIG-59722,RCVR-10185,574.86,Summit Health,Maple Consulting,CA,FL,795,Bill payment,WEB,API,0
3f6abd9c-ded5-4a85-8cf9-046647002cce,2026-06-30T00:56:18.584976+00:00,ORIG-38387,RCVR-75105,1084.99,Northstar Services,Cedar Utilities,NC,MA,458,Payroll,CCD,Online banking,0
b793ca27-58a5-4a3b-b39c-4db529efb049,2026-06-30T20:27:18.584976+00:00,ORIG-82890,RCVR-69398,660.25,Pine Valley Foods,Avery Johnson,GA,CO,1482,Payroll,CCD,API,0
abdf1d20-8c41-45f4-8be8-b505cce3a97d,2026-07-30T15:37:18.584976+00:00,ORIG-27062,RCVR-90255,804.85,Summit Health,Brightline Supply,GA,CO,352,Bill payment,WEB,Online banking,0
b05e4b93-ff0f-4de7-bd8e-b2b35584f919,2026-08-06T07:09:18.584976+00:00,ORIG-58905,RCVR-89500,270.68,Northstar Services,Brightline Supply,NY,VA,3,Tax payment,PPD,API,0
bfd2be37-7c4e-491d-8dc1-9fe29910c2b7,2026-08-05T02:56:18.584976+00:00,ORIG-72598,RCVR-21192,1675.7,Pine Valley Foods,Avery Johnson,VA,VA,72,Bill payment,CCD,API,1
cc830cfe-29b2-43cf-8846-4e4240ec020f,2026-06-23T07:26:18.584976+00:00,ORIG-14954,RCVR-27223,178.97,Pine Valley Foods,Brightline Supply,TX,NC,2544,Tax payment,WEB,File upload,0
a3ded1e6-4163-4b9d-8371-20fdccce0b80,2026-07-19T22:11:18.584976+00:00,ORIG-91402,RCVR-13873,464.8,Pine Valley Foods,Brightline Supply,MA,NY,3255,Direct deposit,PPD,File upload,0
a2453adf-f651-47b8-9814-0c60b0fcf5d8,2026-07-26T02:14:18.584976+00:00,ORIG-11544,RCVR-32190,121.85,Harbor Manufacturing,Avery Johnson,NY,MA,2239,Direct deposit,CCD,API,0
3b36f210-8558-440e-8e7e-d48ce90ffd75,2026-07-04T21:58:18.584976+00:00,ORIG-54652,RCVR-99492,526.12,Harbor Manufacturing,Avery Johnson,NY,MA,399,Bill payment,CCD,Online banking,0
62efc843-c541-4f22-a642-fa41151ad8d6,2026-06-25T13:06:18.584976+00:00,ORIG-42519,RCVR-61226,523.94,Summit Health,Cedar Utilities,NY,FL,731,Tax payment,CCD,Branch initiated,0
f52e3371-5bc4-422d-9fc8-bce178a4d12d,2026-08-11T08:27:18.584976+00:00,ORIG-27607,RCVR-15159,526.8,Harbor Manufacturing,Brightline Supply,CO,IL,2714,Bill payment,PPD,API,0
ee9f2e83-eccc-4a3a-8ee3-07421effcbbf,2026-07-28T06:08:18.584976+00:00,ORIG-73831,RCVR-60602,1630.78,Harbor Manufacturing,Brightline Supply,FL,CO,826,Tax payment,CCD,Online banking,0
ce4492f4-6f54-43a7-9036-7e46b0a60294,2026-07-17T11:28:18.584976+00:00,ORIG-82864,RCVR-98969,435.49,Summit Health,Cedar Utilities,CA,NY,2543,Payroll,PPD,Online banking,0
81bd37b8-84a0-48bc-b28b-fb76fba2de90,2026-06-23T02:05:18.584976+00:00,ORIG-94031,RCVR-29822,1295.09,Summit Health,Cedar Utilities,NC,NY,2561,Vendor payment,WEB,API,0
b769bb27-521e-4a94-b0fb-c25bc67d666d,2026-07-02T21:15:18.584976+00:00,ORIG-69574,RCVR-71958,928.06,Northstar Services,Avery Johnson,MA,GA,873,Payroll,CCD,File upload,0
38ab3ef4-539a-4dd3-9212-cf255401b506,2026-07-19T09:58:18.584976+00:00,ORIG-29296,RCVR-43905,437.97,Pine Valley Foods,Maple Consulting,TX,OH,13,Bill payment,PPD,API,0
bfadd5ec-a28a-490e-9636-8d9ea921536d,2026-06-28T05:23:18.584976+00:00,ORIG-76710,RCVR-68596,631.74,Harbor Manufacturing,Maple Consulting,MA,CO,1771,Tax payment,PPD,File upload,0
d6941964-0086-46b3-b735-fd8aec5c2dc6,2026-07-31T18:37:18.584976+00:00,ORIG-71554,RCVR-37307,186.15,Harbor Manufacturing,Maple Consulting,WA,FL,1983,Vendor payment,PPD,Online banking,0
2022f2de-5e0e-4349-a69c-05673287abfc,2026-07-29T04:10:18.584976+00:00,ORIG-54749,RCVR-70009,1055.15,Harbor Manufacturing,Avery Johnson,OH,FOREIGN,79,Vendor payment,WEB,File upload,1
a89a5527-0a63-4a8c-aa14-d1a47af1d764,2026-07-17T04:55:18.584976+00:00,ORIG-10110,RCVR-53731,931.53,Summit Health,Brightline Supply,TX,OH,179,Vendor payment,PPD,API,1
b4f4a458-5445-4cd9-aae0-2294b239f55a,2026-07-27T09:34:18.584976+00:00,ORIG-63170,RCVR-54351,477.17,Pine Valley Foods,Brightline Supply,GA,VA,3001,Tax payment,CCD,API,0
1572bf79-8e62-4647-b375-08483b37d625,2026-06-27T01:15:18.584976+00:00,ORIG-67827,RCVR-13619,365.99,Summit Health,Avery Johnson,NY,WA,1117,Direct deposit,PPD,File upload,0
e8ab286f-e99a-474d-87fd-c79eab3f9be3,2026-07-30T01:02:18.584976+00:00,ORIG-16669,RCVR-46408,256.12,Northstar Services,Maple Consulting,NY,CA,1794,Payroll,WEB,File upload,0
7962fa50-c14f-45a6-ba46-64a45ac6109f,2026-07-17T02:54:18.584976+00:00,ORIG-67234,RCVR-34439,609.62,Northstar Services,Cedar Utilities,WA,NY,1536,Tax payment,CCD,Online banking,0
92febb88-a0d0-4b1f-8a88-564f34f462c0,2026-07-04T04:49:18.584976+00:00,ORIG-75466,RCVR-50318,170.98,Northstar Services,Cedar Utilities,OH,WA,3616,Vendor payment,WEB,Online banking,0
7b86f95e-4ee2-4e22-9186-12138649fb0a,2026-08-10T22:44:18.584976+00:00,ORIG-75610,RCVR-71620,242.79,Pine Valley Foods,Maple Consulting,TX,OH,2344,Vendor payment,PPD,API,0
39caaace-37fa-40a7-ad5d-477f98bd5269,2026-08-08T10:36:18.584976+00:00,ORIG-86707,RCVR-78701,132.25,Pine Valley Foods,Avery Johnson,GA,TX,60,Direct deposit,WEB,File upload,0
03d8b7d8-54eb-43f1-b897-5ba71d5fbbaa,2026-08-01T14:11:18.584976+00:00,ORIG-10880,RCVR-47941,933.3,Harbor Manufacturing,Cedar Utilities,FL,VA,1859,Direct deposit,PPD,Online banking,0
e4bbe16b-c6fd-4a7c-bce2-75a048205e0c,2026-07-27T15:34:18.584976+00:00,ORIG-59790,RCVR-61195,238.69,Northstar Services,Cedar Utilities,NY,VA,3433,Vendor payment,WEB,Online banking,0
31e5635a-f2e1-4406-8ea3-e91b08cd89b2,2026-08-11T20:48:18.584976+00:00,ORIG-58573,RCVR-67694,328.31,Summit Health,Maple Consulting,WA,IL,1942,Direct deposit,CCD,Online banking,0
ded9a852-201d-43c5-8b52-3d590a6c9f61,2026-07-28T22:37:18.584976+00:00,ORIG-83680,RCVR-56240,403.69,Pine Valley Foods,Avery Johnson,NC,CA,1402,Vendor payment,WEB,Online banking,0
70a52581-7213-4ecd-9f0a-4e6503df45a6,2026-07-21T20:36:18.584976+00:00,ORIG-74357,RCVR-57678,494.53,Northstar Services,Cedar Utilities,FL,CO,2029,Tax payment,PPD,API,0
5b7640c5-a094-408e-9616-9a02d8360b67,2026-07-06T05:25:18.584976+00:00,ORIG-57263,RCVR-49201,189.8,Harbor Manufacturing,Brightline Supply,FL,NY,2815,Tax payment,CCD,API,0
5e23721a-341b-4bdc-9d54-327d3c292a0a,2026-07-14T03:44:18.584976+00:00,ORIG-80282,RCVR-71264,669.44,Pine Valley Foods,Maple Consulting,FL,TX,254,Direct deposit,CCD,Online banking,0
15e68d54-17ee-4563-85af-fb1007deafe7,2026-07-14T02:09:18.584976+00:00,ORIG-86566,RCVR-14905,616.0,Pine Valley Foods,Brightline Supply,NC,GA,1014,Payroll,PPD,Online banking,0
d4b96b84-cbf8-462e-9903-75b1ea30d7d0,2026-08-03T13:36:18.584976+00:00,ORIG-12597,RCVR-20352,886.76,Northstar Services,Avery Johnson,GA,GA,2740,Payroll,CCD,Online banking,0
95cb64c8-b8a7-4dba-b2a2-6401611c36a6,2026-07-06T04:21:18.584976+00:00,ORIG-75293,RCVR-51914,597.25,Harbor Manufacturing,Brightline Supply,MA,OH,2334,Direct deposit,PPD,Online banking,0
6cd90065-6898-40fd-96e7-385f35b6557e,2026-07-26T16:30:18.584976+00:00,ORIG-43154,RCVR-55408,185.81,Summit Health,Brightline Supply,TX,NY,2920,Payroll,WEB,Online banking,0
ec4610fa-a22a-4af0-986e-8a336004be6f,2026-07-20T01:52:18.584976+00:00,ORIG-66626,RCVR-42432,1165.26,Pine Valley Foods,Cedar Utilities,NC,TX,1793,Bill payment,PPD,API,0
f04b59fb-9504-4701-8775-6d51a44d3db0,2026-07-03T06:11:18.584976+00:00,ORIG-60734,RCVR-16017,358.33,Northstar Services,Avery Johnson,MA,VA,1741,Tax payment,CCD,API,0
c1180096-ca17-4c98-a65d-928410c2ecf4,2026-07-13T13:00:18.584976+00:00,ORIG-35680,RCVR-61555,215.18,Harbor Manufacturing,Brightline Supply,FL,TX,3428,Payroll,CCD,Branch initiated,0
8956e807-b9d9-412a-a041-b0ac76d26328,2026-07-10T04:53:18.584976+00:00,ORIG-89456,RCVR-16371,903.37,Northstar Services,Avery Johnson,NY,TX,317,Tax payment,PPD,API,0
fbd9f846-6155-4361-b7aa-87bfaee9b7b5,2026-06-25T09:44:18.584976+00:00,ORIG-98617,RCVR-26673,469.49,Northstar Services,Brightline Supply,WA,WA,652,Payroll,PPD,Online banking,0
d19d9ce9-4798-494c-84f8-93820f0a926d,2026-07-18T14:24:18.584976+00:00,ORIG-93088,RCVR-45915,219.67,Harbor Manufacturing,Maple Consulting,TX,CA,2963,Bill payment,CCD,API,0
a688221c-73d2-4f5c-beb8-a91bd462c22c,2026-08-07T03:42:18.584976+00:00,ORIG-65708,RCVR-63481,832.67,Pine Valley Foods,Brightline Supply,NC,MA,74,Vendor payment,CCD,API,1
829928e6-6c95-40a3-a4dc-69099fc18d9a,2026-07-22T10:48:18.584976+00:00,ORIG-46243,RCVR-11899,527.71,Pine Valley Foods,Avery Johnson,OH,CO,3504,Tax payment,WEB,File upload,0
f55f3cef-53d5-4799-8bb6-56e5b9fa2f33,2026-08-14T21:17:18.584976+00:00,ORIG-28499,RCVR-47104,663.94,Harbor Manufacturing,Brightline Supply,FL,CA,2000,Bill payment,CCD,Online banking,0
0715fa32-0e89-43d6-9213-6805e3a5ebc0,2026-06-27T05:13:18.584976+00:00,ORIG-77566,RCVR-17092,213.82,Summit Health,Avery Johnson,GA,FL,1240,Vendor payment,PPD,Online banking,0
9d35104b-6ea3-41f5-9aa3-1331e4eda6dd,2026-06-25T10:39:18.584976+00:00,ORIG-97723,RCVR-83041,3369.25,Pine Valley Foods,Brightline Supply,NY,CO,62,Vendor payment,TEL,API,1
2983fc44-116a-48ac-9755-e2f69ed05ef5,2026-06-23T07:40:18.584976+00:00,ORIG-54977,RCVR-43718,298.0,Summit Health,Maple Consulting,NC,MA,439,Bill payment,CCD,Branch initiated,0
6b5de5c3-d8e6-42c9-b82e-19bf7646f520,2026-08-04T11:52:18.584976+00:00,ORIG-23861,RCVR-54510,1000.83,Pine Valley Foods,Brightline Supply,NC,NC,3565,Vendor payment,WEB,Online banking,0
ca042829-f97a-4599-8c58-45f219a97f18,2026-07-09T17:45:18.584976+00:00,ORIG-55317,RCVR-17716,250.73,Northstar Services,Brightline Supply,FL,CO,209,Direct deposit,PPD,API,0
c2b0687d-6309-44d0-9196-f5187244c4d6,2026-07-02T17:43:18.584976+00:00,ORIG-76092,RCVR-33715,386.06,Harbor Manufacturing,Maple Consulting,VA,MA,3625,Tax payment,PPD,File upload,0
4565fa43-3676-49a8-9b80-b48ee810726e,2026-06-26T23:09:18.584976+00:00,ORIG-68972,RCVR-24669,1051.37,Northstar Services,Brightline Supply,CA,GA,994,Tax payment,WEB,File upload,0
b1fd8063-f1b7-4ec4-8f84-f7ec9943d47e,2026-07-23T04:13:18.584976+00:00,ORIG-33692,RCVR-21046,2558.56,Northstar Services,Maple Consulting,CO,IL,2957,Bill payment,WEB,Online banking,0
6a29552e-36ac-43a4-869c-41bd56c883de,2026-08-20T12:03:18.584976+00:00,ORIG-61625,RCVR-42923,270.38,Pine Valley Foods,Maple Consulting,IL,GA,3375,Vendor payment,WEB,File upload,0
6251fc8b-baaf-4216-8f8c-a1206c2d4ac6,2026-07-13T18:28:18.584976+00:00,ORIG-30487,RCVR-10977,492.35,Northstar Services,Maple Consulting,IL,FL,3644,Direct deposit,CCD,File upload,0
a0e8b706-277d-457d-8857-6894e1a6c88e,2026-07-30T02:25:18.584976+00:00,ORIG-16154,RCVR-92208,514.32,Summit Health,Cedar Utilities,NY,OH,2466,Vendor payment,PPD,API,0
af905368-2fc9-4822-a24b-5328422ed6cc,2026-07-17T23:32:18.584976+00:00,ORIG-87070,RCVR-15686,189.64,Northstar Services,Maple Consulting,CA,CA,1739,Direct deposit,CCD,File upload,0
134d037e-5f74-4591-a34c-0e9f4fe88b5a,2026-07-26T00:45:18.584976+00:00,ORIG-25806,RCVR-72840,255.04,Pine Valley Foods,Cedar Utilities,OH,NC,1727,Vendor payment,PPD,Online banking,0
f4887085-ca61-4f1d-a2d8-f2aa1bb3f4ef,2026-07-25T17:25:18.584976+00:00,ORIG-97838,RCVR-64147,172.69,Harbor Manufacturing,Avery Johnson,MA,VA,3011,Vendor payment,CCD,Online banking,0
eb5efb60-ed43-4094-87c5-794f6539b012,2026-07-23T09:34:18.584976+00:00,ORIG-77459,RCVR-58031,267.28,Northstar Services,Maple Consulting,MA,CO,1472,Tax payment,CCD,Branch initiated,0
6085ac99-1d07-4f27-b2be-28e60f22370e,2026-07-14T16:20:18.584976+00:00,ORIG-15475,RCVR-93960,365.7,Pine Valley Foods,Brightline Supply,NC,CA,748,Tax payment,CCD,File upload,0
074c76a3-b209-45bb-b3f4-54ea405872d4,2026-07-04T21:37:18.584976+00:00,ORIG-11140,RCVR-83918,197.6,Pine Valley Foods,Brightline Supply,FL,CO,1448,Direct deposit,WEB,API,0
e173a6fc-2369-44fc-b1ee-67f398d5427d,2026-08-02T20:01:18.584976+00:00,ORIG-73527,RCVR-61969,268.19,Summit Health,Avery Johnson,FL,GA,1761,Bill payment,PPD,Online banking,0
bd92ad54-f38f-4bbe-bc52-8c960ff95cdf,2026-06-25T12:38:18.584976+00:00,ORIG-20155,RCVR-38924,157.92,Summit Health,Brightline Supply,CA,OH,501,Payroll,WEB,File upload,0
74abf201-94ac-4c9f-9977-f575a4cb6125,2026-07-18T22:19:18.584976+00:00,ORIG-97972,RCVR-34928,502.2,Pine Valley Foods,Brightline Supply,FL,IL,358,Bill payment,WEB,Online banking,0
dd295278-c08d-4937-ac66-a23f278e3813,2026-08-08T17:45:18.584976+00:00,ORIG-66690,RCVR-98718,2182.3,Harbor Manufacturing,Brightline Supply,CA,NY,1918,Tax payment,PPD,API,0
cdc8b7dc-3b6e-4ce9-8af9-f42006d5bd87,2026-06-22T02:50:18.584976+00:00,ORIG-70018,RCVR-91749,1133.21,Northstar Services,Avery Johnson,NY,NC,640,Bill payment,CCD,Online banking,0
77e51902-9c38-4edb-88c4-0fe9afdd5ac4,2026-07-16T03:51:18.584976+00:00,ORIG-83663,RCVR-39095,687.12,Summit Health,Avery Johnson,IL,WA,1268,Vendor payment,WEB,Online banking,0
456e5783-6db1-4276-8fba-7160b65a0275,2026-08-06T09:38:18.584976+00:00,ORIG-12149,RCVR-79386,470.22,Harbor Manufacturing,Cedar Utilities,WA,MA,2595,Direct deposit,PPD,API,0
273605ef-41ce-47c5-964a-681168f0b223,2026-08-04T01:44:18.584976+00:00,ORIG-37618,RCVR-28710,577.41,Harbor Manufacturing,Maple Consulting,TX,FL,1005,Bill payment,WEB,File upload,0
4cfa63e6-5866-4562-883b-bfe7ab5a5997,2026-07-14T06:33:18.584976+00:00,ORIG-31711,RCVR-72072,383.09,Northstar Services,Cedar Utilities,WA,TX,2754,Vendor payment,CCD,API,0
092d0c1b-08f0-4c54-a19c-54f4cee67784,2026-07-12T16:12:18.584976+00:00,ORIG-56325,RCVR-23124,292.56,Harbor Manufacturing,Maple Consulting,CO,CA,693,Tax payment,WEB,Online banking,0
706f75a2-b50d-4a9c-b165-a58636eb2710,2026-07-04T12:37:18.584976+00:00,ORIG-32204,RCVR-45630,1259.12,Harbor Manufacturing,Cedar Utilities,NY,TX,2664,Tax payment,CCD,Online banking,0
81abcdb1-8dd6-405d-a654-6af8c081299c,2026-07-12T23:09:18.584976+00:00,ORIG-21361,RCVR-40087,106.82,Harbor Manufacturing,Cedar Utilities,MA,NC,2214,Vendor payment,WEB,API,0
9d4f3a8a-fe0a-4bae-90f0-283d8fd0abee,2026-08-11T14:45:18.584976+00:00,ORIG-25899,RCVR-61778,366.31,Pine Valley Foods,Cedar Utilities,OH,CA,3297,Vendor payment,WEB,File upload,0
bf605b47-2318-4632-9307-ab727d8fb7aa,2026-08-02T07:57:18.584976+00:00,ORIG-42466,RCVR-92790,201.6,Northstar Services,Avery Johnson,NY,TX,2054,Bill payment,PPD,Online banking,0
f2d6ae97-93e3-4948-89a6-36bf6eef2cd1,2026-06-24T18:22:18.584976+00:00,ORIG-57685,RCVR-29910,834.77,Pine Valley Foods,Avery Johnson,TX,CO,3385,Direct deposit,WEB,File upload,0
b72321fb-e5c6-4367-a25f-8f9fd8f2d5f3,2026-08-01T02:45:18.584976+00:00,ORIG-87810,RCVR-82523,194.49,Pine Valley Foods,Avery Johnson,IL,CA,1748,Direct deposit,PPD,Online banking,0
5f92f562-0896-4141-b635-76463cb36a1d,2026-08-10T14:56:18.584976+00:00,ORIG-12381,RCVR-42097,392.85,Northstar Services,Maple Consulting,MA,TX,2358,Payroll,PPD,API,0
f1aff368-73b1-4fd7-ada2-97d8e8f6a3f1,2026-08-11T06:40:18.584976+00:00,ORIG-20378,RCVR-70675,665.04,Summit Health,Cedar Utilities,VA,WA,1206,Bill payment,WEB,Online banking,0
344829c9-a1cd-4092-8ae4-e60f1f7a686d,2026-07-31T22:41:18.584976+00:00,ORIG-24907,RCVR-58852,233.64,Northstar Services,Cedar Utilities,OH,NY,1785,Tax payment,PPD,Online banking,0
b77ab020-50ff-43ad-aacb-bce5b7aa8d32,2026-06-24T20:11:18.584976+00:00,ORIG-82410,RCVR-69270,384.58,Northstar Services,Brightline Supply,WA,WA,765,Payroll,CCD,Online banking,0
fe95cfc3-c77c-4dc6-9ed0-7a286be15140,2026-06-25T02:59:18.584976+00:00,ORIG-78114,RCVR-11267,589.02,Pine Valley Foods,Cedar Utilities,WA,WA,469,Vendor payment,PPD,Online banking,0
a27e7638-2d0d-4ec7-b318-0bb26f1cc3fa,2026-07-17T05:24:18.584976+00:00,ORIG-59107,RCVR-88682,290.95,Pine Valley Foods,Brightline Supply,CA,CA,958,Vendor payment,WEB,File upload,0
f9797778-9390-417a-8ab0-4be5140fca21,2026-07-19T23:14:18.584976+00:00,ORIG-30994,RCVR-57309,166.19,Pine Valley Foods,Avery Johnson,NY,NC,2312,Bill payment,WEB,Online banking,0
e92430b9-0074-4655-810c-09423914d6e3,2026-07-03T16:34:18.584976+00:00,ORIG-31950,RCVR-60630,311.72,Summit Health,Avery Johnson,WA,GA,464,Direct deposit,CCD,File upload,0
ff725ca2-d812-42ff-bb0e-9510533805d0,2026-07-02T23:21:18.584976+00:00,ORIG-10925,RCVR-33529,260.92,Harbor Manufacturing,Avery Johnson,FL,TX,3584,Bill payment,PPD,Online banking,0
8f1eaa2b-6573-4fd9-9577-ee35bc656a97,2026-07-30T13:36:18.584976+00:00,ORIG-15347,RCVR-90581,361.01,Harbor Manufacturing,Avery Johnson,FL,FL,1386,Vendor payment,WEB,File upload,0
2d453b42-724a-4339-a60b-c7b2bba81fba,2026-07-26T02:26:18.584976+00:00,ORIG-35871,RCVR-20171,170.71,Harbor Manufacturing,Avery Johnson,CA,MA,1834,Bill payment,CCD,Online banking,0
9b776920-831e-421c-b9f8-95205cc8f6ee,2026-07-28T05:41:18.584976+00:00,ORIG-48169,RCVR-64114,407.32,Summit Health,Maple Consulting,FL,OH,2500,Direct deposit,PPD,File upload,0
d8a301ca-c057-4c5b-b772-80f4c8ce9211,2026-06-30T23:02:18.584976+00:00,ORIG-95250,RCVR-68917,1360.5,Summit Health,Cedar Utilities,GA,CA,1393,Tax payment,PPD,Online banking,0
82aca0ec-0f1f-4a09-98f4-4107501bdce9,2026-08-20T03:29:18.584976+00:00,ORIG-31888,RCVR-69580,1080.5,Summit Health,Brightline Supply,FL,NY,969,Vendor payment,PPD,Online banking,0
1505a5d9-ca0b-4e47-a66d-417d3b442bdf,2026-08-12T15:53:18.584976+00:00,ORIG-43504,RCVR-13629,1060.23,Summit Health,Brightline Supply,CO,GA,300,Tax payment,WEB,Online banking,0
2c686ff2-2932-4c64-b49a-0bd221d5962a,2026-08-18T04:06:18.584976+00:00,ORIG-51261,RCVR-18416,1160.58,Northstar Services,Maple Consulting,CA,NC,3507,Direct deposit,PPD,File upload,0
8ed994c2-1e1e-436c-a0a0-62b26ebed830,2026-07-09T21:39:18.584976+00:00,ORIG-80879,RCVR-56090,1333.23,Summit Health,Maple Consulting,NC,IL,801,Payroll,PPD,File upload,0
0a203e47-eb23-4fd8-83e5-0a8469335263,2026-07-28T16:15:18.584976+00:00,ORIG-96539,RCVR-89189,589.52,Northstar Services,Cedar Utilities,NY,WA,330,Vendor payment,WEB,Branch initiated,0
a0fa8f1c-1c3b-4b9f-8255-c45c4ba821c5,2026-07-04T09:52:18.584976+00:00,ORIG-23080,RCVR-45962,403.17,Harbor Manufacturing,Maple Consulting,CA,CO,1905,Direct deposit,CCD,Branch initiated,0
956e9650-ffdb-47df-bbc7-fce8422d040f,2026-06-28T15:41:18.584976+00:00,ORIG-83989,RCVR-62311,384.57,Northstar Services,Avery Johnson,FL,IL,3238,Payroll,CCD,Online banking,0
0df842d9-a6ca-4423-9561-8dafc6f8b240,2026-07-21T17:10:18.584976+00:00,ORIG-15258,RCVR-26899,443.53,Pine Valley Foods,Brightline Supply,NY,NY,1435,Vendor payment,CCD,API,0
16340706-aad1-49e3-bd20-4b74920d9da2,2026-08-06T02:13:18.584976+00:00,ORIG-52283,RCVR-34850,509.44,Pine Valley Foods,Avery Johnson,VA,FL,2410,Vendor payment,WEB,Online banking,0
1343c678-99ea-4093-a24a-1d60143c5998,2026-06-30T12:20:18.584976+00:00,ORIG-75802,RCVR-75385,733.65,Pine Valley Foods,Maple Consulting,GA,MA,2576,Bill payment,WEB,API,0
2770f1b0-8aa7-41f6-ac03-82e9cad4d194,2026-06-24T18:44:18.584976+00:00,ORIG-13933,RCVR-90269,1841.84,Pine Valley Foods,Maple Consulting,WA,IL,156,Tax payment,WEB,File upload,1
4ed45f6c-0dc8-42e3-8854-c08b89bccf14,2026-07-25T19:18:18.584976+00:00,ORIG-98778,RCVR-69626,153.7,Pine Valley Foods,Brightline Supply,IL,FL,3262,Bill payment,PPD,File upload,0
540c5a53-b471-4f34-8dfb-2ff90579b49f,2026-06-26T23:37:18.584976+00:00,ORIG-64566,RCVR-96705,383.18,Summit Health,Maple Consulting,WA,OH,3551,Vendor payment,PPD,File upload,0
b7fdf8f9-c89b-4ca3-a8af-f54a7a20bddd,2026-08-20T13:59:18.584976+00:00,ORIG-17408,RCVR-23678,235.4,Summit Health,Maple Consulting,VA,FL,244,Payroll,CCD,API,0
edf4a0dc-a523-4d33-930d-80f296dd168a,2026-08-08T17:31:18.584976+00:00,ORIG-35722,RCVR-43479,1141.19,Harbor Manufacturing,Brightline Supply,NC,WA,1645,Vendor payment,WEB,API,0
409e21b4-54bc-4f99-81db-005b835353f8,2026-08-04T07:00:18.584976+00:00,ORIG-70210,RCVR-14214,251.64,Harbor Manufacturing,Cedar Utilities,GA,MA,2937,Payroll,WEB,Branch initiated,0
a29bed2e-19cc-46e7-90c1-e4caae9219c0,2026-06-22T11:16:18.584976+00:00,ORIG-48075,RCVR-29306,186.98,Northstar Services,Avery Johnson,GA,IL,3645,Tax payment,CCD,Online banking,0
777fa08a-0ba3-4c1c-af9f-4ac8c14c4969,2026-06-30T04:28:18.584976+00:00,ORIG-31849,RCVR-20623,294.1,Harbor Manufacturing,Brightline Supply,VA,IL,1505,Payroll,PPD,API,0
6660dd18-5473-46b3-ac4b-da1083964325,2026-08-09T15:44:18.584976+00:00,ORIG-74371,RCVR-94106,539.36,Pine Valley Foods,Cedar Utilities,NC,IL,2404,Tax payment,WEB,Branch initiated,0
c35704e7-d651-4d85-ba94-8b0285771dcd,2026-08-05T01:24:18.584976+00:00,ORIG-52363,RCVR-38102,890.52,Summit Health,Cedar Utilities,WA,GA,486,Bill payment,PPD,File upload,0
a3d047f0-e19b-4363-bd55-338e7e51c49e,2026-08-15T06:53:18.584976+00:00,ORIG-58311,RCVR-95316,975.16,Northstar Services,Brightline Supply,CO,IL,2331,Vendor payment,WEB,File upload,0
2b7c43af-7409-46d5-a69b-a18870483a3d,2026-08-16T10:03:18.584976+00:00,ORIG-32480,RCVR-44088,405.35,Harbor Manufacturing,Brightline Supply,NY,OH,1658,Bill payment,PPD,File upload,0
923325ea-d60b-419d-9b01-d5f5253c6a80,2026-07-03T03:35:18.584976+00:00,ORIG-50440,RCVR-36946,1756.85,Northstar Services,Avery Johnson,NC,FL,56,Direct deposit,CCD,File upload,0
b3a04d3c-07be-4e77-a33d-e29a50d81f88,2026-06-28T02:52:18.584976+00:00,ORIG-59495,RCVR-87979,1284.21,Summit Health,Brightline Supply,WA,CA,604,Payroll,WEB,Branch initiated,0
dc2c0fd9-1bce-4c88-8704-e6e153efdefc,2026-06-27T10:44:18.584976+00:00,ORIG-60562,RCVR-54324,356.67,Northstar Services,Maple Consulting,VA,CA,38,Payroll,PPD,Branch initiated,0
157b0737-f9e6-40c4-9603-d4b74e4d2189,2026-07-22T20:52:18.584976+00:00,ORIG-20668,RCVR-64436,1843.92,Northstar Services,Avery Johnson,WA,GA,131,Vendor payment,CCD,Online banking,1
c3f8fe47-6d0b-4e90-be0e-4066081ef2a4,2026-08-05T03:19:18.584976+00:00,ORIG-44638,RCVR-90884,134.02,Harbor Manufacturing,Brightline Supply,NC,CO,2535,Direct deposit,CCD,API,0
50e71adc-4ded-446d-94da-d7e4a80e23fa,2026-06-23T21:41:18.584976+00:00,ORIG-44244,RCVR-31486,526.09,Northstar Services,Avery Johnson,NY,OH,1141,Bill payment,PPD,Online banking,0
eb0342dd-a623-4b97-ab26-e7f2d5ef2497,2026-08-19T14:14:18.584976+00:00,ORIG-32227,RCVR-42334,623.27,Summit Health,Avery Johnson,GA,NY,1510,Vendor payment,WEB,File upload,0
5fa364ea-1138-485b-a09f-eac37222f516,2026-07-22T12:56:18.584976+00:00,ORIG-45816,RCVR-69894,557.28,Harbor Manufacturing,Maple Consulting,WA,TX,3088,Direct deposit,WEB,File upload,0
a0fb94ca-e597-4ddd-b7ab-5328dd8299ac,2026-07-05T23:49:18.584976+00:00,ORIG-54566,RCVR-51207,535.42,Summit Health,Maple Consulting,GA,CA,2462,Tax payment,PPD,Online banking,0
d329a95c-e221-404d-8b30-41ff9dcc85f3,2026-07-12T07:11:18.584976+00:00,ORIG-92016,RCVR-23068,1879.63,Northstar Services,Cedar Utilities,IL,WA,173,Tax payment,PPD,API,1
0cc0ee14-3c04-43cc-830c-354cf8fe36fa,2026-07-26T07:11:18.584976+00:00,ORIG-17297,RCVR-40983,478.24,Harbor Manufacturing,Maple Consulting,GA,TX,2593,Direct deposit,WEB,API,0
12bea0c7-b908-4688-8919-e609c2a39972,2026-07-16T23:39:18.584976+00:00,ORIG-64938,RCVR-37718,91.9,Harbor Manufacturing,Cedar Utilities,CA,TX,1339,Payroll,PPD,Online banking,0
76ad236d-e36a-43e9-95bc-5c97cb6a7c27,2026-08-12T18:55:18.584976+00:00,ORIG-31652,RCVR-96938,199.06,Pine Valley Foods,Maple Consulting,FL,NC,427,Tax payment,PPD,File upload,0
40ac20df-3fdc-4b6e-a7a8-5fce26e0b854,2026-08-08T23:03:18.584976+00:00,ORIG-48455,RCVR-17980,279.7,Harbor Manufacturing,Brightline Supply,MA,TX,1379,Vendor payment,CCD,API,0
66da118a-d84e-4900-80a1-75b4441fc50f,2026-07-09T00:22:18.584976+00:00,ORIG-53365,RCVR-14989,678.23,Summit Health,Maple Consulting,WA,TX,917,Direct deposit,CCD,API,0
525da666-5a69-4ba8-b140-60da1ba38918,2026-07-19T18:10:18.584976+00:00,ORIG-53287,RCVR-19967,2551.16,Pine Valley Foods,Brightline Supply,WA,FL,1719,Direct deposit,WEB,File upload,0
8defbdee-1b9b-418f-ae10-fc5868013d91,2026-08-16T04:14:18.584976+00:00,ORIG-32268,RCVR-30682,576.18,Summit Health,Brightline Supply,NY,MA,3118,Direct deposit,CCD,File upload,0
5aa37e86-ed56-452b-a5e7-eea091b12c7e,2026-08-01T19:51:18.584976+00:00,ORIG-43396,RCVR-98951,194.56,Northstar Services,Brightline Supply,NC,NY,2119,Bill payment,CCD,Online banking,0
20b28503-59b2-4371-a5cc-f6be5c1a8e7a,2026-08-20T18:28:18.584976+00:00,ORIG-54890,RCVR-84756,250.28,Northstar Services,Brightline Supply,IL,CO,3032,Bill payment,CCD,File upload,0
34d68778-12b5-421e-bda0-0a471a449ecb,2026-07-31T16:52:18.584976+00:00,ORIG-19068,RCVR-36439,599.86,Summit Health,Maple Consulting,OH,MA,2521,Bill payment,CCD,Online banking,0
71d24d6c-aadb-4a81-b8e7-876c06f51cb4,2026-08-08T22:39:18.584976+00:00,ORIG-12852,RCVR-45536,187.23,Northstar Services,Cedar Utilities,WA,FL,1009,Vendor payment,CCD,File upload,0
859c2bc0-ac11-4e9d-b260-df69f15dd577,2026-08-13T21:57:18.584976+00:00,ORIG-78888,RCVR-75015,230.81,Pine Valley Foods,Maple Consulting,TX,NY,1568,Bill payment,WEB,File upload,0
6aca1ee7-f653-426b-94c9-f4744274bb2d,2026-08-03T16:29:18.584976+00:00,ORIG-15382,RCVR-47598,355.93,Northstar Services,Avery Johnson,WA,OH,3300,Direct deposit,PPD,Branch initiated,0
2af79ea9-627c-4891-8212-24074fe55b3e,2026-08-02T10:28:18.584976+00:00,ORIG-40330,RCVR-18015,221.98,Harbor Manufacturing,Cedar Utilities,WA,VA,1236,Vendor payment,CCD,API,0
e8ef4fd9-334f-429a-ac73-6e51ae940455,2026-07-12T17:23:18.584976+00:00,ORIG-12083,RCVR-92635,489.22,Pine Valley Foods,Avery Johnson,FL,VA,2804,Payroll,PPD,API,0
b6fb019c-80d2-435f-acce-43d1f1a05522,2026-07-14T00:48:18.584976+00:00,ORIG-75361,RCVR-69989,227.58,Summit Health,Maple Consulting,WA,NC,3136,Direct deposit,CCD,Online banking,0
2e99065b-ee9e-4c71-be3d-673bc6dd41eb,2026-07-20T02:58:18.584976+00:00,ORIG-37266,RCVR-42793,1471.41,Northstar Services,Cedar Utilities,TX,CA,829,Bill payment,WEB,File upload,0
e38a8993-e38c-4ae3-940a-9c0438cf123e,2026-08-11T00:49:18.584976+00:00,ORIG-91823,RCVR-36780,482.54,Harbor Manufacturing,Cedar Utilities,FL,NC,556,Vendor payment,WEB,Online banking,0
095abdc5-ceab-4455-968e-036f3ebd3e83,2026-06-22T10:25:18.584976+00:00,ORIG-57870,RCVR-98960,1436.69,Northstar Services,Cedar Utilities,CO,GA,1379,Payroll,CCD,Online banking,0
8eda54f4-fdcd-44d9-a9fd-8f464c5e33af,2026-07-17T13:58:18.584976+00:00,ORIG-65389,RCVR-11861,294.54,Summit Health,Maple Consulting,NC,FL,2591,Payroll,WEB,File upload,0
7afb9b3b-26c4-4252-9ca8-31753359c400,2026-07-24T00:39:18.584976+00:00,ORIG-30602,RCVR-24072,448.74,Summit Health,Cedar Utilities,NY,NC,1046,Vendor payment,CCD,API,0
05d1637d-e2bc-4bc7-bf4b-eb1c3f2c66bc,2026-06-29T03:51:18.584976+00:00,ORIG-86432,RCVR-46945,659.3,Northstar Services,Maple Consulting,CA,FL,693,Bill payment,PPD,API,0
769384a7-dd29-4ef0-84d1-421d55508c54,2026-08-06T12:01:18.584976+00:00,ORIG-91265,RCVR-37032,608.82,Summit Health,Maple Consulting,MA,OH,2239,Vendor payment,WEB,Online banking,0
da2b5424-1e94-4f5b-b488-decfc45d2d70,2026-06-30T22:35:18.584976+00:00,ORIG-97804,RCVR-87262,1036.51,Harbor Manufacturing,Cedar Utilities,CO,TX,2972,Bill payment,WEB,API,0
e1bce650-5e80-4811-92d3-6f6826d4f998,2026-06-28T16:45:18.584976+00:00,ORIG-48431,RCVR-49128,603.16,Summit Health,Cedar Utilities,NC,VA,3379,Tax payment,PPD,Online banking,0
bd4c2db8-3dc8-44d9-a484-c962e1a3cd8f,2026-08-14T05:59:18.584976+00:00,ORIG-30474,RCVR-78985,434.27,Summit Health,Maple Consulting,FL,IL,2024,Payroll,PPD,API,0
7e617057-ebff-4ba6-b033-5a2b3415d540,2026-07-09T01:54:18.584976+00:00,ORIG-55436,RCVR-15905,928.11,Northstar Services,Cedar Utilities,TX,VA,3088,Vendor payment,CCD,API,0
565d301a-b4c0-4f86-b350-6e159b226193,2026-06-23T10:42:18.584976+00:00,ORIG-26800,RCVR-75995,702.28,Northstar Services,Avery Johnson,CA,WA,316,Direct deposit,CCD,Branch initiated,0
df8f5763-ef93-45f6-a601-9ca737c78935,2026-08-17T21:35:18.584976+00:00,ORIG-45369,RCVR-65490,386.57,Northstar Services,Brightline Supply,NY,GA,3286,Payroll,CCD,File upload,0
2495983e-f19a-4761-b05f-11ff5eab3f2c,2026-07-19T23:47:18.584976+00:00,ORIG-55260,RCVR-47824,766.45,Pine Valley Foods,Brightline Supply,FL,NY,2058,Bill payment,PPD,Branch initiated,0
44c2c0eb-1936-409e-bec1-996869b4c46c,2026-08-16T02:23:18.584976+00:00,ORIG-76596,RCVR-19206,572.96,Harbor Manufacturing,Cedar Utilities,NC,OH,1333,Bill payment,CCD,API,0
002000dd-4572-4158-91fb-4607b176f89c,2026-08-13T11:38:18.584976+00:00,ORIG-86318,RCVR-49520,269.69,Northstar Services,Brightline Supply,NC,OH,1591,Bill payment,CCD,API,0
d629d0e6-5025-47d5-81aa-813f791b755c,2026-07-20T18:10:18.584976+00:00,ORIG-25652,RCVR-64174,168.14,Northstar Services,Avery Johnson,MA,MA,1703,Vendor payment,PPD,Online banking,0
4bc831b6-d261-4e37-b0cf-1eb218ed158b,2026-07-18T01:02:18.584976+00:00,ORIG-58915,RCVR-61763,459.86,Summit Health,Avery Johnson,OH,FL,597,Direct deposit,WEB,API,0
cf922042-6209-4234-a563-e2d9adde229c,2026-07-23T11:08:18.584976+00:00,ORIG-85986,RCVR-73712,684.99,Harbor Manufacturing,Maple Consulting,WA,NC,2572,Tax payment,CCD,File upload,0
fd0f7d1a-b3a4-4330-b653-91bffdafa4b6,2026-08-13T02:11:18.584976+00:00,ORIG-55548,RCVR-31238,273.54,Summit Health,Avery Johnson,GA,CA,2339,Vendor payment,PPD,File upload,0
024f1cf2-f6a2-4afb-af31-9bafc73c58db,2026-06-30T13:43:18.584976+00:00,ORIG-27451,RCVR-40809,209.51,Northstar Services,Avery Johnson,NC,IL,2403,Payroll,PPD,API,0
d821cb56-cccf-4011-9e30-c94a7e4b4164,2026-08-02T07:16:18.584976+00:00,ORIG-84798,RCVR-75851,352.54,Summit Health,Brightline Supply,TX,CO,71,Tax payment,CCD,API,0
27e34fd0-b71f-483b-bd31-48364c3449e6,2026-07-31T06:17:18.584976+00:00,ORIG-29648,RCVR-32777,339.91,Pine Valley Foods,Avery Johnson,CA,NC,1928,Vendor payment,WEB,File upload,0
2977040b-495c-43ed-a4c3-7ae1ec4ea4f8,2026-07-07T05:20:18.584976+00:00,ORIG-47923,RCVR-31784,232.73,Harbor Manufacturing,Avery Johnson,NC,TX,894,Vendor payment,CCD,File upload,0
e6f70023-3bab-454a-96a9-c6fa5db55e09,2026-08-05T00:07:18.584976+00:00,ORIG-59930,RCVR-37134,548.04,Harbor Manufacturing,Brightline Supply,IL,WA,1400,Direct deposit,PPD,Online banking,0
50fe6c03-9bfe-4b15-ad67-6b572de49e6a,2026-07-04T23:46:18.584976+00:00,ORIG-41828,RCVR-80784,1640.51,Northstar Services,Maple Consulting,FL,CA,2950,Tax payment,CCD,API,0
49244c22-a4a8-41cc-bc8a-d90108659c7f,2026-07-14T06:05:18.584976+00:00,ORIG-83686,RCVR-53888,543.72,Pine Valley Foods,Avery Johnson,VA,CO,672,Tax payment,PPD,API,0
9330dab6-ebda-41c3-9dd9-09f147ba3c82,2026-06-26T23:26:18.584976+00:00,ORIG-61289,RCVR-65561,403.14,Summit Health,Maple Consulting,GA,VA,158,Bill payment,TEL,Online banking,1
57da23d5-86b9-4f8e-80dc-b0b225c38a30,2026-08-14T03:37:18.584976+00:00,ORIG-52777,RCVR-86220,741.24,Harbor Manufacturing,Cedar Utilities,FL,NC,2939,Vendor payment,WEB,API,0
e8136871-1633-4b60-bbf4-7e9946f8e63c,2026-07-26T13:00:18.584976+00:00,ORIG-74299,RCVR-57346,499.33,Pine Valley Foods,Cedar Utilities,CA,GA,3042,Payroll,WEB,Online banking,0
7b43bd9e-2fab-4453-a601-393f180431a9,2026-07-29T00:18:18.584976+00:00,ORIG-68748,RCVR-53256,1115.8,Summit Health,Maple Consulting,FL,WA,1404,Payroll,WEB,Online banking,0
d4b22074-f2b6-4bc4-92a6-1dd028d7b12b,2026-07-18T06:03:18.584976+00:00,ORIG-18072,RCVR-69779,1259.75,Northstar Services,Brightline Supply,NY,OH,1352,Vendor payment,CCD,File upload,0
750404d8-695a-46d9-bfd7-0d58871bd17a,2026-06-25T04:25:18.584976+00:00,ORIG-19469,RCVR-75601,1055.05,Harbor Manufacturing,Brightline Supply,OH,TX,2071,Vendor payment,WEB,API,0
fd6262d4-dbe2-4758-9a04-395b88ef29b8,2026-08-05T10:45:18.584976+00:00,ORIG-52992,RCVR-25834,355.0,Harbor Manufacturing,Maple Consulting,WA,CO,2354,Payroll,PPD,Online banking,0
182f69a7-2831-4ef8-8d69-05948654e4e8,2026-08-13T03:01:18.584976+00:00,ORIG-64254,RCVR-55400,764.94,Pine Valley Foods,Brightline Supply,MA,NY,3441,Tax payment,WEB,Online banking,0
0c721b83-0b07-4f62-a1d6-c01e04b71e86,2026-07-27T09:04:18.584976+00:00,ORIG-13106,RCVR-27175,467.34,Harbor Manufacturing,Cedar Utilities,TX,VA,2750,Bill payment,WEB,File upload,0
fc7c3232-ac98-4f57-84fe-0f87ee0a8fef,2026-07-10T03:55:18.584976+00:00,ORIG-20069,RCVR-41157,475.31,Summit Health,Cedar Utilities,NC,NC,3019,Payroll,WEB,File upload,0
64952b9b-80cd-4301-ab3a-02336b6de7df,2026-08-12T14:59:18.584976+00:00,ORIG-62465,RCVR-68143,1506.27,Pine Valley Foods,Brightline Supply,TX,MA,2669,Bill payment,WEB,File upload,0
020e7050-685e-4d05-9b2c-c27bff9397dd,2026-07-16T22:26:18.584976+00:00,ORIG-47326,RCVR-21398,151.65,Pine Valley Foods,Maple Consulting,CO,TX,2303,Bill payment,WEB,Online banking,0
28f57ed9-a8bc-4249-ba30-3f1eac39f1ca,2026-08-17T17:28:18.584976+00:00,ORIG-15451,RCVR-67454,504.66,Pine Valley Foods,Avery Johnson,NY,OH,3516,Vendor payment,WEB,File upload,0
ca740ac1-2149-43a9-b652-517f7f81bd6d,2026-07-01T17:43:18.584976+00:00,ORIG-30701,RCVR-11495,892.11,Summit Health,Maple Consulting,CO,CO,902,Direct deposit,PPD,Branch initiated,0
8bd21e40-7d34-4787-97e8-fd008ea45487,2026-08-02T17:00:18.584976+00:00,ORIG-42796,RCVR-75966,285.87,Pine Valley Foods,Maple Consulting,GA,IL,1886,Payroll,WEB,API,0
f3c1f1d9-bd19-44de-88cc-142f3bef1de5,2026-08-20T14:59:18.584976+00:00,ORIG-74275,RCVR-47617,397.62,Pine Valley Foods,Maple Consulting,VA,MA,1069,Direct deposit,CCD,Online banking,0
68e10112-47d7-4f04-8ff0-6689c3ba5579,2026-07-29T15:28:18.584976+00:00,ORIG-88248,RCVR-10738,597.04,Harbor Manufacturing,Cedar Utilities,IL,WA,989,Payroll,CCD,API,0
24d40c20-e4e6-4574-a116-a631d1fbda0e,2026-07-06T02:30:18.584976+00:00,ORIG-31080,RCVR-53321,129.04,Pine Valley Foods,Avery Johnson,CO,CA,723,Direct deposit,CCD,Online banking,0
9e64fe5d-3844-4e4f-a33a-f7f9359d4a58,2026-07-27T02:01:18.584976+00:00,ORIG-99970,RCVR-14281,76.8,Harbor Manufacturing,Avery Johnson,OH,CA,3195,Bill payment,CCD,Online banking,0
7a8c0e33-2cd7-4e9f-a455-745e4a226f2a,2026-07-23T03:17:18.584976+00:00,ORIG-11703,RCVR-15358,353.62,Northstar Services,Avery Johnson,NY,WA,1313,Bill payment,CCD,Online banking,0
9f6372a7-412c-487b-add3-87e653d0507e,2026-07-30T18:07:18.584976+00:00,ORIG-47100,RCVR-41983,1252.4,Summit Health,Brightline Supply,WA,NY,134,Tax payment,WEB,Online banking,0
77afba1a-49b3-44ba-8e74-375d65855e47,2026-08-01T16:16:18.584976+00:00,ORIG-85397,RCVR-59540,418.03,Summit Health,Avery Johnson,OH,MA,825,Payroll,CCD,Online banking,0
ec8df4db-a997-40a4-aef1-8b0e8e27ec7f,2026-07-02T13:25:18.584976+00:00,ORIG-32956,RCVR-56984,518.06,Northstar Services,Avery Johnson,VA,WA,1449,Tax payment,CCD,File upload,0
8d99bcb2-f6b6-4e23-975f-780e9e0f4848,2026-08-19T13:01:18.584976+00:00,ORIG-85682,RCVR-47052,261.11,Northstar Services,Brightline Supply,FL,VA,2561,Tax payment,PPD,File upload,0
7e5c41aa-c787-42cd-b4ac-e9b8ba9863d8,2026-07-31T01:49:18.584976+00:00,ORIG-83114,RCVR-81072,1125.95,Summit Health,Maple Consulting,FL,GA,1764,Payroll,WEB,Online banking,0
4d93e15c-c9f3-4316-8c5b-3f1671b58724,2026-08-05T19:20:18.584976+00:00,ORIG-51966,RCVR-19310,463.26,Pine Valley Foods,Cedar Utilities,OH,TX,1176,Bill payment,WEB,API,0
682c904e-fadc-4a53-b113-80ec7b5caf4e,2026-08-03T03:45:18.584976+00:00,ORIG-35762,RCVR-63407,2648.87,Pine Valley Foods,Brightline Supply,CO,OH,53,Tax payment,TEL,File upload,1
50acb717-4432-462c-afe7-2db60c65c736,2026-08-04T10:28:18.584976+00:00,ORIG-76820,RCVR-31868,478.06,Northstar Services,Maple Consulting,NC,GA,482,Vendor payment,PPD,File upload,0
4e49c4c4-73ea-4d38-add5-5f8afe996ce3,2026-08-11T06:08:18.584976+00:00,ORIG-64389,RCVR-17402,823.1,Harbor Manufacturing,Maple Consulting,NY,OH,1854,Direct deposit,PPD,API,0
d4497c19-cb1b-4a38-b5c6-700568bcbfb5,2026-07-01T00:01:18.584976+00:00,ORIG-39841,RCVR-17743,266.95,Pine Valley Foods,Maple Consulting,FL,CA,139,Bill payment,WEB,API,0
dde5224e-0da8-442c-be83-39593da4b11c,2026-08-03T22:48:18.584976+00:00,ORIG-64741,RCVR-11698,392.36,Summit Health,Maple Consulting,CA,GA,2437,Vendor payment,CCD,File upload,0
c642cab8-49cc-4797-adf2-3779f8afccd5,2026-07-08T21:03:18.584976+00:00,ORIG-52418,RCVR-54774,206.1,Summit Health,Avery Johnson,FL,NC,2362,Direct deposit,CCD,Branch initiated,0
e96fc9f0-4a46-417d-9ec7-cdf3c2a6db1c,2026-07-18T18:25:18.584976+00:00,ORIG-51465,RCVR-39999,685.41,Summit Health,Cedar Utilities,WA,IL,2947,Bill payment,CCD,API,0
07f6f802-64a9-41f9-ae63-4862c84d09db,2026-07-04T16:26:18.584976+00:00,ORIG-64953,RCVR-95812,766.12,Northstar Services,Avery Johnson,MA,FL,428,Payroll,PPD,Online banking,0
9f8ae800-8e72-49c6-a3b2-0d234adc29ed,2026-07-12T11:03:18.584976+00:00,ORIG-81230,RCVR-55130,375.3,Northstar Services,Cedar Utilities,GA,GA,1724,Direct deposit,PPD,API,0
356c92c2-9c15-47e8-b680-a188403f01de,2026-08-15T08:47:18.584976+00:00,ORIG-89759,RCVR-81381,215.12,Pine Valley Foods,Brightline Supply,OH,CA,2879,Payroll,PPD,File upload,0
4e9d2485-46be-4033-9357-e939df188187,2026-07-22T17:20:18.584976+00:00,ORIG-42587,RCVR-91999,242.69,Harbor Manufacturing,Cedar Utilities,NC,CA,3500,Vendor payment,WEB,API,0
0a58a6df-95e4-4077-a03b-069ea4de717c,2026-07-29T14:59:18.584976+00:00,ORIG-46555,RCVR-52077,297.91,Summit Health,Avery Johnson,MA,FL,3609,Bill payment,WEB,API,0
4baea576-dd34-43c6-b576-64e767a6fa99,2026-07-03T13:39:18.584976+00:00,ORIG-62747,RCVR-35215,1074.23,Northstar Services,Brightline Supply,VA,FL,1548,Payroll,WEB,API,0
b69390f6-e776-43f9-84be-9d0d27ba537e,2026-07-16T09:12:18.584976+00:00,ORIG-77010,RCVR-92829,886.87,Summit Health,Maple Consulting,WA,WA,1713,Vendor payment,PPD,API,0
460217c2-c47d-465b-8acd-63f6249302f8,2026-08-18T14:46:18.584976+00:00,ORIG-95387,RCVR-46583,1168.77,Summit Health,Maple Consulting,OH,MA,1694,Tax payment,PPD,API,0
1f27f374-24c8-40a9-b0d0-5b499ea1a18d,2026-08-03T15:08:18.584976+00:00,ORIG-33442,RCVR-84961,1363.42,Harbor Manufacturing,Avery Johnson,TX,FL,721,Vendor payment,PPD,API,0
2f930f5b-c41e-4728-bbaa-68a4164a0a88,2026-08-20T18:21:18.584976+00:00,ORIG-55680,RCVR-41542,923.19,Harbor Manufacturing,Avery Johnson,NC,FL,1401,Bill payment,CCD,Online banking,0
39592127-a22b-4128-88fa-959bfc21d0fd,2026-07-02T18:40:18.584976+00:00,ORIG-79446,RCVR-41330,226.69,Northstar Services,Cedar Utilities,MA,OH,116,Vendor payment,PPD,API,0
b2ffe50e-213a-4640-90ba-2247a31ab000,2026-07-12T14:44:18.584976+00:00,ORIG-49683,RCVR-90264,330.37,Northstar Services,Cedar Utilities,MA,VA,3394,Tax payment,WEB,File upload,0
fedfb1f0-3792-4d8d-8012-65403ccc2cc7,2026-06-22T07:15:18.584976+00:00,ORIG-58062,RCVR-17822,863.81,Summit Health,Brightline Supply,GA,FL,2198,Bill payment,CCD,Online banking,0
08d2d534-10af-430c-9cd1-fbbdc0931dcc,2026-06-24T22:54:18.584976+00:00,ORIG-16624,RCVR-99813,293.58,Pine Valley Foods,Brightline Supply,NY,NC,2134,Tax payment,WEB,API,0
350162d3-dd00-4acf-acf3-e94844daa03e,2026-07-15T21:27:18.584976+00:00,ORIG-61502,RCVR-37438,451.99,Northstar Services,Maple Consulting,VA,GA,424,Direct deposit,PPD,File upload,0
7307f982-2f26-4f8d-b8ef-0e6962e1c37d,2026-08-06T23:53:18.584976+00:00,ORIG-37195,RCVR-63113,448.26,Harbor Manufacturing,Avery Johnson,CA,GA,3208,Direct deposit,CCD,API,0
f9b13159-7b94-47de-b671-a5103fa97964,2026-06-24T08:32:18.584976+00:00,ORIG-95458,RCVR-39172,247.39,Northstar Services,Brightline Supply,GA,IL,1769,Vendor payment,PPD,API,0
5ba4866c-8ae5-48c8-ab86-821fa930c971,2026-07-18T19:51:18.584976+00:00,ORIG-48024,RCVR-10348,3031.72,Harbor Manufacturing,Maple Consulting,IL,CO,1551,Vendor payment,PPD,File upload,0
53b034f0-0a1a-4410-9f36-7cf83edc3fed,2026-07-19T19:32:18.584976+00:00,ORIG-10240,RCVR-77036,168.05,Harbor Manufacturing,Maple Consulting,CO,VA,3172,Direct deposit,WEB,Online banking,0
71bfbb6d-5da2-442d-bfa3-adcc218374ef,2026-08-15T09:07:18.584976+00:00,ORIG-48822,RCVR-64898,332.98,Northstar Services,Avery Johnson,NC,CA,1376,Vendor payment,WEB,File upload,0
f26c93fa-a627-4d8e-bee9-cc0282f0e4ce,2026-06-25T00:46:18.584976+00:00,ORIG-27576,RCVR-50929,1123.14,Harbor Manufacturing,Avery Johnson,WA,NC,2568,Direct deposit,WEB,API,0
a5e50e23-839f-494b-b337-f9fbfb70fd27,2026-07-22T18:38:18.584976+00:00,ORIG-19981,RCVR-66436,920.31,Harbor Manufacturing,Avery Johnson,GA,FL,1421,Bill payment,WEB,Online banking,0
096508ec-d87d-4c75-8efc-acb01fae4310,2026-08-19T13:55:18.584976+00:00,ORIG-12006,RCVR-70824,821.42,Pine Valley Foods,Cedar Utilities,CO,VA,3444,Direct deposit,CCD,Online banking,0
1f7cc55c-f023-4371-b0e0-906df1855274,2026-07-28T20:42:18.584976+00:00,ORIG-96121,RCVR-36109,636.32,Northstar Services,Maple Consulting,GA,GA,2356,Bill payment,CCD,Online banking,0
7cb6b7c5-a1bc-4cc0-9bf1-23fb5cfb19b2,2026-08-14T20:19:18.584976+00:00,ORIG-31736,RCVR-48365,415.69,Pine Valley Foods,Brightline Supply,OH,WA,2250,Payroll,CCD,File upload,0
004d4455-60a9-4006-a3a7-b35e72207dc1,2026-08-04T09:05:18.584976+00:00,ORIG-56427,RCVR-28178,1165.05,Northstar Services,Maple Consulting,TX,VA,494,Vendor payment,CCD,API,0
6ba811d5-0b06-4975-b7d3-62ba4cd095cb,2026-08-05T17:18:18.584976+00:00,ORIG-17477,RCVR-72551,305.39,Pine Valley Foods,Brightline Supply,CA,MA,3353,Vendor payment,CCD,Online banking,0
e9b9c30b-fb47-47ed-95dd-5522fc99a466,2026-08-05T12:38:18.584976+00:00,ORIG-29917,RCVR-41419,135.73,Pine Valley Foods,Cedar Utilities,TX,NC,2783,Vendor payment,CCD,API,0
30825445-abc9-44f3-b796-dced89fc077d,2026-07-19T13:27:18.584976+00:00,ORIG-87577,RCVR-44867,345.91,Pine Valley Foods,Cedar Utilities,TX,TX,395,Bill payment,WEB,Online banking,0
f1374814-ab53-454d-a2b7-f36282f24203,2026-07-29T11:32:18.584976+00:00,ORIG-16135,RCVR-77546,321.08,Harbor Manufacturing,Avery Johnson,TX,VA,3401,Bill payment,WEB,API,0
4ac13eea-f2f9-4a92-beab-82cbc1377f23,2026-07-06T17:52:18.584976+00:00,ORIG-13634,RCVR-51281,1088.09,Northstar Services,Brightline Supply,MA,TX,699,Payroll,PPD,API,0
827dfde1-ae65-40c7-933b-978e1b97070e,2026-07-07T20:41:18.584976+00:00,ORIG-85024,RCVR-40343,375.89,Northstar Services,Avery Johnson,IL,NY,1031,Payroll,PPD,Online banking,0
aff38f22-9e88-4fdc-a2b8-b2a7e00f8e28,2026-07-28T12:48:18.584976+00:00,ORIG-76076,RCVR-46312,624.36,Summit Health,Cedar Utilities,OH,VA,854,Direct deposit,CCD,File upload,0
b6400b20-1246-46fb-8a51-4772585375b1,2026-06-27T08:13:18.584976+00:00,ORIG-67997,RCVR-27707,341.71,Pine Valley Foods,Maple Consulting,NC,CA,1198,Direct deposit,CCD,Online banking,0
b38eed3d-c2b2-4bc2-ac72-9ea49dd082ee,2026-08-20T05:53:18.584976+00:00,ORIG-35291,RCVR-67194,109.43,Pine Valley Foods,Brightline Supply,OH,CA,3239,Tax payment,WEB,Branch initiated,0
e13b0d3d-a2e1-4ece-bf3f-d41d79207a26,2026-06-24T22:49:18.584976+00:00,ORIG-86135,RCVR-42383,348.68,Harbor Manufacturing,Avery Johnson,IL,GA,2491,Bill payment,CCD,Branch initiated,0
e308821b-27b8-4c45-95d7-66ef069ae1c5,2026-07-17T20:37:18.584976+00:00,ORIG-83484,RCVR-47967,511.62,Northstar Services,Brightline Supply,NC,NC,806,Direct deposit,CCD,API,0
d0699a80-9087-457e-9207-ea71343434b5,2026-07-09T23:44:18.584976+00:00,ORIG-82545,RCVR-18789,236.09,Pine Valley Foods,Cedar Utilities,IL,VA,1098,Vendor payment,WEB,File upload,0
d46f536a-d1ef-40c7-a843-0602495bd482,2026-07-04T23:08:18.584976+00:00,ORIG-11497,RCVR-37419,467.77,Harbor Manufacturing,Brightline Supply,TX,GA,2861,Direct deposit,PPD,API,0
e529c06d-ac79-4bf6-af46-b74f42996230,2026-07-02T22:44:18.584976+00:00,ORIG-88654,RCVR-83250,54.6,Summit Health,Brightline Supply,GA,FL,382,Payroll,CCD,API,0
3d1ae744-2908-4d8a-ade7-32abec36d7aa,2026-06-27T00:29:18.584976+00:00,ORIG-69676,RCVR-53128,357.46,Harbor Manufacturing,Maple Consulting,WA,IL,1130,Tax payment,WEB,Online banking,0
71c836d0-15b8-4417-ae69-461f6cc9d557,2026-07-13T21:30:18.584976+00:00,ORIG-50636,RCVR-57788,2391.85,Summit Health,Cedar Utilities,CO,TX,956,Tax payment,CCD,Online banking,0
cd70797f-c472-4128-ae1b-5db788d3f6b1,2026-08-18T00:03:18.584976+00:00,ORIG-12783,RCVR-54973,970.87,Summit Health,Brightline Supply,VA,IL,3479,Tax payment,PPD,Branch initiated,0
fb1f6b84-f584-41b8-b2b3-dff4d91762cf,2026-07-04T14:57:18.584976+00:00,ORIG-24353,RCVR-98398,313.56,Summit Health,Cedar Utilities,CA,IL,3649,Vendor payment,PPD,API,0
72f2d9a1-fc2b-4a9a-83a9-3a18af2dcb01,2026-08-06T03:34:18.584976+00:00,ORIG-96538,RCVR-76355,1344.94,Summit Health,Maple Consulting,VA,OH,1740,Tax payment,WEB,Online banking,0
ae1169d7-2337-4aec-bd67-9589193ff8d3,2026-07-22T16:49:18.584976+00:00,ORIG-63763,RCVR-42407,207.21,Harbor Manufacturing,Avery Johnson,FL,GA,3520,Bill payment,CCD,Branch initiated,0
a377da15-4768-4dcf-86a8-7d06f5a32b84,2026-07-13T15:53:18.584976+00:00,ORIG-60467,RCVR-52951,431.75,Summit Health,Brightline Supply,CO,FL,590,Tax payment,PPD,Online banking,0
908cc059-a873-4766-abe2-3f75def5b4f9,2026-07-07T04:52:18.584976+00:00,ORIG-79996,RCVR-76701,535.23,Harbor Manufacturing,Brightline Supply,TX,VA,1658,Payroll,WEB,API,0
04e35158-ae3a-4a2c-ad5d-be6332e2f14e,2026-08-11T18:12:18.584976+00:00,ORIG-83434,RCVR-53874,380.73,Harbor Manufacturing,Brightline Supply,MA,VA,2894,Bill payment,PPD,API,0
c6cc3971-e5bb-45f1-b06f-cf5e5795164b,2026-07-13T23:00:18.584976+00:00,ORIG-58288,RCVR-84119,323.54,Summit Health,Maple Consulting,OH,MA,1048,Bill payment,WEB,File upload,0
8bb859b7-d315-4d00-9874-c702843734a0,2026-08-12T03:54:18.584976+00:00,ORIG-10626,RCVR-17747,720.78,Harbor Manufacturing,Avery Johnson,IL,CA,186,Vendor payment,PPD,File upload,0
81788b51-8458-418c-95e4-a2449c1b1a3d,2026-08-09T15:42:18.584976+00:00,ORIG-15288,RCVR-68265,506.7,Summit Health,Brightline Supply,NC,IL,662,Vendor payment,WEB,API,0
79890f6c-ed2f-4be1-bff1-684b7b055c75,2026-07-21T19:10:18.584976+00:00,ORIG-69434,RCVR-37018,587.55,Harbor Manufacturing,Cedar Utilities,IL,FL,613,Bill payment,PPD,File upload,0
5d49fc88-497f-4197-bc97-df2611ec6322,2026-06-23T09:50:18.584976+00:00,ORIG-35546,RCVR-63876,1262.48,Summit Health,Cedar Utilities,NY,WA,1502,Tax payment,CCD,File upload,0
957c75ed-6045-4df5-befc-3a9c52d454de,2026-07-29T16:47:18.584976+00:00,ORIG-17843,RCVR-52285,209.77,Pine Valley Foods,Brightline Supply,NY,CO,227,Direct deposit,WEB,File upload,0
d8643e3b-0066-414b-9759-bf9dfaf13f23,2026-07-10T00:29:18.584976+00:00,ORIG-62599,RCVR-10265,284.51,Northstar Services,Maple Consulting,MA,GA,84,Bill payment,PPD,Branch initiated,0
db9854c4-8b1b-47cd-86e1-865dc12ec2e9,2026-08-06T11:45:18.584976+00:00,ORIG-48471,RCVR-25848,332.25,Pine Valley Foods,Avery Johnson,CA,CA,2026,Direct deposit,CCD,Online banking,0
69a1cf5e-6a78-4ecb-96aa-3cc5b70af06f,2026-08-20T19:10:18.584976+00:00,ORIG-85452,RCVR-71435,284.79,Northstar Services,Maple Consulting,FL,NY,1336,Payroll,CCD,File upload,0
5cc2d4ba-e3ee-4a79-8bc5-9ffe3bdbd0ae,2026-07-24T22:40:18.584976+00:00,ORIG-30615,RCVR-84641,177.12,Northstar Services,Cedar Utilities,WA,NY,414,Direct deposit,WEB,Online banking,0
8faffe8a-b7fd-4f9d-9241-445a1651e9b8,2026-07-15T15:49:18.584976+00:00,ORIG-14541,RCVR-28852,283.92,Harbor Manufacturing,Cedar Utilities,FL,NY,2624,Vendor payment,WEB,Online banking,0
bedd2f09-3d69-4049-8d6e-d6323cc0ef53,2026-07-05T09:46:18.584976+00:00,ORIG-73241,RCVR-26529,181.32,Harbor Manufacturing,Maple Consulting,NC,IL,3307,Direct deposit,WEB,Online banking,0
8443fccd-8835-4b9c-8735-7b2254bebf82,2026-06-22T09:10:18.584976+00:00,ORIG-91311,RCVR-12810,130.19,Summit Health,Avery Johnson,GA,NC,1439,Payroll,WEB,File upload,0
5ebd1ed3-4473-4422-92cd-815a69f89b6f,2026-07-16T02:14:18.584976+00:00,ORIG-13868,RCVR-91766,1273.16,Summit Health,Brightline Supply,GA,IL,3342,Direct deposit,CCD,Online banking,0
4aef360e-4174-48e1-8f61-013b26b0cd89,2026-07-14T21:40:18.584976+00:00,ORIG-10557,RCVR-52509,187.32,Pine Valley Foods,Brightline Supply,IL,VA,2672,Payroll,WEB,File upload,0
ee5579fc-2644-4c44-b378-ec3211ea87d9,2026-06-30T09:47:18.584976+00:00,ORIG-31845,RCVR-75611,354.46,Summit Health,Avery Johnson,MA,GA,1499,Tax payment,PPD,Online banking,0
4129c1dc-0454-4ef3-a899-f918f3c369b8,2026-07-04T14:04:18.584976+00:00,ORIG-39406,RCVR-34483,506.78,Northstar Services,Brightline Supply,MA,NY,143,Tax payment,TEL,API,1
942f3c77-a46b-43ae-8d42-a4dd4856cdba,2026-07-21T14:40:18.584976+00:00,ORIG-24445,RCVR-51327,296.3,Northstar Services,Avery Johnson,FL,NC,2040,Payroll,CCD,Branch initiated,0
4be1897a-2776-4b8d-a9f9-77bd0d5be763,2026-08-06T14:44:18.584976+00:00,ORIG-83679,RCVR-62229,295.76,Summit Health,Cedar Utilities,MA,CA,784,Bill payment,WEB,API,0
d47fa4bd-b22c-4026-a3e7-7ff9bada07cd,2026-07-02T03:22:18.584976+00:00,ORIG-51676,RCVR-83572,764.39,Summit Health,Brightline Supply,VA,FL,1766,Payroll,PPD,Online banking,0
deac0890-0a72-44bf-ae8c-55b8d5ac12eb,2026-08-03T19:47:18.584976+00:00,ORIG-57999,RCVR-21454,598.0,Summit Health,Maple Consulting,MA,CO,3549,Tax payment,PPD,API,0
1c0a823a-12b0-4683-85ad-2ade7f8ede6f,2026-07-04T10:22:18.584976+00:00,ORIG-18770,RCVR-32630,730.52,Summit Health,Brightline Supply,MA,GA,2649,Payroll,WEB,Online banking,0
34bec36f-627d-4f05-9af8-09720f8c03ad,2026-07-07T00:34:18.584976+00:00,ORIG-35868,RCVR-45237,265.19,Summit Health,Avery Johnson,FL,CO,317,Bill payment,PPD,Branch initiated,0
58b263b7-2efa-4c5b-8fbd-42788eb1213c,2026-07-12T13:47:18.584976+00:00,ORIG-28499,RCVR-26712,138.27,Harbor Manufacturing,Maple Consulting,GA,FL,444,Vendor payment,WEB,File upload,0
72a76684-da7b-4dbb-9d24-5b44d3a45351,2026-08-14T06:32:18.584976+00:00,ORIG-15709,RCVR-82817,291.93,Harbor Manufacturing,Brightline Supply,OH,IL,1239,Tax payment,WEB,File upload,0
8c2b3a87-64a9-4e6b-b497-86efe9e051c9,2026-06-22T21:09:18.584976+00:00,ORIG-27794,RCVR-62671,916.25,Northstar Services,Maple Consulting,WA,CO,35,Payroll,WEB,File upload,0
79b5ef95-efe2-4080-86c6-608f5901ba2f,2026-07-22T09:30:18.584976+00:00,ORIG-11562,RCVR-53214,278.64,Northstar Services,Avery Johnson,TX,TX,1159,Payroll,CCD,Branch initiated,0
f1f32bc5-fa8e-402d-94fc-b2d610eb51ea,2026-07-01T12:43:18.584976+00:00,ORIG-16320,RCVR-54446,228.2,Summit Health,Brightline Supply,CO,WA,2953,Direct deposit,WEB,API,0
8b81a6cd-1cb5-4ebe-a915-83d3d41d6f49,2026-06-24T01:49:18.584976+00:00,ORIG-18976,RCVR-22741,469.28,Summit Health,Maple Consulting,CO,GA,3646,Vendor payment,WEB,Online banking,0
b00a8b48-e40b-4f04-9f62-ecd9a770da81,2026-07-25T09:37:18.584976+00:00,ORIG-43853,RCVR-28898,1052.59,Northstar Services,Brightline Supply,NY,NC,1422,Tax payment,WEB,File upload,0
044d8076-7c57-4c5b-9b45-f81d980d929c,2026-07-15T18:13:18.584976+00:00,ORIG-45058,RCVR-91512,927.31,Harbor Manufacturing,Cedar Utilities,CA,NY,1594,Payroll,WEB,Online banking,0
c91e10fc-6e77-44f3-a412-099900f929ba,2026-07-29T13:56:18.584976+00:00,ORIG-66719,RCVR-58423,380.08,Summit Health,Cedar Utilities,WA,IL,493,Direct deposit,CCD,Online banking,0
2a717384-df2f-40a8-87a1-3ec721e9bf31,2026-07-05T05:22:18.584976+00:00,ORIG-47409,RCVR-85327,581.05,Harbor Manufacturing,Avery Johnson,GA,CA,1192,Payroll,CCD,Online banking,0
efd16795-d822-4cd2-abc5-115b3028a00d,2026-08-17T06:16:18.584976+00:00,ORIG-83864,RCVR-52331,395.98,Pine Valley Foods,Brightline Supply,FL,WA,765,Direct deposit,PPD,File upload,0
a0fbbacc-0d97-4401-91a3-dd17a8f41d75,2026-06-30T02:33:18.584976+00:00,ORIG-42937,RCVR-52021,405.53,Summit Health,Avery Johnson,MA,NY,1324,Tax payment,PPD,API,0
d19198d0-2085-4498-aa11-32df05c00bf9,2026-07-23T10:16:18.584976+00:00,ORIG-38737,RCVR-58364,1554.6,Harbor Manufacturing,Cedar Utilities,CA,OH,1942,Tax payment,WEB,Online banking,0
5bfc9888-c6ed-45d4-aefe-f7446ca5cb2e,2026-07-02T04:19:18.584976+00:00,ORIG-32542,RCVR-11989,264.32,Summit Health,Maple Consulting,CO,TX,730,Bill payment,WEB,Branch initiated,0
a792f05a-19e8-4145-882b-c1f58a7b6fc6,2026-07-14T02:22:18.584976+00:00,ORIG-31395,RCVR-28200,426.04,Pine Valley Foods,Maple Consulting,NY,NC,714,Direct deposit,CCD,Online banking,0
ffc37c52-bd03-4c0b-9bbe-a4b2065c5ccc,2026-07-28T16:55:18.584976+00:00,ORIG-89604,RCVR-55139,1015.76,Harbor Manufacturing,Maple Consulting,GA,TX,2778,Payroll,CCD,Online banking,0
6e3aa5ef-71d1-401b-9055-2a7ba953b499,2026-07-24T21:25:18.584976+00:00,ORIG-60669,RCVR-96578,310.89,Harbor Manufacturing,Cedar Utilities,CA,FL,2733,Vendor payment,CCD,Online banking,0
066d1024-70f9-4a0b-ba3b-745a4ae27759,2026-06-23T08:50:18.584976+00:00,ORIG-19597,RCVR-14017,144.45,Pine Valley Foods,Brightline Supply,GA,TX,3434,Direct deposit,CCD,File upload,0
919f18c9-ec89-4fad-bd65-08a0778bc5c8,2026-06-23T20:36:18.584976+00:00,ORIG-93850,RCVR-73747,378.74,Harbor Manufacturing,Maple Consulting,NC,NC,3078,Payroll,WEB,Branch initiated,0
bffccacf-ea0c-4585-88bd-dae86f9360e1,2026-08-13T14:52:18.584976+00:00,ORIG-10201,RCVR-82260,218.67,Pine Valley Foods,Cedar Utilities,CA,IL,2286,Vendor payment,CCD,Online banking,0
b7773b0c-c8b1-4514-9911-34a75cd7fc5d,2026-08-13T02:56:18.584976+00:00,ORIG-72348,RCVR-91379,232.12,Harbor Manufacturing,Brightline Supply,NY,NY,2524,Vendor payment,PPD,Online banking,0
24e45f49-de74-4a92-be40-6a202f0bbd23,2026-07-19T01:52:18.584976+00:00,ORIG-69115,RCVR-33784,226.95,Summit Health,Maple Consulting,NY,NY,1390,Payroll,PPD,Branch initiated,0
7007dfe5-7e9d-42dc-a6a6-f84345a224b8,2026-06-21T22:15:18.584976+00:00,ORIG-34471,RCVR-22220,428.22,Northstar Services,Cedar Utilities,OH,MA,144,Vendor payment,WEB,Online banking,0
4ae9b860-44ec-4947-99ac-dc7575d5d580,2026-07-03T11:57:18.584976+00:00,ORIG-80022,RCVR-74118,1052.55,Harbor Manufacturing,Brightline Supply,NC,WA,1894,Bill payment,WEB,API,0
2f81e294-f4c2-4c36-b790-9c3733a674cb,2026-06-28T08:18:18.584976+00:00,ORIG-96951,RCVR-75925,569.39,Harbor Manufacturing,Maple Consulting,GA,MA,1572,Tax payment,WEB,Branch initiated,0
b78863db-9068-452e-9702-6516087a6775,2026-07-29T14:29:18.584976+00:00,ORIG-54608,RCVR-41633,271.3,Pine Valley Foods,Avery Johnson,FL,OH,3492,Direct deposit,WEB,API,0
2f7292de-3a6c-4656-9ef1-f6dc0180ce67,2026-06-23T02:34:18.584976+00:00,ORIG-68340,RCVR-94521,448.99,Summit Health,Avery Johnson,IL,NC,2118,Direct deposit,PPD,File upload,0
40649c95-4d7e-4f18-9a2d-04be526c6fe7,2026-08-13T17:09:18.584976+00:00,ORIG-91054,RCVR-48086,534.31,Harbor Manufacturing,Brightline Supply,TX,MA,2919,Tax payment,CCD,File upload,0
a7f83d70-a25a-40a8-8db8-5ffbc94b0408,2026-08-05T02:44:18.584976+00:00,ORIG-92623,RCVR-16771,364.97,Northstar Services,Cedar Utilities,VA,MA,2340,Direct deposit,PPD,Online banking,0
69385c51-dec4-4db1-8fc2-170b1463604d,2026-08-02T22:46:18.584976+00:00,ORIG-56278,RCVR-48280,549.65,Summit Health,Maple Consulting,TX,NC,2271,Vendor payment,PPD,Online banking,0
06795750-8f01-4da6-99b4-9522acae216b,2026-07-01T18:40:18.584976+00:00,ORIG-13952,RCVR-22768,407.49,Harbor Manufacturing,Brightline Supply,CO,CA,1706,Tax payment,PPD,Online banking,0
11b36a03-0d69-41b6-9591-a69658a123b4,2026-07-22T18:00:18.584976+00:00,ORIG-86830,RCVR-54590,873.54,Northstar Services,Cedar Utilities,NY,MA,1630,Direct deposit,PPD,API,0
66369797-09ed-44ca-97f7-d698f073b353,2026-08-19T13:51:18.584976+00:00,ORIG-44756,RCVR-92727,819.09,Harbor Manufacturing,Maple Consulting,CA,CA,2701,Vendor payment,CCD,File upload,0
708f5352-4998-4333-9d9f-06a20131b5a4,2026-06-23T11:57:18.584976+00:00,ORIG-87216,RCVR-61652,545.03,Summit Health,Cedar Utilities,WA,WA,1220,Tax payment,PPD,File upload,0
ee72bfa5-6ca8-45cc-8e58-cb75e5e4c265,2026-07-20T10:05:18.584976+00:00,ORIG-70915,RCVR-30353,238.45,Harbor Manufacturing,Avery Johnson,CO,TX,1050,Vendor payment,PPD,Online banking,0
22f7d60a-b23e-41ce-bcc3-3699055f8af9,2026-07-12T12:43:18.584976+00:00,ORIG-99108,RCVR-73446,616.78,Summit Health,Maple Consulting,VA,NY,3275,Bill payment,WEB,File upload,0
26de5cfa-9e06-46f0-ab25-ec13d525f97e,2026-07-22T11:35:18.584976+00:00,ORIG-11189,RCVR-49263,223.44,Summit Health,Avery Johnson,VA,CO,1957,Payroll,WEB,File upload,0
de81cf36-e8f5-462f-b2b1-74484c5112a5,2026-06-24T17:08:18.584976+00:00,ORIG-64124,RCVR-21185,251.82,Northstar Services,Maple Consulting,OH,CA,1690,Tax payment,CCD,File upload,0
7ddacfe7-8d05-4bf0-ae8c-886270854889,2026-07-27T00:12:18.584976+00:00,ORIG-70222,RCVR-25690,696.39,Pine Valley Foods,Cedar Utilities,WA,CO,1735,Tax payment,WEB,File upload,0
866eb4b3-b096-44da-bebf-c34dd721eb8d,2026-08-16T06:20:18.584976+00:00,ORIG-60706,RCVR-85080,838.95,Harbor Manufacturing,Brightline Supply,MA,GA,1826,Direct deposit,CCD,Online banking,0
d9c1ebe0-99a4-44f2-a911-70239daae132,2026-08-19T21:30:18.584976+00:00,ORIG-17259,RCVR-96663,418.83,Summit Health,Brightline Supply,OH,CO,2440,Bill payment,CCD,File upload,0
fa13e567-d8e7-40d9-8b6a-64e55b74cd71,2026-07-27T10:57:18.584976+00:00,ORIG-98923,RCVR-19434,103.9,Pine Valley Foods,Maple Consulting,NC,WA,2619,Tax payment,PPD,API,0
baec6fc6-561e-4959-9446-ea04dbcda363,2026-07-30T07:45:18.584976+00:00,ORIG-33075,RCVR-67854,568.11,Harbor Manufacturing,Maple Consulting,TX,NC,2378,Payroll,WEB,Online banking,0
29e64802-664c-4a58-9ca0-9a939f649900,2026-06-24T13:12:18.584976+00:00,ORIG-62546,RCVR-38535,515.24,Northstar Services,Avery Johnson,MA,NC,596,Payroll,PPD,Online banking,0
be2c3d7e-1dc7-4ae4-8e95-79724d1d3965,2026-08-13T19:47:18.584976+00:00,ORIG-76901,RCVR-70597,968.32,Northstar Services,Cedar Utilities,CA,NY,372,Vendor payment,WEB,API,0
a991c7c1-4342-462c-ba21-26f17a8dafda,2026-08-03T01:36:18.584976+00:00,ORIG-72445,RCVR-92810,328.0,Pine Valley Foods,Maple Consulting,WA,WA,2576,Vendor payment,WEB,Online banking,0
fb7385ca-8125-4af3-9946-df751cee7d1c,2026-07-02T07:49:18.584976+00:00,ORIG-18020,RCVR-53861,425.02,Harbor Manufacturing,Cedar Utilities,NY,NY,3157,Payroll,CCD,Online banking,0
47e4d170-edf2-45b3-9474-2eb0f1939fbb,2026-08-04T06:34:18.584976+00:00,ORIG-89820,RCVR-88816,223.13,Northstar Services,Cedar Utilities,TX,NC,3369,Direct deposit,PPD,Online banking,0
98f9b940-3d8d-45de-9de4-f8e7a642b851,2026-08-09T06:24:18.584976+00:00,ORIG-23745,RCVR-37806,409.48,Pine Valley Foods,Maple Consulting,GA,WA,3341,Bill payment,CCD,Online banking,0
98385e6b-bcf6-44c6-aee8-a4e409b43d39,2026-08-14T23:56:18.584976+00:00,ORIG-47634,RCVR-19927,374.14,Harbor Manufacturing,Maple Consulting,OH,OH,3040,Tax payment,PPD,API,0
75b48317-2583-4699-84cd-5a836ad39b1b,2026-08-05T03:02:18.584976+00:00,ORIG-18273,RCVR-87389,747.94,Harbor Manufacturing,Maple Consulting,VA,MA,2731,Bill payment,CCD,API,0
b6b7e670-8970-44f7-abb1-db1ca8eeb51a,2026-08-06T14:34:18.584976+00:00,ORIG-57386,RCVR-26992,2121.25,Harbor Manufacturing,Maple Consulting,WA,MA,1792,Vendor payment,PPD,File upload,0
c3ac28d7-26fe-48e1-bf43-2d2ad9e65c1e,2026-08-07T01:49:18.584976+00:00,ORIG-33243,RCVR-89738,325.33,Pine Valley Foods,Brightline Supply,OH,WA,3499,Direct deposit,WEB,API,0
f1df456a-fddd-4b69-b8ee-a52dc7135f76,2026-08-11T09:34:18.584976+00:00,ORIG-88463,RCVR-95055,393.96,Summit Health,Cedar Utilities,GA,MA,2157,Bill payment,WEB,API,0
b778c311-b5e6-4bae-8b89-0541d96f3175,2026-07-14T07:40:18.584976+00:00,ORIG-14433,RCVR-69618,112.36,Pine Valley Foods,Brightline Supply,MA,MA,2213,Direct deposit,CCD,Online banking,0
797c9613-4c6c-4bf6-ae4c-1e1215ffa404,2026-07-23T14:11:18.584976+00:00,ORIG-98820,RCVR-54357,505.58,Northstar Services,Avery Johnson,MA,CA,1724,Direct deposit,WEB,API,0
c546462a-00a0-4ed0-9088-b2152a8d4156,2026-07-28T04:30:18.584976+00:00,ORIG-87105,RCVR-37806,158.87,Summit Health,Maple Consulting,NC,CO,3220,Bill payment,CCD,File upload,0
59202233-d449-48a6-b1b3-77b97f42339f,2026-07-29T19:18:18.584976+00:00,ORIG-68223,RCVR-68023,314.48,Harbor Manufacturing,Maple Consulting,GA,IL,607,Vendor payment,WEB,Online banking,0
6abbe22b-b8d9-4003-945f-1f57c166588e,2026-08-05T08:31:18.584976+00:00,ORIG-55210,RCVR-10067,393.68,Pine Valley Foods,Brightline Supply,TX,CO,3631,Direct deposit,PPD,Online banking,0
d1faa8b4-2296-4b3c-9a8d-b05f396cfac3,2026-07-23T08:14:18.584976+00:00,ORIG-88680,RCVR-47983,351.22,Northstar Services,Cedar Utilities,FL,CO,110,Tax payment,CCD,File upload,0
95b5fa87-62ea-4762-b8c6-66315e375347,2026-06-23T10:53:18.584976+00:00,ORIG-19966,RCVR-45347,27.41,Harbor Manufacturing,Maple Consulting,FL,TX,1680,Direct deposit,PPD,API,0
514b817a-fe13-4bf8-8f2c-899acf3d4bc1,2026-07-22T23:48:18.584976+00:00,ORIG-22207,RCVR-67551,363.64,Harbor Manufacturing,Maple Consulting,TX,OH,1809,Tax payment,WEB,Online banking,0
0cda9a82-a7c5-4c52-83c8-7879e43be62f,2026-07-10T20:34:18.584976+00:00,ORIG-88066,RCVR-99524,372.19,Harbor Manufacturing,Cedar Utilities,OH,WA,3277,Tax payment,WEB,Online banking,0
d4c91dad-ad3a-4ca8-a99d-0eaeb8d3481f,2026-07-27T23:09:18.584976+00:00,ORIG-61157,RCVR-18456,773.95,Summit Health,Brightline Supply,WA,TX,1390,Direct deposit,CCD,API,0
346075b9-e8b2-4aa9-ab1d-f3cac3f3aa9a,2026-07-07T20:32:18.584976+00:00,ORIG-30684,RCVR-20401,411.64,Pine Valley Foods,Brightline Supply,NY,VA,1822,Bill payment,CCD,Branch initiated,0
e825e428-cb50-4169-9324-ef8b04be7e8d,2026-08-14T05:39:18.584976+00:00,ORIG-81864,RCVR-83765,270.39,Summit Health,Cedar Utilities,TX,CO,2741,Tax payment,PPD,Online banking,0
c1825e06-9598-4ebd-933f-fd48321a4485,2026-08-03T19:06:18.584976+00:00,ORIG-13731,RCVR-17829,282.23,Harbor Manufacturing,Avery Johnson,CA,VA,466,Direct deposit,PPD,Online banking,0
d5c59cb7-a968-48c7-b873-ff64eaada30c,2026-07-01T17:50:18.584976+00:00,ORIG-84353,RCVR-18802,295.57,Pine Valley Foods,Cedar Utilities,CA,MA,1676,Vendor payment,WEB,File upload,0
77e8630d-0659-4172-a08c-28ec1a534530,2026-07-09T03:10:18.584976+00:00,ORIG-89962,RCVR-40709,1793.18,Pine Valley Foods,Avery Johnson,FL,GA,1379,Vendor payment,PPD,Online banking,0
fc74afab-0d88-4116-a7b9-5c49e1411383,2026-08-03T03:02:18.584976+00:00,ORIG-71905,RCVR-51126,103.03,Northstar Services,Maple Consulting,MA,TX,2436,Direct deposit,PPD,API,0
22bb066a-2476-4f0f-b6c0-e90fdffb5cd7,2026-06-30T20:50:18.584976+00:00,ORIG-92954,RCVR-71694,1292.98,Pine Valley Foods,Maple Consulting,VA,MA,1742,Vendor payment,PPD,API,0
1c5b971d-0ac5-42ff-af0b-59272cdeac7e,2026-07-09T04:14:18.584976+00:00,ORIG-77563,RCVR-42408,310.1,Summit Health,Maple Consulting,TX,VA,2694,Tax payment,CCD,API,0
6ecce042-565c-4499-8c1b-27257613fe64,2026-07-22T04:32:18.584976+00:00,ORIG-99930,RCVR-94225,370.82,Harbor Manufacturing,Cedar Utilities,CA,CA,1639,Vendor payment,WEB,File upload,0
47b3917a-5e81-46e1-bc12-3579688152c1,2026-08-18T09:03:18.584976+00:00,ORIG-90236,RCVR-40319,349.4,Pine Valley Foods,Brightline Supply,CA,NY,2118,Vendor payment,CCD,Online banking,0
6923ead2-19bb-4f3d-93f4-e7e51d8b614c,2026-07-30T05:26:18.584976+00:00,ORIG-97911,RCVR-20277,1339.15,Harbor Manufacturing,Maple Consulting,TX,IL,114,Bill payment,CCD,API,1
ceb76867-9ed7-4815-82dd-a7fcd8e26dc5,2026-07-11T14:15:18.584976+00:00,ORIG-82563,RCVR-21869,244.98,Summit Health,Avery Johnson,VA,MA,2917,Bill payment,PPD,API,0
991d88ec-159d-4926-af09-9da36485c68a,2026-08-20T15:38:18.584976+00:00,ORIG-54398,RCVR-91079,363.98,Summit Health,Brightline Supply,WA,NC,2538,Bill payment,PPD,File upload,0
72b3a0ed-9dc7-482d-b4d7-fbc52c10b678,2026-08-18T15:58:18.584976+00:00,ORIG-63575,RCVR-89430,430.73,Summit Health,Maple Consulting,GA,CA,2244,Vendor payment,WEB,Online banking,0
23d9479c-c2d8-4ae1-9875-731ab6edff2c,2026-08-18T07:06:18.584976+00:00,ORIG-78248,RCVR-53725,651.32,Pine Valley Foods,Maple Consulting,FL,NY,3159,Vendor payment,PPD,Online banking,0
7b9e1444-02d7-4b20-8952-191302ed081b,2026-06-29T15:38:18.584976+00:00,ORIG-72014,RCVR-23556,705.75,Summit Health,Brightline Supply,CO,GA,3397,Tax payment,CCD,API,0
79c0c8b2-f699-44bf-a653-4b552a0402e0,2026-08-17T19:39:18.584976+00:00,ORIG-75779,RCVR-36763,358.66,Summit Health,Avery Johnson,IL,VA,2196,Direct deposit,CCD,Online banking,0
7ea59ad4-c97b-4f84-aa6b-537a95a15bf2,2026-07-14T04:36:18.584976+00:00,ORIG-73012,RCVR-58679,369.85,Harbor Manufacturing,Cedar Utilities,NC,NY,3087,Bill payment,CCD,Online banking,0
3cdc7fb7-e3dc-401a-ba16-86df0abf20f9,2026-08-20T13:55:18.584976+00:00,ORIG-97698,RCVR-67923,166.88,Summit Health,Brightline Supply,WA,VA,3381,Tax payment,WEB,API,0
fb96c55f-3d56-4ee6-9455-f56bc1856f44,2026-07-06T03:25:18.584976+00:00,ORIG-80854,RCVR-51963,203.86,Harbor Manufacturing,Maple Consulting,CA,VA,2065,Bill payment,CCD,File upload,0
7c8c12bb-e09d-48c5-8e82-d8c8510db874,2026-06-24T13:47:18.584976+00:00,ORIG-30043,RCVR-47765,609.27,Northstar Services,Avery Johnson,OH,CA,244,Direct deposit,WEB,Branch initiated,0
5de319bc-def0-4738-952b-3695a14c3820,2026-07-24T06:37:18.584976+00:00,ORIG-59673,RCVR-11805,2773.99,Northstar Services,Maple Consulting,CO,NC,354,Bill payment,WEB,Online banking,0
47fba676-3a27-4633-88c3-a0919a5f2af2,2026-07-17T01:06:18.584976+00:00,ORIG-94922,RCVR-47294,323.21,Northstar Services,Cedar Utilities,CO,GA,186,Payroll,PPD,File upload,0
c15bea5e-badd-4ba9-8732-6f2eb0c7fd09,2026-07-23T11:09:18.584976+00:00,ORIG-93980,RCVR-82578,476.38,Pine Valley Foods,Brightline Supply,IL,CA,3582,Tax payment,WEB,API,0
433ddd65-21d4-456c-bff2-54897032d148,2026-06-22T14:45:18.584976+00:00,ORIG-91764,RCVR-41718,841.7,Harbor Manufacturing,Maple Consulting,TX,IL,3493,Tax payment,PPD,Branch initiated,0
0f5aabda-d21d-4c5a-9e23-b435c21e4cf3,2026-07-31T08:23:18.584976+00:00,ORIG-83717,RCVR-38512,355.27,Summit Health,Cedar Utilities,NC,GA,1248,Bill payment,CCD,File upload,0
b1b372af-3783-4795-92d4-d81fe9119ea9,2026-08-11T23:58:18.584976+00:00,ORIG-38957,RCVR-40895,1995.99,Harbor Manufacturing,Avery Johnson,OH,WA,3570,Vendor payment,CCD,Online banking,0
032ea775-aa52-43f7-a39e-85f3a2111339,2026-06-23T23:00:18.584976+00:00,ORIG-63342,RCVR-62609,1460.98,Pine Valley Foods,Avery Johnson,TX,VA,1066,Bill payment,PPD,API,0
d516cb8e-09a3-408b-98db-5908b7cb0321,2026-07-01T21:40:18.584976+00:00,ORIG-82107,RCVR-81268,4870.51,Summit Health,Maple Consulting,WA,WA,27,Bill payment,PPD,File upload,1
ef94ef3f-9a8f-472e-a1c0-b214f7721246,2026-07-17T14:03:18.584976+00:00,ORIG-84007,RCVR-85962,1295.58,Summit Health,Brightline Supply,NY,CA,475,Direct deposit,CCD,Branch initiated,0
08150424-1ba6-4314-ab59-91e24ecc077c,2026-06-30T19:04:18.584976+00:00,ORIG-92143,RCVR-81509,609.27,Harbor Manufacturing,Maple Consulting,CA,GA,2252,Payroll,CCD,Online banking,0
e373fcd4-9878-4308-894e-120ee259edf7,2026-07-17T04:07:18.584976+00:00,ORIG-60469,RCVR-30114,268.13,Harbor Manufacturing,Maple Consulting,IL,NC,1432,Vendor payment,CCD,Online banking,0
6d5082ea-3e0e-4913-ac4c-d3b1ef75cb7d,2026-07-11T16:17:18.584976+00:00,ORIG-61729,RCVR-32572,393.98,Pine Valley Foods,Cedar Utilities,OH,NY,2276,Payroll,WEB,API,0
a7f79964-c716-4a82-8a1a-e66c42697545,2026-07-05T19:57:18.584976+00:00,ORIG-71111,RCVR-40348,1757.06,Pine Valley Foods,Avery Johnson,NY,CO,387,Direct deposit,PPD,File upload,0
5c4f5cc2-cef4-478b-b810-047c3ca95892,2026-08-05T03:40:18.584976+00:00,ORIG-43092,RCVR-68693,97.96,Northstar Services,Maple Consulting,CO,IL,1077,Payroll,CCD,Online banking,0
01a2002a-6fc9-4051-b5b1-327b40b212f0,2026-07-28T01:48:18.584976+00:00,ORIG-96454,RCVR-75565,620.01,Pine Valley Foods,Maple Consulting,MA,VA,1513,Bill payment,PPD,API,0
108164c6-ef4e-4494-8644-c752b25c36c3,2026-06-29T15:57:18.584976+00:00,ORIG-70674,RCVR-83099,511.44,Northstar Services,Cedar Utilities,CO,GA,1757,Vendor payment,PPD,API,0
7a2aa891-3afd-48c0-9aa0-39fe3e06ca1b,2026-07-02T00:16:18.584976+00:00,ORIG-87886,RCVR-61403,301.27,Harbor Manufacturing,Brightline Supply,NY,GA,1948,Direct deposit,PPD,File upload,0
ddb8c6b2-2657-4635-a201-bbf3949c9dbb,2026-07-07T15:08:18.584976+00:00,ORIG-50762,RCVR-67220,548.92,Harbor Manufacturing,Cedar Utilities,VA,CO,785,Bill payment,PPD,Online banking,0
71b4cd81-763b-4a34-a6a5-c9d7df2e0e81,2026-07-20T18:29:18.584976+00:00,ORIG-28792,RCVR-66392,243.43,Pine Valley Foods,Avery Johnson,OH,GA,505,Bill payment,CCD,Online banking,0
de7728fe-1865-4636-b35a-c37aca95ef68,2026-08-20T01:03:18.584976+00:00,ORIG-27370,RCVR-92369,823.24,Harbor Manufacturing,Brightline Supply,MA,IL,1508,Direct deposit,WEB,API,0
b57ae714-0ad2-444e-b01d-c36bbd89c17c,2026-08-15T05:34:18.584976+00:00,ORIG-78890,RCVR-32534,338.31,Northstar Services,Maple Consulting,IL,VA,135,Vendor payment,WEB,API,0
b7e47b9a-47e4-454d-92e7-24230f897657,2026-07-07T08:52:18.584976+00:00,ORIG-42536,RCVR-29850,224.95,Summit Health,Maple Consulting,CO,WA,635,Direct deposit,PPD,Online banking,0
a957cc78-d7b8-4854-b236-aa4405d7818c,2026-07-12T18:07:18.584976+00:00,ORIG-54006,RCVR-76402,836.84,Northstar Services,Cedar Utilities,NC,TX,1830,Direct deposit,CCD,API,0
8a722ada-5242-4e45-8028-de945c976aef,2026-08-07T02:30:18.584976+00:00,ORIG-89573,RCVR-90029,190.15,Pine Valley Foods,Avery Johnson,IL,IL,2611,Direct deposit,PPD,Branch initiated,0
b7948c62-0adc-420a-91fc-aa21f6fc64e2,2026-07-15T03:29:18.584976+00:00,ORIG-89106,RCVR-10599,325.97,Harbor Manufacturing,Brightline Supply,IL,WA,1800,Tax payment,PPD,File upload,0
672238c8-1f0a-4443-9761-87b9d06696b9,2026-08-17T23:07:18.584976+00:00,ORIG-37052,RCVR-24064,487.5,Summit Health,Maple Consulting,NC,CO,1240,Payroll,PPD,API,0
6c906ebc-f632-4726-83b8-5ff92a494b9f,2026-07-03T05:55:18.584976+00:00,ORIG-95745,RCVR-51798,172.4,Northstar Services,Avery Johnson,GA,CO,2216,Payroll,PPD,Online banking,0
465e51a1-7fd5-482b-a647-6372ba5daca2,2026-08-08T13:11:18.584976+00:00,ORIG-39108,RCVR-75632,172.08,Harbor Manufacturing,Brightline Supply,CO,TX,3175,Vendor payment,WEB,API,0
746e38d7-ae12-4b69-9527-6bd437f0991e,2026-08-12T06:35:18.584976+00:00,ORIG-21349,RCVR-51618,1089.13,Northstar Services,Avery Johnson,GA,IL,52,Tax payment,CCD,File upload,0
bd623898-a3dc-4da4-b9ba-bce1d6512f50,2026-07-30T09:37:18.584976+00:00,ORIG-47972,RCVR-62058,247.43,Northstar Services,Brightline Supply,MA,CA,3536,Direct deposit,WEB,API,0
f84ca327-42a3-4a70-96b7-5278d2f9de54,2026-08-08T20:30:18.584976+00:00,ORIG-93666,RCVR-82123,663.52,Pine Valley Foods,Maple Consulting,MA,CO,178,Direct deposit,PPD,Online banking,0
82637b19-24f1-49ec-a212-0d1064eb781e,2026-07-03T16:03:18.584976+00:00,ORIG-72923,RCVR-90419,253.2,Summit Health,Avery Johnson,CO,MA,3623,Tax payment,PPD,Online banking,0
517b2525-8565-4df5-8d50-37270d4e972b,2026-06-26T04:00:18.584976+00:00,ORIG-65397,RCVR-79595,434.38,Summit Health,Maple Consulting,MA,FL,382,Direct deposit,WEB,Branch initiated,0
df7214bf-08e9-4d5a-b7fd-6282dcbfcf12,2026-08-05T22:18:18.584976+00:00,ORIG-39626,RCVR-71740,1398.95,Pine Valley Foods,Avery Johnson,CA,NY,340,Bill payment,PPD,API,0
904d989d-992b-40c6-b1fb-151d7ca20ec6,2026-08-03T02:28:18.584976+00:00,ORIG-13429,RCVR-16822,379.29,Harbor Manufacturing,Maple Consulting,TX,FL,2672,Bill payment,CCD,Online banking,0
0968fca4-f4df-4bc3-b8c1-1718fd630740,2026-07-22T03:31:18.584976+00:00,ORIG-78607,RCVR-80026,212.08,Pine Valley Foods,Avery Johnson,NY,TX,2184,Payroll,CCD,Branch initiated,0
399412cc-3711-4953-897f-e7a44b2cabfc,2026-08-06T22:57:18.584976+00:00,ORIG-27718,RCVR-85352,980.93,Summit Health,Brightline Supply,GA,FL,154,Payroll,CCD,API,0
865db72b-681b-4761-b4c8-99bebf14b922,2026-07-29T04:55:18.584976+00:00,ORIG-58211,RCVR-48225,408.55,Pine Valley Foods,Avery Johnson,IL,NY,1277,Bill payment,WEB,Online banking,0
f474b327-6813-492f-a98f-79871abaac48,2026-07-02T03:33:18.584976+00:00,ORIG-85233,RCVR-32767,217.24,Harbor Manufacturing,Maple Consulting,NY,VA,2454,Tax payment,PPD,API,0
ef902c6c-5426-4cc1-ade8-d438a8ccc5f3,2026-07-19T23:03:18.584976+00:00,ORIG-57907,RCVR-94977,767.15,Northstar Services,Cedar Utilities,VA,VA,1001,Tax payment,CCD,Online banking,0
1a605cea-239c-48f7-bf56-ba8fc395ea49,2026-08-19T14:44:18.584976+00:00,ORIG-70918,RCVR-14108,2025.47,Northstar Services,Brightline Supply,NY,WA,2408,Tax payment,PPD,Online banking,0
4ff9ba4d-eb0c-4411-b036-3a3af17dc802,2026-08-01T18:52:18.584976+00:00,ORIG-65130,RCVR-86111,314.47,Summit Health,Cedar Utilities,MA,VA,3633,Tax payment,WEB,Online banking,0
90bd8c95-f9b4-4fcb-9f06-ac2cc716fba4,2026-08-01T20:21:18.584976+00:00,ORIG-31807,RCVR-32826,546.07,Summit Health,Avery Johnson,CA,NC,1590,Bill payment,PPD,File upload,0
375e722b-bc4c-408b-b29c-82e5961568e5,2026-07-15T13:42:18.584976+00:00,ORIG-25331,RCVR-59694,112.3,Northstar Services,Cedar Utilities,GA,GA,641,Vendor payment,PPD,Online banking,0
99e01d3d-70fc-450f-9138-dc63a0cdead1,2026-07-08T14:02:18.584976+00:00,ORIG-88913,RCVR-86294,339.8,Harbor Manufacturing,Cedar Utilities,NY,CO,191,Bill payment,PPD,API,0
9423be96-1e9c-4df3-b557-ee237ce4d301,2026-06-23T21:17:18.584976+00:00,ORIG-19647,RCVR-88383,157.38,Northstar Services,Avery Johnson,CA,OH,3270,Vendor payment,WEB,Online banking,0
9e202b64-580d-4204-87cd-8e22c6bc130a,2026-07-13T21:06:18.584976+00:00,ORIG-58376,RCVR-21406,267.42,Summit Health,Maple Consulting,MA,TX,450,Vendor payment,WEB,Branch initiated,0
39a80b8b-dfe2-4fbe-af38-6d2778eb03a2,2026-08-07T04:38:18.584976+00:00,ORIG-72775,RCVR-22820,262.79,Northstar Services,Maple Consulting,OH,NC,90,Vendor payment,CCD,API,0
5eea70f8-f8a5-4b25-b3ea-11959883998a,2026-08-03T06:16:18.584976+00:00,ORIG-68169,RCVR-47689,474.67,Northstar Services,Cedar Utilities,NY,NY,352,Direct deposit,CCD,Online banking,0
3444ead4-b229-4d01-97b6-138ff8d947ad,2026-08-09T03:45:18.584976+00:00,ORIG-91020,RCVR-74644,345.27,Harbor Manufacturing,Brightline Supply,VA,TX,2160,Direct deposit,WEB,API,0
76a459c4-27c7-4940-a899-428f44a475cd,2026-07-04T03:33:18.584976+00:00,ORIG-62565,RCVR-82592,390.49,Pine Valley Foods,Avery Johnson,WA,CO,3548,Payroll,PPD,Online banking,0
79398884-7c2b-49d0-ad13-dcaaca4666b6,2026-08-06T01:32:18.584976+00:00,ORIG-48372,RCVR-75634,370.94,Harbor Manufacturing,Cedar Utilities,CO,FL,2757,Vendor payment,CCD,Online banking,0
3480c79a-d926-4807-91af-890bea6c84e2,2026-07-09T01:50:18.584976+00:00,ORIG-22112,RCVR-85152,335.22,Northstar Services,Maple Consulting,WA,IL,1302,Payroll,WEB,Online banking,0
23e44bfe-4e6a-4667-87c7-e5fed4be186e,2026-08-20T09:44:18.584976+00:00,ORIG-95135,RCVR-21896,493.09,Summit Health,Maple Consulting,CA,CO,426,Vendor payment,CCD,Online banking,0
bf846b81-458c-4fcc-b3f2-43b56ef86ff7,2026-07-31T16:16:18.584976+00:00,ORIG-92767,RCVR-95193,1247.21,Northstar Services,Maple Consulting,VA,OH,1561,Bill payment,CCD,Online banking,0
1b2a996f-4070-4fc6-bf31-a248f9ce2c6a,2026-08-18T01:31:18.584976+00:00,ORIG-95191,RCVR-51575,1487.65,Harbor Manufacturing,Brightline Supply,CO,VA,2908,Direct deposit,WEB,File upload,0
7a95be7d-c95b-4362-b830-b8f80783d332,2026-08-07T07:57:18.584976+00:00,ORIG-65200,RCVR-46721,606.59,Pine Valley Foods,Cedar Utilities,CO,CO,2708,Payroll,PPD,Online banking,0
ab199345-a61b-4214-8c2f-392b6d51ee3d,2026-07-08T19:08:18.584976+00:00,ORIG-61872,RCVR-67212,1232.59,Pine Valley Foods,Cedar Utilities,IL,VA,521,Vendor payment,PPD,API,0
7196da8c-e773-4ccc-8cb3-9b181a045d53,2026-07-25T02:33:18.584976+00:00,ORIG-65407,RCVR-77005,122.77,Harbor Manufacturing,Maple Consulting,CO,CO,2449,Bill payment,PPD,API,0
e905fda7-e7e3-46d5-8153-a1b639260df3,2026-07-21T02:14:18.584976+00:00,ORIG-65387,RCVR-61237,278.78,Harbor Manufacturing,Brightline Supply,GA,IL,773,Vendor payment,PPD,Branch initiated,0
3f99468c-5fa9-4a26-9cc0-4156cfa32f39,2026-07-27T05:55:18.584976+00:00,ORIG-66380,RCVR-14421,135.47,Harbor Manufacturing,Cedar Utilities,MA,CA,2626,Direct deposit,WEB,File upload,0
f4f1196e-c5a4-4ed6-9165-e644960922e6,2026-07-29T19:36:18.584976+00:00,ORIG-75059,RCVR-81214,449.42,Northstar Services,Maple Consulting,VA,CA,2805,Bill payment,CCD,File upload,0
ad634ebd-70c1-4435-83df-f65117cd08ac,2026-08-15T23:34:18.584976+00:00,ORIG-11794,RCVR-45951,571.88,Northstar Services,Cedar Utilities,OH,GA,3433,Direct deposit,PPD,Online banking,0
6cfac6aa-20d7-4c11-8755-645b370ee58c,2026-07-31T13:33:18.584976+00:00,ORIG-89784,RCVR-71446,763.8,Pine Valley Foods,Maple Consulting,VA,VA,386,Direct deposit,WEB,File upload,0
cb50896c-e24e-4d0c-ac5c-dd92a18df4f0,2026-08-06T15:10:18.584976+00:00,ORIG-20027,RCVR-97262,654.15,Summit Health,Cedar Utilities,MA,GA,77,Payroll,WEB,Online banking,0
b8d60726-5a86-46b5-8c0f-06963db485e6,2026-07-22T01:06:18.584976+00:00,ORIG-68679,RCVR-45214,936.11,Northstar Services,Cedar Utilities,OH,TX,1453,Payroll,WEB,Online banking,0
c92c79a4-07aa-40c0-8863-2dfe82f59b97,2026-06-29T22:10:18.584976+00:00,ORIG-44983,RCVR-68577,351.5,Pine Valley Foods,Maple Consulting,CO,OH,843,Tax payment,WEB,API,0
cead827d-a472-491f-b0be-e1bd85e17367,2026-08-05T04:56:18.584976+00:00,ORIG-22432,RCVR-21846,179.4,Harbor Manufacturing,Cedar Utilities,NC,VA,2648,Tax payment,PPD,API,0
98c0f8c3-2726-45c2-a263-4ffed1194fb1,2026-07-03T08:41:18.584976+00:00,ORIG-17068,RCVR-61609,599.95,Pine Valley Foods,Avery Johnson,WA,VA,2737,Payroll,CCD,Branch initiated,0
d80c45ad-f020-452b-9aa8-c548ee0914b6,2026-07-21T14:42:18.584976+00:00,ORIG-30996,RCVR-37481,207.72,Pine Valley Foods,Avery Johnson,OH,FL,2043,Vendor payment,CCD,Online banking,0
5c3ac9eb-7d42-41a5-bf90-74ac896aa06f,2026-08-01T08:34:18.584976+00:00,ORIG-26159,RCVR-65655,276.15,Pine Valley Foods,Maple Consulting,MA,NC,3242,Vendor payment,CCD,API,0
830933e7-9dff-4643-b69c-87a2d8d13b92,2026-07-06T20:05:18.584976+00:00,ORIG-95269,RCVR-74474,712.93,Pine Valley Foods,Maple Consulting,GA,MA,3214,Payroll,WEB,File upload,0
d2d2d6ed-7dcd-4095-86c7-2dafec787118,2026-08-07T02:29:18.584976+00:00,ORIG-14546,RCVR-67578,745.75,Pine Valley Foods,Maple Consulting,IL,FL,131,Direct deposit,PPD,File upload,1
fb98ff91-faa8-4963-9836-41b3e4d450d9,2026-06-25T17:50:18.584976+00:00,ORIG-96836,RCVR-53160,2836.3,Pine Valley Foods,Cedar Utilities,MA,CA,3538,Tax payment,CCD,Online banking,0
f816ab9f-f06e-4a82-adb9-6e7e67a88099,2026-07-02T00:40:18.584976+00:00,ORIG-89544,RCVR-39325,528.29,Summit Health,Cedar Utilities,TX,WA,865,Direct deposit,WEB,Online banking,0
341d5368-c1ba-43e4-87de-e36a3caa5ecb,2026-08-07T07:04:18.584976+00:00,ORIG-23047,RCVR-65348,453.37,Northstar Services,Brightline Supply,WA,VA,1315,Payroll,PPD,API,0
9c0a9adb-4629-460c-bc0a-fb3899ba8187,2026-06-23T21:43:18.584976+00:00,ORIG-16648,RCVR-24012,283.56,Northstar Services,Maple Consulting,VA,GA,3135,Payroll,PPD,File upload,0
58b06b58-efe7-4ea9-a99d-5655d8084d38,2026-07-14T23:44:18.584976+00:00,ORIG-47794,RCVR-23577,72.7,Pine Valley Foods,Brightline Supply,IL,OH,744,Vendor payment,PPD,Branch initiated,0
5dbaa9fe-9599-4ab3-9b5e-684e4b393d94,2026-07-01T02:08:18.584976+00:00,ORIG-52172,RCVR-72195,151.74,Northstar Services,Cedar Utilities,GA,OH,2159,Bill payment,WEB,File upload,0
a400f212-86dc-48d6-a8f9-33d4d095f6b3,2026-07-04T14:19:18.584976+00:00,ORIG-26239,RCVR-39516,1931.8,Northstar Services,Maple Consulting,TX,FL,763,Vendor payment,CCD,API,0
ac3a9fdf-e82c-4081-88c2-1da9556a83d6,2026-07-04T21:33:18.584976+00:00,ORIG-68507,RCVR-18861,1648.89,Harbor Manufacturing,Avery Johnson,TX,GA,115,Tax payment,WEB,API,1
69cfc4a0-7bbb-4bb8-8e85-13b1b0826096,2026-06-27T08:53:18.584976+00:00,ORIG-10408,RCVR-35866,1222.69,Summit Health,Cedar Utilities,GA,OH,3034,Vendor payment,WEB,Online banking,0
aca8bf8c-19c2-438c-a5c9-2bf9057df4b6,2026-07-31T12:36:18.584976+00:00,ORIG-97968,RCVR-42795,314.78,Harbor Manufacturing,Maple Consulting,NY,CA,3509,Direct deposit,PPD,Online banking,0
8228ba0f-4771-4295-91cb-5543a462068b,2026-07-30T16:16:18.584976+00:00,ORIG-76545,RCVR-77998,1336.26,Pine Valley Foods,Brightline Supply,MA,VA,416,Payroll,WEB,Online banking,0
f39e23e8-fdbd-413f-878a-8983398aad4f,2026-07-01T07:10:18.584976+00:00,ORIG-40453,RCVR-77826,636.38,Harbor Manufacturing,Avery Johnson,TX,VA,2193,Bill payment,CCD,API,0
b3d78ad0-dd63-417e-8b2e-3cb069f704e4,2026-07-01T11:42:18.584976+00:00,ORIG-73743,RCVR-56413,167.43,Pine Valley Foods,Maple Consulting,MA,OH,3156,Bill payment,PPD,Online banking,0
78167487-6c33-4261-bec8-62b1203e209c,2026-07-30T11:25:18.584976+00:00,ORIG-12115,RCVR-59981,638.98,Summit Health,Maple Consulting,CA,NY,2642,Direct deposit,PPD,File upload,0
c07f5cf5-2a5a-4430-8993-58122b0986dd,2026-07-30T15:38:18.584976+00:00,ORIG-66459,RCVR-22228,308.27,Northstar Services,Cedar Utilities,TX,CO,2438,Vendor payment,CCD,Online banking,0
68df7ff6-ee68-4d0a-9472-f7311483e8ff,2026-08-10T11:15:18.584976+00:00,ORIG-17480,RCVR-40194,383.73,Summit Health,Maple Consulting,IL,VA,867,Payroll,CCD,Online banking,0
aeb2f6d1-3f6d-41e6-bd53-d5b3d61c0ac4,2026-07-02T20:12:18.584976+00:00,ORIG-47590,RCVR-58636,345.81,Pine Valley Foods,Avery Johnson,CA,CA,1604,Vendor payment,CCD,Online banking,0
f7057bbd-56b8-4428-b8df-8cc9267a6ec0,2026-07-24T16:14:18.584976+00:00,ORIG-45391,RCVR-72676,171.75,Pine Valley Foods,Brightline Supply,NC,OH,1317,Payroll,CCD,Branch initiated,0
cce1b777-b8f4-4153-9ddc-33f9f0d4e614,2026-08-08T14:52:18.584976+00:00,ORIG-53946,RCVR-38684,483.78,Summit Health,Maple Consulting,TX,CA,101,Direct deposit,PPD,Branch initiated,0
2e68cb6c-6fef-4a6b-aacd-e21844abda1a,2026-08-17T17:45:18.584976+00:00,ORIG-96695,RCVR-89343,450.62,Northstar Services,Brightline Supply,NY,OH,3088,Direct deposit,WEB,File upload,0
5aeab971-5896-42f2-ad81-ba013526c557,2026-07-27T21:50:18.584976+00:00,ORIG-68549,RCVR-80599,168.09,Northstar Services,Maple Consulting,NC,MA,229,Bill payment,PPD,Branch initiated,0
7deb9fb5-0ee1-498e-8629-e9f2e33598eb,2026-07-18T04:24:18.584976+00:00,ORIG-65027,RCVR-73484,445.72,Harbor Manufacturing,Avery Johnson,VA,MA,481,Direct deposit,WEB,API,0
5ade964f-8564-411c-9d4f-ba02a1309851,2026-07-23T02:15:18.584976+00:00,ORIG-41815,RCVR-14644,250.1,Northstar Services,Avery Johnson,TX,VA,2572,Payroll,CCD,File upload,0
ba73c5ac-ac44-4112-87af-b9addb0912ef,2026-07-20T01:49:18.584976+00:00,ORIG-60803,RCVR-92585,721.1,Summit Health,Avery Johnson,OH,CA,3210,Bill payment,CCD,Online banking,0
05971b85-d60e-49ca-8a07-fc26dfa62b4d,2026-07-04T14:23:18.584976+00:00,ORIG-15269,RCVR-48508,256.35,Northstar Services,Avery Johnson,CA,CA,3480,Bill payment,CCD,API,0
c4ac3e37-d971-4332-8dee-25854576b3be,2026-07-16T19:20:18.584976+00:00,ORIG-80187,RCVR-67766,336.32,Harbor Manufacturing,Brightline Supply,GA,IL,2261,Tax payment,WEB,Online banking,0
bf7167bb-e1e4-4aaf-951f-a7609a7f59cd,2026-07-26T04:23:18.584976+00:00,ORIG-68128,RCVR-65319,1446.86,Northstar Services,Avery Johnson,FL,MA,2855,Direct deposit,WEB,Online banking,0
2d3bc61e-03cd-44cf-b98e-6c1936afec9a,2026-08-13T15:38:18.584976+00:00,ORIG-32365,RCVR-97502,222.79,Northstar Services,Maple Consulting,OH,CO,1529,Payroll,WEB,API,0
5c5b8f2a-8b13-41b7-83d7-d24b773d7b3a,2026-07-18T08:16:18.584976+00:00,ORIG-50406,RCVR-41491,1107.29,Northstar Services,Cedar Utilities,TX,CA,3435,Payroll,CCD,Online banking,0
d45baa4f-07b4-4237-b7d3-8b002890c5dc,2026-06-24T07:57:18.584976+00:00,ORIG-73464,RCVR-96678,1616.42,Summit Health,Brightline Supply,IL,NY,500,Tax payment,CCD,Online banking,0
d07ebf51-1454-420d-854e-59fdcfeb7d0a,2026-08-15T13:58:18.584976+00:00,ORIG-23060,RCVR-64171,199.77,Harbor Manufacturing,Cedar Utilities,IL,NC,1160,Bill payment,WEB,API,0
bd48cb70-a4a8-4155-a41b-56b6cb9ebf6b,2026-08-04T11:14:18.584976+00:00,ORIG-97068,RCVR-81072,423.28,Pine Valley Foods,Brightline Supply,IL,CO,3552,Payroll,PPD,File upload,0
91484de1-fc79-46f0-b40a-2d0c94f708bc,2026-06-24T06:17:18.584976+00:00,ORIG-99220,RCVR-46575,785.92,Summit Health,Brightline Supply,WA,VA,2938,Bill payment,WEB,Online banking,0
d4e2853c-f59f-4b3d-b108-bc132e62dba1,2026-07-27T15:03:18.584976+00:00,ORIG-85399,RCVR-50075,463.45,Northstar Services,Avery Johnson,IL,OH,1393,Tax payment,CCD,File upload,0
6893fa14-8daa-4666-b6b5-cc967a3c28e6,2026-07-30T11:55:18.584976+00:00,ORIG-94457,RCVR-47905,574.8,Summit Health,Avery Johnson,TX,FL,1001,Direct deposit,CCD,API,0
66b70056-5cae-48d3-b8f6-ef7d6d4226b9,2026-07-08T09:42:18.584976+00:00,ORIG-71606,RCVR-36971,294.07,Summit Health,Avery Johnson,IL,TX,608,Bill payment,PPD,API,0
d1867ab7-a7b4-4aeb-a189-d9a9e6be61dd,2026-07-02T21:09:18.584976+00:00,ORIG-80546,RCVR-84927,273.37,Summit Health,Cedar Utilities,NC,FL,1773,Direct deposit,WEB,Branch initiated,0
df98d5f8-3864-458a-b18c-785cc1953551,2026-08-15T15:09:18.584976+00:00,ORIG-25793,RCVR-88825,129.45,Pine Valley Foods,Cedar Utilities,CO,TX,2658,Tax payment,PPD,Online banking,0
83954a2d-3006-450a-85b6-362393b283b2,2026-07-12T05:42:18.584976+00:00,ORIG-79592,RCVR-56535,309.72,Summit Health,Maple Consulting,NY,CA,2575,Bill payment,WEB,Online banking,0
6f2f9b0a-1b0e-4a30-a11e-4e2848e8505f,2026-08-01T12:08:18.584976+00:00,ORIG-95474,RCVR-97937,174.63,Summit Health,Maple Consulting,WA,TX,1138,Direct deposit,CCD,Branch initiated,0
5a50ead5-2713-4df6-9b3c-2bbfe4352ada,2026-08-10T18:02:18.584976+00:00,ORIG-71350,RCVR-17262,599.72,Pine Valley Foods,Cedar Utilities,MA,NY,1157,Bill payment,WEB,Online banking,0
309290b2-ca2f-48b7-91f1-87d80040b548,2026-06-23T14:36:18.584976+00:00,ORIG-91656,RCVR-80546,640.94,Harbor Manufacturing,Maple Consulting,TX,WA,1597,Vendor payment,CCD,Online banking,0
749589aa-4901-48a8-b881-9de7bfbb7615,2026-07-27T12:57:18.584976+00:00,ORIG-56784,RCVR-54123,172.97,Harbor Manufacturing,Maple Consulting,OH,IL,3085,Direct deposit,PPD,Online banking,0
805f6c17-7cb8-4be4-b8ac-c71194d8881e,2026-07-21T01:32:18.584976+00:00,ORIG-53773,RCVR-13458,1271.7,Harbor Manufacturing,Brightline Supply,FL,CA,659,Direct deposit,WEB,API,0
1695e871-efce-46a9-ae22-3de3bb27c75c,2026-07-03T19:06:18.584976+00:00,ORIG-72233,RCVR-60996,465.64,Harbor Manufacturing,Maple Consulting,WA,FL,3538,Vendor payment,WEB,File upload,0
4678ceda-468a-4757-a3c4-a831b18a6b32,2026-07-13T01:02:18.584976+00:00,ORIG-63706,RCVR-65531,759.74,Northstar Services,Brightline Supply,CA,GA,3586,Bill payment,CCD,API,0
c5803149-446a-4eb4-be04-7b880e00afde,2026-06-23T11:16:18.584976+00:00,ORIG-35761,RCVR-57232,348.59,Northstar Services,Avery Johnson,TX,IL,1455,Vendor payment,CCD,API,0
d49dd813-d086-4fb7-84be-725a6c1ee16a,2026-07-09T08:13:18.584976+00:00,ORIG-46463,RCVR-74352,117.27,Northstar Services,Maple Consulting,IL,FL,2385,Bill payment,PPD,File upload,0
1693a8c9-d94f-4ddd-8ac3-34ceb6db2af1,2026-07-09T00:08:18.584976+00:00,ORIG-33059,RCVR-55123,345.39,Northstar Services,Avery Johnson,MA,TX,1751,Tax payment,CCD,API,0
6ba1e29d-5c24-4526-b53a-798ed70f99c7,2026-07-08T03:07:18.584976+00:00,ORIG-17008,RCVR-72685,419.16,Northstar Services,Avery Johnson,FL,GA,3091,Bill payment,WEB,API,0
68fc173e-b13f-4333-8358-e15e973b1248,2026-08-07T23:32:18.584976+00:00,ORIG-40369,RCVR-33311,639.08,Summit Health,Brightline Supply,NY,IL,1154,Payroll,WEB,Online banking,0
1fcf9065-f8d2-47df-aca3-3ba8eb86a4e3,2026-07-17T07:48:18.584976+00:00,ORIG-90058,RCVR-90369,505.63,Northstar Services,Avery Johnson,VA,MA,3471,Bill payment,CCD,Branch initiated,0
1d29410a-c2a4-4daa-a458-28011535086d,2026-08-17T06:21:18.584976+00:00,ORIG-30406,RCVR-82521,458.64,Summit Health,Avery Johnson,CO,OH,338,Vendor payment,PPD,File upload,0
5c41e120-3d25-4b74-a577-98bbef58d01a,2026-07-30T20:58:18.584976+00:00,ORIG-58161,RCVR-89002,776.43,Summit Health,Maple Consulting,WA,CA,1041,Vendor payment,PPD,API,0
02938ac0-967e-4154-8b77-5213f70ef22d,2026-07-25T10:47:18.584976+00:00,ORIG-37237,RCVR-73133,1162.3,Harbor Manufacturing,Cedar Utilities,OH,VA,1230,Direct deposit,PPD,API,0
a28f4459-46f1-4a13-9dff-fd5be8124667,2026-07-08T05:20:18.584976+00:00,ORIG-92564,RCVR-52533,190.9,Northstar Services,Brightline Supply,VA,OH,3239,Vendor payment,WEB,File upload,0
e6ea6438-40b2-4b21-bafb-7ab2bfedf22a,2026-07-10T12:49:18.584976+00:00,ORIG-30759,RCVR-56891,322.02,Northstar Services,Cedar Utilities,CO,NC,1818,Tax payment,WEB,Online banking,0
b87cb8b6-ffee-456c-85a9-81ecd8bfee98,2026-06-22T06:24:18.584976+00:00,ORIG-76981,RCVR-42254,296.74,Summit Health,Brightline Supply,VA,WA,1891,Direct deposit,WEB,File upload,0
f21095fa-9c87-4b90-8327-d6512d20cbbe,2026-07-05T09:56:18.584976+00:00,ORIG-45179,RCVR-87924,347.22,Northstar Services,Brightline Supply,OH,TX,1968,Bill payment,CCD,File upload,0
9d0fa2d2-70c8-41a2-ae63-a1715cb6e6b9,2026-07-16T22:36:18.584976+00:00,ORIG-48609,RCVR-12360,2548.42,Summit Health,Maple Consulting,CO,CA,679,Tax payment,CCD,File upload,0
eb8cc4f2-016e-49a1-8ec0-a6576b81a7b5,2026-07-17T04:23:18.584976+00:00,ORIG-23150,RCVR-51516,130.78,Summit Health,Brightline Supply,WA,IL,578,Payroll,CCD,Online banking,0
5b82e530-0f74-48ea-ab7f-029dc2b19ae3,2026-08-13T19:11:18.584976+00:00,ORIG-23406,RCVR-84288,754.51,Northstar Services,Brightline Supply,CA,NY,1023,Vendor payment,CCD,Online banking,0
1b245f55-c624-4648-a505-1c70b46e6638,2026-08-04T11:11:18.584976+00:00,ORIG-23066,RCVR-48155,710.9,Summit Health,Brightline Supply,NY,OH,325,Tax payment,PPD,Online banking,0
20e7cc43-1de6-4998-89aa-3ffca9c4dcb6,2026-08-15T02:38:18.584976+00:00,ORIG-52375,RCVR-76998,171.24,Harbor Manufacturing,Cedar Utilities,CA,CO,3587,Payroll,PPD,API,0
8d1cfbc9-f57c-4d5f-95da-e18ce5cd12e5,2026-08-16T15:17:18.584976+00:00,ORIG-97042,RCVR-70446,975.11,Harbor Manufacturing,Brightline Supply,WA,CO,3483,Direct deposit,PPD,API,0
71efb4c4-b9c9-4c5b-a01c-f87d6ba67ed6,2026-07-30T08:49:18.584976+00:00,ORIG-96371,RCVR-15805,290.87,Northstar Services,Avery Johnson,NY,VA,642,Payroll,WEB,API,0
d80789c4-6e19-444d-a0b6-5962438c3967,2026-08-06T11:11:18.584976+00:00,ORIG-98770,RCVR-44219,351.88,Northstar Services,Avery Johnson,FL,WA,1563,Bill payment,CCD,File upload,0
de86136f-652e-405f-bdf6-ea5a1662d322,2026-06-27T19:49:18.584976+00:00,ORIG-32422,RCVR-95239,934.18,Harbor Manufacturing,Avery Johnson,NC,CA,1400,Tax payment,WEB,Online banking,0
d5ded653-9cd1-43de-b447-a70e1418fa4b,2026-07-26T15:55:18.584976+00:00,ORIG-83021,RCVR-14055,321.84,Northstar Services,Cedar Utilities,CO,CO,1295,Vendor payment,PPD,File upload,0
4031b531-dd00-4132-a51e-144f19b18c39,2026-06-29T18:32:18.584976+00:00,ORIG-63273,RCVR-17617,232.87,Pine Valley Foods,Maple Consulting,TX,VA,3274,Bill payment,CCD,Branch initiated,0
e7d22a3b-9051-421d-8da2-5f87981f080f,2026-06-26T14:34:18.584976+00:00,ORIG-43642,RCVR-75853,171.74,Harbor Manufacturing,Maple Consulting,CA,MA,35,Bill payment,PPD,Online banking,0
890ddb91-1cc4-428b-887b-50ffd941256b,2026-07-15T09:06:18.584976+00:00,ORIG-87419,RCVR-44531,1814.43,Summit Health,Avery Johnson,CA,NC,1384,Bill payment,PPD,File upload,0
a2f44c91-9d06-4acb-b5c4-7099805d085d,2026-08-06T08:21:18.584976+00:00,ORIG-25179,RCVR-49335,401.53,Northstar Services,Maple Consulting,NY,CO,1354,Bill payment,CCD,Online banking,0
75b9a57a-86a0-4298-bb5c-41c383e516d0,2026-08-05T08:13:18.584976+00:00,ORIG-59993,RCVR-52742,266.37,Northstar Services,Cedar Utilities,WA,OH,1226,Bill payment,WEB,Online banking,0
e1a1ea3a-1196-46af-887d-265bc04a6c18,2026-07-28T03:14:18.584976+00:00,ORIG-74708,RCVR-92464,2193.63,Northstar Services,Avery Johnson,WA,NC,267,Bill payment,PPD,Online banking,0
08d25f21-0eee-4c99-b004-b1fa2563651d,2026-07-05T06:26:18.584976+00:00,ORIG-76826,RCVR-43038,282.35,Summit Health,Avery Johnson,FL,NC,1685,Tax payment,WEB,API,0
0d14d812-2e18-4a3b-884f-8984a94bc10f,2026-07-25T00:27:18.584976+00:00,ORIG-60089,RCVR-96437,495.94,Northstar Services,Maple Consulting,CA,NY,2192,Payroll,CCD,Online banking,0
ac9ee0ee-df4f-425f-9893-0984481b98dd,2026-07-19T02:09:18.584976+00:00,ORIG-39573,RCVR-88114,355.05,Summit Health,Maple Consulting,FL,VA,196,Bill payment,CCD,Online banking,0
f4c4b2bb-4305-42c6-9757-4f39ef2588dd,2026-07-10T01:48:18.584976+00:00,ORIG-13839,RCVR-74790,321.31,Summit Health,Avery Johnson,MA,CA,456,Tax payment,PPD,Online banking,0
c1bf4568-0b05-47ef-a8d8-03c8305c933c,2026-07-11T00:06:18.584976+00:00,ORIG-33464,RCVR-76440,294.74,Harbor Manufacturing,Cedar Utilities,OH,IL,2170,Direct deposit,CCD,API,0
d8943047-78a8-4f3c-8138-a6287080bb14,2026-08-16T16:33:18.584976+00:00,ORIG-22103,RCVR-89182,441.09,Pine Valley Foods,Brightline Supply,NY,FL,2403,Payroll,CCD,Online banking,0
8691ed9e-40db-45b9-8f39-5d20a2901cbe,2026-06-24T01:06:18.584976+00:00,ORIG-57497,RCVR-30767,930.19,Summit Health,Brightline Supply,FL,CO,2192,Vendor payment,PPD,Online banking,0
8abb3651-0943-4eb3-be86-f88275037504,2026-07-09T15:09:18.584976+00:00,ORIG-17128,RCVR-78665,518.99,Northstar Services,Brightline Supply,IL,WA,2430,Tax payment,CCD,File upload,0
ea8fc5f5-ac45-406c-ba1f-ec90acd0a35a,2026-07-09T11:58:18.584976+00:00,ORIG-79914,RCVR-80713,286.82,Northstar Services,Avery Johnson,NC,TX,530,Payroll,WEB,Online banking,0
c45be561-30ba-4150-8c15-b9aca6e53245,2026-08-12T02:41:18.584976+00:00,ORIG-15020,RCVR-29493,159.54,Harbor Manufacturing,Maple Consulting,OH,OH,2660,Vendor payment,WEB,Online banking,0
8e776e71-ede9-481b-91f5-ba0a41d7d008,2026-06-22T08:17:18.584976+00:00,ORIG-18161,RCVR-39685,1528.43,Harbor Manufacturing,Cedar Utilities,GA,NY,2552,Payroll,CCD,Online banking,0
4f667045-3b6f-47e9-a020-ae212455468f,2026-07-11T23:24:18.584976+00:00,ORIG-64178,RCVR-29880,440.93,Summit Health,Cedar Utilities,CO,NC,3579,Vendor payment,CCD,File upload,0
ea98ff5d-a1ff-4bd4-b2be-872b59aebd6a,2026-08-15T21:45:18.584976+00:00,ORIG-59245,RCVR-77296,485.88,Summit Health,Brightline Supply,MA,GA,3578,Bill payment,CCD,Online banking,0
f74d10a0-bc33-4602-834c-5d4af2119699,2026-07-01T19:54:18.584976+00:00,ORIG-90536,RCVR-45157,1224.37,Northstar Services,Maple Consulting,CA,NC,3358,Vendor payment,WEB,File upload,0
706ec742-0e35-43cb-95e3-f2f5c01619b9,2026-07-06T12:32:18.584976+00:00,ORIG-93361,RCVR-47684,357.94,Northstar Services,Avery Johnson,OH,GA,1201,Tax payment,CCD,Branch initiated,0
7eb79dbe-e4c2-4b6d-9c78-7680962dedd0,2026-07-29T22:20:18.584976+00:00,ORIG-13580,RCVR-10762,202.96,Harbor Manufacturing,Maple Consulting,TX,GA,1698,Payroll,WEB,API,0
4d4dfb33-5c16-4c92-96da-0fa866df6ad4,2026-06-24T15:01:18.584976+00:00,ORIG-46165,RCVR-84086,180.48,Pine Valley Foods,Maple Consulting,CA,NC,1167,Bill payment,CCD,File upload,0
fb7b0619-ebce-4d74-bb3c-df8cd1a4220d,2026-08-16T05:12:18.584976+00:00,ORIG-82672,RCVR-41795,385.93,Northstar Services,Cedar Utilities,MA,WA,2684,Tax payment,WEB,Online banking,0
9f1bbf69-6926-47a3-b07e-f1fa760abbe2,2026-07-10T09:32:18.584976+00:00,ORIG-34651,RCVR-10574,3602.75,Northstar Services,Cedar Utilities,MA,CO,1344,Direct deposit,CCD,Online banking,0
e1dc0aff-5abf-4614-873b-5991da98ff89,2026-08-01T18:16:18.584976+00:00,ORIG-81033,RCVR-47060,270.05,Pine Valley Foods,Maple Consulting,OH,CA,2093,Vendor payment,WEB,Online banking,0
9d662033-291a-4c89-b49d-3c74c20fce00,2026-08-20T14:39:18.584976+00:00,ORIG-39320,RCVR-34088,310.02,Northstar Services,Cedar Utilities,MA,MA,1516,Payroll,PPD,Online banking,0
fa7d08e7-350f-4556-b72e-b4eec11927fa,2026-08-06T13:30:18.584976+00:00,ORIG-67372,RCVR-82464,151.36,Summit Health,Cedar Utilities,CO,CO,855,Tax payment,WEB,API,0
3021b7ac-f198-41c7-be5a-313945012cba,2026-07-03T13:22:18.584976+00:00,ORIG-13212,RCVR-57036,1930.89,Northstar Services,Cedar Utilities,CO,OH,2019,Bill payment,WEB,Branch initiated,0
95849f01-4adc-4734-95f5-186b5bbf4aa7,2026-07-26T20:04:18.584976+00:00,ORIG-53413,RCVR-66075,638.83,Pine Valley Foods,Brightline Supply,MA,CO,1669,Tax payment,PPD,File upload,0
6a3571e2-30ff-4f59-abda-25784f38d496,2026-07-17T00:31:18.584976+00:00,ORIG-68729,RCVR-39638,530.07,Summit Health,Brightline Supply,TX,IL,836,Tax payment,PPD,Online banking,0
1f129ce7-7660-463f-b7eb-f34ef3734833,2026-08-16T04:33:18.584976+00:00,ORIG-15946,RCVR-67532,103.06,Northstar Services,Brightline Supply,GA,NC,506,Vendor payment,CCD,Online banking,0
0e005e82-f6b2-4088-8c1e-d0e344576971,2026-07-24T19:30:18.584976+00:00,ORIG-51017,RCVR-80150,924.56,Northstar Services,Brightline Supply,FL,VA,1178,Vendor payment,CCD,Online banking,0
be80156b-0503-4ed7-a4b8-78f047bebdd3,2026-07-12T22:32:18.584976+00:00,ORIG-21015,RCVR-96217,746.12,Harbor Manufacturing,Cedar Utilities,WA,GA,3246,Bill payment,CCD,Branch initiated,0
e4ba3bb8-c4d0-49f8-869c-6474b58f6720,2026-07-01T14:47:18.584976+00:00,ORIG-81178,RCVR-86501,958.78,Harbor Manufacturing,Avery Johnson,MA,CA,955,Payroll,WEB,Online banking,0
68ed83ab-eae8-4662-a556-bfcfd6b36110,2026-07-01T17:41:18.584976+00:00,ORIG-41438,RCVR-98314,235.16,Northstar Services,Brightline Supply,NC,GA,3321,Vendor payment,PPD,File upload,0
318ff5c2-7370-4b67-a7a6-d0d47c54a814,2026-07-04T16:34:18.584976+00:00,ORIG-96692,RCVR-84710,672.75,Summit Health,Avery Johnson,GA,CO,2502,Vendor payment,CCD,Online banking,0
a1b73b98-1408-4d2c-9f84-178e86a2084d,2026-08-20T07:53:18.584976+00:00,ORIG-81600,RCVR-67084,1399.34,Summit Health,Maple Consulting,IL,GA,128,Vendor payment,TEL,Online banking,1
e9c5f76b-fc9a-4bc9-832e-6644fdb8a4dc,2026-08-06T06:32:18.584976+00:00,ORIG-76353,RCVR-89426,186.64,Summit Health,Maple Consulting,NY,WA,1463,Vendor payment,CCD,Online banking,0
2f3a4df0-9e42-42e4-a64d-211c065e85a0,2026-08-15T14:02:18.584976+00:00,ORIG-36377,RCVR-34891,237.81,Northstar Services,Maple Consulting,OH,FL,2586,Direct deposit,CCD,Online banking,0
1791957f-e065-4bd8-9ad8-7be7d85fd8be,2026-07-15T19:01:18.584976+00:00,ORIG-76454,RCVR-96537,310.44,Summit Health,Brightline Supply,CA,TX,2810,Vendor payment,WEB,API,0
18b3cd57-b03b-4efc-9be6-4b9777946aa0,2026-08-14T15:53:18.584976+00:00,ORIG-60752,RCVR-11477,1009.7,Northstar Services,Maple Consulting,OH,TX,2146,Payroll,PPD,API,0
cd922497-ae84-4d66-b37f-c78244943712,2026-08-16T13:55:18.584976+00:00,ORIG-32525,RCVR-81342,258.05,Harbor Manufacturing,Maple Consulting,FL,MA,2777,Direct deposit,WEB,Online banking,0
489ad72c-02c3-4289-b6a4-62f54f8f7506,2026-06-24T09:23:18.584976+00:00,ORIG-89907,RCVR-69813,197.39,Summit Health,Avery Johnson,VA,TX,2290,Payroll,WEB,API,0
36bc002b-7dfa-4f43-a740-4806c78f7978,2026-07-20T09:11:18.584976+00:00,ORIG-79560,RCVR-69775,1208.52,Northstar Services,Cedar Utilities,IL,IL,790,Bill payment,CCD,Branch initiated,0
41f54938-9df7-44b1-bbb3-2900306a008e,2026-07-22T21:06:18.584976+00:00,ORIG-93152,RCVR-27759,239.62,Summit Health,Avery Johnson,WA,NY,2746,Tax payment,WEB,Online banking,0
db4686b5-c17a-4570-affe-b0d89bcbfa47,2026-07-13T09:31:18.584976+00:00,ORIG-17354,RCVR-51966,401.91,Summit Health,Cedar Utilities,NC,IL,3450,Vendor payment,CCD,API,0
52705e07-138d-4e32-8563-857bfed2f85c,2026-06-23T09:06:18.584976+00:00,ORIG-67516,RCVR-24013,418.31,Pine Valley Foods,Maple Consulting,WA,GA,330,Bill payment,CCD,API,0
63f85003-a03d-452a-8e95-72d58a0de131,2026-06-23T21:48:18.584976+00:00,ORIG-67620,RCVR-36251,157.9,Northstar Services,Cedar Utilities,VA,WA,1387,Direct deposit,PPD,Online banking,0
a9de9eaf-59ba-446f-968f-f4423343cf6e,2026-06-27T18:25:18.584976+00:00,ORIG-42276,RCVR-35741,64.82,Northstar Services,Maple Consulting,WA,IL,1443,Tax payment,CCD,Online banking,0
01a98d3a-eeef-43d2-92ca-8cf4d15fba5e,2026-08-08T13:52:18.584976+00:00,ORIG-67741,RCVR-78269,461.32,Harbor Manufacturing,Maple Consulting,IL,CA,76,Direct deposit,TEL,Online banking,1
1dfbd58f-0ff5-4c29-8140-50a5680c2b73,2026-06-27T05:59:18.584976+00:00,ORIG-96796,RCVR-51498,516.3,Summit Health,Cedar Utilities,NY,OH,1409,Bill payment,PPD,Online banking,0
7ef60675-6600-47f0-8de4-b139cc8365da,2026-06-30T16:18:18.584976+00:00,ORIG-32875,RCVR-89971,1177.08,Pine Valley Foods,Avery Johnson,NC,NY,2524,Bill payment,PPD,Online banking,0
ff641f80-6a72-4fd7-8d1a-77b586762a8a,2026-08-18T17:12:18.584976+00:00,ORIG-39840,RCVR-77733,504.34,Pine Valley Foods,Maple Consulting,IL,CO,2154,Vendor payment,PPD,API,0
013d58b4-a6d7-4201-aafc-27ce6f8645b3,2026-08-02T09:15:18.584976+00:00,ORIG-78778,RCVR-61154,86.84,Pine Valley Foods,Brightline Supply,VA,TX,1735,Tax payment,WEB,Online banking,0
f3062661-f4f4-485d-9e7f-df764e28b6cb,2026-06-30T14:35:18.584976+00:00,ORIG-17916,RCVR-39708,322.61,Harbor Manufacturing,Maple Consulting,NC,CO,2273,Payroll,WEB,Branch initiated,0
281b9d83-3071-470e-9c4b-715c88303184,2026-08-02T13:53:18.584976+00:00,ORIG-50030,RCVR-85972,222.85,Pine Valley Foods,Maple Consulting,CO,WA,1499,Payroll,WEB,Online banking,0
57b0dbbc-1212-4b42-a614-c13438b2d494,2026-08-16T02:15:18.584976+00:00,ORIG-64079,RCVR-47403,489.94,Summit Health,Avery Johnson,FL,NC,1168,Tax payment,PPD,API,0
dcea7fe4-23ce-4a70-b6f5-df272aa7ff19,2026-08-13T05:53:18.584976+00:00,ORIG-66320,RCVR-61410,3277.61,Harbor Manufacturing,Cedar Utilities,TX,CO,14,Payroll,TEL,File upload,1
d9748abb-9aa7-4c16-98dc-a5455e071bbd,2026-07-27T09:21:18.584976+00:00,ORIG-74345,RCVR-49074,873.39,Pine Valley Foods,Avery Johnson,FL,VA,3366,Vendor payment,CCD,API,0
9cc0945a-60bc-49e6-a4d0-b68e5ca70dd9,2026-07-01T19:09:18.584976+00:00,ORIG-35887,RCVR-17405,190.9,Summit Health,Brightline Supply,NY,VA,1627,Bill payment,CCD,API,0
1637c07e-fcda-4402-9cf0-f5ace7c1321f,2026-08-11T04:56:18.584976+00:00,ORIG-92208,RCVR-79758,167.04,Summit Health,Avery Johnson,NY,CA,1466,Payroll,PPD,Online banking,0
6e77256b-fe93-4a9e-8829-1fa3772d0313,2026-08-04T19:41:18.584976+00:00,ORIG-43716,RCVR-42138,718.3,Harbor Manufacturing,Cedar Utilities,NY,NC,576,Direct deposit,WEB,API,0
6213496c-da6f-4583-b0ed-7565ffd0a75e,2026-07-19T10:30:18.584976+00:00,ORIG-47283,RCVR-75416,3319.35,Summit Health,Cedar Utilities,MA,GA,789,Tax payment,WEB,File upload,0
8b7c4975-2a7f-45b2-b134-8bc92bd2ec63,2026-07-20T14:23:18.584976+00:00,ORIG-74689,RCVR-51474,289.6,Pine Valley Foods,Avery Johnson,VA,OH,1412,Bill payment,PPD,Branch initiated,0
04e3ab76-e2ce-4586-a1f4-0d589f925a5c,2026-07-03T15:57:18.584976+00:00,ORIG-16518,RCVR-22972,698.04,Summit Health,Cedar Utilities,FL,GA,550,Tax payment,CCD,API,0
a3e2aa00-52de-48a4-83f1-decb109a6e59,2026-07-26T10:27:18.584976+00:00,ORIG-39871,RCVR-29068,655.54,Harbor Manufacturing,Cedar Utilities,IL,GA,2045,Bill payment,WEB,Online banking,0
8cbb72bf-0a90-4213-83cc-21628825cb3f,2026-07-08T20:24:18.584976+00:00,ORIG-93399,RCVR-93421,1124.16,Summit Health,Cedar Utilities,FL,IL,3225,Tax payment,PPD,API,0
ddcd2c49-084e-4800-9d6f-ad7ccc136fea,2026-07-24T22:15:18.584976+00:00,ORIG-69071,RCVR-92289,449.09,Northstar Services,Avery Johnson,CA,NC,713,Tax payment,WEB,Online banking,0
90ee90f8-53eb-41f4-9895-3233f6eaedeb,2026-06-29T23:28:18.584976+00:00,ORIG-44035,RCVR-27188,405.92,Northstar Services,Brightline Supply,NC,VA,2074,Bill payment,WEB,API,0
03be19cf-7280-45ef-8473-641d93813a61,2026-08-16T06:34:18.584976+00:00,ORIG-77596,RCVR-87612,293.33,Northstar Services,Avery Johnson,FL,IL,2311,Tax payment,WEB,Online banking,0
117a3125-1700-4789-bb42-554939b0ade6,2026-07-03T17:19:18.584976+00:00,ORIG-98938,RCVR-55972,240.49,Summit Health,Cedar Utilities,GA,IL,230,Direct deposit,WEB,Online banking,0
a5e6acf6-1edb-49d1-a884-7ebed1f0d692,2026-08-19T00:33:18.584976+00:00,ORIG-19321,RCVR-41370,511.27,Harbor Manufacturing,Cedar Utilities,VA,GA,1105,Bill payment,WEB,Online banking,0
833f1f2d-1d7c-4e9e-8842-bf0991035f24,2026-07-08T20:06:18.584976+00:00,ORIG-26188,RCVR-30453,950.88,Pine Valley Foods,Avery Johnson,WA,WA,749,Direct deposit,CCD,API,0
683ff05a-d070-4864-99e1-86e1634a93c3,2026-08-12T05:41:18.584976+00:00,ORIG-51856,RCVR-43558,1386.27,Harbor Manufacturing,Maple Consulting,OH,CO,892,Direct deposit,WEB,Branch initiated,0
b8a4677d-1e75-4ac8-a067-73bf484499f0,2026-08-16T03:13:18.584976+00:00,ORIG-68189,RCVR-13294,333.84,Harbor Manufacturing,Avery Johnson,MA,CA,1819,Direct deposit,PPD,Branch initiated,0
eeab67d8-fd31-4f92-810c-25909382c373,2026-06-22T01:44:18.584976+00:00,ORIG-66021,RCVR-53871,466.12,Summit Health,Brightline Supply,GA,FL,3027,Direct deposit,PPD,API,0
5bc1d787-d939-49dc-9e1a-66eb06602d28,2026-06-25T06:46:18.584976+00:00,ORIG-41669,RCVR-67793,518.76,Summit Health,Maple Consulting,WA,VA,2671,Vendor payment,WEB,API,0
af9bae69-5ee8-46d8-b331-96d722c03dae,2026-07-12T06:57:18.584976+00:00,ORIG-84149,RCVR-24265,292.55,Harbor Manufacturing,Cedar Utilities,GA,NC,2782,Tax payment,WEB,API,0
b58c96aa-68bb-46e7-b3d9-bf82370f3fd5,2026-07-05T17:03:18.584976+00:00,ORIG-84540,RCVR-30134,1883.8,Pine Valley Foods,Maple Consulting,NY,WA,75,Payroll,CCD,File upload,0
dd868016-95cc-423a-8e74-f2a86574b1ac,2026-07-19T19:44:18.584976+00:00,ORIG-85666,RCVR-51111,1092.06,Pine Valley Foods,Maple Consulting,TX,WA,3282,Tax payment,WEB,Branch initiated,0
4916c1f1-4607-4381-9add-0a65e23287ed,2026-08-11T20:31:18.584976+00:00,ORIG-39344,RCVR-35305,1218.63,Pine Valley Foods,Avery Johnson,MA,WA,3172,Vendor payment,PPD,File upload,0
02ce2f36-7b95-417d-9a81-9a5101325e76,2026-08-01T10:49:18.584976+00:00,ORIG-60190,RCVR-18332,849.91,Summit Health,Avery Johnson,NY,MA,2584,Payroll,PPD,Online banking,0
9ecf2909-9448-47d3-9ba8-0aa2a21dd446,2026-08-18T23:55:18.584976+00:00,ORIG-75367,RCVR-79251,1008.05,Summit Health,Cedar Utilities,CA,FL,1463,Tax payment,WEB,Branch initiated,0
931ed446-fe70-40b2-bbef-f9e9d77c0eec,2026-07-09T14:43:18.584976+00:00,ORIG-25810,RCVR-93427,360.96,Pine Valley Foods,Cedar Utilities,CA,MA,2869,Payroll,CCD,Branch initiated,0
01e727ee-320e-4960-a7ea-8be17ef20079,2026-07-06T17:04:18.584976+00:00,ORIG-37288,RCVR-32361,400.15,Summit Health,Brightline Supply,NC,TX,3251,Direct deposit,PPD,Online banking,0
6dde8c86-4f7c-440b-8079-dc069c068d9e,2026-07-04T22:06:18.584976+00:00,ORIG-35484,RCVR-21645,224.72,Northstar Services,Cedar Utilities,NY,MA,3250,Vendor payment,WEB,API,0
23a410f3-f3ec-4b43-9521-5cd7aded9a16,2026-06-22T02:42:18.584976+00:00,ORIG-88982,RCVR-35272,2969.83,Northstar Services,Cedar Utilities,MA,NY,168,Tax payment,WEB,File upload,1
643f7a2e-112c-448b-95c5-dbc08fa81b49,2026-08-10T09:10:18.584976+00:00,ORIG-96476,RCVR-45411,229.12,Harbor Manufacturing,Maple Consulting,TX,NC,831,Tax payment,CCD,Online banking,0
983905d4-1565-49fa-98ca-17f0ec23c897,2026-06-29T13:02:18.584976+00:00,ORIG-74639,RCVR-68557,175.46,Northstar Services,Cedar Utilities,WA,FL,2728,Direct deposit,WEB,Online banking,0
b972b7d1-54e9-4993-879b-393ac9fdc648,2026-06-22T22:57:18.584976+00:00,ORIG-24392,RCVR-80993,130.8,Pine Valley Foods,Cedar Utilities,MA,VA,1857,Vendor payment,PPD,API,0
c1e67806-3996-40c0-83eb-aa3dc7583a42,2026-06-29T03:31:18.584976+00:00,ORIG-58927,RCVR-64296,889.72,Summit Health,Avery Johnson,IL,WA,2984,Direct deposit,WEB,Online banking,0
ae4acc1e-01aa-4ac9-9070-de44134277b6,2026-08-19T23:36:18.584976+00:00,ORIG-17155,RCVR-45431,545.28,Pine Valley Foods,Cedar Utilities,WA,MA,1552,Bill payment,CCD,Online banking,0
fa8a4751-77ac-422e-85c9-8758fd60ab12,2026-06-23T09:08:18.584976+00:00,ORIG-70028,RCVR-35241,388.63,Pine Valley Foods,Maple Consulting,NC,MA,3133,Payroll,CCD,Online banking,0
ba9191c7-2520-4c83-aa8f-a8e437f98650,2026-07-04T13:17:18.584976+00:00,ORIG-29908,RCVR-41628,495.17,Pine Valley Foods,Avery Johnson,CA,WA,3575,Direct deposit,WEB,Online banking,0
075ee58d-9b1d-4e26-958d-df396ed4008a,2026-07-23T13:55:18.584976+00:00,ORIG-64809,RCVR-22802,301.25,Summit Health,Cedar Utilities,VA,CA,3239,Payroll,CCD,Online banking,0
266fe5e0-3eef-44b0-a1e1-272243e0e7b0,2026-07-24T21:07:18.584976+00:00,ORIG-74322,RCVR-79230,228.99,Northstar Services,Maple Consulting,TX,CA,2359,Direct deposit,PPD,Online banking,0
bcc8d6f2-2362-4666-a00e-79fe8b7c55f1,2026-08-15T17:47:18.584976+00:00,ORIG-62177,RCVR-25958,373.27,Summit Health,Avery Johnson,CA,NC,242,Bill payment,PPD,Online banking,0
ac527449-473b-42ac-880e-d6c366d805ce,2026-06-22T01:25:18.584976+00:00,ORIG-71509,RCVR-68073,121.53,Summit Health,Brightline Supply,VA,VA,1169,Direct deposit,CCD,Online banking,0
a02449ce-3cf7-4758-a4f5-858ec4e3577a,2026-06-25T05:51:18.584976+00:00,ORIG-70448,RCVR-45539,698.68,Summit Health,Avery Johnson,CA,OH,3536,Tax payment,PPD,Online banking,0
3fa5d7ce-3bbd-4197-bae9-f282a853e048,2026-07-07T05:52:18.584976+00:00,ORIG-71484,RCVR-69286,777.35,Pine Valley Foods,Cedar Utilities,IL,WA,2548,Direct deposit,WEB,File upload,0
9c633b85-048a-453a-9a6e-8aa57e7b35db,2026-07-02T21:26:18.584976+00:00,ORIG-43244,RCVR-75827,176.11,Pine Valley Foods,Brightline Supply,FL,NY,2001,Bill payment,WEB,Branch initiated,0
01893a44-ddad-4c4d-bedd-18e2a5d47e18,2026-08-19T09:37:18.584976+00:00,ORIG-60416,RCVR-69287,175.73,Pine Valley Foods,Avery Johnson,GA,GA,1829,Tax payment,PPD,Online banking,0
fca681fd-9b1d-4a38-98b1-5832d08b4db5,2026-07-03T02:13:18.584976+00:00,ORIG-48505,RCVR-63177,560.49,Harbor Manufacturing,Avery Johnson,OH,FL,1722,Bill payment,PPD,API,0
3d6f2cb6-f5ba-4a66-889d-6cf5ff3227c3,2026-06-23T14:39:18.584976+00:00,ORIG-23871,RCVR-58981,370.2,Summit Health,Brightline Supply,GA,VA,3263,Vendor payment,PPD,File upload,0
5d4816a9-081d-4dc8-9b49-1d73ddb00770,2026-06-26T05:10:18.584976+00:00,ORIG-19772,RCVR-41628,480.1,Summit Health,Avery Johnson,CO,OH,3007,Bill payment,CCD,API,0
4b81b974-d1e8-4618-b687-f885fcffb0c9,2026-08-15T09:26:18.584976+00:00,ORIG-18507,RCVR-53071,2042.0,Northstar Services,Brightline Supply,VA,OH,2027,Tax payment,WEB,File upload,0
9e747433-a152-43fb-b127-82610122c0ff,2026-06-24T21:01:18.584976+00:00,ORIG-31041,RCVR-66887,1117.62,Northstar Services,Avery Johnson,TX,VA,1746,Payroll,WEB,Online banking,0
89e852cb-4fa5-484d-b75d-722ba7110b8f,2026-07-04T06:46:18.584976+00:00,ORIG-20580,RCVR-66216,149.36,Summit Health,Maple Consulting,IL,IL,1913,Vendor payment,WEB,Online banking,0
e4a1b5ea-8575-489b-9ea6-f058483d4891,2026-08-20T16:12:18.584976+00:00,ORIG-83022,RCVR-13905,444.6,Harbor Manufacturing,Cedar Utilities,NY,CA,2780,Payroll,CCD,API,0
524db120-7bd2-4adc-ab1d-bea9a76f99e6,2026-07-08T04:44:18.584976+00:00,ORIG-52244,RCVR-73460,258.74,Pine Valley Foods,Cedar Utilities,VA,TX,1784,Vendor payment,PPD,API,0
08fbecee-65e3-4070-ac8b-9ea5bac7c088,2026-06-26T06:13:18.584976+00:00,ORIG-44598,RCVR-94576,841.34,Northstar Services,Cedar Utilities,NY,NC,3540,Tax payment,PPD,Online banking,0
2b7cadbe-870a-446d-bf7d-c918db41f36f,2026-07-18T19:43:18.584976+00:00,ORIG-20846,RCVR-11313,252.96,Pine Valley Foods,Maple Consulting,TX,CA,2552,Vendor payment,PPD,Online banking,0
3dab7e85-240f-4f80-bcb8-bce42700d6ed,2026-07-07T14:05:18.584976+00:00,ORIG-79665,RCVR-52909,357.72,Harbor Manufacturing,Brightline Supply,NY,CA,2529,Bill payment,WEB,Online banking,0
805a6a3b-8b6a-4ad7-a06b-020900a9c62b,2026-08-02T18:50:18.584976+00:00,ORIG-33833,RCVR-21980,196.9,Pine Valley Foods,Avery Johnson,IL,OH,3515,Bill payment,CCD,Online banking,0
48da6c6e-97ba-4aa4-abd6-d09689b9ff1d,2026-07-26T16:32:18.584976+00:00,ORIG-23455,RCVR-37619,681.18,Harbor Manufacturing,Cedar Utilities,VA,MA,840,Direct deposit,CCD,Online banking,0
51b022c0-0d12-46d1-854e-06ef3b7d7c3f,2026-08-01T05:15:18.584976+00:00,ORIG-70666,RCVR-51892,244.97,Pine Valley Foods,Cedar Utilities,GA,CO,1030,Vendor payment,PPD,File upload,0
6d227f59-8c3f-439c-9f33-e4466e4230b4,2026-06-30T01:37:18.584976+00:00,ORIG-85511,RCVR-66682,244.43,Harbor Manufacturing,Maple Consulting,WA,NY,79,Payroll,CCD,File upload,0
45a97856-a623-44bf-8eba-8afaee3a11e8,2026-07-22T04:59:18.584976+00:00,ORIG-15806,RCVR-49953,450.3,Pine Valley Foods,Cedar Utilities,WA,OH,768,Bill payment,WEB,Online banking,0
52cba25a-1448-4ec7-a974-9cd9cb56c2ea,2026-07-11T17:47:18.584976+00:00,ORIG-69219,RCVR-13053,524.22,Summit Health,Brightline Supply,TX,GA,2077,Direct deposit,WEB,Online banking,0
c620c22b-7eca-4b4b-8e30-72b1f0c551ca,2026-08-19T01:57:18.584976+00:00,ORIG-80581,RCVR-27429,226.95,Pine Valley Foods,Maple Consulting,MA,MA,2896,Payroll,CCD,Branch initiated,0
c2131dc0-0e3f-49d1-9f56-621f95bd7c5c,2026-07-17T21:03:18.584976+00:00,ORIG-58508,RCVR-35947,238.8,Pine Valley Foods,Maple Consulting,CO,CO,392,Bill payment,CCD,API,0
3fa1af5d-c37b-426e-aaba-46eabcd95660,2026-07-21T03:16:18.584976+00:00,ORIG-76758,RCVR-98558,563.26,Summit Health,Brightline Supply,WA,OH,1802,Tax payment,WEB,API,0
35cb09d9-6fda-4a11-9ae6-e9d7f3b4bed6,2026-08-20T03:13:18.584976+00:00,ORIG-42528,RCVR-76306,1476.96,Pine Valley Foods,Avery Johnson,WA,MA,2683,Vendor payment,WEB,File upload,0
d34b1e0d-9221-40a4-b823-a00824db551c,2026-07-16T07:45:18.584976+00:00,ORIG-57679,RCVR-35592,266.13,Summit Health,Maple Consulting,MA,NY,468,Vendor payment,WEB,Online banking,0
69674047-1c3b-46ad-afe9-5e8970a08cdb,2026-07-16T22:49:18.584976+00:00,ORIG-11576,RCVR-80995,1256.46,Pine Valley Foods,Cedar Utilities,FL,FL,540,Tax payment,WEB,API,0
f3f5c774-7c1c-4504-87a7-33f6e2575f8e,2026-07-16T15:50:18.584976+00:00,ORIG-68663,RCVR-19852,1035.68,Summit Health,Avery Johnson,OH,CA,2429,Vendor payment,WEB,API,0
1aca92a6-19e9-4429-ac65-b1da6a7dbfed,2026-07-20T22:01:18.584976+00:00,ORIG-79373,RCVR-36172,321.58,Pine Valley Foods,Brightline Supply,NC,VA,761,Direct deposit,WEB,Online banking,0
71300e1b-39c8-4515-b347-5e404007a2a6,2026-07-06T18:20:18.584976+00:00,ORIG-42173,RCVR-65248,257.83,Pine Valley Foods,Avery Johnson,CO,CA,2669,Direct deposit,PPD,Online banking,0
4ae26137-62b1-4588-b3de-a0d694c5a883,2026-08-17T16:58:18.584976+00:00,ORIG-49332,RCVR-19609,241.31,Pine Valley Foods,Brightline Supply,NC,TX,2239,Tax payment,WEB,API,0
0c4e47e7-09a2-4fa7-a57c-b96fdddf82e8,2026-08-20T16:49:18.584976+00:00,ORIG-78025,RCVR-60279,375.77,Northstar Services,Avery Johnson,OH,OH,3051,Vendor payment,PPD,File upload,0
e6089020-4c1a-4fb4-b5c6-719f5354d1be,2026-08-18T12:24:18.584976+00:00,ORIG-13846,RCVR-76531,106.07,Harbor Manufacturing,Cedar Utilities,NC,OH,859,Direct deposit,PPD,File upload,0
e56bc874-2033-4c73-a9de-479cc551a807,2026-08-02T19:03:18.584976+00:00,ORIG-74795,RCVR-74983,544.3,Summit Health,Brightline Supply,WA,WA,2067,Payroll,CCD,Online banking,0
9c269001-d4fe-4b17-a50e-8e6f803b9da3,2026-07-24T19:35:18.584976+00:00,ORIG-71469,RCVR-84710,1038.16,Summit Health,Cedar Utilities,CA,TX,2934,Bill payment,PPD,Online banking,0
006a8f93-e46e-49c1-90fb-085f4039e760,2026-08-09T18:59:18.584976+00:00,ORIG-78892,RCVR-71934,220.31,Harbor Manufacturing,Maple Consulting,CA,CO,1584,Bill payment,WEB,API,0
fca2b568-335f-4b40-b35e-96bfe8e18760,2026-07-23T17:05:18.584976+00:00,ORIG-27189,RCVR-99920,160.0,Pine Valley Foods,Avery Johnson,GA,CA,466,Direct deposit,PPD,Online banking,0
40d29fab-72db-4bc0-a857-022f8f916897,2026-07-29T14:22:18.584976+00:00,ORIG-78928,RCVR-81361,450.05,Northstar Services,Avery Johnson,NY,MA,685,Payroll,CCD,Online banking,0
474649fc-2da8-488f-a76f-241d9b74e6a1,2026-07-28T00:45:18.584976+00:00,ORIG-69444,RCVR-31949,472.47,Summit Health,Avery Johnson,MA,FL,41,Tax payment,CCD,Online banking,0
6944a95a-8a29-459f-9206-132a10cf14a1,2026-08-16T23:35:18.584976+00:00,ORIG-88900,RCVR-96351,439.14,Pine Valley Foods,Cedar Utilities,CO,NY,164,Vendor payment,CCD,Online banking,1
eced09d7-6a41-4df8-9113-6b728d8edb57,2026-06-22T11:25:18.584976+00:00,ORIG-68822,RCVR-14192,6363.94,Pine Valley Foods,Avery Johnson,GA,VA,144,Payroll,IAT,API,1
b321a4b3-e843-446e-b4df-a7fefde86e33,2026-08-14T01:11:18.584976+00:00,ORIG-90757,RCVR-60792,383.03,Northstar Services,Brightline Supply,IL,NC,2012,Vendor payment,PPD,API,0
80c5f78d-79c1-48f7-80ca-f8fdab85be2b,2026-07-26T03:42:18.584976+00:00,ORIG-84895,RCVR-82274,3534.18,Northstar Services,Maple Consulting,WA,WA,1439,Vendor payment,PPD,Branch initiated,0
315f440b-28c5-4b1d-a1ab-a7ad40229d79,2026-07-18T20:45:18.584976+00:00,ORIG-34575,RCVR-65209,4674.54,Pine Valley Foods,Cedar Utilities,NC,WA,97,Payroll,TEL,API,1
dab5d96f-eeca-4c84-ab0a-77a2d59faefa,2026-07-18T19:05:18.584976+00:00,ORIG-23172,RCVR-37124,148.07,Pine Valley Foods,Brightline Supply,WA,MA,833,Payroll,WEB,File upload,0
b67a5a6c-d64a-4f89-821a-5d6bbf171a51,2026-08-07T05:10:18.584976+00:00,ORIG-50553,RCVR-22237,528.41,Pine Valley Foods,Cedar Utilities,CA,NY,1701,Bill payment,PPD,Online banking,0
96cbf9a9-f088-4552-8d39-d59c198d94b1,2026-08-16T07:30:18.584976+00:00,ORIG-96630,RCVR-77826,279.53,Harbor Manufacturing,Maple Consulting,NC,GA,416,Tax payment,CCD,File upload,0
bfc1140f-d5bf-42e9-86ec-3217e7699f52,2026-08-19T02:01:18.584976+00:00,ORIG-49117,RCVR-23365,636.92,Summit Health,Brightline Supply,CA,OH,181,Payroll,WEB,Online banking,0
c2d66b97-ea6a-4750-bfd5-ab36165a77ad,2026-07-04T13:35:18.584976+00:00,ORIG-61292,RCVR-57542,250.86,Northstar Services,Avery Johnson,CO,IL,2595,Bill payment,CCD,API,0
2e5e3951-f51b-413a-bb58-12779af2ba7c,2026-07-25T09:58:18.584976+00:00,ORIG-94257,RCVR-31146,407.84,Northstar Services,Avery Johnson,WA,IL,2450,Payroll,PPD,Online banking,0
361e30c9-6c26-4ca2-9b04-5b2c4c93739a,2026-08-20T15:41:18.584976+00:00,ORIG-88649,RCVR-78459,2985.84,Northstar Services,Maple Consulting,MA,CO,461,Direct deposit,CCD,Online banking,0
b20f2354-c085-4264-bdaf-93cfd619a28a,2026-07-20T13:59:18.584976+00:00,ORIG-31170,RCVR-61102,965.42,Summit Health,Maple Consulting,WA,TX,1151,Direct deposit,PPD,File upload,0
e96df5d3-f993-420d-8375-11c16b52ac2f,2026-06-22T21:59:18.584976+00:00,ORIG-93541,RCVR-77528,1013.01,Harbor Manufacturing,Brightline Supply,FL,VA,1418,Direct deposit,WEB,File upload,0
75090098-003f-4b81-a3b2-622eb97b66e4,2026-06-23T22:07:18.584976+00:00,ORIG-31583,RCVR-11331,463.82,Pine Valley Foods,Avery Johnson,VA,NY,3646,Payroll,PPD,Online banking,0
cb56e779-2037-48ed-a624-6bb72e1a8d24,2026-07-20T23:08:18.584976+00:00,ORIG-48712,RCVR-21585,1514.31,Harbor Manufacturing,Cedar Utilities,NY,NC,2913,Direct deposit,PPD,API,0
54c95283-bf08-4ac7-bcea-43f4fcd4130b,2026-06-28T20:59:18.584976+00:00,ORIG-38558,RCVR-18444,473.69,Harbor Manufacturing,Cedar Utilities,IL,MA,2295,Payroll,PPD,Online banking,0
8cde13f8-c250-4fd9-b9c8-f1b20a8f4cc9,2026-06-25T16:09:18.584976+00:00,ORIG-86380,RCVR-55887,227.81,Harbor Manufacturing,Maple Consulting,NC,WA,1043,Vendor payment,CCD,API,0
b66cc97d-a3b7-4f71-bae8-1f6fc87ca9f1,2026-06-27T19:57:18.584976+00:00,ORIG-22168,RCVR-14983,291.23,Northstar Services,Brightline Supply,NC,VA,2138,Payroll,CCD,File upload,0
7f1b0bb0-c1e0-46d2-98a6-fc1306ab3598,2026-07-24T19:23:18.584976+00:00,ORIG-64832,RCVR-10790,360.89,Summit Health,Cedar Utilities,FL,GA,1488,Vendor payment,CCD,Online banking,0
5e62f59d-be0a-4242-b0cc-2dc9d1ae3407,2026-08-02T10:52:18.584976+00:00,ORIG-43371,RCVR-22229,245.67,Summit Health,Maple Consulting,CO,GA,117,Tax payment,CCD,Online banking,0
05684e8d-4ac7-48c6-aa3c-b64035c7bfa2,2026-08-14T13:10:18.584976+00:00,ORIG-14139,RCVR-22611,1230.53,Summit Health,Brightline Supply,IL,VA,150,Bill payment,WEB,Online banking,0
482fff6f-dbd7-4082-9cd0-173d43994f62,2026-08-05T20:38:18.584976+00:00,ORIG-90421,RCVR-36760,1966.77,Pine Valley Foods,Maple Consulting,NY,GA,109,Tax payment,PPD,File upload,0
40708d3b-2414-47de-abad-8ed018d375c5,2026-07-13T07:48:18.584976+00:00,ORIG-24298,RCVR-27906,275.0,Northstar Services,Maple Consulting,MA,NC,1676,Direct deposit,CCD,Online banking,0
31fa9fbd-9870-4e74-a2e8-7207ded3c5bf,2026-07-01T08:03:18.584976+00:00,ORIG-53370,RCVR-16257,860.18,Harbor Manufacturing,Cedar Utilities,NC,FL,3394,Tax payment,WEB,API,0
2516116d-5633-4f3c-b8b9-64d7cdeff66a,2026-07-19T10:23:18.584976+00:00,ORIG-85884,RCVR-32365,815.22,Summit Health,Avery Johnson,CA,TX,440,Bill payment,PPD,API,0
5ab76f6a-0737-4607-9bf9-9b37a97c18fa,2026-08-06T21:58:18.584976+00:00,ORIG-11468,RCVR-42258,249.52,Pine Valley Foods,Maple Consulting,MA,FL,2200,Payroll,WEB,File upload,0
72cece43-4109-4880-ae14-b502f21990f6,2026-07-03T16:39:18.584976+00:00,ORIG-79479,RCVR-36890,1148.29,Northstar Services,Cedar Utilities,MA,FL,172,Tax payment,CCD,File upload,1
b21b9f46-089a-418c-9de1-d40278803b2d,2026-07-31T04:36:18.584976+00:00,ORIG-12432,RCVR-23710,373.3,Summit Health,Maple Consulting,OH,IL,584,Payroll,WEB,File upload,0
d077b9c9-9d66-4236-bacb-ee2125d22731,2026-08-09T15:44:18.584976+00:00,ORIG-74173,RCVR-23310,60.01,Summit Health,Avery Johnson,MA,CA,2423,Payroll,CCD,Online banking,0
9ef9adcc-1f34-4d67-8f91-5891243c336f,2026-07-10T11:23:18.584976+00:00,ORIG-82391,RCVR-94346,81.34,Harbor Manufacturing,Brightline Supply,NY,GA,2597,Bill payment,WEB,File upload,0
4c57c3fe-f4d1-431b-af59-25cf44fd9b9c,2026-07-14T05:56:18.584976+00:00,ORIG-88572,RCVR-70534,201.05,Pine Valley Foods,Maple Consulting,TX,MA,674,Direct deposit,PPD,Online banking,0
3e7da50a-baa7-40a2-8b26-b78f0f8c2d42,2026-07-27T18:44:18.584976+00:00,ORIG-34989,RCVR-98655,277.11,Northstar Services,Avery Johnson,NY,CA,1317,Payroll,CCD,Online banking,0
bb8abb09-d33c-43e4-b046-c2f10d4f607e,2026-07-30T14:14:18.584976+00:00,ORIG-62058,RCVR-77942,275.66,Pine Valley Foods,Brightline Supply,CA,NY,2243,Payroll,WEB,API,0
46f9aab3-cb58-4041-adeb-a261dd128855,2026-07-12T13:57:18.584976+00:00,ORIG-92217,RCVR-21370,2293.0,Northstar Services,Maple Consulting,MA,FOREIGN,69,Vendor payment,CCD,API,1
f0028291-a785-4ad0-a3c9-19278d72dabb,2026-07-29T23:30:18.584976+00:00,ORIG-38183,RCVR-70620,421.81,Pine Valley Foods,Avery Johnson,WA,VA,1178,Payroll,PPD,Online banking,0
10f9e496-7d03-48ec-be80-ebb7e9e046f0,2026-07-08T00:31:18.584976+00:00,ORIG-83601,RCVR-28728,258.95,Summit Health,Avery Johnson,NC,WA,700,Payroll,CCD,Online banking,0
88be4346-6cef-4e85-8cb0-72119c852d54,2026-07-09T20:50:18.584976+00:00,ORIG-55063,RCVR-50899,748.36,Northstar Services,Cedar Utilities,GA,WA,1431,Direct deposit,CCD,API,0
5f9255e1-4ca1-472e-acc8-d807b2022a44,2026-08-03T04:41:18.584976+00:00,ORIG-77089,RCVR-79965,343.84,Harbor Manufacturing,Brightline Supply,CO,NC,2611,Payroll,PPD,API,0
8eef1a93-94ee-424d-ae3c-098ce6cbe2fd,2026-06-22T22:49:18.584976+00:00,ORIG-39306,RCVR-81934,138.89,Pine Valley Foods,Avery Johnson,TX,IL,1500,Direct deposit,WEB,File upload,0
9e2a902d-f4ce-4738-b07c-81be9a8a71d1,2026-08-11T09:11:18.584976+00:00,ORIG-78037,RCVR-79404,1140.15,Northstar Services,Cedar Utilities,NC,CA,2544,Payroll,WEB,Online banking,0
237b8c4a-ae8f-4f3f-a192-20c3827891c2,2026-07-25T23:20:18.584976+00:00,ORIG-82842,RCVR-79056,199.69,Pine Valley Foods,Maple Consulting,WA,FL,2838,Direct deposit,PPD,Branch initiated,0
30112b38-8c30-42d8-b739-84a026d96730,2026-07-02T05:40:18.584976+00:00,ORIG-20248,RCVR-44328,414.0,Pine Valley Foods,Avery Johnson,NC,GA,549,Vendor payment,WEB,File upload,0
e8b48913-d70b-4c24-8d1a-f14cdee1e2a9,2026-07-04T12:18:18.584976+00:00,ORIG-54480,RCVR-10885,1089.3,Pine Valley Foods,Avery Johnson,CA,IL,3226,Vendor payment,CCD,API,0
510ba08b-dca1-4b20-ad21-1bdf430e7ad0,2026-06-22T06:38:18.584976+00:00,ORIG-64056,RCVR-43432,114.79,Pine Valley Foods,Maple Consulting,IL,NY,1669,Tax payment,PPD,Online banking,0
b8ac30d2-14b6-4611-bed0-9c6ad15e3fc5,2026-07-30T13:35:18.584976+00:00,ORIG-27235,RCVR-31150,453.88,Summit Health,Avery Johnson,NY,VA,852,Tax payment,PPD,Online banking,0
5e156cc8-8f44-4fb6-abf4-0a1f7f915a1f,2026-07-05T23:47:18.584976+00:00,ORIG-21583,RCVR-36227,204.83,Summit Health,Maple Consulting,CA,FL,299,Direct deposit,WEB,API,0
7fc8146c-9103-48b0-8ef3-7dd031f15de4,2026-08-19T15:20:18.584976+00:00,ORIG-88361,RCVR-11883,281.6,Summit Health,Brightline Supply,NY,IL,1029,Tax payment,WEB,Online banking,0
e1a22db3-e5f8-4cc2-bb9f-0bd63c3e2362,2026-07-21T01:00:18.584976+00:00,ORIG-21544,RCVR-64715,171.01,Summit Health,Avery Johnson,GA,TX,998,Direct deposit,WEB,API,0
985d3a16-18c7-478c-95f5-c5e6a81cecc0,2026-06-27T01:58:18.584976+00:00,ORIG-84360,RCVR-39267,1146.41,Northstar Services,Brightline Supply,MA,VA,2119,Payroll,CCD,Online banking,0
0d55def0-7e1b-45a7-b996-3336a83fb46c,2026-07-20T03:27:18.584976+00:00,ORIG-65278,RCVR-87340,238.5,Pine Valley Foods,Brightline Supply,MA,GA,408,Payroll,CCD,Online banking,0
0ef2c4a3-6e17-4a09-ba3e-0c629ecd0665,2026-08-06T08:30:18.584976+00:00,ORIG-60961,RCVR-75312,555.54,Northstar Services,Avery Johnson,CA,WA,2014,Payroll,PPD,Online banking,0
3c2a59a7-3c8c-4917-b565-43ca279d884e,2026-08-13T19:16:18.584976+00:00,ORIG-43465,RCVR-48647,208.12,Summit Health,Avery Johnson,OH,CA,1169,Tax payment,CCD,Online banking,0
2683f828-7d92-4b19-b921-da5b0d52d679,2026-07-21T20:11:18.584976+00:00,ORIG-81373,RCVR-94743,390.09,Summit Health,Avery Johnson,GA,NY,3283,Vendor payment,CCD,API,0
57b87c33-9238-4621-970b-40d2f39bc8ba,2026-07-14T18:52:18.584976+00:00,ORIG-34672,RCVR-90113,2290.83,Harbor Manufacturing,Avery Johnson,NC,FOREIGN,146,Tax payment,PPD,API,1
cc6d1655-e534-4f05-a25b-fbffdeeedafc,2026-07-08T15:53:18.584976+00:00,ORIG-87812,RCVR-81929,1105.19,Harbor Manufacturing,Brightline Supply,WA,NC,2903,Vendor payment,WEB,Online banking,0
cc9859aa-7e2f-4067-a16b-00a385a47ba9,2026-07-18T00:51:18.584976+00:00,ORIG-45698,RCVR-56339,385.66,Pine Valley Foods,Cedar Utilities,CO,OH,2033,Tax payment,CCD,API,0
63dddc20-14ca-4b1a-aca2-a3cca5da4043,2026-06-26T09:15:18.584976+00:00,ORIG-40633,RCVR-64263,360.48,Northstar Services,Brightline Supply,MA,OH,3590,Tax payment,PPD,Online banking,0
ad32c5a7-c092-4ae1-8612-18f6ce9b946b,2026-06-25T11:14:18.584976+00:00,ORIG-46968,RCVR-27108,306.02,Harbor Manufacturing,Cedar Utilities,NC,CA,3412,Direct deposit,CCD,API,0
29ce13a6-6d59-49e2-abeb-69b5fa7868eb,2026-08-06T16:59:18.584976+00:00,ORIG-32683,RCVR-90982,352.45,Harbor Manufacturing,Avery Johnson,NY,OH,3131,Vendor payment,WEB,Online banking,0
6b897705-c3d2-443b-ba80-e33d5a90baef,2026-07-31T13:47:18.584976+00:00,ORIG-14056,RCVR-49848,174.28,Pine Valley Foods,Maple Consulting,OH,WA,1792,Tax payment,WEB,Branch initiated,0
ea4b7f95-d1d8-49f3-9186-1e4379bea6e6,2026-07-05T04:53:18.584976+00:00,ORIG-25744,RCVR-11989,580.09,Summit Health,Avery Johnson,MA,MA,14,Direct deposit,WEB,File upload,0
0ed47327-6789-4601-b0a8-10e2f38e12b5,2026-08-02T00:19:18.584976+00:00,ORIG-20495,RCVR-40790,1011.64,Pine Valley Foods,Cedar Utilities,GA,VA,745,Bill payment,PPD,Online banking,0
86651066-00b6-4878-8e65-f6cd8246e22f,2026-07-15T02:56:18.584976+00:00,ORIG-51856,RCVR-72230,261.16,Harbor Manufacturing,Maple Consulting,MA,MA,293,Payroll,WEB,Branch initiated,0
54f4b674-9f5b-49e5-ac19-5a0b1f553d60,2026-07-06T18:14:18.584976+00:00,ORIG-61680,RCVR-17775,381.04,Harbor Manufacturing,Cedar Utilities,CA,MA,2564,Bill payment,PPD,Online banking,0
a7425ef3-9dbd-41ad-afa6-46fd9c20295c,2026-07-15T00:20:18.584976+00:00,ORIG-66569,RCVR-59745,6915.57,Northstar Services,Maple Consulting,CA,WA,50,Payroll,TEL,API,1
8e636f13-7a76-44c9-81bd-294b9f4d0d3e,2026-08-18T22:56:18.584976+00:00,ORIG-48256,RCVR-59089,537.32,Summit Health,Maple Consulting,FL,IL,348,Bill payment,PPD,Online banking,0
55e01150-401e-407e-8113-95413ccb01c3,2026-07-16T14:55:18.584976+00:00,ORIG-70053,RCVR-53568,350.81,Harbor Manufacturing,Cedar Utilities,NY,MA,2281,Vendor payment,CCD,File upload,0
aea34dd0-ff83-4810-a057-06d7a842665b,2026-08-04T09:49:18.584976+00:00,ORIG-40863,RCVR-78798,565.64,Pine Valley Foods,Cedar Utilities,MA,GA,1784,Tax payment,CCD,Online banking,0
efc2c2d5-6bc9-495d-8761-2104d5f21963,2026-08-16T06:51:18.584976+00:00,ORIG-25114,RCVR-77357,412.98,Summit Health,Cedar Utilities,WA,VA,444,Bill payment,WEB,Online banking,0
3eacfd2e-aead-4610-bd49-42a26dfe03a1,2026-07-13T17:05:18.584976+00:00,ORIG-68315,RCVR-44091,131.9,Harbor Manufacturing,Avery Johnson,IL,OH,989,Direct deposit,WEB,Online banking,0
82f4b397-d892-4633-9241-162a3c35aea1,2026-08-05T20:39:18.584976+00:00,ORIG-37300,RCVR-12886,524.37,Harbor Manufacturing,Cedar Utilities,WA,TX,810,Bill payment,WEB,Online banking,0
77e5fff8-9fc6-477a-a2b0-169ccdb5a59f,2026-07-11T20:19:18.584976+00:00,ORIG-15363,RCVR-72319,225.22,Pine Valley Foods,Cedar Utilities,TX,CA,3494,Tax payment,CCD,Online banking,0
5f5d59a9-d2cb-4f69-b329-eb72b1bb88b8,2026-07-29T03:21:18.584976+00:00,ORIG-64931,RCVR-55673,372.23,Summit Health,Brightline Supply,VA,GA,2791,Bill payment,PPD,Branch initiated,0
6e12793e-df54-4343-9031-9a07309cf13f,2026-08-16T01:33:18.584976+00:00,ORIG-73659,RCVR-69694,1262.04,Summit Health,Maple Consulting,GA,NC,2638,Vendor payment,WEB,Online banking,0
539b9707-54f5-4896-b1b4-aa7017691ce3,2026-08-08T18:48:18.584976+00:00,ORIG-72841,RCVR-38589,501.5,Summit Health,Avery Johnson,TX,NC,1347,Direct deposit,WEB,Branch initiated,0
baa02d2d-2614-4651-850a-77a07a00fa76,2026-08-08T19:43:18.584976+00:00,ORIG-53841,RCVR-44599,1566.6,Northstar Services,Brightline Supply,TX,IL,177,Bill payment,WEB,API,1
60df3480-f98e-4467-b5dd-fe3c9d2bd663,2026-07-03T18:20:18.584976+00:00,ORIG-62911,RCVR-84897,231.23,Harbor Manufacturing,Avery Johnson,TX,NY,1996,Bill payment,WEB,API,0
bd262f56-06a1-4f2c-ab24-7b170657ff55,2026-07-05T18:39:18.584976+00:00,ORIG-88973,RCVR-11069,431.11,Summit Health,Maple Consulting,TX,NC,2394,Payroll,WEB,File upload,0
0e06f2e9-07fa-4a01-9594-d881f08d3bd9,2026-06-25T03:01:18.584976+00:00,ORIG-46890,RCVR-48145,238.64,Harbor Manufacturing,Maple Consulting,CA,VA,1856,Vendor payment,CCD,Online banking,0
fd395c6d-5915-4e4f-91bd-54baae1b0cd4,2026-07-20T13:54:18.584976+00:00,ORIG-63997,RCVR-18355,63.9,Northstar Services,Cedar Utilities,NY,OH,670,Tax payment,CCD,Online banking,0
72f125dd-0d32-471c-88d7-e4cbfab70ef4,2026-08-15T20:44:18.584976+00:00,ORIG-42202,RCVR-90078,372.73,Northstar Services,Cedar Utilities,CO,TX,2291,Payroll,PPD,Online banking,0
db596972-32f0-4836-b93f-13f609a6cbc8,2026-07-04T05:32:18.584976+00:00,ORIG-25092,RCVR-98600,439.88,Northstar Services,Cedar Utilities,TX,WA,3,Direct deposit,CCD,Online banking,0
7028dd5b-cd79-418b-8f2e-494c11c0ab58,2026-08-03T10:23:18.584976+00:00,ORIG-38245,RCVR-88725,1882.94,Pine Valley Foods,Cedar Utilities,VA,TX,3319,Direct deposit,PPD,Online banking,0
b6257ea1-516f-4877-bbdc-e98dfe375f00,2026-07-08T05:39:18.584976+00:00,ORIG-62855,RCVR-33762,1238.17,Summit Health,Maple Consulting,CO,OH,3487,Tax payment,CCD,Online banking,0
6e1a8228-5b8e-44e5-95fe-cb2a25d8ef49,2026-07-30T16:43:18.584976+00:00,ORIG-37214,RCVR-80010,687.22,Northstar Services,Brightline Supply,OH,NC,1243,Tax payment,WEB,Online banking,0
90cdc532-1429-4f7a-891d-1d20085db77c,2026-08-18T09:00:18.584976+00:00,ORIG-58007,RCVR-46281,167.44,Summit Health,Maple Consulting,NC,NC,1616,Bill payment,CCD,Branch initiated,0
24ff9915-45b7-4e1e-8a1b-aa6140b95ed1,2026-07-29T05:44:18.584976+00:00,ORIG-54103,RCVR-47652,157.49,Northstar Services,Brightline Supply,TX,VA,699,Payroll,WEB,API,0
10cac72c-2b47-425e-b35f-96873030ece2,2026-08-13T21:53:18.584976+00:00,ORIG-42706,RCVR-43379,771.16,Pine Valley Foods,Avery Johnson,OH,TX,1457,Vendor payment,CCD,Online banking,0
f9080cba-d882-4139-93b1-3a6d04c279ed,2026-07-25T13:30:18.584976+00:00,ORIG-65878,RCVR-91132,234.1,Summit Health,Avery Johnson,NC,OH,368,Bill payment,PPD,File upload,0
b5772126-f73c-4819-aa80-0842391c0a10,2026-08-19T12:37:18.584976+00:00,ORIG-93527,RCVR-69791,541.24,Harbor Manufacturing,Cedar Utilities,CO,MA,1735,Tax payment,CCD,Branch initiated,0
cecc0044-a1ec-491f-a248-0a32f8d46de7,2026-08-12T08:53:18.584976+00:00,ORIG-68859,RCVR-84792,239.8,Pine Valley Foods,Brightline Supply,FL,NY,1274,Vendor payment,PPD,Online banking,0
908cc2b8-0d67-42ab-8dbe-d9142145ed79,2026-07-27T11:34:18.584976+00:00,ORIG-61608,RCVR-59572,2161.32,Northstar Services,Maple Consulting,MA,NY,719,Tax payment,WEB,File upload,0
169cf59f-b270-44a0-aaf8-80b387612ca5,2026-08-16T00:35:18.584976+00:00,ORIG-11820,RCVR-38023,1041.24,Northstar Services,Cedar Utilities,IL,CO,1008,Vendor payment,WEB,Online banking,0
341ebd89-4757-49d9-a18b-bb42d116f4c8,2026-08-08T01:26:18.584976+00:00,ORIG-58425,RCVR-57448,581.36,Harbor Manufacturing,Maple Consulting,VA,NC,2701,Payroll,PPD,File upload,0
e25a7e97-f1de-4230-ad99-e7dc041a14ef,2026-07-02T13:14:18.584976+00:00,ORIG-98528,RCVR-32744,308.68,Summit Health,Cedar Utilities,NC,NY,3576,Tax payment,WEB,API,0
2f7a3035-d07a-4724-b091-a3e29f25bc70,2026-07-05T10:04:18.584976+00:00,ORIG-99082,RCVR-37545,132.02,Harbor Manufacturing,Brightline Supply,CO,IL,1075,Vendor payment,CCD,API,0
17fd32f6-2a63-44cd-bf0d-0e933aa2ea49,2026-07-12T17:37:18.584976+00:00,ORIG-65421,RCVR-94740,671.48,Northstar Services,Maple Consulting,OH,VA,3424,Vendor payment,WEB,Online banking,0
a8b0be7c-f603-4d06-9ea2-7a51c34a51de,2026-07-10T11:21:18.584976+00:00,ORIG-43726,RCVR-15684,548.18,Summit Health,Cedar Utilities,CO,GA,3013,Bill payment,PPD,Online banking,0
d554c4a8-91b3-4192-8ad0-71ca7b3b6d48,2026-07-03T02:16:18.584976+00:00,ORIG-44135,RCVR-16788,730.7,Harbor Manufacturing,Cedar Utilities,FL,VA,1441,Payroll,PPD,Online banking,0
104549a9-7c28-42d3-915b-18b5a88286d7,2026-06-25T17:00:18.584976+00:00,ORIG-66460,RCVR-24240,2886.06,Northstar Services,Cedar Utilities,VA,VA,164,Direct deposit,CCD,API,1
eeceebe3-f888-4f4a-815b-db9633df0f57,2026-08-20T18:10:18.584976+00:00,ORIG-45765,RCVR-59621,840.63,Harbor Manufacturing,Brightline Supply,MA,OH,2819,Bill payment,CCD,API,0
fd520f06-abae-4d3b-9eb3-6531adb6293d,2026-08-15T06:49:18.584976+00:00,ORIG-37617,RCVR-24085,1530.83,Harbor Manufacturing,Avery Johnson,FL,WA,997,Payroll,CCD,API,0
3cd85540-3902-46ae-b771-eeb134c453aa,2026-06-28T21:27:18.584976+00:00,ORIG-45594,RCVR-93102,2104.17,Pine Valley Foods,Brightline Supply,CA,GA,100,Vendor payment,PPD,File upload,1
38b8cdb3-95a8-43bf-ad37-ed47fa80ece5,2026-07-18T16:38:18.584976+00:00,ORIG-55376,RCVR-60144,502.22,Pine Valley Foods,Cedar Utilities,MA,WA,3265,Bill payment,WEB,Branch initiated,0
631a3040-e9e4-4218-8943-1cfa96697727,2026-07-02T02:55:18.584976+00:00,ORIG-41843,RCVR-88952,109.17,Harbor Manufacturing,Brightline Supply,GA,TX,1440,Payroll,WEB,API,0
b53d049f-3ed9-4018-b86f-96510fd0e303,2026-07-19T16:16:18.584976+00:00,ORIG-79567,RCVR-34485,371.24,Northstar Services,Cedar Utilities,OH,NY,3403,Tax payment,PPD,API,0
92941bfa-b711-4bd1-9fa3-f1bd4499a189,2026-07-04T15:57:18.584976+00:00,ORIG-83512,RCVR-88972,607.97,Summit Health,Cedar Utilities,VA,CO,3143,Tax payment,CCD,Online banking,0
cf708229-9fcb-4e10-aec2-7e9f8cbac73a,2026-06-24T01:13:18.584976+00:00,ORIG-48316,RCVR-54757,795.1,Summit Health,Brightline Supply,CA,NY,1546,Direct deposit,PPD,File upload,0
938d6ffb-fbd6-40b9-a6ad-ba3b7ff56b01,2026-08-06T14:30:18.584976+00:00,ORIG-76528,RCVR-68622,892.16,Harbor Manufacturing,Maple Consulting,OH,VA,2723,Vendor payment,PPD,API,0
c253ccee-3116-426e-bd0c-8149560aba99,2026-08-09T07:19:18.584976+00:00,ORIG-16159,RCVR-70648,535.85,Harbor Manufacturing,Brightline Supply,NC,TX,3384,Bill payment,WEB,Online banking,0
0fd783d9-ba05-47ba-bade-92b26b9a3472,2026-07-06T19:17:18.584976+00:00,ORIG-29535,RCVR-49042,121.57,Harbor Manufacturing,Cedar Utilities,FL,CA,2604,Payroll,WEB,API,0
dbb525ac-0e76-484b-a981-a00d3a97d237,2026-07-02T13:44:18.584976+00:00,ORIG-10054,RCVR-25832,93.61,Northstar Services,Brightline Supply,WA,VA,2502,Payroll,WEB,Online banking,0
faa2c2cf-ffb3-48a3-9745-883d79c4a3e0,2026-06-24T11:47:18.584976+00:00,ORIG-20820,RCVR-93705,537.99,Summit Health,Maple Consulting,FL,NC,273,Payroll,CCD,API,0
c86b8aa2-2e38-4df3-a87d-9eeefef3a5bb,2026-07-31T20:09:18.584976+00:00,ORIG-65089,RCVR-58060,429.63,Pine Valley Foods,Avery Johnson,NY,MA,2806,Vendor payment,PPD,API,0
4190e3a9-a2c9-4b3e-adb6-5133abf3aa1e,2026-08-14T00:07:18.584976+00:00,ORIG-78798,RCVR-38993,925.36,Pine Valley Foods,Avery Johnson,CO,VA,3308,Direct deposit,CCD,File upload,0
9111b899-ffac-4417-9771-b45e02fd291b,2026-07-27T11:28:18.584976+00:00,ORIG-59517,RCVR-13172,500.16,Harbor Manufacturing,Brightline Supply,CA,OH,396,Direct deposit,CCD,Online banking,0
04a22ba7-c84f-49fe-85b3-49553c38741b,2026-08-08T22:57:18.584976+00:00,ORIG-43047,RCVR-46801,317.18,Summit Health,Avery Johnson,IL,NC,2639,Vendor payment,CCD,Branch initiated,0
c66813d4-9e53-4bdb-a3c8-0ae4bc62f3d0,2026-07-03T18:15:18.584976+00:00,ORIG-19489,RCVR-43506,134.85,Northstar Services,Avery Johnson,TX,FL,3304,Tax payment,PPD,API,0
c8bc25c9-cad7-42cd-90a1-372b2a00b100,2026-07-28T10:35:18.584976+00:00,ORIG-16093,RCVR-23727,170.33,Northstar Services,Maple Consulting,OH,WA,1602,Bill payment,CCD,API,0
25a7e3b5-b19f-45f9-9f14-edf59eca19cf,2026-07-12T20:16:18.584976+00:00,ORIG-58544,RCVR-69577,1151.03,Harbor Manufacturing,Maple Consulting,OH,VA,3301,Vendor payment,CCD,API,0
0d8a2afb-a7de-4071-819e-df199499618a,2026-07-22T16:59:18.584976+00:00,ORIG-74120,RCVR-89063,2238.18,Northstar Services,Avery Johnson,WA,IL,2935,Tax payment,WEB,File upload,0
661f6aad-8fc7-48dc-af07-0a48bf668377,2026-08-01T01:28:18.584976+00:00,ORIG-47008,RCVR-80770,432.18,Summit Health,Cedar Utilities,NY,OH,3440,Vendor payment,PPD,Online banking,0
bb8cf4c8-9a0b-4ef2-81ad-1dcfbe30a05d,2026-08-01T13:17:18.584976+00:00,ORIG-32819,RCVR-13413,4994.54,Summit Health,Avery Johnson,TX,OH,87,Bill payment,TEL,API,1
9714bf01-2db4-4334-bf54-846cfab2254c,2026-06-25T18:40:18.584976+00:00,ORIG-21712,RCVR-65625,321.3,Pine Valley Foods,Brightline Supply,IL,WA,3499,Vendor payment,WEB,Online banking,0
564ad3d7-cce9-49f1-9203-9947fd6751ac,2026-08-03T08:03:18.584976+00:00,ORIG-31476,RCVR-21761,2373.76,Summit Health,Brightline Supply,MA,OH,2230,Payroll,WEB,Branch initiated,0
00c5c92e-5c8c-475e-b556-cd8c3180afdb,2026-07-01T11:35:18.584976+00:00,ORIG-11705,RCVR-80158,405.01,Summit Health,Avery Johnson,VA,VA,2877,Vendor payment,PPD,Online banking,0
1a2ec672-2b75-470c-94a0-a1708302492e,2026-07-22T20:34:18.584976+00:00,ORIG-26629,RCVR-22157,318.37,Northstar Services,Brightline Supply,NY,NY,2117,Payroll,PPD,API,0
2f636eb9-1bb9-4bf0-9a6a-aba0e7c47174,2026-08-12T05:29:18.584976+00:00,ORIG-64469,RCVR-66218,196.93,Pine Valley Foods,Cedar Utilities,VA,NY,1715,Direct deposit,PPD,File upload,0
ae949d1a-e2fd-4026-97f5-4dbf3938fb89,2026-07-10T17:56:18.584976+00:00,ORIG-10861,RCVR-61765,648.28,Summit Health,Maple Consulting,CA,NY,1938,Vendor payment,CCD,File upload,0
4d55831c-834a-415c-9487-8db0ca361453,2026-07-23T13:23:18.584976+00:00,ORIG-35091,RCVR-93335,1026.44,Summit Health,Cedar Utilities,TX,MA,1302,Direct deposit,CCD,Branch initiated,0
9d603d78-565c-4561-9ad1-fb585467cc47,2026-07-02T20:23:18.584976+00:00,ORIG-74397,RCVR-73227,97.74,Pine Valley Foods,Cedar Utilities,TX,VA,1582,Payroll,PPD,File upload,0
fc04c9cf-1e5e-4e09-a313-9780c08a639d,2026-06-22T14:45:18.584976+00:00,ORIG-13949,RCVR-23087,862.02,Harbor Manufacturing,Avery Johnson,NY,WA,2649,Payroll,WEB,Online banking,0
9ce5697e-7406-4433-a3c6-f62e6011f7bb,2026-06-23T01:04:18.584976+00:00,ORIG-22792,RCVR-91393,82.18,Summit Health,Brightline Supply,MA,VA,1716,Payroll,WEB,Online banking,0
f05395fd-ab2e-4f81-afe0-65740c13de76,2026-06-23T17:22:18.584976+00:00,ORIG-55163,RCVR-99748,890.07,Pine Valley Foods,Brightline Supply,TX,WA,1194,Payroll,CCD,Online banking,0
8d3626d8-de07-4e97-82be-74338b9891d9,2026-06-29T02:11:18.584976+00:00,ORIG-34272,RCVR-81767,1145.41,Northstar Services,Cedar Utilities,CA,NC,1630,Payroll,WEB,File upload,0
4ff48a36-d2aa-483d-a8f7-4339de47e216,2026-08-03T06:50:18.584976+00:00,ORIG-17600,RCVR-56053,847.84,Northstar Services,Brightline Supply,TX,OH,146,Vendor payment,TEL,API,1
8f05ff09-5516-46a0-91c5-cbc42bd760c2,2026-07-12T05:57:18.584976+00:00,ORIG-75375,RCVR-68055,394.15,Pine Valley Foods,Cedar Utilities,WA,OH,2874,Bill payment,PPD,File upload,0
b75baa1d-92a4-4cec-a40d-13ff6ef654a6,2026-07-09T15:22:18.584976+00:00,ORIG-74326,RCVR-48041,498.34,Pine Valley Foods,Avery Johnson,CO,OH,1236,Vendor payment,WEB,API,0
20f0827d-2eb5-4d09-83a4-2622153b53b2,2026-08-08T02:31:18.584976+00:00,ORIG-49562,RCVR-78484,85.41,Summit Health,Avery Johnson,GA,WA,2296,Tax payment,PPD,API,0
285163f9-252c-4e43-85ef-178f04bd8a2a,2026-07-20T03:17:18.584976+00:00,ORIG-28331,RCVR-67419,174.08,Summit Health,Brightline Supply,FL,NC,537,Tax payment,CCD,Online banking,0
e545c671-20f9-4bc2-8daf-71ee6873c521,2026-07-15T05:22:18.584976+00:00,ORIG-23668,RCVR-91641,287.97,Summit Health,Cedar Utilities,CA,IL,3482,Vendor payment,CCD,Online banking,0
d7d7b810-f1bd-4101-96c0-762b4457b348,2026-06-26T06:02:18.584976+00:00,ORIG-64030,RCVR-87688,390.58,Pine Valley Foods,Avery Johnson,MA,CO,429,Vendor payment,CCD,API,0
25c922e8-176e-4dc2-abe1-4243ee462bcb,2026-08-07T18:49:18.584976+00:00,ORIG-44150,RCVR-94200,2081.62,Summit Health,Avery Johnson,IL,MA,31,Payroll,CCD,File upload,0
c3f97a82-934f-48f9-a19e-4b6413fb8098,2026-07-11T20:06:18.584976+00:00,ORIG-79015,RCVR-15707,322.93,Summit Health,Maple Consulting,MA,WA,2122,Bill payment,PPD,Online banking,0
a455ee43-4311-4824-89b1-b39e3ce730a1,2026-07-29T02:57:18.584976+00:00,ORIG-16089,RCVR-74933,307.94,Pine Valley Foods,Brightline Supply,NY,NC,724,Vendor payment,CCD,Online banking,0
303e5c44-db12-4494-8aa7-75f899dd3837,2026-07-25T17:39:18.584976+00:00,ORIG-25557,RCVR-60711,249.96,Northstar Services,Brightline Supply,OH,OH,2869,Bill payment,CCD,Online banking,0
7890d0d3-750a-4a74-8cae-3c3c7eae891a,2026-07-28T00:01:18.584976+00:00,ORIG-95955,RCVR-24314,122.87,Northstar Services,Avery Johnson,VA,TX,3542,Vendor payment,WEB,API,0
3f90c62a-269f-427d-baba-c1443e6a4813,2026-08-13T14:48:18.584976+00:00,ORIG-95494,RCVR-40840,924.69,Harbor Manufacturing,Cedar Utilities,TX,OH,553,Direct deposit,CCD,Online banking,0
4fb18cf8-fa29-44db-8c70-5e799a6ba7d0,2026-07-11T13:57:18.584976+00:00,ORIG-52164,RCVR-60485,1161.97,Harbor Manufacturing,Brightline Supply,WA,CO,3414,Tax payment,PPD,API,0
4aefeaa7-adb3-4d8f-98f1-1cdbbb72baa2,2026-07-26T04:54:18.584976+00:00,ORIG-11836,RCVR-78964,1155.46,Northstar Services,Brightline Supply,TX,IL,3006,Vendor payment,PPD,API,0
7961b916-1625-4efd-8e87-aebe300562f9,2026-08-16T18:46:18.584976+00:00,ORIG-89301,RCVR-90965,446.74,Summit Health,Cedar Utilities,IL,CO,635,Tax payment,PPD,API,0
83bc9a1a-65ca-442b-8282-ea56ed9bbc5a,2026-07-28T22:21:18.584976+00:00,ORIG-51810,RCVR-82757,630.15,Summit Health,Brightline Supply,NC,VA,976,Tax payment,CCD,Online banking,0
6657b7db-c469-4e30-9560-bf6fdb2b46c1,2026-08-04T14:43:18.584976+00:00,ORIG-82669,RCVR-11068,516.62,Harbor Manufacturing,Avery Johnson,CA,CA,2155,Tax payment,WEB,Online banking,0
4469f081-8547-4e7f-85b0-a9ab4665b992,2026-07-29T07:57:18.584976+00:00,ORIG-69777,RCVR-80527,3412.32,Pine Valley Foods,Maple Consulting,MA,GA,168,Vendor payment,PPD,Branch initiated,1
99ea1258-1336-402c-907e-04684e3ee087,2026-08-03T12:02:18.584976+00:00,ORIG-81092,RCVR-18194,3145.42,Summit Health,Brightline Supply,CO,CA,152,Direct deposit,TEL,Branch initiated,1
7a64b2ab-e264-4b70-9e50-b723bfe35526,2026-07-16T05:02:18.584976+00:00,ORIG-19056,RCVR-55665,261.08,Northstar Services,Avery Johnson,MA,IL,2783,Vendor payment,CCD,File upload,0
564c9248-3d0c-4116-a620-3cf8968ef686,2026-06-25T10:50:18.584976+00:00,ORIG-50403,RCVR-30274,158.44,Summit Health,Brightline Supply,WA,TX,975,Bill payment,WEB,Online banking,0
0469b93c-9050-4ae0-8280-0a1b8504068c,2026-07-16T07:32:18.584976+00:00,ORIG-80858,RCVR-73875,326.98,Harbor Manufacturing,Cedar Utilities,TX,VA,2498,Vendor payment,WEB,Online banking,0
05a11e18-d222-44e0-acf2-cd66f6164504,2026-07-30T00:43:18.584976+00:00,ORIG-55670,RCVR-69708,166.49,Pine Valley Foods,Brightline Supply,OH,OH,2654,Tax payment,WEB,Online banking,0
d90a1ea2-47ee-45b7-80c6-cffdb81b7e10,2026-07-12T06:55:18.584976+00:00,ORIG-55894,RCVR-52097,116.16,Summit Health,Cedar Utilities,TX,CA,614,Tax payment,CCD,Online banking,0
59b37050-7d96-4f0c-babd-cfbdc1b0caac,2026-06-28T14:07:18.584976+00:00,ORIG-89917,RCVR-49014,379.47,Northstar Services,Maple Consulting,CA,VA,2699,Vendor payment,WEB,Online banking,0
8f7cd8bb-ba45-4a4c-961f-f608092f7b44,2026-07-09T14:25:18.584976+00:00,ORIG-99421,RCVR-22567,387.17,Harbor Manufacturing,Cedar Utilities,OH,TX,1147,Bill payment,WEB,Online banking,0
efbb9106-c33f-460a-be1a-746a7450f34c,2026-07-07T19:56:18.584976+00:00,ORIG-15781,RCVR-85539,418.14,Pine Valley Foods,Maple Consulting,IL,CA,3012,Tax payment,PPD,Branch initiated,0
4e37264e-93bd-4409-a716-e573492af26c,2026-07-06T22:57:18.584976+00:00,ORIG-83065,RCVR-93589,381.19,Northstar Services,Cedar Utilities,CA,CA,2336,Direct deposit,CCD,File upload,0
a135a3e4-1ad5-4a13-a8ba-c9b4d14d6def,2026-06-21T23:56:18.584976+00:00,ORIG-52140,RCVR-99864,925.54,Pine Valley Foods,Brightline Supply,MA,NY,102,Tax payment,CCD,Online banking,0
2720e9f0-34a3-49ab-886d-be15f2fb93dd,2026-06-27T06:13:18.584976+00:00,ORIG-54493,RCVR-95630,722.02,Northstar Services,Brightline Supply,CA,CO,626,Bill payment,WEB,Online banking,0
55769b7a-bb13-4e2a-9c66-675e88c1a447,2026-06-25T08:35:18.584976+00:00,ORIG-73372,RCVR-98917,80.88,Northstar Services,Avery Johnson,VA,IL,1612,Direct deposit,PPD,Online banking,0
3ab29432-d5ea-4ecc-a07f-acd9d8f5bb41,2026-07-27T08:09:18.584976+00:00,ORIG-57125,RCVR-72002,1022.04,Summit Health,Brightline Supply,CA,TX,1986,Bill payment,CCD,Online banking,0
7adfc39f-01dd-4bf9-93ad-5b5c16994444,2026-08-15T21:43:18.584976+00:00,ORIG-53686,RCVR-67602,2061.33,Pine Valley Foods,Avery Johnson,OH,GA,1025,Bill payment,WEB,API,0
fbcc0e8b-eb3b-42c6-9030-e16243f7085f,2026-06-24T17:34:18.584976+00:00,ORIG-11882,RCVR-44623,529.31,Pine Valley Foods,Avery Johnson,CO,OH,65,Bill payment,WEB,API,0
09395b5f-2bfb-406b-bc9b-e7040ffd73db,2026-07-20T12:28:18.584976+00:00,ORIG-82779,RCVR-95521,304.78,Pine Valley Foods,Maple Consulting,GA,NC,570,Bill payment,WEB,Online banking,0
5c6c6b2b-4019-481a-a694-5aa40c5d0baf,2026-07-22T09:11:18.584976+00:00,ORIG-13207,RCVR-65862,443.43,Summit Health,Cedar Utilities,OH,MA,1271,Tax payment,CCD,Online banking,0
a619f9c5-9918-4c9e-aa77-e2f17fd99464,2026-08-16T18:15:18.584976+00:00,ORIG-56183,RCVR-44235,306.97,Summit Health,Cedar Utilities,FL,MA,1172,Direct deposit,WEB,API,0
695788e3-4f1d-404a-8f03-fd2835656197,2026-08-08T10:52:18.584976+00:00,ORIG-76679,RCVR-47507,574.75,Harbor Manufacturing,Maple Consulting,VA,VA,146,Bill payment,WEB,File upload,0
30931367-1a8b-48be-9096-b71b2f7a53dd,2026-08-01T13:20:18.584976+00:00,ORIG-66020,RCVR-89083,1043.83,Harbor Manufacturing,Avery Johnson,NY,CA,2420,Direct deposit,WEB,Online banking,0
41b36752-21a9-4b94-9b8a-777740520fd8,2026-07-03T04:09:18.584976+00:00,ORIG-90850,RCVR-55646,145.72,Harbor Manufacturing,Cedar Utilities,MA,VA,424,Vendor payment,PPD,File upload,0
b39fbda9-ccf7-4670-8389-85567d33965d,2026-06-22T21:35:18.584976+00:00,ORIG-97521,RCVR-90549,548.03,Summit Health,Maple Consulting,CO,TX,25,Payroll,WEB,API,0
73e6eeca-fddd-4bed-8674-1e59695849ae,2026-07-11T16:02:18.584976+00:00,ORIG-35385,RCVR-59678,3287.4,Northstar Services,Cedar Utilities,NY,IL,3549,Tax payment,WEB,Online banking,0
5425ac57-aaa2-41a5-b677-1960d25fa112,2026-08-06T17:20:18.584976+00:00,ORIG-99712,RCVR-64476,180.58,Harbor Manufacturing,Maple Consulting,IL,GA,2606,Bill payment,CCD,Online banking,0
4b4663a5-e49f-4193-8ee8-332aac9b5858,2026-07-04T19:33:18.584976+00:00,ORIG-76275,RCVR-64776,486.17,Northstar Services,Maple Consulting,GA,WA,2158,Direct deposit,CCD,Online banking,0
d89d51a9-dc08-4c6c-b40d-c1bc76cb9020,2026-07-23T01:19:18.584976+00:00,ORIG-48392,RCVR-34779,496.02,Northstar Services,Maple Consulting,CA,OH,277,Direct deposit,WEB,File upload,0
97943d1b-8c6b-4728-ad01-026c3482663d,2026-06-23T13:57:18.584976+00:00,ORIG-96933,RCVR-18491,162.94,Pine Valley Foods,Maple Consulting,MA,GA,3466,Direct deposit,CCD,Online banking,0
3ef41ce9-a4a9-4c31-a18a-7ea9f763dc30,2026-06-24T16:07:18.584976+00:00,ORIG-54041,RCVR-91418,348.96,Harbor Manufacturing,Maple Consulting,OH,IL,2317,Payroll,WEB,Online banking,0
1c865554-b867-4991-9f60-380a3fd95f0e,2026-07-04T21:35:18.584976+00:00,ORIG-77951,RCVR-41689,141.45,Summit Health,Brightline Supply,CA,NY,2827,Vendor payment,CCD,API,0
75d2b939-5047-4bc1-a12e-b48d05f01d91,2026-07-23T21:43:18.584976+00:00,ORIG-44296,RCVR-52963,208.39,Pine Valley Foods,Brightline Supply,WA,GA,2116,Payroll,WEB,Online banking,0
237e5d10-8b2c-47b9-bf56-54e48060cada,2026-07-20T05:17:18.584976+00:00,ORIG-23320,RCVR-60228,277.69,Pine Valley Foods,Maple Consulting,NY,CO,422,Bill payment,WEB,Online banking,0
c836ef21-d78a-4044-aef5-6ce358ddcb78,2026-07-14T09:12:18.584976+00:00,ORIG-17170,RCVR-30166,356.32,Pine Valley Foods,Avery Johnson,NY,WA,138,Vendor payment,WEB,File upload,0
a774bc40-e589-47fa-a690-042ba1c92752,2026-08-16T19:20:18.584976+00:00,ORIG-73516,RCVR-60838,279.41,Pine Valley Foods,Cedar Utilities,CA,VA,2786,Direct deposit,PPD,Online banking,0
37d35c25-5bc5-4338-83d6-9e2e19849766,2026-07-17T16:29:18.584976+00:00,ORIG-58056,RCVR-62177,852.61,Harbor Manufacturing,Avery Johnson,GA,GA,2428,Tax payment,WEB,Branch initiated,0
0eb9a42e-7989-4514-b925-491369faf9aa,2026-08-17T10:03:18.584976+00:00,ORIG-22404,RCVR-57184,235.16,Northstar Services,Cedar Utilities,MA,FL,3575,Payroll,CCD,Online banking,0
e8214aea-13ae-4ed5-a720-198319c6ee9f,2026-08-02T19:57:18.584976+00:00,ORIG-15709,RCVR-44503,717.01,Harbor Manufacturing,Cedar Utilities,OH,MA,2961,Vendor payment,CCD,Online banking,0
f3ed889c-ae6e-4e5d-ade6-305637b7e934,2026-07-09T00:28:18.584976+00:00,ORIG-14657,RCVR-51884,150.82,Harbor Manufacturing,Brightline Supply,FL,IL,316,Payroll,PPD,API,0
dac43adb-121d-47b1-bbbb-da25e49762ac,2026-08-20T11:09:18.584976+00:00,ORIG-89208,RCVR-27721,687.24,Summit Health,Cedar Utilities,VA,OH,1099,Payroll,WEB,API,0
46051188-09ba-41d7-b5e0-efc2da355d2e,2026-07-17T19:21:18.584976+00:00,ORIG-38696,RCVR-53839,311.91,Harbor Manufacturing,Cedar Utilities,VA,GA,2418,Tax payment,PPD,API,0
2d89a6c8-56f1-4250-a45f-07be25f21a51,2026-08-06T20:24:18.584976+00:00,ORIG-83902,RCVR-67509,449.12,Harbor Manufacturing,Maple Consulting,GA,TX,3582,Bill payment,WEB,Online banking,0
93becf9b-6f97-4197-bec9-eca11a252a82,2026-08-01T21:00:18.584976+00:00,ORIG-10432,RCVR-70404,334.96,Pine Valley Foods,Maple Consulting,GA,OH,3308,Bill payment,PPD,Online banking,0
4829339c-225b-4bc4-8f86-fa57bbea2461,2026-07-16T04:50:18.584976+00:00,ORIG-88021,RCVR-90208,1032.55,Northstar Services,Maple Consulting,MA,OH,3234,Vendor payment,PPD,Online banking,0
f90e2673-6cc1-4581-940c-dd28f35baf8d,2026-07-25T12:07:18.584976+00:00,ORIG-12378,RCVR-18029,716.71,Summit Health,Brightline Supply,IL,GA,3554,Payroll,CCD,File upload,0
a782331d-f763-4136-845a-2b0fa1864f98,2026-07-09T03:12:18.584976+00:00,ORIG-42276,RCVR-60043,662.13,Pine Valley Foods,Cedar Utilities,CO,WA,3266,Payroll,CCD,Branch initiated,0
ef35712b-c76e-4611-a300-61de1b9d83a8,2026-08-07T11:23:18.584976+00:00,ORIG-62152,RCVR-24262,178.03,Pine Valley Foods,Brightline Supply,FL,OH,2784,Payroll,CCD,Online banking,0
47a45e78-9448-44b9-a04f-3c7893bc0783,2026-08-08T20:59:18.584976+00:00,ORIG-27873,RCVR-29089,231.09,Harbor Manufacturing,Brightline Supply,MA,IL,610,Vendor payment,WEB,Online banking,0
93029d8d-275d-488c-a8c9-46a4feea9d12,2026-08-15T18:44:18.584976+00:00,ORIG-26962,RCVR-68666,832.74,Pine Valley Foods,Brightline Supply,CO,GA,16,Tax payment,TEL,API,1
ae740b6c-37be-40e9-865f-ebf5f8196e02,2026-07-30T14:45:18.584976+00:00,ORIG-52298,RCVR-59890,138.24,Northstar Services,Maple Consulting,FL,TX,2129,Bill payment,CCD,File upload,0
fa8c0106-c44b-4312-adba-08a995fa7546,2026-07-17T15:25:18.584976+00:00,ORIG-69546,RCVR-70079,75.06,Harbor Manufacturing,Brightline Supply,OH,TX,16,Tax payment,PPD,Online banking,0
63d9a35f-8096-4b54-8ed9-4cb32ba0a383,2026-07-09T12:48:18.584976+00:00,ORIG-42241,RCVR-41127,826.8,Summit Health,Avery Johnson,CA,NC,42,Direct deposit,PPD,API,1
c27d5bea-4288-4167-8b09-c4af7bef932e,2026-08-02T20:22:18.584976+00:00,ORIG-48204,RCVR-52107,723.19,Summit Health,Maple Consulting,TX,FL,2976,Vendor payment,WEB,Online banking,0
ec966c9a-c96e-4577-b76c-8e1622fa84e7,2026-07-06T02:51:18.584976+00:00,ORIG-31781,RCVR-87857,249.34,Pine Valley Foods,Brightline Supply,IL,NC,2173,Vendor payment,PPD,API,0
4c4739c4-c0b6-43a1-b3f3-3cd506363a69,2026-08-13T07:47:18.584976+00:00,ORIG-31409,RCVR-38504,302.46,Harbor Manufacturing,Avery Johnson,MA,FL,114,Tax payment,WEB,Online banking,0
0f292a16-bb86-4419-87d6-9576e9721aaa,2026-08-16T23:55:18.584976+00:00,ORIG-46424,RCVR-49229,242.99,Northstar Services,Brightline Supply,VA,CO,1815,Payroll,WEB,API,0
ec4dc5ce-d4f8-4ddf-9257-b4e6c955d14b,2026-06-23T03:24:18.584976+00:00,ORIG-39713,RCVR-94425,770.05,Harbor Manufacturing,Avery Johnson,TX,WA,776,Vendor payment,WEB,Branch initiated,0
b0e691fc-9ce2-4c62-87f5-514159b11b50,2026-07-26T12:27:18.584976+00:00,ORIG-82458,RCVR-40708,488.82,Pine Valley Foods,Maple Consulting,GA,MA,1497,Tax payment,PPD,File upload,0
b496f4b7-9f13-4853-a1ef-1b84816acc0b,2026-06-26T09:12:18.584976+00:00,ORIG-14229,RCVR-85930,1553.76,Harbor Manufacturing,Cedar Utilities,GA,FOREIGN,89,Payroll,IAT,File upload,1
7bd913fc-5d5e-409e-8e2a-41f10d8a5cc9,2026-08-03T23:58:18.584976+00:00,ORIG-39490,RCVR-33842,162.85,Pine Valley Foods,Avery Johnson,NY,FL,2285,Direct deposit,WEB,File upload,0
17ffa8dd-997e-443b-9fd0-1ffd411cce7f,2026-07-06T01:45:18.584976+00:00,ORIG-69818,RCVR-47372,131.26,Summit Health,Cedar Utilities,NC,VA,1103,Tax payment,PPD,File upload,0
0fdad882-ccb1-4413-a554-f72ca9165788,2026-06-23T00:34:18.584976+00:00,ORIG-82875,RCVR-93627,515.97,Summit Health,Brightline Supply,MA,CA,3460,Payroll,WEB,Online banking,0
96380ab0-7c77-4cb4-8642-59084247b5d4,2026-08-09T00:05:18.584976+00:00,ORIG-97554,RCVR-44626,565.36,Northstar Services,Avery Johnson,MA,VA,3075,Bill payment,CCD,File upload,0
d71c1c29-fbce-4dce-b5a8-b589fd5b2a07,2026-08-04T15:46:18.584976+00:00,ORIG-65419,RCVR-96469,302.89,Summit Health,Maple Consulting,CO,FL,109,Tax payment,CCD,Branch initiated,0
609d9abd-db54-4287-92a6-a31f2c47cfb6,2026-07-23T08:33:18.584976+00:00,ORIG-14640,RCVR-42552,664.27,Pine Valley Foods,Maple Consulting,IL,NY,1185,Bill payment,PPD,Branch initiated,0
96ed019c-e43b-4826-8abf-3a07a76630ab,2026-08-06T15:57:18.584976+00:00,ORIG-39480,RCVR-28380,892.24,Summit Health,Avery Johnson,MA,IL,16,Vendor payment,TEL,Online banking,1
4d7a4625-f889-43a0-aa25-841c774f926d,2026-08-07T06:12:18.584976+00:00,ORIG-34912,RCVR-25697,104.2,Northstar Services,Avery Johnson,WA,IL,1686,Tax payment,PPD,API,0
a6206ae0-9e3b-48c3-828e-2a3366c86d10,2026-08-18T02:35:18.584976+00:00,ORIG-41558,RCVR-20227,874.96,Pine Valley Foods,Brightline Supply,WA,MA,2404,Direct deposit,CCD,Online banking,0
66ee444c-d7cd-4da0-963e-717d9615e328,2026-07-09T15:51:18.584976+00:00,ORIG-92060,RCVR-97554,228.47,Summit Health,Cedar Utilities,NY,VA,2571,Vendor payment,PPD,API,0
f1354e36-a808-4c60-88fc-7eaef569ecc2,2026-06-21T20:46:18.584976+00:00,ORIG-20398,RCVR-15215,197.82,Northstar Services,Avery Johnson,NY,OH,3439,Bill payment,WEB,File upload,0
b7d7bba3-6ac9-49ab-92cf-4ddcadd6024c,2026-07-18T00:00:18.584976+00:00,ORIG-26887,RCVR-23734,221.58,Northstar Services,Maple Consulting,VA,IL,82,Payroll,CCD,Online banking,0
aa1facff-45b4-466a-ad23-de2102a39166,2026-08-14T12:29:18.584976+00:00,ORIG-18091,RCVR-67582,993.35,Pine Valley Foods,Brightline Supply,VA,WA,3301,Bill payment,WEB,Online banking,0
5ba2d08d-0ab5-4d61-84ee-e85de79dc80f,2026-08-18T01:16:18.584976+00:00,ORIG-12133,RCVR-64296,146.42,Harbor Manufacturing,Avery Johnson,TX,GA,2751,Bill payment,WEB,Branch initiated,0
f61f8d6f-28f3-4e18-91ab-3b8d1c788e75,2026-08-14T00:33:18.584976+00:00,ORIG-11223,RCVR-38446,2761.4,Northstar Services,Cedar Utilities,MA,MA,141,Bill payment,PPD,API,1
8b7adf7f-a20a-408c-8ae0-1d4de029f1eb,2026-08-19T10:47:18.584976+00:00,ORIG-94866,RCVR-25173,272.64,Harbor Manufacturing,Avery Johnson,NY,MA,296,Bill payment,CCD,Online banking,0
7004c5ba-df01-4dcd-8441-1e973c2f3d4c,2026-07-19T21:19:18.584976+00:00,ORIG-70008,RCVR-72145,427.51,Northstar Services,Brightline Supply,WA,FL,1373,Payroll,PPD,Online banking,0
c9d105e2-87bd-48e4-9f33-85fd2bb34fc7,2026-07-12T07:27:18.584976+00:00,ORIG-22611,RCVR-43561,494.31,Pine Valley Foods,Cedar Utilities,WA,NY,148,Direct deposit,PPD,API,0
cfec117f-4d13-478e-9a96-a76d88ea4169,2026-07-13T10:54:18.584976+00:00,ORIG-43391,RCVR-75392,322.8,Pine Valley Foods,Cedar Utilities,CA,VA,2864,Payroll,CCD,Online banking,0
806b4b66-67a9-45dc-a971-d89129371561,2026-08-14T01:59:18.584976+00:00,ORIG-29009,RCVR-52193,174.71,Northstar Services,Cedar Utilities,CA,NY,726,Bill payment,PPD,API,0
9e950a32-7cff-4d8b-89af-3736509e744c,2026-07-12T01:56:18.584976+00:00,ORIG-89915,RCVR-66166,629.04,Pine Valley Foods,Cedar Utilities,CA,WA,963,Direct deposit,PPD,Online banking,0
ce67e404-a502-4c4d-a108-68975a0228f7,2026-08-19T11:51:18.584976+00:00,ORIG-95837,RCVR-90360,1149.95,Pine Valley Foods,Avery Johnson,TX,WA,404,Bill payment,PPD,Online banking,0
a9f0cf0a-1fc3-48aa-be0b-612e819d1600,2026-06-27T16:30:18.584976+00:00,ORIG-31592,RCVR-91832,1549.15,Summit Health,Avery Johnson,OH,CO,2635,Vendor payment,WEB,API,0
f1d6e442-1986-4ff4-8c6f-0e39c2eb6520,2026-07-24T00:13:18.584976+00:00,ORIG-87484,RCVR-43671,277.39,Pine Valley Foods,Cedar Utilities,MA,WA,2900,Bill payment,PPD,Online banking,0
0c8f6e27-da12-4cd5-a547-53ba4225bba3,2026-07-13T01:03:18.584976+00:00,ORIG-41830,RCVR-79801,676.36,Summit Health,Maple Consulting,FL,NY,155,Bill payment,PPD,Branch initiated,0
cd6a655f-903c-49b2-80c5-f0a62b3a3553,2026-08-05T06:47:18.584976+00:00,ORIG-71384,RCVR-29452,137.31,Harbor Manufacturing,Brightline Supply,WA,FL,1930,Direct deposit,WEB,API,0
0e406b41-2368-4e60-a55f-c702e56a4011,2026-07-16T18:32:18.584976+00:00,ORIG-11516,RCVR-74640,287.73,Northstar Services,Brightline Supply,OH,CO,2499,Vendor payment,WEB,Online banking,0
accec087-8ef3-4b9e-ac30-bea5fa71d03a,2026-07-31T22:06:18.584976+00:00,ORIG-69559,RCVR-85541,514.3,Pine Valley Foods,Avery Johnson,CO,MA,3243,Direct deposit,CCD,Online banking,0
3b653d01-172e-44bd-9109-6d97e01ee42f,2026-07-16T14:14:18.584976+00:00,ORIG-68486,RCVR-29795,585.65,Harbor Manufacturing,Avery Johnson,CA,CO,3453,Direct deposit,PPD,File upload,0
886d6f85-cf0e-4abf-a823-93d80b7d1058,2026-06-30T16:13:18.584976+00:00,ORIG-65478,RCVR-24464,521.12,Northstar Services,Avery Johnson,NC,TX,2752,Direct deposit,CCD,File upload,0
956a7040-f51a-4666-819e-f9958cf1ad41,2026-08-01T03:51:18.584976+00:00,ORIG-64712,RCVR-39953,1103.15,Pine Valley Foods,Brightline Supply,CA,OH,1421,Payroll,CCD,Online banking,0
2883a1cd-4d54-4b97-8d68-923df9a83ee4,2026-07-15T01:03:18.584976+00:00,ORIG-11125,RCVR-54612,417.6,Harbor Manufacturing,Avery Johnson,NY,NC,153,Bill payment,PPD,API,0
287c1844-2b61-4709-a2b9-44485e10ca1a,2026-08-15T23:57:18.584976+00:00,ORIG-92016,RCVR-91513,2903.87,Pine Valley Foods,Cedar Utilities,CA,NC,1441,Bill payment,CCD,Branch initiated,0
aad56693-d416-4b9e-a710-ddd490559aeb,2026-07-23T11:43:18.584976+00:00,ORIG-47738,RCVR-18851,130.33,Pine Valley Foods,Cedar Utilities,TX,TX,2395,Tax payment,PPD,Online banking,0
103b8d31-4c4f-494f-8dc0-3c2a946b7e11,2026-08-12T11:02:18.584976+00:00,ORIG-24360,RCVR-50697,398.75,Pine Valley Foods,Maple Consulting,VA,OH,60,Vendor payment,PPD,File upload,0
29672f86-de92-45aa-be07-40797f287ffa,2026-08-12T07:50:18.584976+00:00,ORIG-22265,RCVR-25584,356.0,Summit Health,Maple Consulting,IL,TX,2840,Payroll,CCD,Online banking,0
be757966-0d42-44a0-9174-5870301c9c61,2026-07-06T21:57:18.584976+00:00,ORIG-23790,RCVR-53568,702.87,Summit Health,Cedar Utilities,GA,WA,543,Vendor payment,WEB,Online banking,0
e4967928-9bee-441c-9955-0a1fccbe9ee3,2026-07-02T20:22:18.584976+00:00,ORIG-14689,RCVR-35930,351.76,Northstar Services,Brightline Supply,OH,NC,1760,Direct deposit,CCD,File upload,0
e3c15ae1-3a76-4bfd-a893-d9a042855b67,2026-07-08T21:25:18.584976+00:00,ORIG-19831,RCVR-51350,399.42,Pine Valley Foods,Cedar Utilities,GA,MA,561,Direct deposit,PPD,API,0
74ece25b-6ecb-456b-8fb7-8d4d8a87c147,2026-08-05T07:24:18.584976+00:00,ORIG-13377,RCVR-37195,677.44,Summit Health,Avery Johnson,OH,CA,1022,Vendor payment,PPD,API,0
916e474f-90c1-4916-bed4-30ded33ed594,2026-07-30T01:39:18.584976+00:00,ORIG-11262,RCVR-88286,207.77,Northstar Services,Maple Consulting,CO,NC,2192,Bill payment,PPD,File upload,0
105d0036-19f5-41d9-968c-0b00dee173a9,2026-07-15T13:45:18.584976+00:00,ORIG-61936,RCVR-44174,169.35,Harbor Manufacturing,Cedar Utilities,CA,NY,3052,Direct deposit,WEB,Online banking,0
d6685b82-9118-4fa6-bb60-1656e4d48a5f,2026-06-22T23:24:18.584976+00:00,ORIG-71110,RCVR-68184,186.56,Pine Valley Foods,Maple Consulting,WA,FL,3199,Payroll,PPD,File upload,0
88dee47d-4bbe-407f-9ce2-54204ae62e74,2026-08-19T02:15:18.584976+00:00,ORIG-95156,RCVR-49619,800.17,Summit Health,Cedar Utilities,FL,OH,374,Tax payment,WEB,Online banking,0
10dc23cd-9ec5-4d86-9b04-77169ebd9085,2026-07-02T14:48:18.584976+00:00,ORIG-91888,RCVR-85514,598.51,Pine Valley Foods,Brightline Supply,NC,IL,1126,Bill payment,PPD,File upload,0
25fcc734-95aa-4c7a-b66d-fd75e0f380e0,2026-08-15T02:00:18.584976+00:00,ORIG-80922,RCVR-48539,91.68,Summit Health,Maple Consulting,FL,GA,1245,Bill payment,PPD,File upload,0
4b7e3b36-5474-46cd-82be-40300653caae,2026-07-31T09:51:18.584976+00:00,ORIG-59511,RCVR-94424,414.76,Northstar Services,Avery Johnson,NY,GA,914,Direct deposit,WEB,Online banking,0
85fad06e-dc91-4870-b193-a75bfeea49b3,2026-07-16T03:23:18.584976+00:00,ORIG-38549,RCVR-95711,174.48,Harbor Manufacturing,Brightline Supply,CO,OH,3263,Bill payment,PPD,File upload,0
7b195034-64ad-4b98-aed5-7f8b0356e15d,2026-07-24T23:09:18.584976+00:00,ORIG-51595,RCVR-19095,715.66,Pine Valley Foods,Avery Johnson,VA,CO,1653,Payroll,WEB,Branch initiated,0
85ad8c71-2616-43d2-a8c3-0ddbb10559e2,2026-07-14T15:13:18.584976+00:00,ORIG-65993,RCVR-51594,546.75,Summit Health,Brightline Supply,CA,NC,1515,Direct deposit,CCD,API,0
2a91658d-8c4c-4d2a-886e-45d420cbb6f6,2026-06-29T08:48:18.584976+00:00,ORIG-93704,RCVR-15440,475.83,Harbor Manufacturing,Cedar Utilities,MA,IL,954,Tax payment,WEB,Online banking,0
eeb6c4c7-f5b6-468f-ba7e-4ca37183c3fe,2026-07-03T21:13:18.584976+00:00,ORIG-43260,RCVR-59415,229.38,Summit Health,Avery Johnson,GA,WA,180,Vendor payment,WEB,File upload,0
e36a8576-be54-4ca0-b224-a78415ab12e3,2026-07-21T17:58:18.584976+00:00,ORIG-82862,RCVR-39220,524.42,Northstar Services,Cedar Utilities,FL,VA,1965,Payroll,CCD,File upload,0
461e43a4-e589-4e15-8bc9-60228834c39d,2026-08-11T08:24:18.584976+00:00,ORIG-79056,RCVR-75036,852.09,Summit Health,Avery Johnson,IL,WA,927,Vendor payment,CCD,File upload,0
ed0a0d37-2358-483d-95e4-2cf9dfd14920,2026-08-14T10:36:18.584976+00:00,ORIG-89023,RCVR-94619,293.14,Harbor Manufacturing,Cedar Utilities,OH,FL,856,Vendor payment,CCD,API,0
3a9224bd-9b73-4004-8b29-3f46244c33d9,2026-08-11T00:26:18.584976+00:00,ORIG-50313,RCVR-28966,213.36,Harbor Manufacturing,Avery Johnson,NY,WA,912,Tax payment,PPD,Online banking,0
10a59914-24c5-4e00-ad6c-f0e95bd5a3cd,2026-08-02T15:34:18.584976+00:00,ORIG-95244,RCVR-17274,242.0,Summit Health,Maple Consulting,VA,CA,1370,Payroll,PPD,File upload,0
ffe710e6-286f-454e-971b-a85bf95e9747,2026-08-03T13:10:18.584976+00:00,ORIG-93497,RCVR-92875,557.0,Summit Health,Avery Johnson,MA,NY,1854,Vendor payment,PPD,Branch initiated,0
b0f06a9d-bd36-49b7-af04-ff4e59b3657a,2026-08-14T16:01:18.584976+00:00,ORIG-46810,RCVR-21080,2007.12,Harbor Manufacturing,Avery Johnson,IL,NY,615,Tax payment,CCD,Online banking,0
fb324db0-84dd-465f-92b9-1443bfba8954,2026-08-14T23:49:18.584976+00:00,ORIG-30481,RCVR-44658,273.77,Pine Valley Foods,Maple Consulting,OH,WA,1819,Tax payment,PPD,API,0
901777d1-aa25-4b15-83fb-01ab65108910,2026-07-18T22:22:18.584976+00:00,ORIG-17887,RCVR-60701,882.34,Northstar Services,Cedar Utilities,NY,GA,329,Direct deposit,WEB,Online banking,0
ac33ef9c-099a-4180-a368-8d7473bdb3e0,2026-08-13T00:40:18.584976+00:00,ORIG-17889,RCVR-18048,320.35,Pine Valley Foods,Cedar Utilities,IL,CA,830,Bill payment,WEB,API,0
872db100-aa41-42b7-a093-497f4d19ce84,2026-07-13T00:30:18.584976+00:00,ORIG-42690,RCVR-92034,387.18,Summit Health,Maple Consulting,NY,OH,2,Vendor payment,PPD,Online banking,0
8f62a8e1-52e5-46eb-b905-24b71ceb0ccb,2026-07-08T23:21:18.584976+00:00,ORIG-25005,RCVR-35331,103.67,Summit Health,Cedar Utilities,IL,MA,671,Direct deposit,CCD,File upload,0
55b3a569-1bda-4fc8-adaa-b6b0befbeb95,2026-06-23T03:44:18.584976+00:00,ORIG-84720,RCVR-39196,324.96,Summit Health,Maple Consulting,MA,FL,1516,Bill payment,CCD,API,0
ef4cd4a9-86f3-4412-b408-13f3afc1b79f,2026-07-28T07:52:18.584976+00:00,ORIG-93085,RCVR-76868,959.39,Pine Valley Foods,Maple Consulting,IL,TX,61,Direct deposit,WEB,File upload,1
a3b3de87-e58a-405c-9d24-2a5e82ac9308,2026-08-05T10:10:18.584976+00:00,ORIG-44341,RCVR-67414,264.43,Northstar Services,Cedar Utilities,CA,TX,3547,Direct deposit,CCD,API,0
f0603b43-53d1-4389-885f-246687341dff,2026-08-02T13:38:18.584976+00:00,ORIG-18921,RCVR-83688,184.96,Summit Health,Maple Consulting,WA,CA,1118,Vendor payment,WEB,API,0
bd2f2d23-0a66-4b36-92d5-b2f1bed90b0a,2026-08-07T11:54:18.584976+00:00,ORIG-18228,RCVR-56292,702.39,Pine Valley Foods,Cedar Utilities,OH,NY,1093,Vendor payment,PPD,Online banking,0
bbde2514-664b-405f-9ebe-41f85bcd5139,2026-06-28T18:53:18.584976+00:00,ORIG-41465,RCVR-81973,58.28,Harbor Manufacturing,Cedar Utilities,VA,NY,3291,Bill payment,PPD,Online banking,0
f2085c04-d60f-4369-8d83-bdf9595176f0,2026-07-28T05:31:18.584976+00:00,ORIG-49523,RCVR-65615,442.34,Summit Health,Avery Johnson,OH,CA,818,Bill payment,WEB,Online banking,0
282e3d1b-c464-4ba4-9e7a-04c6ffbfa5e0,2026-08-05T18:49:18.584976+00:00,ORIG-24605,RCVR-56000,66.07,Summit Health,Maple Consulting,NY,CO,2201,Payroll,CCD,File upload,0
fe300d22-876a-4e6e-bd6e-a708a992ce5a,2026-08-09T16:40:18.584976+00:00,ORIG-18516,RCVR-74066,195.8,Pine Valley Foods,Maple Consulting,NC,FL,2030,Vendor payment,PPD,Online banking,0
ccaa8ec6-5fa8-493b-9b81-fee1d3b9f97f,2026-06-23T14:48:18.584976+00:00,ORIG-25383,RCVR-62140,2158.16,Summit Health,Maple Consulting,CO,TX,1739,Vendor payment,CCD,File upload,0
094b675e-2ba8-4559-8fff-2b2973891fed,2026-07-15T16:58:18.584976+00:00,ORIG-85652,RCVR-94285,902.92,Summit Health,Maple Consulting,OH,OH,3018,Payroll,WEB,Online banking,0
edeee8ed-c778-433c-b583-9e090c671045,2026-07-23T10:51:18.584976+00:00,ORIG-33769,RCVR-26509,1049.72,Harbor Manufacturing,Maple Consulting,VA,VA,175,Direct deposit,PPD,Online banking,0
08f0c8e6-9db6-44a9-969e-e88ca836ae5d,2026-07-11T12:28:18.584976+00:00,ORIG-97240,RCVR-84813,498.64,Harbor Manufacturing,Maple Consulting,IL,OH,2200,Bill payment,WEB,Online banking,0
f172eb43-5fdc-44e2-88a2-e78d4ab4b442,2026-07-23T03:22:18.584976+00:00,ORIG-17230,RCVR-13393,618.83,Pine Valley Foods,Cedar Utilities,TX,OH,1810,Vendor payment,CCD,Online banking,0
015f423c-00b3-455a-a7a8-4e8e86aa8257,2026-08-09T03:36:18.584976+00:00,ORIG-18583,RCVR-55332,617.59,Harbor Manufacturing,Brightline Supply,NY,CO,1366,Payroll,CCD,Online banking,0
047f291f-7601-4f62-b76c-c35637fae6df,2026-06-26T21:45:18.584976+00:00,ORIG-66988,RCVR-69796,649.39,Summit Health,Maple Consulting,NY,CA,400,Direct deposit,CCD,Online banking,0
df3a0e38-15a3-45b1-bbd0-bce1e48c11f8,2026-07-01T11:15:18.584976+00:00,ORIG-31148,RCVR-55715,137.8,Harbor Manufacturing,Avery Johnson,NC,IL,3023,Vendor payment,WEB,Online banking,0
7995794f-c4c2-4604-a40d-0ea0483a03cc,2026-08-11T17:31:18.584976+00:00,ORIG-62887,RCVR-69133,210.6,Harbor Manufacturing,Avery Johnson,IL,WA,2481,Bill payment,WEB,File upload,0
267e3bf6-2de0-4ba9-95de-86ee1bda7a0b,2026-07-10T23:37:18.584976+00:00,ORIG-72926,RCVR-10244,470.62,Harbor Manufacturing,Maple Consulting,GA,CO,1516,Tax payment,PPD,Online banking,0
ef83230c-cbac-4a71-99d3-35796ca3e741,2026-08-14T18:10:18.584976+00:00,ORIG-50188,RCVR-58614,549.13,Summit Health,Brightline Supply,GA,MA,3293,Vendor payment,CCD,API,0
fda16b8d-c60b-47cb-a4a0-c1d92f1e20ef,2026-07-30T10:31:18.584976+00:00,ORIG-50881,RCVR-50557,256.27,Northstar Services,Avery Johnson,IL,VA,1691,Direct deposit,PPD,API,0
93a4a237-6ff4-4cad-80ce-326c5fb26bd6,2026-06-24T04:00:18.584976+00:00,ORIG-13017,RCVR-46012,331.1,Pine Valley Foods,Cedar Utilities,WA,FOREIGN,36,Payroll,PPD,File upload,1
c3621e93-8a12-49e1-9bd1-4cffe39844da,2026-08-04T22:21:18.584976+00:00,ORIG-94187,RCVR-92666,309.67,Harbor Manufacturing,Avery Johnson,IL,GA,2219,Vendor payment,PPD,API,0
13e6ef63-5c43-4f12-a356-760bdc8b5a21,2026-08-02T00:10:18.584976+00:00,ORIG-22373,RCVR-28140,425.79,Northstar Services,Brightline Supply,FL,CO,2521,Tax payment,PPD,API,0
0d446c42-e30b-4d39-94ff-ff52e1b241fc,2026-06-27T14:54:18.584976+00:00,ORIG-58376,RCVR-10338,1225.12,Harbor Manufacturing,Cedar Utilities,CA,CO,1746,Payroll,CCD,API,0
7c42c0b7-2bd7-421b-8698-95dd8642f593,2026-08-15T07:25:18.584976+00:00,ORIG-14513,RCVR-41127,3031.22,Northstar Services,Cedar Utilities,NC,OH,27,Bill payment,WEB,Branch initiated,0
c02356a6-5b15-4f6a-bcd0-f736891a0b57,2026-07-27T06:27:18.584976+00:00,ORIG-20386,RCVR-36288,247.39,Northstar Services,Cedar Utilities,OH,CA,5,Bill payment,CCD,Online banking,0
c12efafc-5bdd-47e8-bbdd-fa7e8f3d631c,2026-08-03T22:40:18.584976+00:00,ORIG-55093,RCVR-44873,611.12,Harbor Manufacturing,Brightline Supply,CO,CO,1943,Tax payment,WEB,Branch initiated,0
13a9e732-a23c-436f-b381-08d2bc0e1e2f,2026-06-27T13:48:18.584976+00:00,ORIG-16185,RCVR-88940,341.63,Northstar Services,Brightline Supply,TX,VA,2637,Direct deposit,CCD,Branch initiated,0
b4b65d14-6056-4bfc-beaf-aeb6adf54cd9,2026-06-30T01:31:18.584976+00:00,ORIG-49666,RCVR-81045,302.99,Pine Valley Foods,Maple Consulting,MA,TX,1197,Vendor payment,WEB,Online banking,0
ce4e6f6a-e8f1-4a92-bad4-1ee2364e000b,2026-06-24T08:35:18.584976+00:00,ORIG-44963,RCVR-89660,450.79,Summit Health,Brightline Supply,GA,VA,479,Bill payment,PPD,Online banking,0
25f859cc-8348-424b-b5cc-e54873ecb235,2026-06-24T10:40:18.584976+00:00,ORIG-38893,RCVR-33470,617.28,Harbor Manufacturing,Maple Consulting,CA,MA,2651,Tax payment,PPD,File upload,0
ad485257-8c23-497b-860f-573b0d0ac4d3,2026-07-24T12:10:18.584976+00:00,ORIG-44698,RCVR-63975,168.99,Harbor Manufacturing,Cedar Utilities,NY,CA,3001,Vendor payment,PPD,File upload,0
a9a793fe-7b1e-493e-88a5-e38f1f9c9c8b,2026-08-17T23:28:18.584976+00:00,ORIG-98108,RCVR-47906,1366.08,Northstar Services,Avery Johnson,VA,NY,1515,Vendor payment,WEB,Online banking,0
bf7398d6-1937-45d1-8f0e-373a9adbb78f,2026-08-20T17:16:18.584976+00:00,ORIG-19646,RCVR-61963,372.97,Summit Health,Maple Consulting,VA,TX,3554,Bill payment,PPD,Online banking,0
7c1d033a-3ea6-40a7-b285-1f1b032cf271,2026-07-05T16:08:18.584976+00:00,ORIG-76098,RCVR-59641,549.76,Northstar Services,Cedar Utilities,MA,VA,1068,Vendor payment,WEB,Online banking,0
131fc4d0-def7-4117-b927-cf2c71ef3d76,2026-07-04T23:56:18.584976+00:00,ORIG-28733,RCVR-52803,412.56,Harbor Manufacturing,Maple Consulting,OH,TX,2930,Tax payment,PPD,Online banking,0
cbb5c692-52d1-4327-ac20-046e43d98d6d,2026-08-18T16:41:18.584976+00:00,ORIG-20819,RCVR-30107,291.31,Northstar Services,Cedar Utilities,NY,GA,1254,Tax payment,CCD,Online banking,0
ae6d100a-9d02-46f0-bc04-d5c4791b0b45,2026-08-15T06:01:18.584976+00:00,ORIG-82249,RCVR-20176,230.22,Pine Valley Foods,Cedar Utilities,OH,NY,1123,Payroll,CCD,Online banking,0
31109556-0950-4a66-a088-8c59451c16bf,2026-08-14T07:25:18.584976+00:00,ORIG-60631,RCVR-19825,415.49,Summit Health,Avery Johnson,GA,WA,2984,Payroll,WEB,File upload,0
66534502-13f3-4009-9c42-960428e48e56,2026-08-08T13:12:18.584976+00:00,ORIG-76366,RCVR-23570,531.13,Northstar Services,Cedar Utilities,VA,IL,1340,Vendor payment,WEB,API,0
b908ba26-1996-4a66-85b8-5d2c9cc0d7e7,2026-08-07T13:18:18.584976+00:00,ORIG-20265,RCVR-45594,997.81,Harbor Manufacturing,Avery Johnson,MA,NC,3006,Tax payment,WEB,Online banking,0
5bb2828a-ac53-40ff-a2b6-3ce5f416436d,2026-08-15T03:35:18.584976+00:00,ORIG-35002,RCVR-96683,239.48,Pine Valley Foods,Avery Johnson,CA,TX,443,Direct deposit,CCD,Online banking,0
4cca015d-7822-4417-a645-2e8f6a66958f,2026-08-12T02:14:18.584976+00:00,ORIG-40694,RCVR-30650,670.45,Harbor Manufacturing,Avery Johnson,IL,OH,3103,Vendor payment,WEB,Online banking,0
df7f6b45-4c35-4a42-b8a0-f3f2d6766c52,2026-08-13T21:35:18.584976+00:00,ORIG-83869,RCVR-49134,569.88,Northstar Services,Avery Johnson,NC,NC,2852,Payroll,PPD,Online banking,0
63e35d2f-0a66-418d-b883-42947286a3d6,2026-06-29T02:06:18.584976+00:00,ORIG-92004,RCVR-61143,165.28,Summit Health,Brightline Supply,MA,MA,2652,Vendor payment,CCD,API,0
1e8e1331-c517-4314-898a-c9e6ee15584a,2026-08-11T19:15:18.584976+00:00,ORIG-61521,RCVR-32264,624.46,Pine Valley Foods,Avery Johnson,IL,IL,2470,Payroll,CCD,Branch initiated,0
15edc81e-9930-420e-a97e-8b54cc8b7b1c,2026-07-05T05:02:18.584976+00:00,ORIG-93976,RCVR-11784,120.02,Harbor Manufacturing,Cedar Utilities,WA,TX,1787,Tax payment,PPD,Online banking,0
e35dc570-f291-4fd9-9736-c0bfa97c98a5,2026-07-21T16:37:18.584976+00:00,ORIG-21243,RCVR-13444,161.29,Summit Health,Brightline Supply,NY,FL,502,Payroll,CCD,API,0
7df7125c-efe2-4571-8a95-f8058df7a35d,2026-07-20T00:16:18.584976+00:00,ORIG-21020,RCVR-58906,187.78,Harbor Manufacturing,Cedar Utilities,TX,OH,1465,Bill payment,PPD,API,0
833be075-df93-4dfd-b982-97f4a21f43aa,2026-07-28T13:16:18.584976+00:00,ORIG-28052,RCVR-22586,202.6,Summit Health,Brightline Supply,MA,FL,1085,Tax payment,CCD,Branch initiated,0
0d309ee3-7bd3-4ef5-809d-8eec71ecf4db,2026-08-05T05:40:18.584976+00:00,ORIG-31247,RCVR-12948,567.58,Pine Valley Foods,Avery Johnson,CA,VA,707,Direct deposit,CCD,File upload,0
f8b1c4b0-d4db-43d8-a33a-1677f93b733f,2026-06-22T08:17:18.584976+00:00,ORIG-29085,RCVR-14292,998.2,Harbor Manufacturing,Cedar Utilities,WA,IL,457,Vendor payment,PPD,Online banking,0
af5e1e41-fbcb-466c-923c-1ecaef2beb3f,2026-07-17T06:54:18.584976+00:00,ORIG-17937,RCVR-38662,298.27,Northstar Services,Brightline Supply,MA,GA,66,Payroll,PPD,Online banking,0
8c200d4b-c268-4da6-b68a-2df40d83e540,2026-08-14T20:29:18.584976+00:00,ORIG-34237,RCVR-20964,370.05,Harbor Manufacturing,Brightline Supply,IL,IL,2778,Payroll,CCD,Online banking,0
b40acae3-1128-4dba-a1b0-798428f25ef2,2026-06-25T16:15:18.584976+00:00,ORIG-72161,RCVR-13085,176.21,Pine Valley Foods,Maple Consulting,FL,NY,1912,Direct deposit,WEB,Branch initiated,0
6ae4ad50-c581-487e-abdb-13427ef51003,2026-07-08T19:07:18.584976+00:00,ORIG-68966,RCVR-34095,597.1,Harbor Manufacturing,Maple Consulting,WA,OH,3195,Bill payment,PPD,Online banking,0
82a9a7a6-298c-4417-bbb2-ac3096cc6938,2026-07-20T05:00:18.584976+00:00,ORIG-66945,RCVR-48005,529.73,Summit Health,Maple Consulting,NY,WA,104,Vendor payment,CCD,API,1
8fdc5831-2974-4b90-a70a-3f1075684e55,2026-07-05T19:02:18.584976+00:00,ORIG-24835,RCVR-23888,578.65,Harbor Manufacturing,Maple Consulting,CA,NY,92,Vendor payment,CCD,Online banking,1
e2ee4b43-75c0-410e-b2c6-6e1a4fbe9960,2026-08-14T20:11:18.584976+00:00,ORIG-46956,RCVR-28663,120.81,Pine Valley Foods,Cedar Utilities,NY,CA,568,Vendor payment,WEB,Online banking,0
a69f79e3-502b-47a3-b524-4f25de5239e6,2026-07-24T03:12:18.584976+00:00,ORIG-19749,RCVR-66541,282.09,Summit Health,Maple Consulting,CO,NC,3596,Direct deposit,WEB,API,0
ae66e869-87d9-4ae5-a2cf-8554b465c1d3,2026-07-07T11:00:18.584976+00:00,ORIG-86027,RCVR-53319,152.59,Northstar Services,Avery Johnson,TX,OH,1860,Vendor payment,PPD,API,0
ff75e5c5-a07c-4c21-adf6-a76d88e51aed,2026-08-02T21:34:18.584976+00:00,ORIG-58358,RCVR-77604,224.5,Summit Health,Avery Johnson,MA,VA,863,Direct deposit,PPD,File upload,0
c8df933e-33dd-4331-9813-5ace5f54555c,2026-07-24T08:01:18.584976+00:00,ORIG-47435,RCVR-59325,186.59,Pine Valley Foods,Maple Consulting,OH,OH,2651,Tax payment,CCD,Online banking,0
49bc5b22-6a0b-41b4-b1b5-45522606f78d,2026-08-18T12:06:18.584976+00:00,ORIG-94690,RCVR-70230,401.84,Northstar Services,Avery Johnson,CA,MA,1258,Bill payment,PPD,Online banking,0
977054af-7f22-4ec2-9d4c-fc03d3bde203,2026-07-07T11:51:18.584976+00:00,ORIG-43487,RCVR-32280,1104.65,Harbor Manufacturing,Cedar Utilities,OH,TX,3384,Vendor payment,CCD,Online banking,0
34f3b8a8-2734-4350-a762-019befe02cf2,2026-08-16T02:32:18.584976+00:00,ORIG-70101,RCVR-25299,313.51,Northstar Services,Avery Johnson,OH,NC,3032,Direct deposit,WEB,Online banking,0
0878bd1a-fd93-4dde-84b0-734250dd6f56,2026-07-31T19:19:18.584976+00:00,ORIG-47778,RCVR-87086,335.61,Summit Health,Maple Consulting,NY,NY,964,Vendor payment,WEB,API,0
932fef4a-daeb-4d10-b1fb-dd19f13aac67,2026-08-11T12:54:18.584976+00:00,ORIG-51634,RCVR-64446,678.26,Summit Health,Cedar Utilities,OH,CO,876,Bill payment,CCD,API,0
0a836ce9-b34e-42d0-b4c1-fdc0a329ea43,2026-06-24T05:49:18.584976+00:00,ORIG-88272,RCVR-69870,641.2,Northstar Services,Maple Consulting,VA,NY,1952,Direct deposit,WEB,Online banking,0
d971fe80-86bd-4bd4-b207-e89e58629af2,2026-07-23T18:01:18.584976+00:00,ORIG-37587,RCVR-13512,394.8,Northstar Services,Avery Johnson,MA,MA,1075,Payroll,PPD,API,0
02809d40-d153-4afd-a0e3-6282c5ad5222,2026-07-19T20:44:18.584976+00:00,ORIG-34043,RCVR-85327,373.55,Harbor Manufacturing,Maple Consulting,CO,VA,216,Bill payment,CCD,Online banking,0
764e1e79-621a-42d3-a4f0-a9f450a49b5b,2026-06-23T01:51:18.584976+00:00,ORIG-23710,RCVR-75282,527.79,Summit Health,Cedar Utilities,FL,MA,1315,Vendor payment,WEB,Online banking,0
818a990f-5adf-40cd-bd21-5c1fbd2010ec,2026-08-06T16:21:18.584976+00:00,ORIG-38315,RCVR-67378,406.61,Harbor Manufacturing,Brightline Supply,WA,IL,632,Payroll,PPD,Online banking,0
281ef9f3-af1a-4b4c-9364-4b694951bf4a,2026-07-26T19:17:18.584976+00:00,ORIG-84820,RCVR-63191,208.62,Northstar Services,Maple Consulting,NC,IL,2926,Payroll,WEB,Online banking,0
7d1739c8-2570-48d4-90d8-0a96e5055481,2026-07-26T11:53:18.584976+00:00,ORIG-91645,RCVR-63896,355.98,Summit Health,Brightline Supply,NC,CA,227,Tax payment,PPD,Branch initiated,0
a37eb578-8a21-41bd-8d18-ef1d0338a6ed,2026-08-10T04:25:18.584976+00:00,ORIG-91543,RCVR-35575,548.12,Pine Valley Foods,Avery Johnson,MA,NC,2329,Direct deposit,WEB,Online banking,0
cc8f16f8-1f57-4514-aebc-fb1c4fd9701a,2026-07-21T06:54:18.584976+00:00,ORIG-45721,RCVR-97745,248.44,Harbor Manufacturing,Brightline Supply,OH,IL,1084,Payroll,PPD,Branch initiated,0
602836d5-2107-4b24-9b0d-bc5a7fd24cbd,2026-08-18T08:56:18.584976+00:00,ORIG-14349,RCVR-80486,354.96,Summit Health,Maple Consulting,VA,FL,241,Direct deposit,PPD,Online banking,0
2aa24737-21f4-4f9f-9a80-c4a4d567cbde,2026-08-03T21:03:18.584976+00:00,ORIG-71112,RCVR-51293,340.71,Northstar Services,Maple Consulting,MA,CO,3649,Tax payment,CCD,Online banking,0
0f17d489-5f17-4824-9c6f-aca492474855,2026-07-04T05:56:18.584976+00:00,ORIG-45469,RCVR-98964,754.01,Pine Valley Foods,Cedar Utilities,GA,CO,2030,Payroll,CCD,Online banking,0
b3768982-23e2-434a-b40d-4905d1089657,2026-08-16T17:37:18.584976+00:00,ORIG-31753,RCVR-28796,556.17,Summit Health,Cedar Utilities,NY,FL,1995,Bill payment,PPD,API,0
f607f155-5bc9-49cf-9095-2bfc12ffff65,2026-07-15T16:07:18.584976+00:00,ORIG-61364,RCVR-94036,3098.88,Summit Health,Maple Consulting,NY,FOREIGN,31,Payroll,PPD,File upload,1
f679c6d9-4e13-4ac4-b962-faa837b1e8d1,2026-08-17T20:12:18.584976+00:00,ORIG-86091,RCVR-29712,172.88,Pine Valley Foods,Brightline Supply,FL,VA,1375,Payroll,CCD,Online banking,0
7df487d5-f04d-4bb3-a3b5-117a6e2963b3,2026-07-04T03:10:18.584976+00:00,ORIG-41739,RCVR-92468,165.09,Pine Valley Foods,Cedar Utilities,NC,VA,1636,Tax payment,CCD,Online banking,0
ca3f54cf-89f1-494d-857c-2a62e4774bd5,2026-07-26T11:33:18.584976+00:00,ORIG-64803,RCVR-23740,290.9,Summit Health,Cedar Utilities,WA,FL,1915,Tax payment,PPD,Online banking,0
01f36bf6-b87c-4e29-b23a-8bf2ff19912c,2026-06-28T08:01:18.584976+00:00,ORIG-25829,RCVR-49037,899.11,Summit Health,Avery Johnson,CA,FL,3050,Payroll,CCD,API,0
377527a4-5362-4bb0-884f-d2424c6c9301,2026-07-17T06:14:18.584976+00:00,ORIG-66002,RCVR-96769,212.19,Harbor Manufacturing,Cedar Utilities,FL,TX,184,Bill payment,PPD,API,0
5a789439-7225-42fe-81d1-661486ee3216,2026-08-17T20:07:18.584976+00:00,ORIG-70083,RCVR-14309,211.47,Harbor Manufacturing,Avery Johnson,VA,NC,3389,Vendor payment,PPD,Branch initiated,0
04d8f0f1-5b2b-4b2e-bbec-589689788f24,2026-08-03T20:18:18.584976+00:00,ORIG-97496,RCVR-45195,893.51,Harbor Manufacturing,Maple Consulting,IL,NC,355,Payroll,WEB,API,0
b6d9f742-71eb-4b47-9401-ba28773419a7,2026-07-15T00:37:18.584976+00:00,ORIG-40843,RCVR-33061,395.25,Pine Valley Foods,Maple Consulting,NC,WA,474,Payroll,CCD,API,0
434907c2-b147-45f7-8959-932a0a10797e,2026-08-10T11:19:18.584976+00:00,ORIG-32461,RCVR-99334,1004.35,Summit Health,Brightline Supply,TX,WA,1662,Tax payment,CCD,Branch initiated,0
da42477e-1c35-4449-8fdc-93bd8c896e70,2026-08-07T13:54:18.584976+00:00,ORIG-55632,RCVR-42343,445.78,Harbor Manufacturing,Avery Johnson,TX,FL,3528,Direct deposit,CCD,Online banking,0
2d94e87f-a9ce-4a19-9e49-2a284f39308d,2026-07-14T23:16:18.584976+00:00,ORIG-30955,RCVR-97803,488.64,Harbor Manufacturing,Cedar Utilities,NY,FL,966,Direct deposit,CCD,Online banking,0
7ae4a520-28b7-4d14-96ba-7a5be59262ba,2026-06-28T13:51:18.584976+00:00,ORIG-47045,RCVR-16245,385.2,Pine Valley Foods,Brightline Supply,GA,VA,3484,Payroll,CCD,File upload,0
c461182e-dffc-4ad8-afba-836efa56492a,2026-06-29T09:31:18.584976+00:00,ORIG-78478,RCVR-63190,426.4,Summit Health,Avery Johnson,NC,NC,2413,Bill payment,CCD,Online banking,0
0a73e1bf-11d6-4fc9-a387-9e6398b6afa0,2026-08-16T05:23:18.584976+00:00,ORIG-28759,RCVR-73509,2394.47,Harbor Manufacturing,Avery Johnson,FL,FOREIGN,169,Payroll,WEB,API,1
cda95624-cca7-4ba3-a323-3bec5c7dbd79,2026-08-20T07:58:18.584976+00:00,ORIG-40783,RCVR-39113,155.71,Summit Health,Avery Johnson,OH,CA,886,Direct deposit,CCD,Online banking,0
80e41910-229c-4d79-a76a-bc56fa019c8a,2026-08-04T18:48:18.584976+00:00,ORIG-85862,RCVR-32993,1404.14,Pine Valley Foods,Maple Consulting,TX,GA,1344,Bill payment,PPD,API,0
c1b6afb0-ed75-4de6-b71b-6fc754eec294,2026-07-13T22:26:18.584976+00:00,ORIG-42293,RCVR-42315,206.8,Summit Health,Brightline Supply,FL,TX,2783,Direct deposit,PPD,File upload,0
fc841a4c-c5fe-4932-bb9c-40519ae8d3aa,2026-07-04T23:18:18.584976+00:00,ORIG-90179,RCVR-75842,473.25,Northstar Services,Maple Consulting,TX,MA,1078,Payroll,WEB,Online banking,0
dd547f2b-0adf-4855-b567-6809cd1282d1,2026-07-15T23:41:18.584976+00:00,ORIG-45217,RCVR-49601,214.58,Harbor Manufacturing,Brightline Supply,NY,FL,1062,Vendor payment,CCD,API,0
5ec27a64-9f83-477d-9546-69e90ccaca88,2026-08-08T16:04:18.584976+00:00,ORIG-73487,RCVR-33520,190.92,Pine Valley Foods,Brightline Supply,WA,WA,1428,Vendor payment,PPD,Online banking,0
13069936-4bd1-4209-a633-771f438c0921,2026-08-12T02:02:18.584976+00:00,ORIG-34366,RCVR-84278,332.01,Summit Health,Cedar Utilities,TX,GA,2726,Direct deposit,CCD,File upload,0
c09b57e8-862d-42d6-ab85-8ffd2dc0144a,2026-08-14T14:51:18.584976+00:00,ORIG-32739,RCVR-48819,173.23,Harbor Manufacturing,Avery Johnson,OH,NC,1747,Payroll,WEB,Branch initiated,0
7e66556a-2c2a-4e68-8ad6-0f630c4c6e8d,2026-07-09T14:13:18.584976+00:00,ORIG-85361,RCVR-63228,1101.4,Summit Health,Cedar Utilities,FL,VA,2788,Payroll,WEB,Online banking,0
0e8049dc-5929-42f7-96ec-b923af8da160,2026-08-08T14:25:18.584976+00:00,ORIG-35337,RCVR-85150,2451.48,Northstar Services,Avery Johnson,NY,FL,1352,Bill payment,PPD,File upload,0
9229d01c-e241-4a7e-a883-55c558a507d8,2026-08-01T01:45:18.584976+00:00,ORIG-76661,RCVR-54593,328.59,Northstar Services,Maple Consulting,WA,VA,1724,Bill payment,CCD,API,0
504c49ac-051c-413c-8f8d-5a75cedda325,2026-06-29T00:26:18.584976+00:00,ORIG-64061,RCVR-86716,235.81,Summit Health,Maple Consulting,TX,NC,1256,Tax payment,WEB,API,0
d501f391-f916-416a-8e23-2ad61b8ee44e,2026-07-20T05:26:18.584976+00:00,ORIG-69023,RCVR-97376,119.42,Northstar Services,Cedar Utilities,IL,GA,637,Bill payment,WEB,Online banking,0
46a4d83f-55ab-4029-b8fb-354fc4b66824,2026-07-13T19:08:18.584976+00:00,ORIG-75201,RCVR-71330,583.29,Summit Health,Cedar Utilities,GA,CO,743,Vendor payment,PPD,File upload,0
1e03a6f6-bd1c-4033-b6a4-a14e44fee01b,2026-07-24T09:48:18.584976+00:00,ORIG-87377,RCVR-72858,2242.6,Pine Valley Foods,Avery Johnson,VA,CO,2797,Tax payment,PPD,Branch initiated,0
3cf8d81c-b4f0-4ca9-9f96-b5ed54484d1a,2026-07-28T10:14:18.584976+00:00,ORIG-52816,RCVR-23229,485.09,Northstar Services,Brightline Supply,CO,NY,970,Tax payment,CCD,Online banking,0
f88953a3-6ba1-427f-92c4-7baa16951ac5,2026-08-02T02:55:18.584976+00:00,ORIG-13197,RCVR-49114,631.67,Harbor Manufacturing,Brightline Supply,NY,CO,893,Bill payment,WEB,Online banking,0
1f0dc257-08c2-42e7-acc4-f9c20b3c4d81,2026-08-02T11:44:18.584976+00:00,ORIG-39513,RCVR-18577,45.37,Summit Health,Avery Johnson,WA,IL,803,Bill payment,CCD,Online banking,0
c1c0815c-f8a8-4361-b688-3736a78c7693,2026-08-13T02:32:18.584976+00:00,ORIG-41864,RCVR-93746,246.48,Pine Valley Foods,Cedar Utilities,IL,GA,1682,Tax payment,WEB,Branch initiated,0
740f3757-2e51-495b-b296-8da0732bfee3,2026-08-07T11:06:18.584976+00:00,ORIG-84660,RCVR-94537,5153.34,Harbor Manufacturing,Cedar Utilities,OH,FL,45,Tax payment,WEB,API,1
af3511d4-fbe4-4041-a174-010ea84ec351,2026-08-10T01:37:18.584976+00:00,ORIG-23104,RCVR-83949,662.97,Northstar Services,Maple Consulting,NC,TX,1203,Tax payment,WEB,Online banking,0
474d369d-6ca4-4a10-9c4e-a407a5830fb6,2026-07-24T07:47:18.584976+00:00,ORIG-54395,RCVR-23082,211.83,Pine Valley Foods,Brightline Supply,WA,NC,1910,Bill payment,CCD,Online banking,0
07684a1c-0fc8-4c72-bfec-22347eb22b8f,2026-08-11T17:00:18.584976+00:00,ORIG-45743,RCVR-41589,635.1,Pine Valley Foods,Maple Consulting,CA,MA,2738,Vendor payment,CCD,API,0
cec5f4c5-95c0-4b47-a670-ad20694a083c,2026-08-09T06:55:18.584976+00:00,ORIG-10532,RCVR-64736,648.39,Harbor Manufacturing,Brightline Supply,IL,NY,1859,Tax payment,WEB,Online banking,0
94664236-d58d-4572-8ead-c0c09eff1799,2026-08-20T19:35:18.584976+00:00,ORIG-69120,RCVR-28406,209.31,Summit Health,Maple Consulting,NC,TX,697,Tax payment,PPD,Online banking,0
0da241c4-a652-45b3-bc0b-011748f37e8c,2026-08-11T05:32:18.584976+00:00,ORIG-92943,RCVR-69279,652.81,Harbor Manufacturing,Maple Consulting,NY,OH,1060,Payroll,PPD,API,0
5102b14a-0149-464f-880a-c0e9a8de8dd3,2026-08-07T18:18:18.584976+00:00,ORIG-25818,RCVR-69382,679.03,Harbor Manufacturing,Cedar Utilities,MA,GA,3434,Payroll,CCD,Online banking,0
613a13c0-53bc-42d9-b7cd-f5d02a1081c7,2026-07-30T13:21:18.584976+00:00,ORIG-16404,RCVR-39713,943.26,Summit Health,Brightline Supply,WA,IL,1154,Bill payment,CCD,Online banking,0
2bbd943c-0a1c-461e-a347-0d1bd7c71acd,2026-06-28T05:53:18.584976+00:00,ORIG-21667,RCVR-43816,516.3,Pine Valley Foods,Cedar Utilities,TX,IL,1675,Payroll,PPD,API,0
1c85df10-82ae-428e-a9bf-686ba1235347,2026-06-23T00:33:18.584976+00:00,ORIG-34385,RCVR-34881,122.87,Northstar Services,Brightline Supply,OH,OH,1753,Direct deposit,WEB,Online banking,0
929ae625-f81b-4962-b09e-87216afe7e05,2026-07-23T18:09:18.584976+00:00,ORIG-99538,RCVR-97968,982.79,Harbor Manufacturing,Avery Johnson,MA,OH,3177,Direct deposit,CCD,Online banking,0
0f0962c2-753c-4030-9a87-78060a5b0296,2026-07-18T21:44:18.584976+00:00,ORIG-96182,RCVR-85441,220.32,Pine Valley Foods,Brightline Supply,NC,WA,1106,Vendor payment,CCD,API,0
bb992df7-3d29-41a3-aed4-eca0bbb2c3fa,2026-08-02T23:59:18.584976+00:00,ORIG-75185,RCVR-22707,225.42,Northstar Services,Maple Consulting,FL,OH,2610,Bill payment,WEB,File upload,0
7cea481a-3be3-460d-9abb-2cd96858d366,2026-07-20T06:14:18.584976+00:00,ORIG-58405,RCVR-16246,407.31,Summit Health,Cedar Utilities,TX,IL,2487,Bill payment,WEB,Online banking,0
7b218fe3-8d86-46bd-a0db-a4e760fc135f,2026-08-15T06:55:18.584976+00:00,ORIG-29722,RCVR-78224,570.18,Harbor Manufacturing,Cedar Utilities,WA,NY,1831,Tax payment,PPD,File upload,0
58f545b2-55a8-4a29-8ac4-4629d7375332,2026-06-25T18:16:18.584976+00:00,ORIG-50924,RCVR-84183,128.17,Northstar Services,Cedar Utilities,GA,CO,3582,Payroll,WEB,Online banking,0
6f6a61a5-6331-4b10-a2f6-029a4d571848,2026-07-16T09:52:18.584976+00:00,ORIG-57281,RCVR-74831,209.64,Harbor Manufacturing,Avery Johnson,FL,OH,2835,Direct deposit,WEB,API,0
86b5c99e-0ef3-429f-9d05-8919a1b23545,2026-08-19T01:22:18.584976+00:00,ORIG-66492,RCVR-59854,581.79,Pine Valley Foods,Avery Johnson,IL,NY,3327,Tax payment,CCD,Online banking,0
937b77af-17d4-41bf-b213-4f7dec706075,2026-06-23T03:58:18.584976+00:00,ORIG-95929,RCVR-56351,2441.45,Northstar Services,Cedar Utilities,CA,NC,105,Payroll,WEB,File upload,1
493e5336-2c1b-4742-84ef-15ce67e77952,2026-07-27T02:24:18.584976+00:00,ORIG-75408,RCVR-16536,130.89,Pine Valley Foods,Brightline Supply,WA,CO,3372,Bill payment,PPD,File upload,0
4d61749b-9561-41b3-8541-29856d6c6a09,2026-08-01T16:24:18.584976+00:00,ORIG-86695,RCVR-56648,602.94,Northstar Services,Avery Johnson,CA,FL,1809,Bill payment,WEB,File upload,0
e3f658ec-e40c-47cc-b2f2-f14e2ee965f5,2026-07-11T06:41:18.584976+00:00,ORIG-55539,RCVR-58515,205.86,Harbor Manufacturing,Brightline Supply,TX,CA,2845,Tax payment,PPD,Online banking,0
f400bec2-7801-40ab-be48-0539feb6bdf5,2026-07-06T20:09:18.584976+00:00,ORIG-51065,RCVR-59380,189.2,Harbor Manufacturing,Cedar Utilities,WA,IL,803,Vendor payment,PPD,File upload,0
3f6caad5-41a0-422b-910f-c8d7017f4827,2026-06-24T02:17:18.584976+00:00,ORIG-64313,RCVR-54911,237.14,Northstar Services,Avery Johnson,IL,WA,820,Payroll,WEB,Online banking,0
ed703d11-b32c-4f5c-8825-befaf0e9de36,2026-08-12T17:37:18.584976+00:00,ORIG-16427,RCVR-63161,205.72,Harbor Manufacturing,Cedar Utilities,CO,NC,997,Bill payment,PPD,Branch initiated,0
de356a8c-568d-479c-8842-3dc98620ad35,2026-07-07T19:06:18.584976+00:00,ORIG-36724,RCVR-47316,1076.45,Pine Valley Foods,Avery Johnson,VA,GA,2242,Vendor payment,PPD,API,0
e0522acf-b6bc-49d4-9975-d1b2e917f247,2026-07-03T11:48:18.584976+00:00,ORIG-12211,RCVR-66863,1122.96,Pine Valley Foods,Brightline Supply,NC,VA,2602,Tax payment,PPD,API,0
051c1a9d-9273-4713-9102-6cde3828b96b,2026-08-18T08:54:18.584976+00:00,ORIG-40872,RCVR-80997,800.53,Pine Valley Foods,Maple Consulting,CA,FL,3617,Bill payment,PPD,File upload,0
405f8877-63fc-46cc-97b4-4d3ed718cb8d,2026-07-13T08:14:18.584976+00:00,ORIG-19110,RCVR-89393,119.33,Pine Valley Foods,Cedar Utilities,VA,CO,2844,Vendor payment,WEB,Online banking,0
8b62293c-3b5c-42b4-afa4-76b16218e200,2026-06-27T23:36:18.584976+00:00,ORIG-31304,RCVR-50129,126.39,Northstar Services,Brightline Supply,WA,NC,2553,Vendor payment,PPD,Online banking,0
b685f835-edc5-44a7-85ec-142b3cb475ff,2026-07-08T15:04:18.584976+00:00,ORIG-44255,RCVR-52044,461.16,Northstar Services,Avery Johnson,TX,CO,785,Tax payment,WEB,Online banking,0
e36af387-80d3-4e60-b355-6aee2c222eb3,2026-07-08T05:31:18.584976+00:00,ORIG-41657,RCVR-90591,529.6,Harbor Manufacturing,Brightline Supply,NC,TX,3596,Payroll,PPD,Online banking,0
0e331f06-bb5f-4536-be8a-18c0ecdcda32,2026-07-08T02:05:18.584976+00:00,ORIG-34158,RCVR-68280,181.82,Summit Health,Cedar Utilities,GA,OH,3520,Vendor payment,WEB,Online banking,0
3f60d66b-fcb6-47b7-855f-da6c69caf2b1,2026-07-16T10:15:18.584976+00:00,ORIG-32448,RCVR-40863,1220.86,Harbor Manufacturing,Cedar Utilities,TX,TX,113,Payroll,PPD,API,0
2c02197c-51d3-4261-81ca-0077b687a5c2,2026-08-10T16:01:18.584976+00:00,ORIG-99102,RCVR-57729,883.44,Harbor Manufacturing,Cedar Utilities,WA,WA,1271,Direct deposit,WEB,Online banking,0
7e6a9e6d-9a23-40cf-adbb-df57e2c33f98,2026-07-11T04:54:18.584976+00:00,ORIG-82006,RCVR-71110,532.06,Northstar Services,Brightline Supply,MA,CO,2961,Direct deposit,CCD,Online banking,0
58c536b1-f5f4-466b-bcc8-de8dc0f4983f,2026-06-26T02:54:18.584976+00:00,ORIG-92197,RCVR-88249,104.59,Pine Valley Foods,Avery Johnson,MA,IL,435,Payroll,PPD,API,0
f155f3fa-d549-4428-89d9-11693f51ea3d,2026-08-08T21:47:18.584976+00:00,ORIG-29684,RCVR-88308,790.79,Summit Health,Brightline Supply,CO,CA,1837,Bill payment,CCD,File upload,0
45d0a52f-47f8-4bb0-9aea-6afc7fb2251f,2026-08-10T10:31:18.584976+00:00,ORIG-17318,RCVR-94357,727.1,Northstar Services,Maple Consulting,GA,NY,2685,Vendor payment,PPD,File upload,0
d1689b7d-2f20-49ba-8310-b04e894a46ca,2026-08-04T09:46:18.584976+00:00,ORIG-60741,RCVR-66284,224.09,Summit Health,Brightline Supply,CO,NY,1172,Direct deposit,PPD,Online banking,0
acbbb004-8244-4c7c-a777-4f912028635e,2026-08-01T22:18:18.584976+00:00,ORIG-55563,RCVR-83625,350.54,Pine Valley Foods,Cedar Utilities,MA,TX,702,Tax payment,WEB,Online banking,0
45699dde-ed8b-4074-89a5-b164f5327675,2026-06-27T09:33:18.584976+00:00,ORIG-49838,RCVR-48927,1300.83,Northstar Services,Cedar Utilities,WA,TX,113,Direct deposit,CCD,File upload,1
c9b860c2-b7ef-479b-b762-ba203ca4f938,2026-07-01T06:40:18.584976+00:00,ORIG-64712,RCVR-48287,332.04,Harbor Manufacturing,Maple Consulting,FL,MA,2721,Bill payment,WEB,API,0
44485a9c-557a-4743-9762-fd13f91212d1,2026-08-20T10:42:18.584976+00:00,ORIG-57887,RCVR-16849,709.32,Summit Health,Maple Consulting,OH,NC,1695,Bill payment,CCD,Online banking,0
ceecd69d-93b2-48ba-98e5-5fe300eb466f,2026-07-17T19:20:18.584976+00:00,ORIG-90772,RCVR-28002,405.03,Harbor Manufacturing,Maple Consulting,CA,MA,3576,Vendor payment,CCD,Online banking,0
c6e31be9-0391-424c-80bd-5b8d293997e3,2026-06-26T07:08:18.584976+00:00,ORIG-81494,RCVR-16174,357.75,Harbor Manufacturing,Maple Consulting,MA,CA,2574,Direct deposit,PPD,API,0
cf620b29-e909-475f-9027-d3c2cb002840,2026-08-04T03:32:18.584976+00:00,ORIG-48764,RCVR-23396,668.67,Summit Health,Brightline Supply,CA,WA,3520,Vendor payment,PPD,API,0
fd99c17e-0c4a-412b-9c4a-6be239de7be6,2026-08-06T11:32:18.584976+00:00,ORIG-34175,RCVR-39388,553.98,Northstar Services,Brightline Supply,FL,CO,1155,Bill payment,WEB,File upload,0
5c94ad50-efa0-427f-81b5-a6c40d58c115,2026-08-08T14:50:18.584976+00:00,ORIG-52491,RCVR-22572,50.93,Harbor Manufacturing,Maple Consulting,NC,GA,2582,Payroll,CCD,API,0
1de7705b-bfe6-4478-885a-6b9aef65d4ac,2026-08-08T21:05:18.584976+00:00,ORIG-58457,RCVR-83440,153.46,Pine Valley Foods,Cedar Utilities,MA,IL,3547,Vendor payment,CCD,API,0
35d2d37c-6be1-4447-ba75-7864b6af65d9,2026-07-25T03:46:18.584976+00:00,ORIG-99457,RCVR-90495,468.55,Northstar Services,Maple Consulting,VA,TX,1428,Tax payment,WEB,Online banking,0
18d53ef4-5acd-48b4-a75d-369ba88e1b24,2026-08-08T16:54:18.584976+00:00,ORIG-99069,RCVR-52164,110.15,Northstar Services,Brightline Supply,NY,VA,2035,Bill payment,WEB,API,0
df838d60-cccd-479f-a5b1-a562df89ea47,2026-08-15T02:16:18.584976+00:00,ORIG-65479,RCVR-41302,1136.74,Pine Valley Foods,Maple Consulting,IL,TX,2501,Payroll,PPD,Online banking,0
261400fc-f92d-4690-99ca-8630ee29865f,2026-08-20T14:05:18.584976+00:00,ORIG-61053,RCVR-93245,284.78,Northstar Services,Maple Consulting,MA,TX,3182,Tax payment,PPD,Online banking,0
31a952cd-11c4-4683-92e2-d4e5fc2dd1d5,2026-07-25T09:05:18.584976+00:00,ORIG-32024,RCVR-21666,105.82,Northstar Services,Cedar Utilities,WA,IL,1207,Payroll,WEB,Online banking,0
9df0b87c-55e0-48b3-aeec-12e93a2cc499,2026-06-24T18:22:18.584976+00:00,ORIG-45577,RCVR-84746,434.2,Northstar Services,Maple Consulting,NC,MA,1349,Payroll,WEB,Online banking,0
5fb71771-9526-4120-9c14-8d43f98a64d3,2026-08-09T23:34:18.584976+00:00,ORIG-16311,RCVR-85204,297.78,Pine Valley Foods,Maple Consulting,CO,TX,1910,Payroll,CCD,File upload,0
cf9ce376-1ceb-403c-a699-99558c135367,2026-06-29T03:04:18.584976+00:00,ORIG-99360,RCVR-62680,457.65,Northstar Services,Maple Consulting,VA,CA,3116,Bill payment,PPD,Online banking,0
43690124-5bb1-47c1-a6c9-6a4cbdb9c05a,2026-07-02T12:31:18.584976+00:00,ORIG-59791,RCVR-88767,482.07,Harbor Manufacturing,Cedar Utilities,OH,GA,657,Direct deposit,CCD,File upload,0
0f1f2dcc-76f8-4286-985b-ee715d69927d,2026-07-14T14:30:18.584976+00:00,ORIG-64507,RCVR-88518,260.39,Northstar Services,Cedar Utilities,FL,FL,1033,Tax payment,PPD,Online banking,0
ab57ac04-1255-4d2c-87a2-e627378914c6,2026-08-18T22:56:18.584976+00:00,ORIG-75186,RCVR-65668,329.2,Northstar Services,Avery Johnson,VA,FL,565,Payroll,WEB,File upload,0
f3dc8296-a4d7-4d00-abee-1f53e00741ca,2026-07-28T07:04:18.584976+00:00,ORIG-60297,RCVR-86485,1205.51,Northstar Services,Cedar Utilities,TX,WA,2885,Bill payment,WEB,Online banking,0
4c01bffc-34cd-43f1-83a2-f90d3112aefc,2026-08-03T03:12:18.584976+00:00,ORIG-65459,RCVR-36271,103.09,Pine Valley Foods,Maple Consulting,VA,VA,2848,Bill payment,WEB,API,0
e9efe577-906f-41c9-8da5-86d325c3f7cd,2026-07-29T18:12:18.584976+00:00,ORIG-79303,RCVR-75275,439.81,Northstar Services,Avery Johnson,WA,NY,3211,Payroll,PPD,File upload,0
a79a4891-d8a7-4051-a1ef-11de9a26f26b,2026-07-30T14:04:18.584976+00:00,ORIG-97621,RCVR-30950,203.7,Pine Valley Foods,Brightline Supply,TX,MA,1130,Payroll,WEB,Branch initiated,0
403f8cb5-f532-471d-a73e-3a9e69622c46,2026-08-19T17:16:18.584976+00:00,ORIG-74182,RCVR-75958,108.26,Summit Health,Maple Consulting,CO,FL,1989,Tax payment,WEB,Online banking,0
41e86638-343a-4b64-ac25-99bac376b7b1,2026-07-05T04:32:18.584976+00:00,ORIG-32566,RCVR-32633,271.16,Northstar Services,Brightline Supply,GA,VA,3336,Vendor payment,CCD,Online banking,0
ba64a457-e880-4765-932b-38dbdd22a785,2026-07-07T04:17:18.584976+00:00,ORIG-64445,RCVR-43477,560.63,Harbor Manufacturing,Maple Consulting,OH,CO,2550,Tax payment,PPD,Online banking,0
00a2751f-b455-4e29-a4c7-878320578486,2026-06-24T07:51:18.584976+00:00,ORIG-27447,RCVR-46043,1232.22,Northstar Services,Maple Consulting,IL,FL,916,Payroll,PPD,API,0
82d602b4-2ca9-4782-91ac-8e250620b445,2026-07-26T18:03:18.584976+00:00,ORIG-17769,RCVR-54747,131.83,Summit Health,Brightline Supply,CA,GA,374,Direct deposit,PPD,Online banking,0
e72ee685-2ee1-435c-be00-6d6bbf1dc918,2026-07-20T05:31:18.584976+00:00,ORIG-75645,RCVR-31403,1321.36,Pine Valley Foods,Avery Johnson,GA,NC,2823,Direct deposit,WEB,Online banking,0
b4ba7738-69e0-4bcc-a964-fa5610ecbea1,2026-07-18T08:32:18.584976+00:00,ORIG-20660,RCVR-22112,165.76,Summit Health,Maple Consulting,NC,FL,435,Vendor payment,CCD,Online banking,0
4a9eb5a2-9bae-4c7d-87ed-0f8fd39c9be5,2026-06-22T02:30:18.584976+00:00,ORIG-93455,RCVR-93379,175.58,Harbor Manufacturing,Brightline Supply,IL,WA,525,Payroll,WEB,Online banking,0
10d95d40-597d-42c3-9fbb-874d1845b77f,2026-07-21T13:41:18.584976+00:00,ORIG-41433,RCVR-45502,479.45,Harbor Manufacturing,Maple Consulting,CO,CO,3614,Tax payment,CCD,Online banking,0
941cd91f-b869-4ddd-a4c6-2389d7f3c396,2026-08-08T18:50:18.584976+00:00,ORIG-47395,RCVR-76680,606.7,Harbor Manufacturing,Cedar Utilities,CO,OH,1800,Vendor payment,CCD,Online banking,0
55401643-4333-418e-a7c8-242a1495a273,2026-08-07T11:57:18.584976+00:00,ORIG-74159,RCVR-42860,612.04,Harbor Manufacturing,Brightline Supply,CA,IL,1479,Direct deposit,PPD,API,0
61a13366-2f40-4206-8f93-73fee83d664f,2026-06-28T10:35:18.584976+00:00,ORIG-52672,RCVR-23224,703.92,Harbor Manufacturing,Cedar Utilities,IL,NC,93,Direct deposit,WEB,API,1
ee88cc72-ff28-4b19-8cc0-10bfe0294747,2026-07-25T05:42:18.584976+00:00,ORIG-27646,RCVR-77058,127.66,Summit Health,Cedar Utilities,FL,MA,3626,Tax payment,WEB,Online banking,0
7cf5f117-de21-4a1c-bdc4-757ff6ec45be,2026-08-18T14:06:18.584976+00:00,ORIG-83151,RCVR-48501,174.93,Pine Valley Foods,Avery Johnson,CO,NY,918,Direct deposit,WEB,API,0
83d1abc2-9861-4cd6-9934-79ab25549c5b,2026-07-06T09:51:18.584976+00:00,ORIG-90641,RCVR-38135,276.7,Summit Health,Maple Consulting,OH,GA,1056,Payroll,PPD,Branch initiated,0
0d928bc2-b530-43c3-b81b-4993462b7f2a,2026-08-20T17:12:18.584976+00:00,ORIG-37599,RCVR-46051,294.04,Northstar Services,Brightline Supply,OH,VA,942,Direct deposit,PPD,Online banking,0
e601413b-8718-41aa-a385-7bd74eb0a433,2026-07-24T18:32:18.584976+00:00,ORIG-55290,RCVR-38381,362.13,Summit Health,Avery Johnson,TX,NY,2442,Tax payment,WEB,API,0
b8bc405c-07d9-40b1-9775-bb3ffbc70521,2026-07-01T06:54:18.584976+00:00,ORIG-39637,RCVR-58866,780.74,Pine Valley Foods,Avery Johnson,NY,GA,2624,Direct deposit,CCD,Online banking,0
c8aceaee-5e3c-412e-b35a-47de7eda1277,2026-07-02T03:34:18.584976+00:00,ORIG-39670,RCVR-30855,2176.78,Northstar Services,Cedar Utilities,FL,NC,1515,Payroll,WEB,Online banking,0
ee0d37ac-78aa-4b0e-8ee4-178286c4bb9c,2026-07-04T05:16:18.584976+00:00,ORIG-85815,RCVR-77619,482.61,Northstar Services,Avery Johnson,OH,TX,2301,Payroll,CCD,File upload,0
6e2dfa03-0dbb-490e-b17b-8a244b71ed3b,2026-06-30T20:31:18.584976+00:00,ORIG-10271,RCVR-63967,302.91,Harbor Manufacturing,Brightline Supply,FL,VA,1266,Vendor payment,PPD,Online banking,0
a5d54f59-fdf6-4376-878e-bb89f59801b4,2026-07-10T13:15:18.584976+00:00,ORIG-26727,RCVR-91978,1774.22,Northstar Services,Cedar Utilities,TX,NY,760,Bill payment,PPD,Online banking,0
979b59db-d5df-4d8c-8f4e-10ece6894662,2026-08-03T00:22:18.584976+00:00,ORIG-90335,RCVR-94569,228.78,Northstar Services,Maple Consulting,CA,CA,909,Vendor payment,CCD,API,0
43294fdc-111b-43f7-b12a-4bffd4f2d52f,2026-08-20T12:10:18.584976+00:00,ORIG-75267,RCVR-32374,390.09,Harbor Manufacturing,Cedar Utilities,VA,VA,2348,Payroll,CCD,Online banking,0
7a60968e-d89d-429c-81f0-b8d162af07b3,2026-08-08T12:46:18.584976+00:00,ORIG-74980,RCVR-91189,175.68,Summit Health,Avery Johnson,FL,MA,458,Tax payment,WEB,File upload,0
e01abd69-aa85-42ab-bef1-89639e999d3d,2026-06-21T20:46:18.584976+00:00,ORIG-48126,RCVR-95387,515.08,Harbor Manufacturing,Brightline Supply,FL,IL,317,Bill payment,PPD,File upload,0
2f011c1e-9581-4f69-9e19-a105802ff63b,2026-07-02T15:53:18.584976+00:00,ORIG-70753,RCVR-74619,347.96,Harbor Manufacturing,Avery Johnson,CO,TX,232,Payroll,WEB,Online banking,0
cd5115ec-59dc-4ad4-9b16-9a94c8e19026,2026-07-17T22:53:18.584976+00:00,ORIG-71180,RCVR-67354,224.8,Summit Health,Avery Johnson,CA,FL,1392,Direct deposit,CCD,Online banking,0
a1edd08c-ef47-498c-ada3-39fbd24d9617,2026-08-17T19:01:18.584976+00:00,ORIG-80443,RCVR-55719,217.0,Summit Health,Cedar Utilities,NC,NC,122,Vendor payment,IAT,API,1
2aa7171c-bdb3-4ac3-b8bf-db95c476a1b9,2026-07-10T19:11:18.584976+00:00,ORIG-81668,RCVR-45321,741.54,Harbor Manufacturing,Avery Johnson,CO,WA,196,Vendor payment,PPD,Online banking,0
bb608fc9-c004-43b4-9a25-48fe175ae23c,2026-08-13T18:33:18.584976+00:00,ORIG-35387,RCVR-72204,640.19,Pine Valley Foods,Cedar Utilities,GA,NC,2442,Tax payment,PPD,File upload,0
5bfb12fd-d573-4024-a864-a85ea93dc127,2026-08-02T03:23:18.584976+00:00,ORIG-16909,RCVR-30215,667.54,Summit Health,Brightline Supply,WA,CO,716,Bill payment,PPD,File upload,0
24b3d83f-d217-4952-a0f7-b199c5fb0b43,2026-08-06T23:32:18.584976+00:00,ORIG-61552,RCVR-54127,172.94,Harbor Manufacturing,Maple Consulting,MA,IL,1773,Tax payment,PPD,Online banking,0
9a8bfdf3-d8d5-45b6-a617-0b5a09d3880d,2026-07-19T15:22:18.584976+00:00,ORIG-60446,RCVR-54345,731.71,Pine Valley Foods,Cedar Utilities,CA,GA,837,Direct deposit,PPD,Branch initiated,0
9fc33af8-2d6e-47ad-a53f-a04ed6922fdf,2026-07-28T14:02:18.584976+00:00,ORIG-26473,RCVR-31936,305.04,Summit Health,Maple Consulting,NY,NC,2639,Direct deposit,WEB,Online banking,0
f0f7cfe9-ee8a-4a61-bb75-0028ed2c9054,2026-07-19T11:31:18.584976+00:00,ORIG-28719,RCVR-48567,176.77,Pine Valley Foods,Avery Johnson,MA,FL,1069,Vendor payment,CCD,Online banking,0
950ee24e-c31b-44b7-a48b-da25d81c8dc0,2026-07-10T21:40:18.584976+00:00,ORIG-40069,RCVR-73214,136.5,Northstar Services,Maple Consulting,NC,IL,2097,Tax payment,CCD,Branch initiated,0
009140dd-8d5f-4c68-b4a1-2b23e2009fac,2026-07-31T15:15:18.584976+00:00,ORIG-26103,RCVR-55610,474.66,Summit Health,Cedar Utilities,NC,CA,378,Payroll,WEB,API,0
8a0d6a21-95b3-4809-8d90-0822198b7ba0,2026-07-22T21:54:18.584976+00:00,ORIG-10633,RCVR-22240,548.67,Harbor Manufacturing,Avery Johnson,FL,IL,3445,Direct deposit,WEB,Branch initiated,0
af72221f-78a0-4d90-be34-a483f4521940,2026-08-15T07:39:18.584976+00:00,ORIG-13506,RCVR-79628,463.86,Pine Valley Foods,Cedar Utilities,NC,OH,1444,Tax payment,WEB,Branch initiated,0
8369981a-69b9-4138-abe3-4c17a8d98e3d,2026-07-31T10:15:18.584976+00:00,ORIG-93053,RCVR-83641,749.93,Summit Health,Cedar Utilities,MA,IL,2316,Direct deposit,CCD,Online banking,0
97673801-89f8-45f7-87d8-91d37640fda6,2026-07-25T05:37:18.584976+00:00,ORIG-94931,RCVR-17579,337.52,Harbor Manufacturing,Brightline Supply,VA,TX,1957,Bill payment,CCD,API,0
13fafe3a-2ba1-4864-8f7a-d98667ad6583,2026-06-28T14:06:18.584976+00:00,ORIG-52965,RCVR-18091,1108.09,Summit Health,Maple Consulting,VA,OH,744,Bill payment,PPD,Online banking,0
6f5d5bb4-3c44-4ff2-b9e3-0a2c24340c12,2026-07-05T06:54:18.584976+00:00,ORIG-81215,RCVR-62960,336.0,Summit Health,Cedar Utilities,OH,CA,2469,Vendor payment,WEB,Branch initiated,0
47d0084d-37bc-46ea-87c0-2d8bc5bfd3af,2026-08-06T09:41:18.584976+00:00,ORIG-19309,RCVR-94633,308.3,Pine Valley Foods,Maple Consulting,NC,NY,434,Payroll,PPD,File upload,0
dca89e9f-b64a-4bc1-8176-cdec42c358ae,2026-06-25T04:11:18.584976+00:00,ORIG-93968,RCVR-60548,802.95,Pine Valley Foods,Cedar Utilities,MA,TX,229,Bill payment,PPD,File upload,0
10dcd515-6a21-44c0-85b2-7f4847f58c66,2026-08-17T01:41:18.584976+00:00,ORIG-20001,RCVR-39000,98.51,Northstar Services,Avery Johnson,GA,NC,1122,Payroll,WEB,Branch initiated,0
4758697e-c4d9-452b-8651-163ee486fccc,2026-08-06T11:57:18.584976+00:00,ORIG-19303,RCVR-96215,351.04,Northstar Services,Brightline Supply,VA,IL,60,Direct deposit,WEB,File upload,0
0e807ae0-785f-4b26-85dd-1538b587827c,2026-07-31T15:13:18.584976+00:00,ORIG-78722,RCVR-87518,206.31,Harbor Manufacturing,Avery Johnson,WA,WA,140,Vendor payment,WEB,API,0
42eb1077-11de-4da3-afa1-a5f906ce8aec,2026-06-25T12:01:18.584976+00:00,ORIG-64015,RCVR-70145,364.35,Northstar Services,Maple Consulting,OH,IL,1950,Vendor payment,WEB,Online banking,0
dc44ed98-584c-48ff-a263-757bb36551be,2026-07-13T23:23:18.584976+00:00,ORIG-55224,RCVR-89903,289.97,Pine Valley Foods,Maple Consulting,FL,NY,2671,Direct deposit,CCD,Online banking,0
17c9490b-51f7-41e7-a130-36df5987f158,2026-08-20T16:56:18.584976+00:00,ORIG-18256,RCVR-77323,241.28,Pine Valley Foods,Brightline Supply,NY,CA,3207,Direct deposit,CCD,File upload,0
19dc14f7-fb16-4fd7-9dde-d64564a6d7c8,2026-08-14T08:37:18.584976+00:00,ORIG-10423,RCVR-79028,402.3,Harbor Manufacturing,Brightline Supply,NC,CO,412,Payroll,PPD,File upload,0
6ee97378-8f87-42b5-941f-b03c65807c1e,2026-08-08T19:13:18.584976+00:00,ORIG-61873,RCVR-83348,89.63,Pine Valley Foods,Avery Johnson,FL,WA,148,Payroll,PPD,File upload,0
d6780ab2-72f2-4054-bf75-11c66ffc0611,2026-07-02T03:36:18.584976+00:00,ORIG-84225,RCVR-35681,144.0,Harbor Manufacturing,Avery Johnson,WA,NC,1899,Direct deposit,WEB,API,0
2a7727fd-ae85-4831-9a0a-2a2aad6d13bd,2026-07-08T10:46:18.584976+00:00,ORIG-46911,RCVR-90461,750.19,Harbor Manufacturing,Avery Johnson,CA,CO,3426,Vendor payment,WEB,Online banking,0
1f4078b9-1ba6-44b8-b537-79087e36fcb9,2026-08-07T00:51:18.584976+00:00,ORIG-43723,RCVR-27710,167.49,Harbor Manufacturing,Maple Consulting,TX,NC,446,Payroll,CCD,Online banking,0
6a0e1beb-48fb-4807-8bcb-536621d05d6d,2026-08-06T15:50:18.584976+00:00,ORIG-87996,RCVR-61180,133.44,Harbor Manufacturing,Cedar Utilities,IL,IL,2934,Payroll,WEB,API,0
920dc0f3-9e5e-4671-9f54-ff1e2217f67f,2026-08-07T22:26:18.584976+00:00,ORIG-78796,RCVR-16606,806.87,Harbor Manufacturing,Maple Consulting,IL,VA,1033,Vendor payment,CCD,Online banking,0
3c74ff3e-0df8-4bd4-99ff-2671b7263936,2026-07-17T17:43:18.584976+00:00,ORIG-70679,RCVR-92491,406.74,Harbor Manufacturing,Cedar Utilities,CO,VA,513,Vendor payment,PPD,Online banking,0
48cf49ea-aea5-48a6-97ca-e0627bb89da8,2026-08-19T08:08:18.584976+00:00,ORIG-90689,RCVR-93568,86.81,Pine Valley Foods,Avery Johnson,WA,GA,1703,Direct deposit,CCD,File upload,0
4d970380-39e0-434d-8a28-d0e32ea2d6d7,2026-07-09T18:42:18.584976+00:00,ORIG-33315,RCVR-76883,402.78,Summit Health,Avery Johnson,OH,FL,255,Payroll,CCD,API,0
227e6702-bd86-406c-9d39-01909b2ccaef,2026-07-30T21:11:18.584976+00:00,ORIG-64711,RCVR-61302,597.0,Summit Health,Maple Consulting,TX,NC,162,Vendor payment,IAT,File upload,1
128c4daf-488a-4380-8bb6-0e358e02f946,2026-06-22T14:54:18.584976+00:00,ORIG-19184,RCVR-93550,846.15,Northstar Services,Cedar Utilities,TX,TX,1701,Bill payment,WEB,Online banking,0
5fc97a4b-6412-4fe3-b696-ebfcb600f7e3,2026-07-28T10:59:18.584976+00:00,ORIG-75815,RCVR-44693,277.96,Harbor Manufacturing,Maple Consulting,MA,VA,485,Vendor payment,WEB,File upload,0
5c818c81-9c51-427e-ac90-4049a1d8d00f,2026-06-24T05:03:18.584976+00:00,ORIG-43379,RCVR-31929,498.38,Summit Health,Brightline Supply,MA,GA,3479,Direct deposit,PPD,Online banking,0
43867f61-9595-437a-8f0b-fca1f6c73663,2026-08-05T01:24:18.584976+00:00,ORIG-51997,RCVR-43693,403.14,Harbor Manufacturing,Brightline Supply,NC,NC,2435,Bill payment,CCD,API,0
b546f9f1-80da-4428-a9a6-e188573ed4ae,2026-07-20T15:42:18.584976+00:00,ORIG-34786,RCVR-13941,1375.54,Northstar Services,Brightline Supply,VA,CA,959,Direct deposit,CCD,Online banking,0
c1d4e391-0b4b-4ebb-9ed7-1c488a734c72,2026-06-30T13:35:18.584976+00:00,ORIG-82500,RCVR-32570,982.27,Pine Valley Foods,Brightline Supply,GA,OH,1365,Vendor payment,PPD,Online banking,0
59c3ba24-572c-4441-9b2d-fdd07ba9d0f0,2026-07-13T21:01:18.584976+00:00,ORIG-78662,RCVR-88468,1160.77,Summit Health,Cedar Utilities,FL,FL,1244,Tax payment,WEB,Online banking,0
28077080-15fd-441a-9953-bfc27f28c5e1,2026-08-20T08:54:18.584976+00:00,ORIG-90576,RCVR-81719,375.79,Northstar Services,Avery Johnson,GA,WA,3247,Tax payment,PPD,Branch initiated,0
ee901e90-8d33-4e0d-8755-46e1f0de9f86,2026-07-10T06:17:18.584976+00:00,ORIG-50724,RCVR-21684,179.11,Northstar Services,Avery Johnson,CA,CO,444,Direct deposit,PPD,Online banking,0
059c5c90-3560-4a16-b3ba-706eef014e43,2026-07-19T15:54:18.584976+00:00,ORIG-81934,RCVR-19608,644.21,Northstar Services,Cedar Utilities,IL,FL,1660,Bill payment,PPD,API,0
fbf09c01-ab41-40e5-b26e-e07f78dfd6b0,2026-08-15T00:13:18.584976+00:00,ORIG-93569,RCVR-57748,759.79,Northstar Services,Cedar Utilities,TX,NY,563,Payroll,CCD,Online banking,0
4819bf5c-b9d5-48eb-be34-36427ee4722d,2026-06-22T04:26:18.584976+00:00,ORIG-18142,RCVR-13988,377.14,Harbor Manufacturing,Cedar Utilities,OH,CO,3074,Payroll,WEB,Online banking,0
64e87b90-cf8e-4a49-8b98-c20b0b705b7d,2026-07-15T17:16:18.584976+00:00,ORIG-94311,RCVR-64141,999.72,Pine Valley Foods,Avery Johnson,FL,NY,1569,Vendor payment,PPD,File upload,0
9e7f1295-6421-4a00-b19b-c7f65afc5d66,2026-07-11T07:47:18.584976+00:00,ORIG-94062,RCVR-23167,111.36,Northstar Services,Cedar Utilities,GA,WA,1881,Bill payment,PPD,File upload,0
ec30286e-feef-4572-bac1-f0af27b07c16,2026-07-06T01:47:18.584976+00:00,ORIG-46217,RCVR-24257,174.83,Harbor Manufacturing,Brightline Supply,NY,CO,550,Tax payment,PPD,Online banking,0
c4e38b9a-dce7-441f-9f39-5c14cda6aeb4,2026-07-17T14:13:18.584976+00:00,ORIG-59999,RCVR-24682,407.49,Harbor Manufacturing,Brightline Supply,IL,WA,2983,Tax payment,WEB,Online banking,0
3e17b922-a4ea-4236-8f89-81e60383aa72,2026-07-06T14:17:18.584976+00:00,ORIG-80807,RCVR-87996,848.18,Harbor Manufacturing,Cedar Utilities,WA,FL,1166,Direct deposit,CCD,Online banking,0
e51276c8-89e5-4400-80d5-5729962aa1c8,2026-06-28T16:48:18.584976+00:00,ORIG-76623,RCVR-87258,540.74,Summit Health,Brightline Supply,MA,FL,2488,Direct deposit,WEB,API,0
df77a125-2165-4601-a21f-482ec028bc06,2026-06-28T04:28:18.584976+00:00,ORIG-54547,RCVR-55196,102.57,Harbor Manufacturing,Avery Johnson,FL,IL,2505,Direct deposit,PPD,Online banking,0
aa67ed66-66f2-44e9-88c2-b7869bfd792a,2026-07-08T18:42:18.584976+00:00,ORIG-58727,RCVR-37360,329.48,Northstar Services,Cedar Utilities,MA,IL,1559,Direct deposit,PPD,Branch initiated,0
40ef1f72-22fa-4069-b2f4-a5cdc360976c,2026-07-12T14:41:18.584976+00:00,ORIG-84254,RCVR-54355,1753.8,Pine Valley Foods,Avery Johnson,GA,GA,3025,Bill payment,PPD,API,0
3d18779a-5a9b-4bab-875a-c46a0fa41491,2026-06-21T21:23:18.584976+00:00,ORIG-62469,RCVR-37019,532.08,Summit Health,Maple Consulting,VA,MA,721,Bill payment,PPD,Online banking,0
f86dc5e9-4253-4240-9476-d79c421f2183,2026-07-03T12:51:18.584976+00:00,ORIG-26123,RCVR-38951,169.46,Northstar Services,Avery Johnson,NY,CA,2011,Vendor payment,WEB,Online banking,0
3f1e3e64-b02a-4495-bdd8-60fbf0dbbfa5,2026-07-01T03:17:18.584976+00:00,ORIG-83808,RCVR-92834,293.58,Pine Valley Foods,Avery Johnson,FL,IL,2374,Bill payment,CCD,Online banking,0
8a8afcf7-3821-41ce-bbe6-1b9f9a36843f,2026-07-06T18:06:18.584976+00:00,ORIG-69979,RCVR-18970,797.53,Pine Valley Foods,Cedar Utilities,NY,CO,345,Payroll,CCD,File upload,0
90ff225a-c41f-41ac-b6fc-4d76b48d5c22,2026-07-26T11:51:18.584976+00:00,ORIG-66782,RCVR-30846,786.04,Summit Health,Brightline Supply,FL,MA,817,Vendor payment,PPD,Online banking,0
22eb8252-cded-4361-9825-f2f8d22ff13a,2026-08-06T19:36:18.584976+00:00,ORIG-28507,RCVR-82009,1489.8,Summit Health,Maple Consulting,TX,TX,178,Direct deposit,TEL,API,1
a6bfb15f-4ffc-42db-b4ca-8f04855b8437,2026-07-23T05:28:18.584976+00:00,ORIG-27926,RCVR-16178,153.14,Summit Health,Cedar Utilities,VA,NY,2524,Tax payment,PPD,API,0
fcf3d48b-a741-4eaf-b59f-e3b40929dd48,2026-06-23T10:46:18.584976+00:00,ORIG-51121,RCVR-61876,253.85,Harbor Manufacturing,Cedar Utilities,WA,OH,3367,Tax payment,PPD,Online banking,0
3b7e1421-fcdd-4ac4-aefa-1e785dd91449,2026-08-13T05:25:18.584976+00:00,ORIG-81031,RCVR-51643,74.62,Harbor Manufacturing,Avery Johnson,NC,VA,514,Payroll,WEB,Online banking,0
a2147fe5-1873-4af9-855d-71936d74014a,2026-06-22T02:42:18.584976+00:00,ORIG-63585,RCVR-42744,1005.44,Pine Valley Foods,Brightline Supply,WA,GA,2254,Bill payment,PPD,Online banking,0
c5c4e4ad-df26-44a2-a746-fb90730cef2b,2026-06-21T20:29:18.584976+00:00,ORIG-22225,RCVR-36118,600.36,Northstar Services,Maple Consulting,MA,NC,2542,Tax payment,CCD,Online banking,0
7e0080ce-50b4-4bd0-abe4-0960282ea2f0,2026-07-25T08:49:18.584976+00:00,ORIG-45513,RCVR-50359,718.21,Pine Valley Foods,Avery Johnson,VA,MA,1193,Payroll,WEB,File upload,0
c842f13c-b18b-4415-9c6c-cd026d8d2574,2026-07-13T14:44:18.584976+00:00,ORIG-23143,RCVR-75722,344.21,Pine Valley Foods,Avery Johnson,WA,MA,718,Bill payment,PPD,File upload,0
2af392f1-2048-408f-b18b-0191e6d1fd28,2026-07-29T19:20:18.584976+00:00,ORIG-53583,RCVR-69868,1472.14,Harbor Manufacturing,Maple Consulting,GA,CA,1656,Payroll,CCD,Branch initiated,0
366a113f-f1f4-412c-9411-b727996fcc70,2026-08-03T20:19:18.584976+00:00,ORIG-69832,RCVR-60042,155.22,Summit Health,Maple Consulting,MA,CA,2626,Bill payment,PPD,API,0
4a9d3f65-734e-4229-98f3-596e81c261d6,2026-07-18T23:48:18.584976+00:00,ORIG-16193,RCVR-65163,110.26,Summit Health,Cedar Utilities,NC,CO,858,Vendor payment,CCD,File upload,0
8149233a-3318-40ef-b58f-1dad6779ca58,2026-07-28T16:12:18.584976+00:00,ORIG-44037,RCVR-18403,197.13,Pine Valley Foods,Cedar Utilities,CO,VA,2133,Bill payment,WEB,File upload,0
9cdc08d2-9cd1-4c47-a2a9-30d4d28c54d1,2026-07-22T21:01:18.584976+00:00,ORIG-10933,RCVR-10700,101.56,Northstar Services,Brightline Supply,NC,CA,2177,Tax payment,PPD,API,0
2adf7196-a9c1-4a45-b86e-930de2613e5f,2026-06-28T21:41:18.584976+00:00,ORIG-20646,RCVR-84237,683.66,Northstar Services,Brightline Supply,FL,NY,2502,Tax payment,CCD,File upload,0
6ac5acc9-460f-46d3-9b39-be3d46d03350,2026-08-09T03:36:18.584976+00:00,ORIG-22756,RCVR-78777,707.13,Northstar Services,Maple Consulting,MA,CA,3051,Payroll,PPD,API,0
201aa995-df36-4307-b074-32d8434abfd1,2026-07-04T12:41:18.584976+00:00,ORIG-51865,RCVR-26400,124.23,Pine Valley Foods,Maple Consulting,NY,VA,356,Bill payment,PPD,API,0
6009afe1-cb2f-4927-9cb3-6b07ae2b3a74,2026-06-25T21:42:18.584976+00:00,ORIG-62914,RCVR-67210,390.92,Harbor Manufacturing,Avery Johnson,OH,CO,320,Vendor payment,PPD,File upload,0
b05fe4e8-6c16-4fd0-9cab-eddce64779da,2026-07-09T21:39:18.584976+00:00,ORIG-25167,RCVR-41364,1518.97,Harbor Manufacturing,Brightline Supply,TX,GA,2004,Direct deposit,PPD,File upload,0
7d30f08f-08c2-41fe-96c8-ebd3b5021c91,2026-07-20T11:37:18.584976+00:00,ORIG-65453,RCVR-96407,135.85,Harbor Manufacturing,Avery Johnson,GA,NY,524,Bill payment,CCD,File upload,0
cb7e51c5-449b-4ed8-b27a-7f3ba81eba15,2026-07-13T06:32:18.584976+00:00,ORIG-60249,RCVR-38114,252.09,Northstar Services,Maple Consulting,MA,CO,1352,Bill payment,WEB,API,0
0b5acadd-c3f3-4be9-9a4c-11a9e0769cf3,2026-07-14T05:22:18.584976+00:00,ORIG-35588,RCVR-47660,212.27,Northstar Services,Brightline Supply,CO,WA,2924,Direct deposit,CCD,Branch initiated,0
d7663e9d-992e-40e7-8d75-e32206b335e1,2026-07-14T00:06:18.584976+00:00,ORIG-52698,RCVR-68438,352.31,Harbor Manufacturing,Cedar Utilities,OH,NY,2905,Bill payment,WEB,Online banking,0
5b99e9f3-e4c3-4ba4-8e94-e1c9de21d3b4,2026-07-04T22:49:18.584976+00:00,ORIG-90581,RCVR-83102,1170.26,Pine Valley Foods,Avery Johnson,NY,GA,2007,Direct deposit,CCD,File upload,0
659ca5fd-93ea-40fd-b8b8-921596795ab4,2026-07-19T20:55:18.584976+00:00,ORIG-18688,RCVR-37262,281.94,Harbor Manufacturing,Maple Consulting,CO,MA,2716,Direct deposit,CCD,API,0
6f6f5618-a4f9-4e59-baa7-c8b9928abdfc,2026-06-25T10:49:18.584976+00:00,ORIG-38723,RCVR-81501,184.17,Summit Health,Cedar Utilities,NC,WA,679,Bill payment,WEB,Online banking,0
e8b81ca0-b7bb-49e6-8b42-a13d2f32c164,2026-07-04T15:30:18.584976+00:00,ORIG-44553,RCVR-21438,295.23,Northstar Services,Maple Consulting,VA,GA,556,Tax payment,WEB,File upload,0
3f7431e6-62db-4b4a-8d73-b51f0e6e6fcd,2026-06-25T08:23:18.584976+00:00,ORIG-58062,RCVR-65287,1443.57,Pine Valley Foods,Avery Johnson,NC,NC,2487,Vendor payment,PPD,Branch initiated,0
d23139c4-a714-4b47-8e5e-6d57e40a0b52,2026-07-11T17:58:18.584976+00:00,ORIG-43544,RCVR-50814,553.33,Northstar Services,Avery Johnson,NY,NY,2399,Direct deposit,PPD,File upload,0
598579e4-4bdc-4ccb-9d3c-f323721a17ba,2026-08-10T15:52:18.584976+00:00,ORIG-11604,RCVR-38552,496.96,Harbor Manufacturing,Avery Johnson,WA,CA,3021,Tax payment,PPD,API,0
a2b1f4d9-3d44-4ea8-a94b-8fec6621b3b7,2026-08-10T12:51:18.584976+00:00,ORIG-27722,RCVR-16944,587.34,Pine Valley Foods,Avery Johnson,NY,GA,1618,Bill payment,CCD,File upload,0
1edfc129-e399-4acc-8572-ee5e301c9391,2026-08-12T01:47:18.584976+00:00,ORIG-72244,RCVR-76686,432.0,Summit Health,Maple Consulting,OH,IL,1249,Bill payment,WEB,API,0
22e0313a-8edc-46e2-8dba-729a7cb684d6,2026-07-07T02:33:18.584976+00:00,ORIG-86149,RCVR-72533,207.23,Northstar Services,Avery Johnson,MA,NY,1878,Tax payment,CCD,Online banking,0
322868f1-a325-4da3-9a60-474be13ac8c1,2026-06-22T22:25:18.584976+00:00,ORIG-87189,RCVR-33189,130.83,Pine Valley Foods,Cedar Utilities,CA,NC,2661,Vendor payment,PPD,File upload,0
e5a7be9d-217a-49b0-a235-6379b257d828,2026-07-04T19:38:18.584976+00:00,ORIG-65791,RCVR-81040,219.94,Harbor Manufacturing,Brightline Supply,NC,OH,205,Bill payment,PPD,Online banking,0
a9a7ddd6-bd06-4f40-9bec-a10f9f5df168,2026-08-12T01:22:18.584976+00:00,ORIG-68062,RCVR-63346,109.79,Harbor Manufacturing,Avery Johnson,FL,CA,1158,Tax payment,CCD,API,0
fea0371d-99a1-4e26-82c5-809039f7bfe8,2026-08-16T00:36:18.584976+00:00,ORIG-64733,RCVR-19260,532.07,Northstar Services,Cedar Utilities,VA,TX,2944,Tax payment,CCD,Online banking,0
d65a29c0-85ac-48ad-a38f-1a68cf72af74,2026-07-22T23:14:18.584976+00:00,ORIG-68224,RCVR-62223,720.38,Northstar Services,Brightline Supply,NC,OH,1686,Direct deposit,CCD,Online banking,0
68fbbb75-1cd2-4894-86d4-a260804e3692,2026-06-23T21:38:18.584976+00:00,ORIG-49324,RCVR-92709,676.38,Harbor Manufacturing,Maple Consulting,GA,MA,1247,Tax payment,WEB,API,0
58fe32e7-b8ad-4d73-88b1-6cb9b6675c7e,2026-06-28T12:14:18.584976+00:00,ORIG-18701,RCVR-33363,419.11,Northstar Services,Avery Johnson,MA,GA,176,Bill payment,PPD,Branch initiated,0
3698cb8b-b3f4-4596-a16c-3bebe86a506a,2026-08-18T03:57:18.584976+00:00,ORIG-98789,RCVR-69134,342.32,Northstar Services,Brightline Supply,IL,CO,3624,Vendor payment,CCD,File upload,0
53127add-a3ee-4d7e-a275-69be72ef1e58,2026-08-01T00:50:18.584976+00:00,ORIG-29543,RCVR-50805,975.56,Northstar Services,Cedar Utilities,IL,VA,3286,Tax payment,WEB,File upload,0
9f725bf9-7f9d-429b-8830-fec737f805a8,2026-07-16T00:48:18.584976+00:00,ORIG-71479,RCVR-89369,1214.57,Harbor Manufacturing,Brightline Supply,CO,NY,548,Payroll,WEB,Online banking,0
6a0184e9-b2d3-487f-8eaf-6e364c636981,2026-08-12T22:39:18.584976+00:00,ORIG-74269,RCVR-99634,824.18,Summit Health,Brightline Supply,MA,CA,2978,Bill payment,WEB,Online banking,0
5994a1bb-66ed-460e-ab20-d5ac856e4754,2026-08-13T13:04:18.584976+00:00,ORIG-94393,RCVR-92987,509.56,Harbor Manufacturing,Avery Johnson,NC,WA,1973,Payroll,CCD,Online banking,0
da9049c8-c585-4291-b1b4-a0d13ec7bdbe,2026-08-16T03:56:18.584976+00:00,ORIG-79637,RCVR-66818,190.02,Summit Health,Brightline Supply,MA,WA,2854,Direct deposit,CCD,Online banking,0
1f5b7e64-150d-4095-ba6e-c16b00ce76ff,2026-07-09T16:48:18.584976+00:00,ORIG-87428,RCVR-84807,389.98,Pine Valley Foods,Avery Johnson,CO,TX,1961,Payroll,WEB,File upload,0
d2f2144c-fc5f-41d1-8b33-cc51fcfd4e40,2026-07-07T07:14:18.584976+00:00,ORIG-32447,RCVR-94762,1544.51,Summit Health,Maple Consulting,CA,FL,1255,Bill payment,PPD,Online banking,0
f307fbe2-c13e-47cc-aca7-f99946dca865,2026-07-25T10:29:18.584976+00:00,ORIG-11393,RCVR-38759,251.07,Summit Health,Avery Johnson,CA,WA,1176,Direct deposit,CCD,File upload,0
b3a56fd4-b36d-4d09-8111-77d1dc122bcd,2026-07-23T20:42:18.584976+00:00,ORIG-80846,RCVR-64343,762.85,Harbor Manufacturing,Maple Consulting,CO,VA,794,Vendor payment,PPD,Online banking,0
d2418fc3-5ce2-4e7d-8f04-e7221e85d551,2026-06-28T22:35:18.584976+00:00,ORIG-62777,RCVR-75694,513.07,Summit Health,Avery Johnson,NC,OH,1505,Bill payment,WEB,File upload,0
fa68b922-d2dd-4eca-8ee6-8bab67aab98f,2026-07-03T11:50:18.584976+00:00,ORIG-73453,RCVR-60662,697.22,Harbor Manufacturing,Brightline Supply,IL,MA,842,Payroll,WEB,Online banking,0
9fbc05c1-43cc-4116-a935-4bc097da2dcc,2026-08-09T02:45:18.584976+00:00,ORIG-58580,RCVR-12498,180.38,Harbor Manufacturing,Avery Johnson,MA,NY,1255,Vendor payment,WEB,File upload,0
21e6c11f-2cd0-44d9-9a6f-f7782a10864b,2026-08-20T13:52:18.584976+00:00,ORIG-94786,RCVR-94449,358.66,Summit Health,Brightline Supply,MA,MA,2695,Bill payment,CCD,Online banking,0
57987042-3d4f-4abe-bdfc-e228e8f47231,2026-08-20T15:09:18.584976+00:00,ORIG-99175,RCVR-75839,206.67,Northstar Services,Maple Consulting,OH,FL,3166,Tax payment,WEB,File upload,0
17597180-6d05-4a0c-b3e6-87c0de905055,2026-07-27T00:27:18.584976+00:00,ORIG-87009,RCVR-41364,594.49,Summit Health,Maple Consulting,NY,VA,3101,Vendor payment,WEB,File upload,0
ef805e6a-2870-4d8e-82e7-444ffca6b0d5,2026-07-29T11:35:18.584976+00:00,ORIG-79072,RCVR-68472,559.38,Summit Health,Brightline Supply,WA,GA,2140,Tax payment,WEB,Online banking,0
41401d57-c258-4b29-a99f-69679a5a4f59,2026-07-05T04:25:18.584976+00:00,ORIG-83044,RCVR-66843,189.17,Northstar Services,Maple Consulting,NY,GA,1023,Bill payment,PPD,API,0
64ad5781-129c-4733-9473-756c4cb8e146,2026-06-24T01:20:18.584976+00:00,ORIG-90700,RCVR-40884,158.61,Summit Health,Maple Consulting,WA,VA,547,Payroll,WEB,API,0
6b7099e6-abbd-4a98-b93e-e4d1f282df3b,2026-08-18T13:43:18.584976+00:00,ORIG-88227,RCVR-62936,1493.0,Northstar Services,Brightline Supply,OH,IL,237,Tax payment,CCD,API,0
1dff6103-4565-43ca-b08e-be3de82d42a4,2026-08-06T19:29:18.584976+00:00,ORIG-34261,RCVR-80071,359.23,Northstar Services,Avery Johnson,VA,NC,3037,Direct deposit,WEB,File upload,0
9a94cac7-3bc6-425a-a219-c10e8f0b4ab8,2026-07-11T12:25:18.584976+00:00,ORIG-88873,RCVR-73196,571.37,Northstar Services,Avery Johnson,GA,WA,1764,Tax payment,WEB,File upload,0
8c3284de-03e8-4569-981d-3e8ec70de110,2026-07-31T03:07:18.584976+00:00,ORIG-73688,RCVR-46782,223.19,Northstar Services,Maple Consulting,MA,GA,1590,Payroll,PPD,File upload,0
77f500cb-d0c1-4098-b7c1-d1620e360018,2026-07-29T20:40:18.584976+00:00,ORIG-71896,RCVR-75286,268.13,Pine Valley Foods,Maple Consulting,OH,WA,1123,Tax payment,PPD,API,0
ccf1e42d-ef28-469f-81d0-0f369300629d,2026-07-14T15:19:18.584976+00:00,ORIG-28511,RCVR-86063,40.06,Harbor Manufacturing,Avery Johnson,CO,GA,1937,Vendor payment,CCD,API,0
1e3017b4-d4a5-4955-a7a5-db9657f9fb6e,2026-08-02T07:04:18.584976+00:00,ORIG-29323,RCVR-62001,990.78,Harbor Manufacturing,Avery Johnson,MA,NY,2918,Bill payment,WEB,File upload,0
8930220e-ea48-485c-b9a1-e5bff1f1dcdb,2026-08-20T02:22:18.584976+00:00,ORIG-87175,RCVR-76972,2185.34,Summit Health,Maple Consulting,TX,FOREIGN,69,Bill payment,PPD,Branch initiated,1
505e2fe1-9814-4642-a970-b303bdc8cb53,2026-08-14T22:56:18.584976+00:00,ORIG-50692,RCVR-75958,242.56,Summit Health,Brightline Supply,TX,CA,1536,Bill payment,PPD,File upload,0
a8ce54d8-1fe9-4332-a3e7-b6ce89158dfb,2026-07-22T13:57:18.584976+00:00,ORIG-91084,RCVR-84099,693.41,Summit Health,Avery Johnson,NC,IL,2957,Tax payment,WEB,API,0
927852e5-b087-4de2-96c0-d897d6fd6b69,2026-07-10T07:11:18.584976+00:00,ORIG-66266,RCVR-50301,656.85,Summit Health,Avery Johnson,FL,FL,993,Vendor payment,PPD,Online banking,0
626c579c-14de-4293-b6fe-57ba607cc57a,2026-07-06T15:15:18.584976+00:00,ORIG-57620,RCVR-17849,2777.8,Summit Health,Maple Consulting,NY,FOREIGN,178,Direct deposit,IAT,API,1
0acaef71-6640-4826-b0b5-b27380a9fbec,2026-07-02T22:14:18.584976+00:00,ORIG-43049,RCVR-56969,731.26,Pine Valley Foods,Maple Consulting,MA,CO,481,Direct deposit,WEB,File upload,0
e04bfb68-3bee-45a4-8a21-4521fe4d9806,2026-08-14T10:45:18.584976+00:00,ORIG-54831,RCVR-10838,166.13,Northstar Services,Avery Johnson,CA,NY,2532,Payroll,CCD,Online banking,0
27385d08-1b16-46b3-b0f4-a5c218006a4a,2026-07-20T07:46:18.584976+00:00,ORIG-96729,RCVR-30548,247.86,Pine Valley Foods,Cedar Utilities,GA,TX,1788,Bill payment,PPD,Online banking,0
504d8c52-e676-4d13-95c6-cfa661dab979,2026-08-09T06:40:18.584976+00:00,ORIG-90613,RCVR-50519,467.55,Harbor Manufacturing,Avery Johnson,WA,OH,351,Direct deposit,CCD,API,0
b7722dba-e8aa-460a-a225-97c88a9f7adf,2026-08-02T17:35:18.584976+00:00,ORIG-82303,RCVR-20372,523.86,Harbor Manufacturing,Maple Consulting,CA,GA,172,Direct deposit,PPD,Online banking,0
9a169147-6023-4c12-bb87-69db3454b779,2026-07-12T05:26:18.584976+00:00,ORIG-11706,RCVR-66542,1783.78,Pine Valley Foods,Maple Consulting,WA,CO,262,Vendor payment,WEB,File upload,0
0737662a-c8a8-49ef-ab48-51af13bfe259,2026-07-25T08:11:18.584976+00:00,ORIG-24820,RCVR-18368,518.69,Summit Health,Brightline Supply,OH,VA,3413,Tax payment,PPD,Online banking,0
e40ed2be-5e6b-49d3-9b98-1efbeeb0b435,2026-07-23T06:36:18.584976+00:00,ORIG-86415,RCVR-88970,482.43,Summit Health,Brightline Supply,NY,OH,962,Payroll,WEB,Online banking,0
504e5add-e2fc-42f0-b169-18e322f3d06c,2026-07-25T17:44:18.584976+00:00,ORIG-75858,RCVR-57077,344.33,Northstar Services,Cedar Utilities,FL,CO,779,Payroll,WEB,Online banking,0
583205ac-37b7-40f1-b86d-13d1b1a1fc4e,2026-06-22T10:49:18.584976+00:00,ORIG-81604,RCVR-56384,1157.56,Summit Health,Cedar Utilities,IL,WA,3401,Direct deposit,CCD,Branch initiated,0
0d6e2a2f-2ac1-4bdd-ad37-452e62098dec,2026-07-10T01:39:18.584976+00:00,ORIG-94078,RCVR-16742,411.24,Harbor Manufacturing,Cedar Utilities,FL,NY,1935,Payroll,CCD,Online banking,0
d40046d0-31f7-4c21-bd41-169e6504fb19,2026-08-06T21:51:18.584976+00:00,ORIG-58696,RCVR-61445,249.26,Northstar Services,Cedar Utilities,WA,CA,444,Bill payment,PPD,File upload,0
b950a0f6-be65-42be-8454-aded64ff6a33,2026-08-08T05:51:18.584976+00:00,ORIG-38989,RCVR-53847,324.83,Northstar Services,Maple Consulting,VA,WA,1542,Direct deposit,PPD,File upload,0
7fcfeabd-7913-4f5a-a8a9-3e2b34ca0c88,2026-07-19T01:52:18.584976+00:00,ORIG-12728,RCVR-77020,2275.3,Harbor Manufacturing,Cedar Utilities,MA,TX,125,Tax payment,IAT,API,1
0e8016cc-77ef-4bc6-8494-774799b2382e,2026-07-08T11:59:18.584976+00:00,ORIG-22611,RCVR-88884,230.91,Harbor Manufacturing,Maple Consulting,GA,TX,3591,Tax payment,WEB,Online banking,0
f745e2bd-f454-4f0c-afa2-eea5d218c9f6,2026-08-03T11:54:18.584976+00:00,ORIG-84255,RCVR-60804,131.89,Northstar Services,Avery Johnson,FL,CO,3203,Bill payment,CCD,Online banking,0
3a2da961-5358-4760-b0c0-5f8d7c410b9b,2026-07-23T18:35:18.584976+00:00,ORIG-39868,RCVR-32064,90.93,Northstar Services,Avery Johnson,VA,VA,203,Vendor payment,CCD,API,0
30ec4d51-9e96-4aa2-aec4-948cc17d7c20,2026-08-08T16:30:18.584976+00:00,ORIG-92890,RCVR-82379,425.43,Northstar Services,Brightline Supply,NY,GA,1079,Bill payment,PPD,Online banking,0
cbd6126a-df14-4676-8cdb-70f85ceb5af4,2026-07-03T05:55:18.584976+00:00,ORIG-50460,RCVR-60577,586.07,Pine Valley Foods,Brightline Supply,CA,GA,1816,Bill payment,WEB,Online banking,0
9efc51c3-5c4a-4b53-acd3-6bbe30862190,2026-07-18T16:26:18.584976+00:00,ORIG-61470,RCVR-64254,163.06,Northstar Services,Cedar Utilities,NC,OH,2280,Tax payment,WEB,Online banking,0
9421b1a5-410c-48be-98a9-8bb0283bfc0e,2026-08-01T06:19:18.584976+00:00,ORIG-58820,RCVR-16964,157.58,Northstar Services,Cedar Utilities,MA,NY,2821,Bill payment,CCD,API,0
87aff11f-a451-4302-941b-7d1b7b5f6549,2026-06-30T21:32:18.584976+00:00,ORIG-91395,RCVR-45879,1619.75,Northstar Services,Cedar Utilities,NY,NY,3225,Payroll,CCD,Online banking,0
18474635-c33e-482f-8011-8dcc9cef0358,2026-07-14T20:48:18.584976+00:00,ORIG-87845,RCVR-54711,379.49,Harbor Manufacturing,Avery Johnson,TX,VA,3556,Direct deposit,CCD,Online banking,0
df066783-7e3a-40e1-93d4-b64caacfbd3f,2026-08-07T23:22:18.584976+00:00,ORIG-80297,RCVR-82520,787.35,Harbor Manufacturing,Cedar Utilities,NC,NC,1364,Vendor payment,WEB,API,0
42829b62-4aca-4e98-a1bb-3aa1ad198b49,2026-07-31T20:15:18.584976+00:00,ORIG-66827,RCVR-57261,232.15,Harbor Manufacturing,Avery Johnson,NY,NC,1155,Vendor payment,PPD,File upload,0
1b4ac695-906b-485e-8745-75daa810c4fc,2026-06-30T18:51:18.584976+00:00,ORIG-34189,RCVR-59964,411.3,Summit Health,Cedar Utilities,NC,FL,2648,Payroll,WEB,API,0
86391cd1-2131-4a70-9835-7705df17fbd2,2026-08-12T01:15:18.584976+00:00,ORIG-77728,RCVR-40631,728.28,Summit Health,Brightline Supply,FL,OH,246,Bill payment,PPD,Online banking,0
038c9173-6a38-49d1-b5e0-b48195697197,2026-06-21T22:29:18.584976+00:00,ORIG-20123,RCVR-98808,249.47,Pine Valley Foods,Cedar Utilities,VA,GA,1821,Payroll,PPD,API,0
d551a8d5-1a79-431f-a350-daca5b5874e2,2026-07-25T11:59:18.584976+00:00,ORIG-69800,RCVR-85712,241.33,Pine Valley Foods,Maple Consulting,IL,IL,3155,Tax payment,WEB,Online banking,0
9828ee3e-388a-410e-b115-b21d005ed297,2026-07-17T05:47:18.584976+00:00,ORIG-83081,RCVR-31034,421.34,Pine Valley Foods,Cedar Utilities,WA,NC,2142,Bill payment,WEB,Online banking,0
1b85c9fd-f0e8-47c2-94de-764846259af2,2026-08-01T05:47:18.584976+00:00,ORIG-99322,RCVR-99234,130.44,Summit Health,Cedar Utilities,MA,WA,1832,Bill payment,PPD,File upload,0
8badc800-95f1-46b6-948a-958fa92a3fe2,2026-08-03T01:49:18.584976+00:00,ORIG-92373,RCVR-65033,299.3,Northstar Services,Maple Consulting,FL,TX,1988,Tax payment,WEB,File upload,0
5827e5e0-b6e1-4555-8f7a-9f0817d43f0b,2026-08-15T19:05:18.584976+00:00,ORIG-47901,RCVR-44411,151.63,Pine Valley Foods,Cedar Utilities,OH,GA,2448,Bill payment,CCD,Online banking,0
bb2566ee-b0b7-4f6e-b7fd-c5fef4a5b328,2026-08-13T18:14:18.584976+00:00,ORIG-47931,RCVR-23693,416.31,Harbor Manufacturing,Brightline Supply,VA,FL,1276,Tax payment,CCD,Online banking,0
9cb64c05-f087-4931-bcae-ae1732421604,2026-07-13T02:02:18.584976+00:00,ORIG-69168,RCVR-16285,471.41,Summit Health,Cedar Utilities,CO,VA,1255,Bill payment,PPD,Branch initiated,0
16dad3e1-24bc-4e52-ad09-ee80636ac92d,2026-07-07T01:08:18.584976+00:00,ORIG-12630,RCVR-22631,493.18,Harbor Manufacturing,Maple Consulting,MA,FL,2759,Payroll,CCD,API,0
5c370805-4915-4d3d-87da-795f10f5e315,2026-07-24T15:46:18.584976+00:00,ORIG-39871,RCVR-34613,1158.97,Summit Health,Maple Consulting,MA,NY,31,Tax payment,PPD,Online banking,0
5de4cc3c-b889-4f46-8b91-f1ee99a56610,2026-08-14T07:50:18.584976+00:00,ORIG-12044,RCVR-91087,181.38,Northstar Services,Maple Consulting,OH,CO,2633,Payroll,WEB,Branch initiated,0
5e56447b-bde0-491b-bb12-f61296a9f008,2026-07-20T11:13:18.584976+00:00,ORIG-22928,RCVR-46670,424.6,Harbor Manufacturing,Cedar Utilities,TX,MA,1994,Vendor payment,CCD,API,0
134ba817-1cda-4059-9e2f-912ff84b077d,2026-07-09T08:18:18.584976+00:00,ORIG-20208,RCVR-77824,201.49,Northstar Services,Cedar Utilities,NC,NC,3626,Payroll,CCD,File upload,0
ee11b929-d159-4d86-88c1-cb7b25d7fceb,2026-07-23T13:14:18.584976+00:00,ORIG-32269,RCVR-35608,380.68,Northstar Services,Avery Johnson,NY,WA,1278,Direct deposit,CCD,Online banking,0
ac0eb21d-c6f8-4841-915c-9dceece2924f,2026-08-20T13:28:18.584976+00:00,ORIG-59500,RCVR-98023,207.87,Northstar Services,Cedar Utilities,VA,CA,2763,Tax payment,WEB,Online banking,0
6c074645-ee6c-48cc-a497-cdbc788f7809,2026-08-13T05:45:18.584976+00:00,ORIG-37656,RCVR-16915,383.23,Northstar Services,Brightline Supply,NY,GA,981,Vendor payment,CCD,Online banking,0
b406eefb-c965-4b41-ad5f-c882df245a6f,2026-08-02T00:52:18.584976+00:00,ORIG-90361,RCVR-52464,664.47,Northstar Services,Cedar Utilities,GA,NC,2660,Direct deposit,PPD,Online banking,0
e97f06cb-95e5-4248-b71b-c962cab2bdf5,2026-08-16T11:27:18.584976+00:00,ORIG-37635,RCVR-52909,221.75,Pine Valley Foods,Brightline Supply,GA,MA,1501,Bill payment,WEB,Online banking,0
e4dcea12-fe23-4fcf-b72d-d216f9eff164,2026-07-20T13:03:18.584976+00:00,ORIG-34881,RCVR-50006,127.69,Harbor Manufacturing,Avery Johnson,TX,NY,3317,Tax payment,WEB,Online banking,0
d51cb501-dd10-44bd-8c02-b7e619928cf7,2026-08-07T15:34:18.584976+00:00,ORIG-18117,RCVR-13342,281.25,Summit Health,Brightline Supply,VA,NC,2871,Bill payment,PPD,Online banking,0
fa218ae6-a221-45ed-85e8-45446c4cc968,2026-07-29T19:02:18.584976+00:00,ORIG-21944,RCVR-19025,348.65,Northstar Services,Brightline Supply,NC,IL,2939,Payroll,WEB,Branch initiated,0
8dc8b9f7-13d3-4c96-ae33-442980653de3,2026-08-06T14:50:18.584976+00:00,ORIG-66101,RCVR-15337,454.14,Northstar Services,Maple Consulting,IL,FL,777,Tax payment,CCD,Online banking,0
e923da0d-9301-4649-95d0-56a7c9e559b4,2026-07-09T18:08:18.584976+00:00,ORIG-80486,RCVR-94708,67.24,Harbor Manufacturing,Cedar Utilities,TX,GA,2317,Vendor payment,PPD,Online banking,0
3f63feec-4057-42b1-ad19-0ad15caeb1dc,2026-06-23T12:16:18.584976+00:00,ORIG-33060,RCVR-88182,369.12,Harbor Manufacturing,Maple Consulting,NY,MA,1290,Payroll,PPD,API,0
973712c2-768e-4c14-9b9d-9ea1de05d096,2026-07-05T03:37:18.584976+00:00,ORIG-53663,RCVR-67100,345.12,Pine Valley Foods,Brightline Supply,TX,VA,1423,Direct deposit,PPD,Online banking,0
537a8b66-f479-4739-b161-1b58a5fed22f,2026-08-20T13:22:18.584976+00:00,ORIG-19356,RCVR-42163,319.3,Pine Valley Foods,Maple Consulting,FL,VA,3184,Bill payment,PPD,Online banking,0
fc7157db-0d15-4c70-867b-bf7bf833dbcb,2026-07-25T16:59:18.584976+00:00,ORIG-47817,RCVR-98591,232.46,Harbor Manufacturing,Maple Consulting,GA,MA,2919,Vendor payment,WEB,Online banking,0
2b0a85ce-2fd7-4c00-8015-705b179fb3e2,2026-07-04T11:46:18.584976+00:00,ORIG-26671,RCVR-57450,737.01,Pine Valley Foods,Cedar Utilities,OH,WA,2554,Vendor payment,CCD,API,0
cca3cc01-e509-43ae-a055-7cc7fef2f20a,2026-07-20T22:33:18.584976+00:00,ORIG-18279,RCVR-74249,767.2,Pine Valley Foods,Cedar Utilities,CO,MA,3482,Payroll,CCD,Branch initiated,0
28cfc36b-b6d0-430c-a50a-c21cc1541c02,2026-06-29T14:32:18.584976+00:00,ORIG-29875,RCVR-43522,1255.42,Summit Health,Avery Johnson,WA,WA,1316,Direct deposit,PPD,Online banking,0
b5a9d0bd-2ce5-4f16-a0eb-dec9af69942e,2026-08-16T15:04:18.584976+00:00,ORIG-37962,RCVR-12655,229.4,Pine Valley Foods,Brightline Supply,CO,CA,1490,Payroll,PPD,Online banking,0
0c9de301-2b21-4530-bcd1-26561bf399ce,2026-07-13T20:23:18.584976+00:00,ORIG-35038,RCVR-30092,1041.61,Harbor Manufacturing,Cedar Utilities,GA,FL,946,Vendor payment,CCD,File upload,0
98390e4a-7103-4983-9538-fcd390d46169,2026-08-09T05:42:18.584976+00:00,ORIG-36596,RCVR-72233,521.22,Northstar Services,Cedar Utilities,IL,MA,512,Tax payment,CCD,API,0
a44772c7-09fe-497e-80f1-ce455b262c56,2026-07-11T17:59:18.584976+00:00,ORIG-20282,RCVR-98997,586.45,Northstar Services,Cedar Utilities,OH,CA,733,Direct deposit,WEB,Online banking,0
40f32ebb-d077-4033-ba56-ec1af9be3cbf,2026-08-03T00:59:18.584976+00:00,ORIG-61543,RCVR-34926,768.24,Harbor Manufacturing,Cedar Utilities,WA,VA,2789,Payroll,PPD,Online banking,0
b8d421b4-40b8-40ce-90e9-7c00e0c0d0de,2026-07-16T15:17:18.584976+00:00,ORIG-34677,RCVR-21344,341.95,Northstar Services,Cedar Utilities,TX,WA,1015,Vendor payment,PPD,File upload,0
b47757db-f72a-4e4c-879a-474561f7f82c,2026-08-11T17:36:18.584976+00:00,ORIG-28041,RCVR-69515,499.24,Summit Health,Maple Consulting,MA,MA,1562,Payroll,PPD,File upload,0
996178d0-e72e-4638-b438-56f3fbe13195,2026-07-21T20:10:18.584976+00:00,ORIG-86451,RCVR-40503,679.63,Northstar Services,Maple Consulting,CA,VA,2458,Bill payment,PPD,API,0
0c1afea1-7bb6-4537-b2ad-444b70f2c16e,2026-06-30T19:39:18.584976+00:00,ORIG-84645,RCVR-84898,492.84,Pine Valley Foods,Avery Johnson,TX,NC,3352,Direct deposit,CCD,Online banking,0
7f3056cc-8735-49cd-889b-6cce5f77440d,2026-08-05T01:50:18.584976+00:00,ORIG-88462,RCVR-96788,266.34,Northstar Services,Avery Johnson,VA,CO,1340,Tax payment,CCD,Branch initiated,0
a5186711-dc6f-4e47-b591-e84367871ecf,2026-07-10T14:42:18.584976+00:00,ORIG-31734,RCVR-72064,416.81,Northstar Services,Brightline Supply,GA,GA,2478,Direct deposit,CCD,Branch initiated,0
b2011841-d60f-4142-bf77-834dd42ee76b,2026-07-06T04:40:18.584976+00:00,ORIG-80692,RCVR-45203,593.96,Pine Valley Foods,Avery Johnson,OH,MA,3476,Payroll,CCD,File upload,0
1cf8e3f7-70b5-4104-9904-a6914d9031db,2026-07-28T19:40:18.584976+00:00,ORIG-62766,RCVR-57665,177.29,Harbor Manufacturing,Brightline Supply,GA,TX,1799,Direct deposit,PPD,API,0
31e59eb8-b08a-458b-96b0-85873dc9ac49,2026-08-02T04:51:18.584976+00:00,ORIG-70417,RCVR-53324,492.16,Summit Health,Avery Johnson,VA,FL,2370,Bill payment,WEB,Online banking,0
0ff55be0-8ac9-43ed-ab47-798b13923648,2026-07-10T18:27:18.584976+00:00,ORIG-49242,RCVR-36713,234.35,Harbor Manufacturing,Brightline Supply,MA,OH,1134,Bill payment,PPD,File upload,0
2a88c30d-4e06-4931-8546-a8c97e2bf10e,2026-08-05T11:41:18.584976+00:00,ORIG-15947,RCVR-65608,173.45,Pine Valley Foods,Avery Johnson,OH,NC,3576,Tax payment,WEB,Online banking,0
04e23485-2db1-46a0-b2fc-45d99a0d5ac7,2026-08-09T13:19:18.584976+00:00,ORIG-23608,RCVR-48248,932.38,Northstar Services,Cedar Utilities,IL,WA,60,Payroll,WEB,Online banking,0
7ccbaa82-edaf-4bd9-8bf3-c15dfaa62c88,2026-07-27T14:52:18.584976+00:00,ORIG-31174,RCVR-88827,658.23,Summit Health,Brightline Supply,IL,WA,3643,Vendor payment,PPD,File upload,0
223d84a7-682a-49f1-af0a-3588392e0b3e,2026-07-24T06:06:18.584976+00:00,ORIG-44988,RCVR-38732,241.67,Pine Valley Foods,Cedar Utilities,MA,WA,2967,Direct deposit,PPD,File upload,0
f6ecdccf-fe75-4063-a6be-33b6888ee63e,2026-08-09T08:09:18.584976+00:00,ORIG-69447,RCVR-47116,322.57,Harbor Manufacturing,Brightline Supply,OH,CO,2341,Direct deposit,WEB,API,0
931c0024-05bc-44dd-95b2-5ee4e3741aaa,2026-06-24T21:31:18.584976+00:00,ORIG-33190,RCVR-12511,216.85,Northstar Services,Avery Johnson,NC,OH,3152,Direct deposit,CCD,Online banking,0
e97d9bfa-1130-4d2c-b979-6ad93f11b71d,2026-07-28T05:14:18.584976+00:00,ORIG-89356,RCVR-73991,350.79,Northstar Services,Brightline Supply,OH,CA,2489,Direct deposit,WEB,Online banking,0
d88e60b2-57a0-4314-8a94-0032e580abf1,2026-08-11T14:43:18.584976+00:00,ORIG-91624,RCVR-20146,311.35,Northstar Services,Maple Consulting,VA,MA,482,Direct deposit,PPD,Online banking,0
69809cda-a987-468b-8ab1-34f32875cd82,2026-07-19T23:16:18.584976+00:00,ORIG-88454,RCVR-72122,95.86,Northstar Services,Maple Consulting,GA,NY,1417,Tax payment,CCD,Online banking,0
589867ba-8b8b-426b-a675-c09e4b2325d5,2026-07-18T09:01:18.584976+00:00,ORIG-28134,RCVR-14650,257.54,Northstar Services,Cedar Utilities,CO,NY,32,Vendor payment,PPD,Online banking,0
adc68717-a8b5-4c3f-a27e-f23d177ae141,2026-07-17T00:14:18.584976+00:00,ORIG-68332,RCVR-42954,823.76,Northstar Services,Brightline Supply,NC,IL,413,Bill payment,PPD,API,0
fd623812-8309-425b-a840-7195100f21bc,2026-07-06T01:19:18.584976+00:00,ORIG-49470,RCVR-30694,518.08,Pine Valley Foods,Maple Consulting,IL,OH,1509,Bill payment,PPD,Online banking,0
2be65e7a-5e40-4b14-9af0-cc74be3dab37,2026-06-25T21:13:18.584976+00:00,ORIG-95608,RCVR-50787,1754.58,Northstar Services,Brightline Supply,GA,VA,98,Direct deposit,TEL,Online banking,1
ac666142-2f39-4d8f-81b2-dfbcfb376cf6,2026-07-15T08:37:18.584976+00:00,ORIG-53083,RCVR-20940,167.54,Harbor Manufacturing,Cedar Utilities,WA,GA,2618,Vendor payment,PPD,Online banking,0
f52611d4-c253-4ccf-b168-109f1005c536,2026-07-22T06:13:18.584976+00:00,ORIG-96500,RCVR-52073,881.21,Pine Valley Foods,Maple Consulting,IL,OH,2918,Bill payment,WEB,File upload,0
8ef22032-6739-4128-93d4-970446c87170,2026-07-19T12:20:18.584976+00:00,ORIG-82060,RCVR-41444,114.61,Pine Valley Foods,Cedar Utilities,NY,MA,2034,Payroll,WEB,Online banking,0
d05fbb39-b517-4428-b81f-6d1807a7b3af,2026-08-20T06:14:18.584976+00:00,ORIG-28830,RCVR-35726,288.92,Northstar Services,Cedar Utilities,IL,CO,1072,Direct deposit,WEB,Online banking,0
14f032be-d3c7-4488-ba54-e12c7debd147,2026-07-10T15:52:18.584976+00:00,ORIG-62413,RCVR-35798,634.11,Pine Valley Foods,Maple Consulting,CA,CO,1037,Payroll,PPD,API,0
008d0174-450d-4196-b2bf-94bb2e81054d,2026-08-09T10:36:18.584976+00:00,ORIG-62018,RCVR-36346,581.02,Summit Health,Cedar Utilities,TX,VA,3580,Direct deposit,CCD,API,0
14fdf351-3a99-4b09-94e7-07034e5e55ab,2026-07-25T22:06:18.584976+00:00,ORIG-76803,RCVR-94918,387.86,Summit Health,Maple Consulting,NY,NC,1965,Vendor payment,CCD,API,0
8798d8a1-b1f9-4777-a1b3-d9a5f86bfe22,2026-07-14T16:27:18.584976+00:00,ORIG-40469,RCVR-37017,377.09,Pine Valley Foods,Brightline Supply,CA,CO,3019,Tax payment,PPD,File upload,0
0f7a14cf-48cf-4488-a01a-7d2f5b8f31b7,2026-07-10T16:37:18.584976+00:00,ORIG-97331,RCVR-73432,925.55,Northstar Services,Maple Consulting,VA,NC,139,Bill payment,PPD,API,1
286ba767-740f-4dc4-88ba-07a861c29d27,2026-07-10T00:20:18.584976+00:00,ORIG-15454,RCVR-37375,142.31,Harbor Manufacturing,Cedar Utilities,CO,NC,3609,Vendor payment,PPD,Branch initiated,0
f8d1fbb5-4521-4525-bbf4-4b2b0fcec6c2,2026-07-10T03:03:18.584976+00:00,ORIG-19388,RCVR-50219,462.31,Northstar Services,Avery Johnson,WA,NC,288,Bill payment,WEB,Online banking,0
f6fa8708-0377-48cb-8d0c-0236a513d96d,2026-08-03T13:26:18.584976+00:00,ORIG-79183,RCVR-88524,449.84,Northstar Services,Cedar Utilities,MA,NY,3335,Vendor payment,CCD,File upload,0
df4fa009-9d87-46cd-bcd5-dcfddded7339,2026-07-07T22:08:18.584976+00:00,ORIG-19331,RCVR-20269,223.05,Pine Valley Foods,Avery Johnson,WA,WA,3407,Vendor payment,PPD,File upload,0
d502821b-add5-40bc-a75e-8f7f7bf13ba9,2026-06-24T22:26:18.584976+00:00,ORIG-85141,RCVR-53326,464.4,Northstar Services,Brightline Supply,MA,VA,146,Direct deposit,PPD,Online banking,0
159f18a9-22de-4652-9fdb-7c4585da66f7,2026-08-16T16:37:18.584976+00:00,ORIG-82541,RCVR-29673,521.48,Pine Valley Foods,Brightline Supply,GA,MA,1473,Payroll,PPD,API,0
51566821-6a2c-4fa5-b9bd-cd9c997b1b58,2026-07-29T21:48:18.584976+00:00,ORIG-75159,RCVR-71550,509.31,Pine Valley Foods,Maple Consulting,TX,TX,1918,Direct deposit,CCD,Branch initiated,0
a9c4b1f7-1540-4291-af46-d769ce70caf5,2026-08-06T14:52:18.584976+00:00,ORIG-82267,RCVR-48410,489.96,Pine Valley Foods,Brightline Supply,CA,VA,3575,Direct deposit,CCD,Online banking,0
02f80bef-a6d8-41f5-b6d3-48baf2d87f5a,2026-07-28T13:49:18.584976+00:00,ORIG-54408,RCVR-70228,144.53,Harbor Manufacturing,Brightline Supply,OH,NC,3360,Payroll,CCD,API,0
a5173ac9-80fa-4d5f-b196-f7b4f0c6be2e,2026-07-23T16:32:18.584976+00:00,ORIG-49159,RCVR-84190,230.83,Northstar Services,Maple Consulting,OH,VA,2419,Tax payment,PPD,Online banking,0
163dc7dc-d59e-41fc-9afd-ed8acda1c7be,2026-08-19T22:25:18.584976+00:00,ORIG-41144,RCVR-94787,505.89,Pine Valley Foods,Avery Johnson,OH,IL,3093,Payroll,WEB,Branch initiated,0
14fc73ca-f623-483d-a52c-750b53819333,2026-07-11T23:37:18.584976+00:00,ORIG-12771,RCVR-92005,180.96,Harbor Manufacturing,Avery Johnson,GA,GA,981,Vendor payment,CCD,Online banking,0
0ff38294-93b7-4990-93cd-d6eaa4b40525,2026-06-28T02:18:18.584976+00:00,ORIG-10782,RCVR-28623,589.73,Harbor Manufacturing,Cedar Utilities,OH,VA,3213,Direct deposit,PPD,API,0
8f3169e2-0db1-4d62-82c7-452d8ea198d6,2026-06-27T23:27:18.584976+00:00,ORIG-33445,RCVR-45783,1710.73,Northstar Services,Cedar Utilities,VA,NC,954,Vendor payment,PPD,API,0
bbbf9fb0-cf42-4efd-8653-0ad3275c8e47,2026-08-03T00:43:18.584976+00:00,ORIG-73278,RCVR-97127,129.69,Harbor Manufacturing,Avery Johnson,WA,MA,652,Vendor payment,CCD,File upload,0
301940dd-c8e7-4e21-ae1e-6b037ebdf929,2026-07-21T09:31:18.584976+00:00,ORIG-52769,RCVR-26859,418.66,Harbor Manufacturing,Brightline Supply,CO,WA,1769,Vendor payment,CCD,API,0
b882fa95-31c1-42e4-8b51-e6092e536666,2026-08-14T04:25:18.584976+00:00,ORIG-47076,RCVR-46443,714.88,Summit Health,Maple Consulting,CO,NC,1963,Payroll,PPD,Online banking,0
9470a6b5-1238-4b4e-97bb-84e1c5c700c3,2026-06-25T10:34:18.584976+00:00,ORIG-33298,RCVR-89159,490.57,Northstar Services,Cedar Utilities,CO,CA,3512,Bill payment,WEB,Online banking,0
0a2d8143-29a4-4135-9062-40b45d96ae26,2026-08-11T21:25:18.584976+00:00,ORIG-25825,RCVR-16970,339.71,Northstar Services,Cedar Utilities,OH,CO,3139,Bill payment,PPD,File upload,0
cfda330b-80e3-4d86-ae7b-bec2f25334e9,2026-06-24T03:49:18.584976+00:00,ORIG-31365,RCVR-76879,557.11,Northstar Services,Avery Johnson,NC,OH,2841,Vendor payment,CCD,Online banking,0
e142e89a-083a-4129-ac1f-60f176bc339d,2026-08-13T10:16:18.584976+00:00,ORIG-16431,RCVR-28724,293.63,Summit Health,Avery Johnson,NC,NC,1899,Tax payment,WEB,API,0
55ae572a-a005-42c3-9706-3df1766fa4d4,2026-07-26T20:29:18.584976+00:00,ORIG-70277,RCVR-21748,1037.55,Northstar Services,Brightline Supply,OH,VA,1260,Direct deposit,WEB,File upload,0
ec6489ff-6a15-4369-a243-50314a09fb59,2026-08-16T16:38:18.584976+00:00,ORIG-94987,RCVR-43490,439.84,Summit Health,Brightline Supply,CO,CA,2120,Vendor payment,PPD,Online banking,0
26e9d378-79f1-4769-b8ea-9094b3746684,2026-08-13T16:43:18.584976+00:00,ORIG-50769,RCVR-92453,655.02,Northstar Services,Cedar Utilities,OH,FL,2324,Direct deposit,WEB,API,0
2243da75-b6df-49b3-b7d1-9bacd891752a,2026-07-24T20:23:18.584976+00:00,ORIG-64093,RCVR-38975,493.36,Harbor Manufacturing,Avery Johnson,MA,TX,2951,Tax payment,PPD,Online banking,0
828d96f8-0366-41ef-98d4-884571454774,2026-07-19T02:42:18.584976+00:00,ORIG-91062,RCVR-57714,194.11,Northstar Services,Avery Johnson,IL,CO,103,Tax payment,WEB,File upload,1
12df2d10-505a-428f-8373-710fdc83b19a,2026-07-23T13:30:18.584976+00:00,ORIG-27758,RCVR-94013,201.13,Northstar Services,Maple Consulting,OH,VA,2145,Payroll,WEB,Online banking,0
3c6ce936-377f-4c81-9520-ae72d333ac00,2026-07-16T10:11:18.584976+00:00,ORIG-39664,RCVR-46803,162.86,Harbor Manufacturing,Cedar Utilities,TX,FL,584,Bill payment,CCD,File upload,0
454be5d7-b351-4671-a3dc-90e566165798,2026-08-05T06:38:18.584976+00:00,ORIG-63729,RCVR-35694,536.34,Summit Health,Brightline Supply,GA,TX,2775,Bill payment,PPD,API,0
03423720-0bfd-4a75-a581-ac64ae1d239d,2026-08-06T12:15:18.584976+00:00,ORIG-13745,RCVR-18196,613.68,Summit Health,Avery Johnson,CO,TX,3376,Tax payment,CCD,Online banking,0
5fe15e66-1338-47a2-930d-55dd86621df2,2026-07-11T23:55:18.584976+00:00,ORIG-57581,RCVR-82714,412.95,Pine Valley Foods,Cedar Utilities,WA,OH,2949,Payroll,CCD,API,0
7368bef1-ceba-4e48-9cf6-2e0044723dc7,2026-07-18T12:32:18.584976+00:00,ORIG-64594,RCVR-51632,81.39,Summit Health,Cedar Utilities,CO,FL,1141,Payroll,WEB,Online banking,0
848b0e88-eeb2-4fde-a786-c43144b363a6,2026-07-15T21:30:18.584976+00:00,ORIG-53931,RCVR-70081,653.41,Northstar Services,Avery Johnson,NY,CO,2026,Payroll,PPD,API,0
f1a90dbc-0e4a-438e-a6c5-1b6ff6a2408c,2026-06-22T00:56:18.584976+00:00,ORIG-79005,RCVR-84280,1654.35,Pine Valley Foods,Cedar Utilities,MA,VA,151,Vendor payment,TEL,Online banking,1
26885d39-ebf5-4b65-93dc-1e9bda7b7180,2026-07-20T23:46:18.584976+00:00,ORIG-20247,RCVR-55801,584.96,Northstar Services,Brightline Supply,NY,NC,2646,Bill payment,WEB,Online banking,0
1bd2a523-34a2-4abb-b578-9b66394e475b,2026-07-04T21:52:18.584976+00:00,ORIG-98119,RCVR-97710,675.82,Pine Valley Foods,Avery Johnson,OH,NC,596,Vendor payment,WEB,API,0
78912c0d-3776-4498-898b-bdf1230c6b06,2026-07-06T16:59:18.584976+00:00,ORIG-26236,RCVR-10438,169.54,Northstar Services,Brightline Supply,GA,FL,2317,Vendor payment,PPD,API,0
a10e057e-bd8b-4db8-b2cd-cd0cb9b04b6f,2026-07-26T07:34:18.584976+00:00,ORIG-65098,RCVR-55179,558.92,Harbor Manufacturing,Avery Johnson,GA,NY,87,Direct deposit,WEB,File upload,1
eb37d2cf-cdcd-4fef-a70b-511d40b89f7e,2026-08-07T09:03:18.584976+00:00,ORIG-74021,RCVR-14885,476.29,Northstar Services,Cedar Utilities,NY,OH,1890,Tax payment,WEB,Online banking,0
08960ab7-bfe2-4181-94ef-07c71aa2fe61,2026-07-16T06:31:18.584976+00:00,ORIG-87972,RCVR-85412,731.65,Northstar Services,Brightline Supply,TX,CO,1094,Tax payment,WEB,Online banking,0
a0f036da-dd8d-4a6f-aabf-5d483c4bc912,2026-08-08T17:45:18.584976+00:00,ORIG-64134,RCVR-35408,614.6,Summit Health,Maple Consulting,NC,CO,274,Direct deposit,WEB,API,0
f6c8b7e5-ad5c-4e71-93a6-a7fb815af983,2026-08-03T23:52:18.584976+00:00,ORIG-84782,RCVR-49210,515.89,Pine Valley Foods,Maple Consulting,WA,VA,1116,Tax payment,WEB,API,0
819f4605-ecc2-4eb3-a0d0-865484953556,2026-07-02T17:07:18.584976+00:00,ORIG-93431,RCVR-44705,62.84,Northstar Services,Brightline Supply,CO,VA,3258,Direct deposit,CCD,Online banking,0
dca4c13f-419b-459d-b364-6a33bfdd4f75,2026-08-17T09:05:18.584976+00:00,ORIG-54298,RCVR-15366,218.06,Harbor Manufacturing,Maple Consulting,NY,MA,3373,Tax payment,PPD,API,0
000ce17c-0d2e-4d8e-a712-9637bef235c3,2026-07-03T00:08:18.584976+00:00,ORIG-77711,RCVR-87558,124.28,Harbor Manufacturing,Avery Johnson,NC,NY,2154,Direct deposit,PPD,Online banking,0
e2894526-8190-41fd-9dcb-edf14fffb870,2026-07-26T12:21:18.584976+00:00,ORIG-32051,RCVR-12877,187.98,Northstar Services,Brightline Supply,CO,IL,2690,Tax payment,CCD,Online banking,0
03ae594b-1229-4877-80a3-2656fc02da60,2026-08-04T23:24:18.584976+00:00,ORIG-12182,RCVR-48398,240.32,Summit Health,Brightline Supply,CO,IL,2817,Vendor payment,CCD,File upload,0
76e35520-bb9b-4c57-8af8-a903dfe6629d,2026-08-04T00:25:18.584976+00:00,ORIG-73114,RCVR-39784,405.31,Pine Valley Foods,Avery Johnson,VA,FL,992,Bill payment,CCD,File upload,0
bf0060aa-db2a-4e19-bd30-53364ba8dd9a,2026-07-23T15:31:18.584976+00:00,ORIG-42636,RCVR-33414,1283.33,Northstar Services,Avery Johnson,OH,IL,1214,Tax payment,CCD,API,0
a758a1d6-0663-45d1-956d-6821e4137296,2026-08-11T14:15:18.584976+00:00,ORIG-34666,RCVR-17502,446.53,Summit Health,Avery Johnson,WA,VA,3567,Tax payment,WEB,API,0
c1198afe-566c-4c43-810c-a6a8f220bf8b,2026-06-24T05:16:18.584976+00:00,ORIG-62008,RCVR-68447,361.23,Summit Health,Avery Johnson,OH,IL,1526,Payroll,PPD,File upload,0
8c688e66-b5ae-4371-81bc-2b20ed21757d,2026-08-01T05:57:18.584976+00:00,ORIG-31363,RCVR-51748,113.56,Summit Health,Maple Consulting,MA,NC,1421,Direct deposit,WEB,Branch initiated,0
54206a50-f5b7-4447-a5ba-e0e215fda211,2026-07-20T14:14:18.584976+00:00,ORIG-43660,RCVR-49035,104.81,Harbor Manufacturing,Avery Johnson,CA,CA,3415,Direct deposit,WEB,Online banking,0
169dc222-6cbb-4503-918e-35c46c5309eb,2026-07-17T18:39:18.584976+00:00,ORIG-58884,RCVR-66859,235.46,Pine Valley Foods,Brightline Supply,FL,NY,3370,Tax payment,PPD,API,0
74bf9290-ae50-476d-8c96-490f7a5f3805,2026-08-18T20:40:18.584976+00:00,ORIG-25404,RCVR-39730,1150.23,Summit Health,Maple Consulting,NY,CA,21,Vendor payment,PPD,File upload,0
4b3ed8e4-cf46-4531-9bd3-f4b16c25a0fb,2026-07-26T10:29:18.584976+00:00,ORIG-28452,RCVR-39809,1017.21,Summit Health,Maple Consulting,TX,GA,1951,Tax payment,CCD,Branch initiated,0
a45aa3f0-8cd7-4039-a135-74a4a60cfe63,2026-07-16T12:57:18.584976+00:00,ORIG-34410,RCVR-46344,406.73,Northstar Services,Cedar Utilities,MA,GA,2662,Tax payment,WEB,API,0
bd8db733-35db-4435-bbc1-d166d6cf6568,2026-07-01T18:18:18.584976+00:00,ORIG-57055,RCVR-72423,899.63,Harbor Manufacturing,Maple Consulting,NY,NY,2773,Direct deposit,WEB,Online banking,0
edb2a375-6037-4f77-8ac7-31d04c9970f7,2026-07-24T14:39:18.584976+00:00,ORIG-33525,RCVR-46311,454.31,Pine Valley Foods,Maple Consulting,WA,TX,2206,Vendor payment,WEB,API,0
b9d7102f-1e3f-4b2c-8a27-c649c7875b7a,2026-06-30T22:15:18.584976+00:00,ORIG-55334,RCVR-28925,131.22,Pine Valley Foods,Maple Consulting,CO,NC,1970,Tax payment,CCD,Online banking,0
6ffc3076-ee5b-44e9-97d9-de8e367405d7,2026-06-24T18:38:18.584976+00:00,ORIG-72710,RCVR-97181,952.27,Summit Health,Maple Consulting,IL,OH,2701,Payroll,PPD,Online banking,0
30e293a3-39e2-434c-96fb-65795af6ac33,2026-07-04T04:03:18.584976+00:00,ORIG-73760,RCVR-84517,1719.99,Summit Health,Avery Johnson,FL,NY,2072,Tax payment,WEB,Online banking,0
ef6816cd-cac3-43f9-b054-2004b36441d6,2026-07-26T02:51:18.584976+00:00,ORIG-53320,RCVR-99921,124.46,Northstar Services,Cedar Utilities,FL,CA,1654,Vendor payment,PPD,File upload,0
8ce1a86d-aef8-4693-9618-7a886b9f952f,2026-07-14T23:12:18.584976+00:00,ORIG-22142,RCVR-79634,688.86,Summit Health,Cedar Utilities,NC,MA,353,Vendor payment,PPD,Online banking,0
b7718307-8138-4e15-969c-5deafc4f4af1,2026-08-14T07:45:18.584976+00:00,ORIG-78323,RCVR-26430,513.23,Summit Health,Avery Johnson,GA,WA,1763,Tax payment,CCD,Online banking,0
dc576ebf-81dd-4689-8160-80a0724b6f64,2026-08-11T00:27:18.584976+00:00,ORIG-63721,RCVR-16955,313.24,Northstar Services,Maple Consulting,IL,NC,1700,Direct deposit,PPD,Online banking,0
e2f991ca-8624-45e6-93dd-5a55fbde93c5,2026-07-21T09:09:18.584976+00:00,ORIG-60811,RCVR-50401,245.53,Northstar Services,Brightline Supply,FL,FL,1534,Bill payment,PPD,API,0
a1bb6b0b-4c29-4684-a101-a6d4acc13c1d,2026-06-27T03:22:18.584976+00:00,ORIG-69288,RCVR-35645,329.05,Harbor Manufacturing,Avery Johnson,NY,OH,25,Vendor payment,PPD,File upload,0
47461bad-e88b-435c-ae1d-f7023905cddd,2026-07-09T16:46:18.584976+00:00,ORIG-95525,RCVR-20581,462.52,Northstar Services,Avery Johnson,CO,GA,2950,Tax payment,CCD,Online banking,0
e1b403c1-a473-4f95-ac4a-b8f64f7b3658,2026-07-23T04:15:18.584976+00:00,ORIG-68543,RCVR-99710,188.46,Summit Health,Brightline Supply,MA,MA,615,Tax payment,PPD,Online banking,0
4f7c76c7-4929-44f7-9838-ecdd8535e6a4,2026-06-26T15:43:18.584976+00:00,ORIG-18688,RCVR-82062,190.5,Pine Valley Foods,Maple Consulting,FL,VA,1077,Tax payment,WEB,Online banking,0
fd9f3890-41a5-40e9-869d-adb2cefc1b4c,2026-06-28T08:48:18.584976+00:00,ORIG-45591,RCVR-61123,369.42,Summit Health,Brightline Supply,CA,OH,1119,Bill payment,CCD,Online banking,0
66f13a41-3b9e-4481-b9c4-13ac4f3caab8,2026-08-11T02:40:18.584976+00:00,ORIG-16990,RCVR-91936,970.94,Pine Valley Foods,Cedar Utilities,GA,NY,2501,Tax payment,CCD,Online banking,0
d496c282-a5ea-4380-9754-cc9ceaf90d45,2026-07-02T12:53:18.584976+00:00,ORIG-88891,RCVR-18032,232.88,Summit Health,Maple Consulting,WA,CA,225,Direct deposit,PPD,Branch initiated,0
17b2218f-e72f-45b8-b95e-d7a6724e4f77,2026-07-13T02:33:18.584976+00:00,ORIG-75802,RCVR-79719,1021.22,Summit Health,Brightline Supply,WA,MA,3265,Vendor payment,WEB,Branch initiated,0
f1f646ce-9272-4dd6-a18b-9df20bd9d6d3,2026-06-29T03:09:18.584976+00:00,ORIG-86796,RCVR-42200,532.98,Northstar Services,Avery Johnson,NY,IL,157,Vendor payment,PPD,Online banking,0
0320378b-da91-4858-a4aa-8db90a8bea6a,2026-08-12T02:00:18.584976+00:00,ORIG-76559,RCVR-56393,327.58,Northstar Services,Brightline Supply,VA,VA,1331,Bill payment,PPD,File upload,0
40a693bf-7514-47ea-8de3-bfd0c13adb0a,2026-07-21T15:24:18.584976+00:00,ORIG-11029,RCVR-10160,390.21,Summit Health,Maple Consulting,GA,NY,222,Payroll,PPD,Online banking,0
5742dcab-f615-46d3-bfab-0de38ccb89de,2026-07-12T15:08:18.584976+00:00,ORIG-70855,RCVR-76778,500.71,Harbor Manufacturing,Brightline Supply,GA,IL,66,Tax payment,WEB,API,1
8230dcb8-bb48-40b7-b406-9972fba9e028,2026-06-23T23:30:18.584976+00:00,ORIG-28393,RCVR-38609,684.3,Pine Valley Foods,Cedar Utilities,CA,GA,2931,Direct deposit,CCD,Online banking,0
cb277cee-f4ed-4509-b19e-aec5a1f5d858,2026-07-19T11:49:18.584976+00:00,ORIG-20113,RCVR-91391,942.24,Summit Health,Cedar Utilities,OH,FL,2511,Direct deposit,WEB,Online banking,0
792889d0-085a-4eff-bdd1-db3eb92a4f2b,2026-07-27T03:31:18.584976+00:00,ORIG-97202,RCVR-20476,1010.46,Pine Valley Foods,Cedar Utilities,FL,VA,2055,Tax payment,WEB,API,0
4a771f5a-197c-4a3c-81da-676c8146a19f,2026-06-25T17:10:18.584976+00:00,ORIG-72545,RCVR-81231,771.44,Northstar Services,Cedar Utilities,GA,CA,2717,Direct deposit,CCD,Branch initiated,0
98e99c29-28a9-499e-b7dd-3ad856453be4,2026-07-10T05:34:18.584976+00:00,ORIG-98428,RCVR-95451,133.77,Pine Valley Foods,Cedar Utilities,TX,WA,1409,Bill payment,WEB,File upload,0
8624ae9d-acd6-4f5c-af6b-341b35c520b2,2026-07-09T04:09:18.584976+00:00,ORIG-19096,RCVR-23513,208.16,Pine Valley Foods,Avery Johnson,TX,NY,1702,Tax payment,CCD,Online banking,0
3a23acbe-3896-421b-be82-232552e07dbc,2026-08-17T01:50:18.584976+00:00,ORIG-48754,RCVR-51588,458.71,Summit Health,Brightline Supply,FL,NC,1752,Tax payment,CCD,Online banking,0
1a41a2b3-c878-49f6-932d-a24d1f739e8c,2026-08-01T09:35:18.584976+00:00,ORIG-11908,RCVR-35215,406.84,Harbor Manufacturing,Cedar Utilities,CA,TX,1550,Vendor payment,WEB,Online banking,0
fd4edee8-fd27-4f81-ba28-f9a5513edc6c,2026-07-08T18:00:18.584976+00:00,ORIG-93079,RCVR-19298,304.59,Pine Valley Foods,Maple Consulting,FL,NY,29,Vendor payment,PPD,API,0
05f374f1-2a93-4e49-909a-4d1aa9c47558,2026-07-11T21:46:18.584976+00:00,ORIG-14064,RCVR-74043,1086.54,Pine Valley Foods,Maple Consulting,OH,OH,2543,Payroll,WEB,File upload,0
f282bb74-bfda-4a48-a191-629f1c4a7ed4,2026-06-24T10:41:18.584976+00:00,ORIG-92652,RCVR-45009,319.86,Pine Valley Foods,Brightline Supply,NC,VA,2382,Bill payment,PPD,Online banking,0
2d8354ec-6cf8-4e5c-9bbf-206266329599,2026-08-13T19:36:18.584976+00:00,ORIG-10703,RCVR-99977,327.37,Northstar Services,Avery Johnson,OH,NY,685,Payroll,WEB,API,0
9dc668e8-f67b-48ef-b62b-14da858ed057,2026-06-29T10:29:18.584976+00:00,ORIG-79355,RCVR-84874,363.46,Northstar Services,Cedar Utilities,NC,CA,1832,Payroll,PPD,File upload,0
b70fe2c5-54eb-41ca-8e6b-3f2fb22b790e,2026-07-25T19:41:18.584976+00:00,ORIG-44545,RCVR-71051,328.55,Harbor Manufacturing,Avery Johnson,OH,FL,3017,Direct deposit,WEB,API,0
245767fe-2d34-4ed0-930e-58f1682e8aef,2026-07-06T02:24:18.584976+00:00,ORIG-15076,RCVR-33961,772.73,Summit Health,Brightline Supply,WA,NC,631,Bill payment,CCD,Online banking,0
af1d2364-e062-46d7-b0d4-8a0b04b31b55,2026-08-02T17:13:18.584976+00:00,ORIG-98121,RCVR-55805,105.8,Pine Valley Foods,Cedar Utilities,NY,CA,3046,Bill payment,CCD,File upload,0
db03c13d-50c1-49a7-9c6c-479118d88209,2026-07-17T02:53:18.584976+00:00,ORIG-61976,RCVR-93293,4286.33,Harbor Manufacturing,Maple Consulting,NC,NY,1140,Vendor payment,WEB,API,0
996ba128-304b-49d5-afca-b69eb3821466,2026-08-20T02:13:18.584976+00:00,ORIG-24383,RCVR-37751,505.9,Summit Health,Cedar Utilities,CA,WA,126,Payroll,PPD,File upload,1
f14032a3-f2cb-409f-9495-4337a1c1242d,2026-07-29T23:38:18.584976+00:00,ORIG-33651,RCVR-29302,216.57,Harbor Manufacturing,Brightline Supply,FL,GA,3158,Vendor payment,WEB,File upload,0
e5da0e81-f007-494e-85aa-003366915b8a,2026-08-01T19:44:18.584976+00:00,ORIG-15820,RCVR-25152,153.02,Harbor Manufacturing,Cedar Utilities,IL,MA,1513,Direct deposit,WEB,Branch initiated,0
f6d29e24-62cf-4bc3-83cd-4a0145684b66,2026-07-12T01:38:18.584976+00:00,ORIG-16614,RCVR-14684,951.99,Northstar Services,Cedar Utilities,WA,VA,504,Tax payment,CCD,Online banking,0
8d787639-8663-48fd-a37d-ea8ee500cb2e,2026-07-27T10:44:18.584976+00:00,ORIG-38212,RCVR-91985,413.64,Pine Valley Foods,Cedar Utilities,GA,TX,1170,Payroll,PPD,Online banking,0
5807244b-769c-4de1-bd1b-3ab1ff2add62,2026-06-28T06:08:18.584976+00:00,ORIG-21297,RCVR-51947,511.8,Harbor Manufacturing,Cedar Utilities,NC,GA,79,Tax payment,CCD,Online banking,0
21525f49-cfd6-4d01-8c89-4b177e6c553b,2026-07-21T01:05:18.584976+00:00,ORIG-37785,RCVR-24371,1220.37,Pine Valley Foods,Brightline Supply,CO,WA,2727,Tax payment,CCD,Online banking,0
ffcdb639-382a-43d0-98f8-de173a1d16ef,2026-07-16T12:31:18.584976+00:00,ORIG-12166,RCVR-23815,240.06,Pine Valley Foods,Avery Johnson,VA,MA,2772,Bill payment,PPD,API,0
d83df399-807c-4172-8e30-11f46d89c0f3,2026-07-23T18:06:18.584976+00:00,ORIG-62815,RCVR-46677,134.0,Harbor Manufacturing,Maple Consulting,GA,FL,3319,Direct deposit,PPD,Online banking,0
546dfbc9-d4e8-4962-8e6e-96935d043252,2026-07-07T12:16:18.584976+00:00,ORIG-65343,RCVR-57363,175.7,Pine Valley Foods,Maple Consulting,CO,CA,2968,Tax payment,CCD,Online banking,0
0a28b637-511a-40ed-b316-2047e9f629f7,2026-07-08T19:14:18.584976+00:00,ORIG-14989,RCVR-79992,118.57,Pine Valley Foods,Maple Consulting,CO,VA,1918,Bill payment,CCD,File upload,0
c844f059-56b5-4954-8192-8fb5fe3729b1,2026-06-27T10:25:18.584976+00:00,ORIG-10034,RCVR-66921,168.55,Northstar Services,Cedar Utilities,TX,WA,3363,Direct deposit,PPD,API,0
23dab233-72c8-4537-bb90-20f39245cde0,2026-07-19T03:19:18.584976+00:00,ORIG-82892,RCVR-34493,264.49,Pine Valley Foods,Avery Johnson,CO,CO,900,Bill payment,WEB,File upload,0
028ec61b-8ffa-4511-848f-e7410ad0e91e,2026-08-18T19:38:18.584976+00:00,ORIG-35978,RCVR-59469,534.55,Pine Valley Foods,Avery Johnson,MA,GA,2373,Payroll,WEB,API,0
ff8b7296-7f23-4537-be7c-3baa63c7f8c0,2026-08-09T22:10:18.584976+00:00,ORIG-61733,RCVR-81495,252.04,Summit Health,Brightline Supply,MA,VA,1127,Tax payment,CCD,Branch initiated,0
ea41104a-b5e1-4ab2-a98a-918d39f79f19,2026-08-05T10:01:18.584976+00:00,ORIG-85154,RCVR-97079,851.82,Pine Valley Foods,Cedar Utilities,NC,TX,987,Payroll,PPD,Online banking,0
6f28ed29-e906-4317-a0d9-e7421baa5214,2026-07-20T00:33:18.584976+00:00,ORIG-82323,RCVR-70295,258.33,Harbor Manufacturing,Maple Consulting,VA,WA,398,Payroll,WEB,API,0
4d91cee6-bc5e-4f16-a83d-6c1c0ad697bb,2026-07-30T16:33:18.584976+00:00,ORIG-41456,RCVR-21199,570.05,Pine Valley Foods,Maple Consulting,OH,OH,1856,Direct deposit,WEB,File upload,0
2ccbbed2-7a13-491b-a5a4-aec084186258,2026-07-25T14:07:18.584976+00:00,ORIG-92091,RCVR-34629,506.87,Pine Valley Foods,Avery Johnson,TX,VA,2013,Direct deposit,WEB,Online banking,0
cac5bd50-ab5c-44ac-b29b-38661606291f,2026-08-20T05:42:18.584976+00:00,ORIG-16982,RCVR-74413,179.42,Pine Valley Foods,Maple Consulting,CA,FL,1865,Bill payment,PPD,API,0
2e2e044a-7c93-4274-a9b5-e1dc515f6652,2026-06-26T00:36:18.584976+00:00,ORIG-79266,RCVR-10755,694.62,Northstar Services,Avery Johnson,IL,VA,243,Vendor payment,WEB,Online banking,0
0ee841c7-cb25-4fa1-b7a4-0ce90eeafff3,2026-07-02T00:20:18.584976+00:00,ORIG-20445,RCVR-22275,91.65,Pine Valley Foods,Brightline Supply,IL,CA,2289,Payroll,WEB,Online banking,0
2b8a90ed-5e48-49ba-b753-c107cb75be12,2026-07-07T01:38:18.584976+00:00,ORIG-42742,RCVR-94554,949.03,Summit Health,Maple Consulting,IL,IL,311,Tax payment,WEB,Branch initiated,0
3ea18de8-f92e-4cc4-8f36-ad9dd9a07249,2026-07-23T14:43:18.584976+00:00,ORIG-58929,RCVR-93265,533.61,Pine Valley Foods,Brightline Supply,TX,CO,1998,Payroll,WEB,Branch initiated,0
0f647360-e055-4c5f-83f6-915ad5401fa8,2026-08-11T08:42:18.584976+00:00,ORIG-25558,RCVR-89070,191.24,Pine Valley Foods,Avery Johnson,NY,WA,539,Direct deposit,CCD,Online banking,0
a2added7-8fa0-433a-9661-bdee0ffc5558,2026-06-30T06:48:18.584976+00:00,ORIG-59623,RCVR-81231,308.31,Northstar Services,Brightline Supply,VA,TX,2529,Tax payment,PPD,Online banking,0
99a91383-b71d-474b-af60-d80ae10ba114,2026-06-29T14:25:18.584976+00:00,ORIG-69974,RCVR-69377,604.7,Northstar Services,Maple Consulting,FL,WA,1869,Bill payment,WEB,File upload,0
66673a4a-9978-4c88-859c-551023767fc3,2026-07-18T01:40:18.584976+00:00,ORIG-96980,RCVR-51910,361.93,Summit Health,Maple Consulting,NY,NY,2727,Tax payment,PPD,Online banking,0
a6ec2a76-cbd7-4bb1-9932-4ed20866b5dd,2026-07-09T18:25:18.584976+00:00,ORIG-78744,RCVR-27446,646.46,Pine Valley Foods,Brightline Supply,WA,NC,919,Tax payment,PPD,Online banking,0
aa985bfa-b1be-4228-994e-b4c1e0346681,2026-07-26T03:17:18.584976+00:00,ORIG-33030,RCVR-66885,843.4,Summit Health,Maple Consulting,VA,WA,1831,Vendor payment,WEB,File upload,0
789393fe-310f-4d6e-9e51-e257546aa95f,2026-07-18T08:23:18.584976+00:00,ORIG-57107,RCVR-30369,216.06,Northstar Services,Maple Consulting,NC,CA,14,Bill payment,WEB,File upload,0
45c587c5-fe2b-465e-b690-f11e49c4d914,2026-06-30T20:08:18.584976+00:00,ORIG-78850,RCVR-11973,750.76,Pine Valley Foods,Brightline Supply,VA,OH,1368,Direct deposit,CCD,API,0
befb0609-d5b8-4009-aecc-6ae4734a4382,2026-08-01T00:16:18.584976+00:00,ORIG-38218,RCVR-75295,546.28,Northstar Services,Maple Consulting,OH,OH,282,Tax payment,WEB,Online banking,0
a167b2c3-ff5d-48b5-a996-2b3abbdf2126,2026-08-09T06:10:18.584976+00:00,ORIG-20892,RCVR-55324,663.23,Harbor Manufacturing,Brightline Supply,VA,VA,324,Tax payment,CCD,Online banking,0
0f692a86-b324-4335-85fb-8e89ad4f5116,2026-07-10T12:25:18.584976+00:00,ORIG-80940,RCVR-62035,459.43,Summit Health,Avery Johnson,OH,IL,41,Bill payment,IAT,API,1
13523cbb-7f9b-4bfd-8216-70259c4e1aff,2026-07-23T01:44:18.584976+00:00,ORIG-43567,RCVR-36481,232.55,Summit Health,Cedar Utilities,NC,GA,580,Direct deposit,CCD,Online banking,0
242f350e-02f7-48c8-8ef3-45f369f33940,2026-08-19T20:48:18.584976+00:00,ORIG-83353,RCVR-97127,898.47,Summit Health,Avery Johnson,NC,FL,1840,Payroll,PPD,API,0
866e7e23-5f25-4c6b-b559-b5f1fe589a6a,2026-06-25T10:44:18.584976+00:00,ORIG-70917,RCVR-24575,1472.93,Northstar Services,Cedar Utilities,NY,CO,2346,Tax payment,PPD,File upload,0
7ddb3929-5e10-4de8-9820-90548433e0a9,2026-08-16T18:01:18.584976+00:00,ORIG-89723,RCVR-82131,231.33,Northstar Services,Brightline Supply,CO,OH,2276,Tax payment,WEB,Online banking,0
da019574-52a2-4137-852f-a7cb2dc96f6c,2026-07-23T08:19:18.584976+00:00,ORIG-24284,RCVR-93098,858.67,Northstar Services,Maple Consulting,IL,NC,124,Bill payment,PPD,API,1
6cdefd88-90be-4239-b9f7-1487f1cf144b,2026-07-20T09:50:18.584976+00:00,ORIG-34024,RCVR-42417,333.98,Pine Valley Foods,Cedar Utilities,MA,CO,3253,Bill payment,WEB,API,0
0347c22a-67a7-4835-a1eb-a62f3d67c2ab,2026-07-20T02:12:18.584976+00:00,ORIG-13081,RCVR-35742,224.76,Summit Health,Brightline Supply,NC,GA,1262,Tax payment,CCD,Online banking,0
92bd0819-0678-4789-bebb-940e99333c56,2026-08-15T21:24:18.584976+00:00,ORIG-37366,RCVR-52673,302.95,Pine Valley Foods,Cedar Utilities,IL,IL,1890,Payroll,CCD,API,0
b59fca43-b083-42f2-ae54-5cb2bd85d625,2026-06-26T00:38:18.584976+00:00,ORIG-72899,RCVR-73628,260.34,Northstar Services,Brightline Supply,VA,VA,1403,Vendor payment,CCD,Branch initiated,0
c1a06907-5a62-44e5-82c1-97ea3a1dcf13,2026-07-26T18:43:18.584976+00:00,ORIG-86543,RCVR-18497,329.31,Harbor Manufacturing,Brightline Supply,NC,IL,72,Bill payment,PPD,Branch initiated,0
ca45cb46-985a-4b5a-9459-dcc02b1105b5,2026-08-13T22:41:18.584976+00:00,ORIG-59626,RCVR-37349,542.25,Pine Valley Foods,Cedar Utilities,IL,CA,404,Vendor payment,PPD,Branch initiated,0
aca37ce9-5f42-461a-bf87-ed2669a85f7f,2026-08-13T01:03:18.584976+00:00,ORIG-95916,RCVR-86395,56.79,Northstar Services,Brightline Supply,IL,TX,3186,Bill payment,PPD,Branch initiated,0
1259635d-7dd2-4e00-ab8e-c3329abc9477,2026-07-27T16:58:18.584976+00:00,ORIG-89955,RCVR-83520,542.86,Northstar Services,Brightline Supply,WA,CA,2482,Payroll,CCD,File upload,0
36a67e7e-5a49-4fad-a0d3-05212845ff64,2026-07-30T02:05:18.584976+00:00,ORIG-96352,RCVR-41965,140.92,Summit Health,Brightline Supply,WA,FL,1481,Direct deposit,WEB,File upload,0
2b1515c2-4bdf-4c5d-b144-ea32ea14e2f8,2026-08-10T17:43:18.584976+00:00,ORIG-48414,RCVR-85221,426.07,Northstar Services,Brightline Supply,TX,FL,3167,Vendor payment,PPD,File upload,0
58a46220-a119-4909-8912-c04d91c58263,2026-07-12T22:21:18.584976+00:00,ORIG-24768,RCVR-77152,287.93,Pine Valley Foods,Brightline Supply,GA,OH,2024,Tax payment,PPD,API,0
88c81a62-d74a-4285-ab6b-c3cebe5e95d1,2026-07-15T10:42:18.584976+00:00,ORIG-67240,RCVR-11031,735.76,Summit Health,Avery Johnson,WA,TX,1021,Vendor payment,CCD,Online banking,0
6633adc9-0ced-4ff7-991e-470c0d4bb7d8,2026-07-17T20:54:18.584976+00:00,ORIG-81225,RCVR-70346,856.18,Pine Valley Foods,Cedar Utilities,NC,FL,2945,Payroll,WEB,Online banking,0
0fa47963-b200-4fa5-b5af-66b51bcb6f4d,2026-07-27T14:23:18.584976+00:00,ORIG-21804,RCVR-66244,259.9,Pine Valley Foods,Brightline Supply,VA,NY,661,Payroll,CCD,Online banking,0
c3df5dca-bcea-4ab6-ae50-381578dc8012,2026-08-09T00:07:18.584976+00:00,ORIG-78574,RCVR-66537,711.05,Harbor Manufacturing,Maple Consulting,CA,GA,2937,Vendor payment,PPD,Branch initiated,0
6025c65d-c6fa-4556-a1f7-717b7e4ca450,2026-08-08T06:38:18.584976+00:00,ORIG-69375,RCVR-82903,410.5,Pine Valley Foods,Maple Consulting,NC,GA,1396,Bill payment,PPD,Online banking,0
263b6e67-789b-43d3-85f7-e85c730ca11a,2026-08-08T10:34:18.584976+00:00,ORIG-46715,RCVR-72497,236.13,Harbor Manufacturing,Avery Johnson,NY,OH,2855,Payroll,CCD,Online banking,0
a377ec2a-b66d-4077-ad46-e523a6bdad80,2026-08-01T07:10:18.584976+00:00,ORIG-55112,RCVR-70062,325.41,Harbor Manufacturing,Avery Johnson,CO,CA,3097,Bill payment,PPD,Online banking,0
c242082d-a53e-4a5a-ae24-cccf0a07fcca,2026-07-29T09:30:18.584976+00:00,ORIG-45208,RCVR-96868,561.84,Pine Valley Foods,Cedar Utilities,IL,IL,2407,Bill payment,CCD,Branch initiated,0
875371b0-9716-4518-ad81-b70abf337ea7,2026-07-01T18:42:18.584976+00:00,ORIG-73284,RCVR-51698,144.65,Harbor Manufacturing,Maple Consulting,TX,NY,497,Bill payment,WEB,API,0
baa4dc08-365b-4970-9aa8-a6d0626e32ff,2026-07-12T21:38:18.584976+00:00,ORIG-10069,RCVR-23570,226.88,Summit Health,Brightline Supply,MA,WA,2702,Direct deposit,CCD,Branch initiated,0
7fa0f666-c1e0-4aaf-8fad-64f734db876c,2026-07-28T06:35:18.584976+00:00,ORIG-72380,RCVR-31628,457.06,Harbor Manufacturing,Cedar Utilities,IL,OH,481,Bill payment,PPD,Branch initiated,0
84f5c8e6-08a6-405b-bc4f-caad40c18310,2026-07-30T05:16:18.584976+00:00,ORIG-27499,RCVR-16728,328.7,Northstar Services,Brightline Supply,NC,OH,129,Payroll,IAT,API,1
06b6d613-7442-4ebd-8602-8acca0ac5030,2026-08-04T05:54:18.584976+00:00,ORIG-26957,RCVR-56716,676.1,Pine Valley Foods,Avery Johnson,CA,TX,802,Bill payment,WEB,Online banking,0
a91dd4df-98bb-4c40-b682-435329ffd4fc,2026-06-30T10:26:18.584976+00:00,ORIG-30554,RCVR-74211,177.57,Pine Valley Foods,Avery Johnson,CA,WA,2301,Vendor payment,CCD,File upload,0
98968ab3-6165-4b2c-80be-64087c85f2fe,2026-06-29T18:32:18.584976+00:00,ORIG-78869,RCVR-42457,655.67,Harbor Manufacturing,Cedar Utilities,TX,OH,3445,Vendor payment,CCD,Online banking,0
034cc3e8-8878-4372-b6bd-5c2d6d8df890,2026-08-20T10:46:18.584976+00:00,ORIG-94126,RCVR-14208,382.98,Northstar Services,Brightline Supply,NY,NY,2011,Payroll,CCD,Online banking,0
bc08a318-f370-4b6c-9fdb-3f3b7bfd76df,2026-07-17T06:49:18.584976+00:00,ORIG-59968,RCVR-11769,208.98,Harbor Manufacturing,Brightline Supply,FL,IL,2648,Tax payment,CCD,Branch initiated,0
0268f2c0-fa62-4ae8-a891-a9f1483e6ada,2026-08-16T17:13:18.584976+00:00,ORIG-91682,RCVR-69862,1161.2,Harbor Manufacturing,Cedar Utilities,TX,TX,150,Payroll,CCD,API,1
1cd2c01d-ff01-43c3-a761-b1a883a720fe,2026-07-06T06:25:18.584976+00:00,ORIG-26493,RCVR-55077,128.38,Northstar Services,Avery Johnson,GA,NY,1747,Tax payment,CCD,API,0
f03084a6-d04f-4206-9181-691996c8c4fb,2026-08-02T07:21:18.584976+00:00,ORIG-27735,RCVR-83973,482.47,Summit Health,Maple Consulting,GA,WA,1280,Vendor payment,WEB,File upload,0
20e8e9ba-5ca4-40b1-9cab-263d8a24e61c,2026-07-20T22:15:18.584976+00:00,ORIG-73557,RCVR-20711,764.82,Harbor Manufacturing,Maple Consulting,TX,MA,213,Payroll,CCD,Branch initiated,0
72fbd7e3-f31a-47b3-86dd-0f605e21d20e,2026-06-27T05:20:18.584976+00:00,ORIG-16171,RCVR-40432,1601.02,Harbor Manufacturing,Brightline Supply,WA,VA,470,Direct deposit,PPD,Online banking,0
b8b77116-fcf4-4916-964c-bd96060d493e,2026-08-19T20:26:18.584976+00:00,ORIG-58870,RCVR-52013,644.39,Summit Health,Maple Consulting,VA,CO,233,Direct deposit,PPD,Online banking,0
7883d9e1-e28d-4c75-98e6-5e0f75cd8ac4,2026-07-24T04:36:18.584976+00:00,ORIG-78410,RCVR-75565,1322.82,Harbor Manufacturing,Cedar Utilities,CO,CO,2557,Vendor payment,WEB,File upload,0
9c04e91d-e4ea-4941-b1b4-2bd5c6553367,2026-07-22T05:58:18.584976+00:00,ORIG-72372,RCVR-36907,568.99,Pine Valley Foods,Maple Consulting,MA,CO,2249,Payroll,CCD,Online banking,0
03423ba0-29a6-451b-b6ec-d21abd7ad423,2026-08-01T00:14:18.584976+00:00,ORIG-10080,RCVR-22169,310.83,Northstar Services,Avery Johnson,IL,CA,744,Bill payment,CCD,Online banking,0
d9db12a8-7d76-43a1-a3e9-6b729683dd6a,2026-07-16T20:39:18.584976+00:00,ORIG-51187,RCVR-20524,404.33,Northstar Services,Maple Consulting,IL,TX,3519,Bill payment,PPD,Branch initiated,0
1abb2f87-9217-4557-b9f9-4678a8b4e5e2,2026-06-27T09:52:18.584976+00:00,ORIG-62521,RCVR-85905,191.47,Northstar Services,Brightline Supply,IL,GA,1052,Tax payment,WEB,Online banking,0
5c3f272c-7fe9-48b0-b415-9bd9bc43c0fc,2026-07-26T00:53:18.584976+00:00,ORIG-16119,RCVR-89729,1102.38,Northstar Services,Avery Johnson,CA,OH,1336,Direct deposit,WEB,API,0
12b28b8e-b5de-4180-8edb-385948a742fc,2026-06-26T23:28:18.584976+00:00,ORIG-34991,RCVR-21240,648.31,Summit Health,Maple Consulting,GA,GA,1596,Direct deposit,CCD,Online banking,0
9b5e100a-b4dd-4b05-8dff-da377726db04,2026-07-30T05:19:18.584976+00:00,ORIG-10381,RCVR-54141,223.68,Northstar Services,Maple Consulting,NY,MA,248,Direct deposit,CCD,Online banking,0
266bac73-ad9d-4885-ad90-1a2f9053c29b,2026-06-29T11:53:18.584976+00:00,ORIG-58434,RCVR-22838,893.74,Northstar Services,Cedar Utilities,TX,NC,106,Tax payment,CCD,Online banking,0
a3856f4b-2ea6-438d-afa9-82fb0b3e8dc4,2026-07-06T10:51:18.584976+00:00,ORIG-56841,RCVR-79859,174.2,Pine Valley Foods,Brightline Supply,IL,MA,3451,Direct deposit,CCD,File upload,0
5867dd02-ea86-4174-9dfc-d8c7f382d726,2026-07-21T14:38:18.584976+00:00,ORIG-43523,RCVR-70584,725.5,Northstar Services,Brightline Supply,TX,GA,2247,Tax payment,WEB,Online banking,0
eaa5a8e3-1403-409a-928a-99044dcbf6b1,2026-07-09T04:01:18.584976+00:00,ORIG-83127,RCVR-59269,98.25,Pine Valley Foods,Brightline Supply,VA,WA,165,Vendor payment,PPD,API,0
dc41c163-8023-4f0b-9838-c4cfa83998cf,2026-07-04T01:04:18.584976+00:00,ORIG-26853,RCVR-42712,256.83,Pine Valley Foods,Cedar Utilities,WA,NC,468,Payroll,WEB,File upload,0
f8fc5038-5471-4024-84cf-36c0fa58f682,2026-06-25T05:42:18.584976+00:00,ORIG-67655,RCVR-70734,448.74,Summit Health,Avery Johnson,FL,WA,2061,Bill payment,CCD,Online banking,0
c3fa506f-169b-4b73-8f04-3ede2615453e,2026-07-16T10:37:18.584976+00:00,ORIG-18008,RCVR-43287,1309.6,Pine Valley Foods,Cedar Utilities,WA,CA,1294,Direct deposit,PPD,Online banking,0
77c4cd4a-3473-4fd2-89ee-5cf4bb5f28bf,2026-07-28T11:52:18.584976+00:00,ORIG-49495,RCVR-67729,459.75,Harbor Manufacturing,Avery Johnson,MA,OH,2351,Tax payment,PPD,Branch initiated,0
a1087ba5-4455-49b3-b744-6dcbdeb57eea,2026-08-14T18:44:18.584976+00:00,ORIG-44686,RCVR-13676,197.98,Northstar Services,Cedar Utilities,VA,WA,1276,Tax payment,CCD,Online banking,0
f7e7fead-dc4b-4d82-b6f0-de1dc183a1d8,2026-07-17T19:09:18.584976+00:00,ORIG-55791,RCVR-42265,1281.49,Summit Health,Brightline Supply,CO,NC,1875,Direct deposit,CCD,File upload,0
fbac4839-a25d-497a-a0b9-7c2c43a64cdf,2026-07-07T14:39:18.584976+00:00,ORIG-94445,RCVR-48994,379.65,Pine Valley Foods,Avery Johnson,FL,IL,39,Direct deposit,CCD,File upload,0
a8dd00a1-b3af-4278-bc4c-7a96b987b35e,2026-08-14T20:57:18.584976+00:00,ORIG-58335,RCVR-17653,452.82,Summit Health,Maple Consulting,FL,IL,1342,Payroll,WEB,File upload,0
373da1b4-8ffe-4a16-9848-052fc8d1a4e7,2026-07-13T11:40:18.584976+00:00,ORIG-84556,RCVR-28226,351.57,Pine Valley Foods,Maple Consulting,CA,CO,2489,Vendor payment,CCD,Online banking,0
7ade2d52-0090-4143-84b7-c3b7544b03a2,2026-07-13T16:01:18.584976+00:00,ORIG-68646,RCVR-32727,1020.58,Summit Health,Cedar Utilities,NY,VA,53,Vendor payment,TEL,Online banking,1
1fc74afa-7a1e-4386-889f-57e0b13ece18,2026-07-21T07:38:18.584976+00:00,ORIG-69296,RCVR-10713,142.53,Northstar Services,Brightline Supply,IL,FL,3474,Vendor payment,WEB,API,0
5d328014-0da0-41ec-a99c-9dc12072751e,2026-08-15T14:58:18.584976+00:00,ORIG-39197,RCVR-15647,382.26,Harbor Manufacturing,Maple Consulting,MA,VA,3200,Direct deposit,PPD,API,0
e056d329-6b42-43c3-8c0f-325add66922f,2026-07-17T23:24:18.584976+00:00,ORIG-54580,RCVR-62901,273.84,Harbor Manufacturing,Brightline Supply,CO,CO,3444,Tax payment,CCD,Online banking,0
1181f4cb-9446-444e-ae7f-819e5259c298,2026-08-11T03:50:18.584976+00:00,ORIG-41037,RCVR-41162,441.75,Summit Health,Cedar Utilities,IL,OH,616,Tax payment,CCD,Online banking,0
4630f8e0-268f-4d35-86ec-a20eee2a3b4a,2026-07-04T10:31:18.584976+00:00,ORIG-60331,RCVR-35441,261.42,Pine Valley Foods,Avery Johnson,CO,NC,395,Direct deposit,WEB,File upload,0
d6da3b9f-c948-4805-949a-af9e8a279654,2026-07-05T02:43:18.584976+00:00,ORIG-77095,RCVR-30439,303.12,Northstar Services,Cedar Utilities,CA,CO,3329,Payroll,PPD,Branch initiated,0
02b47e1a-07c8-4e7f-9bbd-76745a14d107,2026-07-18T09:16:18.584976+00:00,ORIG-81584,RCVR-34960,351.28,Pine Valley Foods,Cedar Utilities,CO,OH,2430,Bill payment,CCD,Branch initiated,0
1c9d8966-d41e-48a4-a4e0-004f240ac9f6,2026-07-20T17:40:18.584976+00:00,ORIG-60884,RCVR-86272,286.82,Summit Health,Brightline Supply,NY,NC,3415,Payroll,PPD,API,0
a1121eca-2975-47a1-a347-3581bfee37fa,2026-08-08T10:39:18.584976+00:00,ORIG-72856,RCVR-45178,295.15,Northstar Services,Maple Consulting,IL,MA,3535,Tax payment,WEB,Branch initiated,0
15ca4e44-663e-483a-9462-e23e3d2fa460,2026-08-01T21:41:18.584976+00:00,ORIG-34237,RCVR-48345,522.32,Pine Valley Foods,Brightline Supply,CA,FL,3276,Bill payment,PPD,File upload,0
3dbfea7a-ef57-4702-98f5-a8eb9a78fd49,2026-06-25T04:27:18.584976+00:00,ORIG-30951,RCVR-18577,524.23,Northstar Services,Avery Johnson,VA,WA,3461,Payroll,WEB,Branch initiated,0
058e30a7-569c-4d9e-8e8f-ca95b07f55d0,2026-06-29T04:55:18.584976+00:00,ORIG-71755,RCVR-66225,538.6,Harbor Manufacturing,Brightline Supply,CA,NC,3168,Payroll,CCD,Branch initiated,0
b34e29c8-4fba-4080-8238-8433ae90389b,2026-07-29T11:59:18.584976+00:00,ORIG-90288,RCVR-25037,348.81,Northstar Services,Cedar Utilities,CO,CA,1360,Vendor payment,WEB,Branch initiated,0
97099006-2672-44f5-bd93-4ebbb4169d19,2026-07-23T12:21:18.584976+00:00,ORIG-80102,RCVR-62494,472.66,Harbor Manufacturing,Avery Johnson,NC,NC,2810,Vendor payment,PPD,API,0
119028da-3f8d-41eb-b167-a87684caf862,2026-07-03T16:12:18.584976+00:00,ORIG-88698,RCVR-11069,635.62,Pine Valley Foods,Cedar Utilities,TX,FL,1099,Tax payment,WEB,API,0
fe3dab33-2866-463c-be27-17d78f38165b,2026-08-18T19:56:18.584976+00:00,ORIG-67109,RCVR-56779,700.96,Summit Health,Maple Consulting,NC,TX,875,Tax payment,CCD,Branch initiated,0
f32a1dee-7882-411f-89d2-24a110636d91,2026-08-05T21:47:18.584976+00:00,ORIG-65535,RCVR-40937,309.39,Northstar Services,Brightline Supply,CO,IL,1859,Bill payment,WEB,File upload,0
1f544325-6535-48b3-ac2b-86db1645090e,2026-08-14T20:43:18.584976+00:00,ORIG-76752,RCVR-44781,440.23,Summit Health,Avery Johnson,NC,CA,876,Bill payment,WEB,Online banking,0
f4abe2c9-c1fd-47d7-a51d-437e68dc9f2d,2026-06-29T16:47:18.584976+00:00,ORIG-97510,RCVR-49593,739.91,Harbor Manufacturing,Cedar Utilities,IL,NY,2538,Bill payment,CCD,Branch initiated,0
96289a18-0d02-4ba7-a19d-303d86e86bb0,2026-08-13T12:53:18.584976+00:00,ORIG-92486,RCVR-58231,587.17,Summit Health,Brightline Supply,FL,CO,1053,Vendor payment,CCD,File upload,0
43ac378d-e01e-41c0-a18b-47dff49bb115,2026-07-08T04:40:18.584976+00:00,ORIG-21182,RCVR-45365,282.51,Pine Valley Foods,Brightline Supply,GA,TX,2718,Direct deposit,PPD,Branch initiated,0
d1ebe472-cccb-4b73-bfed-6ec2ade09765,2026-08-08T19:27:18.584976+00:00,ORIG-52279,RCVR-44594,252.85,Harbor Manufacturing,Brightline Supply,TX,MA,44,Direct deposit,CCD,Online banking,0
7ce3de89-00a7-42ac-af6d-10dd4415edfc,2026-08-01T00:49:18.584976+00:00,ORIG-70405,RCVR-83614,1299.82,Northstar Services,Brightline Supply,TX,VA,877,Bill payment,CCD,API,0
73fa6bcb-5555-4dbc-83a2-7e9aeb32ae37,2026-08-06T04:59:18.584976+00:00,ORIG-37800,RCVR-83815,1895.62,Northstar Services,Avery Johnson,NY,MA,2386,Vendor payment,WEB,Branch initiated,0
85b498c2-9033-401c-b92a-7f431c5a22e6,2026-07-04T19:05:18.584976+00:00,ORIG-76857,RCVR-37625,331.55,Harbor Manufacturing,Avery Johnson,TX,CO,1244,Tax payment,WEB,Branch initiated,0
d603fbf1-9b90-466d-a3e1-5523c41fa83a,2026-07-20T22:20:18.584976+00:00,ORIG-76772,RCVR-25593,1974.41,Harbor Manufacturing,Avery Johnson,CA,NC,35,Direct deposit,IAT,API,1
8b74e8ad-642a-4593-86bc-ecccdbafdf41,2026-06-24T02:10:18.584976+00:00,ORIG-61468,RCVR-31241,105.1,Summit Health,Brightline Supply,CO,NY,3394,Payroll,CCD,Online banking,0
b0c4c7b6-c550-480c-8249-e53e959032fe,2026-07-18T20:22:18.584976+00:00,ORIG-45199,RCVR-87695,263.32,Summit Health,Cedar Utilities,MA,CO,872,Vendor payment,WEB,Online banking,0
4a1dfaa7-7c6c-4335-a305-a88b14a91e0b,2026-07-22T07:58:18.584976+00:00,ORIG-26398,RCVR-95909,96.22,Pine Valley Foods,Brightline Supply,CA,CO,2814,Tax payment,WEB,Branch initiated,0
4159bb6a-b988-4f54-b3bf-e97f47268663,2026-07-24T19:50:18.584976+00:00,ORIG-26795,RCVR-17034,105.53,Harbor Manufacturing,Brightline Supply,GA,CO,2531,Vendor payment,PPD,Branch initiated,0
1f2151b8-5af2-424c-adec-09362755db8c,2026-08-07T00:24:18.584976+00:00,ORIG-15188,RCVR-31616,807.9,Harbor Manufacturing,Avery Johnson,FL,FL,3207,Tax payment,CCD,Online banking,0
ec6002d6-8b1f-49b3-b65a-4502ac29e713,2026-07-15T02:14:18.584976+00:00,ORIG-81760,RCVR-30827,654.55,Pine Valley Foods,Maple Consulting,GA,WA,249,Payroll,WEB,Online banking,0
80a44527-5c1d-4dd3-9c2a-d17f92ecc011,2026-07-08T02:02:18.584976+00:00,ORIG-48487,RCVR-86065,146.35,Summit Health,Brightline Supply,MA,WA,1435,Tax payment,PPD,File upload,0
598edd57-36fd-4c97-9621-a003aba1d698,2026-08-08T00:12:18.584976+00:00,ORIG-34759,RCVR-16789,305.31,Northstar Services,Brightline Supply,MA,MA,815,Direct deposit,WEB,Online banking,0
f445699c-0ba3-4a54-8013-d89706d2d5a7,2026-07-12T18:09:18.584976+00:00,ORIG-65861,RCVR-72333,506.83,Harbor Manufacturing,Maple Consulting,NY,CA,720,Vendor payment,PPD,Online banking,0
01f1c556-6a1c-4fe2-bbd6-c7a217a1fa86,2026-07-28T03:42:18.584976+00:00,ORIG-74721,RCVR-33664,196.52,Northstar Services,Cedar Utilities,MA,WA,3016,Tax payment,CCD,File upload,0
2fbdbc8c-1b5c-41ef-9dd8-1f5c4ec41844,2026-07-19T19:58:18.584976+00:00,ORIG-88091,RCVR-47374,271.14,Harbor Manufacturing,Avery Johnson,FL,NC,856,Direct deposit,PPD,API,0
001b4d4f-3446-4039-adb2-7472967721a4,2026-08-07T07:26:18.584976+00:00,ORIG-85789,RCVR-85576,596.92,Pine Valley Foods,Brightline Supply,OH,IL,2914,Direct deposit,CCD,API,0
fd2a01c2-6a20-4f9c-9da4-5fd5048daa9a,2026-07-03T18:07:18.584976+00:00,ORIG-92893,RCVR-98920,1429.81,Harbor Manufacturing,Brightline Supply,CA,NC,80,Vendor payment,PPD,API,1
1be24c00-57d6-4bb0-920f-99df6a86c594,2026-08-01T14:52:18.584976+00:00,ORIG-43369,RCVR-22530,492.71,Summit Health,Brightline Supply,NC,CO,2615,Vendor payment,CCD,Branch initiated,0
54793d7d-d803-4839-9c1f-0c201d1c3493,2026-08-08T04:10:18.584976+00:00,ORIG-93530,RCVR-55814,530.06,Northstar Services,Brightline Supply,CA,VA,3223,Payroll,CCD,API,0
be935a8f-4a43-4b62-833d-01efc77d6d32,2026-07-31T05:02:18.584976+00:00,ORIG-83524,RCVR-77187,1244.92,Northstar Services,Avery Johnson,NY,NY,2401,Payroll,CCD,File upload,0
a888cd67-ceca-43a4-be49-cf27df98b325,2026-08-18T14:27:18.584976+00:00,ORIG-48785,RCVR-82893,516.65,Summit Health,Cedar Utilities,IL,FL,3146,Bill payment,CCD,Branch initiated,0
4062664e-7d27-4697-80ce-a41949ea6e82,2026-07-28T03:53:18.584976+00:00,ORIG-77920,RCVR-70679,2231.3,Summit Health,Cedar Utilities,OH,FOREIGN,151,Vendor payment,CCD,API,1
71024f1d-8795-496b-8786-736144450c2b,2026-06-23T01:42:18.584976+00:00,ORIG-14439,RCVR-92385,444.95,Northstar Services,Maple Consulting,VA,TX,58,Bill payment,WEB,API,0
d2bb8a15-171a-4b7b-9ea4-4523564d4b97,2026-07-15T02:23:18.584976+00:00,ORIG-91669,RCVR-86256,967.71,Harbor Manufacturing,Maple Consulting,GA,CA,1250,Payroll,CCD,API,0
ea9f7676-9c96-40d6-b54f-ffdf61c98c36,2026-06-29T09:13:18.584976+00:00,ORIG-28164,RCVR-71245,863.69,Summit Health,Maple Consulting,OH,IL,421,Direct deposit,CCD,Online banking,0
2a355973-9e86-4b42-9abd-95449984ecbe,2026-07-11T09:13:18.584976+00:00,ORIG-59161,RCVR-67771,204.48,Harbor Manufacturing,Maple Consulting,NC,WA,1549,Bill payment,PPD,Online banking,0
f054e806-f726-4b31-8617-48faf41bbb26,2026-06-22T09:51:18.584976+00:00,ORIG-63060,RCVR-77885,135.42,Harbor Manufacturing,Cedar Utilities,CO,CO,1764,Tax payment,CCD,Online banking,0
423ba6f0-d37e-4b8b-a4ac-fd31702cae2f,2026-07-02T00:08:18.584976+00:00,ORIG-42508,RCVR-45767,1137.61,Pine Valley Foods,Brightline Supply,NC,VA,2282,Tax payment,PPD,API,0
e2ddf450-7198-4563-bf71-fdb52372952d,2026-07-27T11:10:18.584976+00:00,ORIG-20035,RCVR-16976,150.71,Northstar Services,Avery Johnson,CO,IL,1253,Direct deposit,CCD,File upload,0
affc25f4-46f9-4c89-b3a1-8bf62a155d2d,2026-08-12T08:47:18.584976+00:00,ORIG-84535,RCVR-67172,744.29,Northstar Services,Cedar Utilities,VA,NY,2052,Payroll,PPD,File upload,0
0edc4904-a650-40ff-a911-16e9f127d20f,2026-08-05T02:58:18.584976+00:00,ORIG-30199,RCVR-44426,408.21,Summit Health,Avery Johnson,WA,OH,2042,Payroll,WEB,Online banking,0
b0b35548-673b-4b87-a7ab-5a2f517844fb,2026-07-04T18:12:18.584976+00:00,ORIG-45287,RCVR-35306,222.15,Summit Health,Cedar Utilities,MA,NY,2774,Bill payment,WEB,API,0
aee58e0f-d683-4360-90a8-0f5e0e5fa29b,2026-08-05T04:13:18.584976+00:00,ORIG-51733,RCVR-96719,296.36,Harbor Manufacturing,Maple Consulting,CO,VA,541,Payroll,CCD,File upload,0
e775b7c6-ebef-46a3-a3cd-86a5b9f83d06,2026-08-04T23:48:18.584976+00:00,ORIG-40866,RCVR-25222,411.22,Summit Health,Avery Johnson,FL,FL,2837,Vendor payment,PPD,File upload,0
75a47333-3263-4c50-8aea-8d1d43bb904d,2026-07-24T07:30:18.584976+00:00,ORIG-40222,RCVR-86306,149.11,Summit Health,Cedar Utilities,IL,MA,2056,Payroll,PPD,API,0
13d6a83c-dcf5-4989-83fc-a4a6ec743987,2026-07-26T12:05:18.584976+00:00,ORIG-77834,RCVR-36236,2317.56,Summit Health,Brightline Supply,FL,NY,71,Tax payment,WEB,Online banking,1
c474fc22-25d1-4392-bae8-eeda3099e68c,2026-07-25T03:42:18.584976+00:00,ORIG-17239,RCVR-44599,286.6,Harbor Manufacturing,Maple Consulting,NY,TX,2011,Tax payment,PPD,Online banking,0
acb50e39-7cbf-437c-a329-ed5573ed02d9,2026-06-23T18:44:18.584976+00:00,ORIG-80761,RCVR-26930,1832.18,Pine Valley Foods,Brightline Supply,NC,CA,108,Direct deposit,IAT,Online banking,1
20d4ed3f-bd0a-4aa3-bf0e-fb7a4b180f76,2026-07-27T10:49:18.584976+00:00,ORIG-36546,RCVR-10624,246.03,Pine Valley Foods,Brightline Supply,VA,MA,525,Tax payment,WEB,Online banking,0
348b7352-14e3-4f91-b19f-75b4cb9345b0,2026-06-25T02:34:18.584976+00:00,ORIG-38449,RCVR-32875,734.05,Pine Valley Foods,Brightline Supply,MA,OH,79,Bill payment,CCD,API,1
50e25db4-c8e5-41fb-ba58-c1e5010f26e0,2026-07-16T04:16:18.584976+00:00,ORIG-82901,RCVR-78818,894.67,Northstar Services,Cedar Utilities,OH,GA,2438,Bill payment,WEB,Branch initiated,0
416a4aa1-8623-4b08-9c8b-a29c11f99e86,2026-08-05T16:12:18.584976+00:00,ORIG-99884,RCVR-35107,407.47,Pine Valley Foods,Brightline Supply,FL,GA,1742,Direct deposit,PPD,API,0
6af47553-b345-4fb4-ab39-13f74fee9787,2026-06-30T05:41:18.584976+00:00,ORIG-22295,RCVR-76719,99.19,Summit Health,Brightline Supply,CA,OH,1829,Bill payment,WEB,Branch initiated,0
3f59d973-6cf4-4bfa-8269-9604412d97ea,2026-08-04T14:23:18.584976+00:00,ORIG-96771,RCVR-56816,371.95,Harbor Manufacturing,Cedar Utilities,IL,MA,116,Payroll,CCD,Branch initiated,0
025b5119-04aa-4637-a361-e14f5a9cdfd0,2026-06-26T06:58:18.584976+00:00,ORIG-74542,RCVR-44520,1873.25,Harbor Manufacturing,Brightline Supply,VA,TX,2514,Direct deposit,PPD,Online banking,0
b7ed6dca-b69e-4d46-89df-464e131f9914,2026-07-07T02:31:18.584976+00:00,ORIG-16842,RCVR-78768,163.44,Pine Valley Foods,Maple Consulting,MA,VA,1864,Direct deposit,PPD,Branch initiated,0
2baaa922-c1a7-409d-854d-5cf841a438bf,2026-07-17T02:21:18.584976+00:00,ORIG-56626,RCVR-86226,876.37,Summit Health,Maple Consulting,MA,OH,3444,Vendor payment,PPD,Online banking,0
f08966ee-d041-4d15-b91e-564e0d1ea47c,2026-07-31T14:40:18.584976+00:00,ORIG-14885,RCVR-34162,298.07,Pine Valley Foods,Cedar Utilities,NY,TX,2783,Direct deposit,CCD,File upload,0
b88dd403-64b1-4d84-ac5f-f5f13de1cbbf,2026-06-26T03:43:18.584976+00:00,ORIG-25702,RCVR-30105,506.11,Northstar Services,Maple Consulting,WA,OH,1148,Tax payment,PPD,File upload,0
cfd3a229-81d2-4329-a6a9-b781eb4e7a5a,2026-06-25T23:50:18.584976+00:00,ORIG-96117,RCVR-27410,195.2,Summit Health,Cedar Utilities,FL,IL,2937,Vendor payment,CCD,Online banking,0
974a226b-7ce4-457c-b4de-cec1adb2f190,2026-08-13T16:11:18.584976+00:00,ORIG-12981,RCVR-18341,286.16,Northstar Services,Maple Consulting,WA,WA,2842,Direct deposit,CCD,API,0
183e6810-361d-421a-a24f-9a0434626c02,2026-07-25T01:36:18.584976+00:00,ORIG-15653,RCVR-64871,763.26,Summit Health,Cedar Utilities,MA,CO,2479,Tax payment,WEB,API,0
e04abec7-7788-4cac-b349-4e5b907aa0d6,2026-08-16T23:44:18.584976+00:00,ORIG-62240,RCVR-73989,67.01,Summit Health,Avery Johnson,NY,CO,1174,Tax payment,PPD,Online banking,0
839f5ecb-ff33-40ff-a434-f6cba0f709d8,2026-08-20T16:15:18.584976+00:00,ORIG-38102,RCVR-39406,1080.5,Harbor Manufacturing,Avery Johnson,CA,OH,495,Bill payment,WEB,Online banking,0
a834cd42-4607-4dbd-a79f-b82bdb6dd156,2026-08-19T04:36:18.584976+00:00,ORIG-91970,RCVR-35443,439.39,Northstar Services,Brightline Supply,GA,TX,42,Vendor payment,CCD,Online banking,0
0a5a8682-60f4-43f4-8c76-5976e4c741f7,2026-08-11T06:09:18.584976+00:00,ORIG-38841,RCVR-24330,886.7,Pine Valley Foods,Cedar Utilities,GA,NY,2110,Tax payment,PPD,File upload,0
235b2cee-c170-419b-a005-e9e9b423e8c8,2026-07-02T14:23:18.584976+00:00,ORIG-84198,RCVR-70616,810.98,Pine Valley Foods,Brightline Supply,MA,TX,547,Direct deposit,WEB,Online banking,0
4e49539d-342b-40f2-8740-479abc160c94,2026-06-28T02:39:18.584976+00:00,ORIG-96876,RCVR-85372,243.8,Summit Health,Brightline Supply,OH,GA,1886,Tax payment,CCD,Branch initiated,0
b88f9df2-5789-4c7d-89c7-7c2eecc252e8,2026-08-17T04:25:18.584976+00:00,ORIG-60791,RCVR-85864,451.28,Northstar Services,Cedar Utilities,OH,CO,1917,Direct deposit,WEB,API,0
ced6399e-8121-40f1-a8a7-b7372e808fa8,2026-07-02T21:38:18.584976+00:00,ORIG-45924,RCVR-86887,430.12,Northstar Services,Avery Johnson,IL,IL,435,Bill payment,CCD,API,0
dc624ad8-e854-4c89-b909-f604fa3dc2da,2026-07-11T18:31:18.584976+00:00,ORIG-53809,RCVR-70211,787.9,Pine Valley Foods,Avery Johnson,FL,MA,557,Bill payment,WEB,Online banking,0
bebfc5fe-4036-4de2-b4de-9fd237c99e62,2026-07-31T10:35:18.584976+00:00,ORIG-72310,RCVR-33553,247.84,Summit Health,Cedar Utilities,FL,VA,44,Direct deposit,CCD,API,1
39cf7bf1-2c97-40e3-872b-98ca28732e15,2026-08-09T21:06:18.584976+00:00,ORIG-18885,RCVR-60606,442.81,Summit Health,Brightline Supply,GA,IL,1800,Bill payment,WEB,Online banking,0
c0410354-8988-4999-8bce-bbbbd697bd8b,2026-07-09T12:24:18.584976+00:00,ORIG-84951,RCVR-76706,902.7,Harbor Manufacturing,Maple Consulting,CO,VA,1805,Bill payment,PPD,API,0
98ba81d6-b6d1-4bbf-aeee-410ad4bc9e2f,2026-07-02T20:41:18.584976+00:00,ORIG-79988,RCVR-67232,353.48,Summit Health,Avery Johnson,WA,VA,1642,Vendor payment,WEB,Online banking,0
82c2cf62-5fa0-4301-b7a0-8fa31d75b1eb,2026-08-12T08:32:18.584976+00:00,ORIG-61064,RCVR-12548,913.99,Harbor Manufacturing,Brightline Supply,NY,GA,2229,Payroll,PPD,File upload,0
5c1fe9d9-122e-452e-8035-ec9b523bac80,2026-08-18T17:30:18.584976+00:00,ORIG-80834,RCVR-40992,2101.72,Northstar Services,Brightline Supply,WA,NY,164,Bill payment,PPD,API,1
10259038-15a6-4392-94c0-ca3ef7ef2c53,2026-07-07T17:42:18.584976+00:00,ORIG-34041,RCVR-34375,560.63,Harbor Manufacturing,Avery Johnson,CA,GA,816,Vendor payment,WEB,API,0
ed6fa0f8-372c-4569-89e2-435da7afbc4e,2026-08-06T04:59:18.584976+00:00,ORIG-48154,RCVR-58385,605.91,Harbor Manufacturing,Cedar Utilities,IL,VA,1161,Direct deposit,PPD,Online banking,0
4842da6f-b694-4391-845a-d968de1a9b5f,2026-07-06T20:41:18.584976+00:00,ORIG-47052,RCVR-67406,380.5,Summit Health,Avery Johnson,FL,IL,1607,Tax payment,CCD,Online banking,0
59da66d8-141f-446c-864f-b9d65c4c5f4d,2026-06-29T06:08:18.584976+00:00,ORIG-99264,RCVR-59272,368.36,Northstar Services,Brightline Supply,FL,CA,2180,Vendor payment,PPD,API,0
d9c41b54-a303-431e-9d82-c13f02456149,2026-08-13T01:55:18.584976+00:00,ORIG-89308,RCVR-36778,445.92,Northstar Services,Maple Consulting,FL,MA,2311,Payroll,WEB,Online banking,0
fb897ab6-9956-43a9-917d-759b355a336e,2026-07-06T07:33:18.584976+00:00,ORIG-31149,RCVR-63194,612.07,Pine Valley Foods,Cedar Utilities,FL,CO,1781,Direct deposit,PPD,Online banking,0
2c2c2794-89f4-47ba-8ed8-a3efc7f15aba,2026-07-16T11:11:18.584976+00:00,ORIG-23391,RCVR-89670,307.69,Pine Valley Foods,Brightline Supply,WA,MA,3167,Tax payment,CCD,Online banking,0
daa3da77-ea14-4107-91a9-85e412d1182f,2026-07-07T12:00:18.584976+00:00,ORIG-75542,RCVR-43310,838.69,Northstar Services,Avery Johnson,OH,FL,2857,Vendor payment,PPD,Online banking,0
f888cf51-6848-44de-9fa6-5bb8dc0c92da,2026-07-29T12:01:18.584976+00:00,ORIG-80890,RCVR-30531,321.4,Northstar Services,Brightline Supply,TX,CO,3273,Direct deposit,WEB,Online banking,0
e16c8547-5ef2-4edd-9bcf-53398496df6e,2026-08-03T07:25:18.584976+00:00,ORIG-88215,RCVR-44929,1013.73,Northstar Services,Brightline Supply,NY,FL,331,Vendor payment,CCD,Online banking,0
cf1fca7f-79fd-4498-9acc-22f2ccec53c1,2026-07-03T03:40:18.584976+00:00,ORIG-24723,RCVR-49724,396.31,Northstar Services,Maple Consulting,IL,OH,410,Tax payment,CCD,File upload,0
6e7eb200-8212-4a7b-9b6d-5ad377c460d5,2026-08-14T15:18:18.584976+00:00,ORIG-45627,RCVR-91470,208.31,Summit Health,Cedar Utilities,CA,OH,375,Tax payment,CCD,Online banking,0
0e0ad9cc-0f29-4597-bd08-fe752018eee4,2026-07-15T03:48:18.584976+00:00,ORIG-93076,RCVR-86278,136.6,Pine Valley Foods,Cedar Utilities,VA,MA,3543,Vendor payment,WEB,API,0
a4125ea9-6d51-4634-866a-c2ed74780f58,2026-06-26T11:28:18.584976+00:00,ORIG-54522,RCVR-71944,226.16,Harbor Manufacturing,Avery Johnson,FL,FL,2529,Vendor payment,WEB,File upload,0
f2b82522-f260-4d9d-a314-cab3a8f8a5ae,2026-08-06T14:35:18.584976+00:00,ORIG-32117,RCVR-58866,686.14,Harbor Manufacturing,Cedar Utilities,FL,NY,1500,Bill payment,WEB,Online banking,0
4a9e56f3-a3c9-47ab-a66a-685b2ba4480a,2026-08-19T15:17:18.584976+00:00,ORIG-27368,RCVR-53291,376.04,Harbor Manufacturing,Maple Consulting,MA,OH,975,Tax payment,CCD,Online banking,0
e7cdc34e-25d0-430e-8258-365b25de852b,2026-07-07T17:06:18.584976+00:00,ORIG-68170,RCVR-51856,343.99,Northstar Services,Maple Consulting,TX,CA,1979,Tax payment,CCD,Online banking,0
81ed1319-7847-4bf0-bbfb-bc6e66558a65,2026-06-29T05:03:18.584976+00:00,ORIG-37344,RCVR-71177,696.94,Pine Valley Foods,Brightline Supply,CA,NY,2048,Direct deposit,CCD,API,0
2a016708-ace7-43b0-a8ee-1996fd88f2a0,2026-08-01T01:20:18.584976+00:00,ORIG-97534,RCVR-56640,1642.78,Harbor Manufacturing,Cedar Utilities,IL,VA,2506,Bill payment,CCD,Online banking,0
668b435b-f642-471e-9632-c16a55cd075a,2026-07-22T06:44:18.584976+00:00,ORIG-49420,RCVR-19298,950.45,Harbor Manufacturing,Brightline Supply,IL,OH,3430,Bill payment,WEB,Online banking,0
10381f57-abba-4ba4-829e-fad5828fa9f9,2026-08-08T16:16:18.584976+00:00,ORIG-56728,RCVR-18393,140.29,Northstar Services,Maple Consulting,TX,GA,2215,Payroll,CCD,API,0
2410d54f-6747-4966-9aed-70d069847af1,2026-07-16T04:52:18.584976+00:00,ORIG-96653,RCVR-44453,515.52,Pine Valley Foods,Cedar Utilities,NY,CA,1536,Tax payment,PPD,Online banking,0
a8a25ce5-c9d4-45b3-944a-3fbd66e4a008,2026-08-06T05:51:18.584976+00:00,ORIG-80925,RCVR-98256,70.13,Harbor Manufacturing,Cedar Utilities,CO,CA,314,Bill payment,CCD,API,0
de81895b-d437-4040-9d93-42870415e7da,2026-07-15T17:04:18.584976+00:00,ORIG-54006,RCVR-16572,51.31,Summit Health,Cedar Utilities,FL,NC,2420,Tax payment,WEB,API,0
1036d471-7e84-4a58-975a-f709b5ea15c3,2026-07-02T19:17:18.584976+00:00,ORIG-64952,RCVR-77497,315.98,Northstar Services,Maple Consulting,CO,NC,2251,Tax payment,WEB,Online banking,0
947843a6-281e-400e-a935-76da0225be77,2026-06-23T05:47:18.584976+00:00,ORIG-33683,RCVR-20944,246.27,Summit Health,Maple Consulting,NY,GA,1955,Direct deposit,PPD,Online banking,0
ed806742-704e-4fa1-a6ad-96beadf08352,2026-07-04T10:31:18.584976+00:00,ORIG-54471,RCVR-82366,438.22,Pine Valley Foods,Cedar Utilities,MA,WA,1698,Bill payment,WEB,Online banking,0
00901736-a686-4ec4-aa31-d3d5a711709f,2026-08-05T16:28:18.584976+00:00,ORIG-50393,RCVR-20787,360.55,Northstar Services,Cedar Utilities,WA,MA,1861,Payroll,PPD,Branch initiated,0
c24514fd-b827-4939-9e92-da8a10b89961,2026-07-20T12:23:18.584976+00:00,ORIG-61084,RCVR-62553,648.22,Northstar Services,Avery Johnson,NC,FL,3310,Tax payment,PPD,Online banking,0
19f59d8c-8c19-4e24-826e-ebf59bf75ad4,2026-07-01T00:56:18.584976+00:00,ORIG-23361,RCVR-65360,336.03,Harbor Manufacturing,Maple Consulting,NC,GA,3193,Vendor payment,PPD,Online banking,0
0bc6b51b-7748-422c-b34c-54d97c7c227e,2026-07-21T09:15:18.584976+00:00,ORIG-77533,RCVR-78251,274.27,Pine Valley Foods,Brightline Supply,OH,GA,2383,Vendor payment,WEB,Online banking,0
8ceb86ef-e6d7-4765-a27c-85542fc7c099,2026-07-25T20:31:18.584976+00:00,ORIG-31572,RCVR-75758,353.01,Pine Valley Foods,Avery Johnson,TX,VA,1061,Direct deposit,WEB,Online banking,0
f65ee60c-d640-4159-8578-9725855cadf5,2026-08-12T20:58:18.584976+00:00,ORIG-29877,RCVR-80376,554.75,Northstar Services,Avery Johnson,CA,CA,105,Payroll,TEL,API,1
f984c031-e62b-4595-a192-ffcf065416e3,2026-07-05T14:27:18.584976+00:00,ORIG-50427,RCVR-91912,397.59,Northstar Services,Maple Consulting,NC,IL,1697,Bill payment,PPD,Online banking,0
33eafd97-53c3-4b23-9b86-82ea6eda1222,2026-06-26T10:17:18.584976+00:00,ORIG-18182,RCVR-21151,1038.03,Pine Valley Foods,Brightline Supply,FL,MA,1482,Vendor payment,CCD,Online banking,0
0fef94c5-86b6-4376-8a41-8829ea30be16,2026-07-22T00:37:18.584976+00:00,ORIG-19572,RCVR-87639,322.36,Summit Health,Maple Consulting,FL,NY,2484,Vendor payment,PPD,API,0
6101b638-b0f2-4b10-a248-2290820a0390,2026-08-10T21:29:18.584976+00:00,ORIG-99411,RCVR-15824,218.86,Northstar Services,Maple Consulting,CA,NY,1204,Bill payment,CCD,Online banking,0
d89685dc-50e4-4c2c-b65e-5ec60a5d67dd,2026-07-31T17:35:18.584976+00:00,ORIG-44777,RCVR-85302,617.95,Northstar Services,Maple Consulting,OH,NC,830,Payroll,PPD,Branch initiated,0
41dfb58a-ec51-4b70-8682-aea084150bd0,2026-07-31T14:08:18.584976+00:00,ORIG-39656,RCVR-45744,188.87,Summit Health,Maple Consulting,MA,VA,3441,Vendor payment,CCD,Online banking,0
95d524cf-d0fe-4c5b-aea3-ec6ecd97a785,2026-07-24T17:07:18.584976+00:00,ORIG-63523,RCVR-60397,522.22,Pine Valley Foods,Brightline Supply,IL,OH,3575,Vendor payment,WEB,Online banking,0
0a312f2f-eb68-491a-9e73-44e3a7913474,2026-07-03T16:29:18.584976+00:00,ORIG-47993,RCVR-91840,885.43,Summit Health,Brightline Supply,FL,OH,1459,Payroll,PPD,Online banking,0
f724a2fb-047e-4e59-8067-31bfb9e1f4e9,2026-06-21T23:41:18.584976+00:00,ORIG-44412,RCVR-98702,54.75,Harbor Manufacturing,Brightline Supply,TX,CO,1381,Tax payment,CCD,Online banking,0
30a57361-a251-49c5-ad85-175cba1a6fd4,2026-08-20T03:59:18.584976+00:00,ORIG-57814,RCVR-45596,237.31,Summit Health,Avery Johnson,TX,NC,2326,Payroll,CCD,Online banking,0
dd3c16a9-6deb-453a-9dd8-0604af7586f6,2026-08-14T10:52:18.584976+00:00,ORIG-36847,RCVR-76110,1667.56,Summit Health,Avery Johnson,CA,VA,163,Direct deposit,PPD,File upload,1
08dbd116-727c-465e-b7e8-a173493e9d6c,2026-08-08T21:23:18.584976+00:00,ORIG-14442,RCVR-47526,500.94,Summit Health,Maple Consulting,CO,CA,333,Payroll,PPD,API,0
afa2d018-902d-4209-a75e-42de16b2900c,2026-07-01T16:18:18.584976+00:00,ORIG-55488,RCVR-98828,1306.77,Harbor Manufacturing,Maple Consulting,IL,FL,3331,Vendor payment,PPD,Online banking,0
c9fe8e70-4d45-4f57-9c9f-c98a78ea9c42,2026-08-15T19:59:18.584976+00:00,ORIG-44901,RCVR-47121,179.28,Northstar Services,Maple Consulting,VA,MA,3533,Direct deposit,CCD,Online banking,0
1116cf5d-4103-4142-ab82-4b31556789ed,2026-08-07T18:51:18.584976+00:00,ORIG-63934,RCVR-85154,208.11,Northstar Services,Maple Consulting,WA,VA,2019,Vendor payment,WEB,Online banking,0
1813726c-d21d-4ca1-9e3f-69c8a599bb1a,2026-07-04T02:46:18.584976+00:00,ORIG-83602,RCVR-92930,373.65,Harbor Manufacturing,Avery Johnson,WA,GA,570,Payroll,CCD,API,0
f5aeec25-0f50-49e5-9a3f-5e5815437d2d,2026-08-18T17:47:18.584976+00:00,ORIG-10955,RCVR-68544,1239.19,Summit Health,Brightline Supply,OH,GA,44,Bill payment,WEB,API,1
6efb4597-6777-4e4f-aead-3050e0e06385,2026-08-06T12:09:18.584976+00:00,ORIG-38310,RCVR-83203,612.9,Pine Valley Foods,Brightline Supply,WA,IL,3267,Vendor payment,PPD,Online banking,0
7693fdf6-558b-4026-84f2-b8c070332532,2026-07-13T02:41:18.584976+00:00,ORIG-79401,RCVR-37644,957.5,Summit Health,Brightline Supply,GA,IL,1738,Direct deposit,CCD,Branch initiated,0
74894e57-3565-4f91-8433-3d427b39387e,2026-08-18T03:12:18.584976+00:00,ORIG-52824,RCVR-48684,527.2,Northstar Services,Cedar Utilities,CA,TX,2397,Direct deposit,PPD,File upload,0
13017437-9c8b-4331-828e-0b57c1f01ea0,2026-08-09T20:19:18.584976+00:00,ORIG-45442,RCVR-38361,335.8,Pine Valley Foods,Avery Johnson,CA,IL,2211,Payroll,WEB,API,0
aaaa4489-a65a-4730-babf-eef8f2e23197,2026-07-29T21:06:18.584976+00:00,ORIG-86008,RCVR-63592,910.89,Northstar Services,Avery Johnson,CA,VA,1196,Tax payment,CCD,Online banking,0
46809382-b684-4ec7-b189-e7ae5075603d,2026-07-04T09:25:18.584976+00:00,ORIG-56077,RCVR-34256,324.41,Summit Health,Maple Consulting,FL,FL,1376,Bill payment,WEB,Online banking,0
1b3a96ff-d150-4fff-8c00-f6e06c02eb13,2026-07-25T03:51:18.584976+00:00,ORIG-32990,RCVR-74783,198.28,Summit Health,Cedar Utilities,FL,TX,2901,Direct deposit,CCD,Online banking,0
63e50551-fa61-48c6-89ac-baec89fec09d,2026-07-26T10:18:18.584976+00:00,ORIG-21819,RCVR-65622,1538.92,Summit Health,Avery Johnson,FL,FL,717,Vendor payment,WEB,File upload,0
c2bb3b8b-1775-43b2-ad1d-edf0e5766741,2026-07-26T20:35:18.584976+00:00,ORIG-47715,RCVR-33806,595.6,Northstar Services,Brightline Supply,NY,CO,2044,Direct deposit,WEB,Online banking,0
ccf411ae-0c92-4805-96fe-5f4d2dbf6a0a,2026-08-04T18:13:18.584976+00:00,ORIG-42162,RCVR-77808,209.6,Summit Health,Brightline Supply,IL,TX,280,Direct deposit,CCD,API,0
29b09180-c7f2-4b32-b767-ab6b40c207ec,2026-08-02T06:39:18.584976+00:00,ORIG-92799,RCVR-49000,516.46,Summit Health,Maple Consulting,NY,GA,3578,Direct deposit,CCD,Branch initiated,0
b02d37fe-6f6d-49b6-bdb1-61785d0955b9,2026-07-19T10:42:18.584976+00:00,ORIG-56686,RCVR-49324,233.23,Summit Health,Avery Johnson,NY,NC,2272,Tax payment,CCD,Online banking,0
e9648d9c-415d-42d1-9ef6-fc486219bf6f,2026-08-18T06:09:18.584976+00:00,ORIG-76878,RCVR-52034,791.01,Northstar Services,Cedar Utilities,WA,NY,3591,Bill payment,WEB,File upload,0
656730c4-9612-40fe-b432-9d8a1afb55e1,2026-06-30T06:29:18.584976+00:00,ORIG-63508,RCVR-79747,283.8,Summit Health,Maple Consulting,WA,GA,323,Payroll,WEB,Online banking,0
e1415afd-569a-43af-9913-cbb19be812bb,2026-07-19T17:13:18.584976+00:00,ORIG-74714,RCVR-49192,1057.41,Northstar Services,Maple Consulting,CO,CA,1563,Payroll,PPD,Online banking,0
60226fa9-6366-40ad-a9b1-4fc1f5848496,2026-07-03T19:34:18.584976+00:00,ORIG-19425,RCVR-75902,1394.96,Summit Health,Brightline Supply,CO,NY,3375,Payroll,WEB,Online banking,0
d9dbb475-648f-4e66-894b-fd3f9039b023,2026-07-14T02:40:18.584976+00:00,ORIG-56677,RCVR-63209,208.01,Pine Valley Foods,Cedar Utilities,VA,CO,1535,Payroll,PPD,Online banking,0
9cc57e86-dc0c-430f-a311-b843b1e91989,2026-07-08T00:43:18.584976+00:00,ORIG-44821,RCVR-42344,1622.43,Harbor Manufacturing,Brightline Supply,CA,MA,3178,Payroll,WEB,File upload,0
148ba96b-5cd2-4770-8e0f-b72cba35a9a0,2026-07-24T18:52:18.584976+00:00,ORIG-10160,RCVR-27169,401.46,Pine Valley Foods,Brightline Supply,CO,TX,3343,Direct deposit,PPD,Online banking,0
ee303bfb-6b24-4ef0-bab0-2147c757665b,2026-07-10T17:48:18.584976+00:00,ORIG-33716,RCVR-41469,1037.31,Northstar Services,Brightline Supply,FL,CO,2310,Payroll,CCD,Online banking,0
71d346bc-c5e0-48f6-800f-fa45dad820e5,2026-07-28T23:34:18.584976+00:00,ORIG-68046,RCVR-28045,523.69,Northstar Services,Avery Johnson,GA,CO,1620,Vendor payment,PPD,File upload,0
8f30c422-edb5-4058-ba66-e15b9ccf5318,2026-07-04T01:33:18.584976+00:00,ORIG-12118,RCVR-95452,543.48,Northstar Services,Maple Consulting,WA,NY,1434,Payroll,WEB,Online banking,0
9fd7bae0-56ff-44a8-9904-e595ca66db4b,2026-07-24T23:39:18.584976+00:00,ORIG-81726,RCVR-23972,212.97,Pine Valley Foods,Avery Johnson,GA,CO,1817,Payroll,WEB,API,0
ccbf93e6-2305-4fb1-8ea9-a936a79bab84,2026-08-03T06:40:18.584976+00:00,ORIG-56907,RCVR-95365,964.35,Northstar Services,Cedar Utilities,CO,GA,3078,Direct deposit,PPD,API,0
e4ccfb6b-4baa-4697-9996-992bc5bfd35e,2026-07-16T20:20:18.584976+00:00,ORIG-45391,RCVR-35148,228.78,Summit Health,Avery Johnson,VA,TX,1366,Vendor payment,WEB,Online banking,0
6061151f-babb-4f50-9aa8-d3b7a2ca0634,2026-06-22T16:24:18.584976+00:00,ORIG-12954,RCVR-67755,2282.85,Harbor Manufacturing,Cedar Utilities,NY,FL,85,Tax payment,WEB,Online banking,1
da270e1d-843e-45fa-8c09-7c79e9450d0c,2026-08-08T19:46:18.584976+00:00,ORIG-59657,RCVR-99905,339.1,Northstar Services,Brightline Supply,WA,NY,1988,Vendor payment,CCD,Online banking,0
9c3010ca-8101-49dd-a120-5cb441f65972,2026-06-28T02:14:18.584976+00:00,ORIG-47188,RCVR-43349,361.5,Harbor Manufacturing,Cedar Utilities,WA,WA,590,Payroll,WEB,File upload,0
2c4047bf-892a-4207-b39a-a26e2c514864,2026-07-01T04:24:18.584976+00:00,ORIG-46265,RCVR-48699,415.34,Pine Valley Foods,Maple Consulting,NC,GA,1822,Bill payment,CCD,Online banking,0
fae6677f-50bd-4219-901c-ce2a9495ba1a,2026-07-31T00:04:18.584976+00:00,ORIG-37623,RCVR-43828,307.36,Summit Health,Brightline Supply,GA,MA,2089,Vendor payment,PPD,Online banking,0
ac242b31-b52b-4741-9833-3bec9862088c,2026-07-21T14:09:18.584976+00:00,ORIG-13442,RCVR-34149,859.53,Pine Valley Foods,Maple Consulting,GA,MA,1622,Tax payment,PPD,Online banking,0
41c8bf13-2e25-40b0-9742-ffb82bbfe147,2026-07-04T17:16:18.584976+00:00,ORIG-72496,RCVR-11246,567.75,Harbor Manufacturing,Maple Consulting,CO,GA,749,Payroll,WEB,File upload,0
f21ea8f2-ee5d-4ae4-847f-e766129cffec,2026-08-06T06:36:18.584976+00:00,ORIG-50027,RCVR-11600,538.89,Pine Valley Foods,Brightline Supply,CA,CA,195,Vendor payment,PPD,API,0
5211b969-143f-40f7-91ed-f07160e9b137,2026-07-02T05:55:18.584976+00:00,ORIG-49545,RCVR-58881,199.8,Pine Valley Foods,Cedar Utilities,GA,OH,2982,Direct deposit,PPD,API,0
e595163b-415a-4c8d-9d9d-aabeed3fe861,2026-07-15T04:17:18.584976+00:00,ORIG-93876,RCVR-34736,418.66,Summit Health,Cedar Utilities,TX,IL,1247,Tax payment,PPD,API,0
0bf091bc-24e8-4803-b37b-ea389dbfef71,2026-07-08T04:42:18.584976+00:00,ORIG-24970,RCVR-38816,1658.43,Harbor Manufacturing,Cedar Utilities,MA,WA,1016,Vendor payment,WEB,Online banking,0
191c7350-2c24-4c82-b288-a2309ea0ea81,2026-07-06T14:03:18.584976+00:00,ORIG-50843,RCVR-30468,407.41,Pine Valley Foods,Avery Johnson,MA,TX,2694,Direct deposit,PPD,Online banking,0
2c8c1967-ec0a-44e3-9a27-8a4a6daad77a,2026-07-13T17:38:18.584976+00:00,ORIG-34218,RCVR-77128,200.41,Northstar Services,Avery Johnson,GA,IL,462,Direct deposit,WEB,Online banking,0
bc2dbe9f-36f8-42a3-9f6e-17daa560e726,2026-06-26T17:32:18.584976+00:00,ORIG-56692,RCVR-98783,2817.19,Harbor Manufacturing,Avery Johnson,NY,CA,3570,Direct deposit,CCD,API,0
794d79aa-bd94-414d-a6b0-f690ddbfea0f,2026-07-06T21:13:18.584976+00:00,ORIG-65583,RCVR-73239,306.52,Harbor Manufacturing,Avery Johnson,CO,FL,1429,Payroll,PPD,API,0
128d05e0-b282-4e5c-b348-56628df23441,2026-07-28T02:58:18.584976+00:00,ORIG-84091,RCVR-38333,554.39,Pine Valley Foods,Cedar Utilities,NC,FL,3466,Bill payment,PPD,Online banking,0
038dbca3-e117-4c26-862f-4e3dbbbcac9d,2026-07-03T10:32:18.584976+00:00,ORIG-16909,RCVR-87846,332.49,Harbor Manufacturing,Maple Consulting,WA,GA,1750,Direct deposit,CCD,Branch initiated,0
edf80820-5bba-4575-85bf-7eb485d0212b,2026-07-18T17:14:18.584976+00:00,ORIG-31990,RCVR-45803,666.5,Pine Valley Foods,Brightline Supply,NC,CO,401,Bill payment,CCD,API,0
98f2d78f-a70a-4ef1-afc7-45b86658065a,2026-06-29T01:26:18.584976+00:00,ORIG-36829,RCVR-76748,1728.92,Pine Valley Foods,Cedar Utilities,TX,WA,415,Bill payment,WEB,API,0
0c2d5a46-4ab4-470a-958b-fca4a054a1ec,2026-07-08T18:14:18.584976+00:00,ORIG-95472,RCVR-96223,416.52,Pine Valley Foods,Avery Johnson,MA,VA,3117,Payroll,WEB,Online banking,0
6608368c-8e07-4eb4-933c-51a6c64c622e,2026-07-05T00:08:18.584976+00:00,ORIG-44550,RCVR-68722,104.18,Summit Health,Maple Consulting,WA,IL,1030,Payroll,WEB,API,0
9790eb9d-8e70-4ef7-86e1-1a7fa3b1736c,2026-08-07T19:55:18.584976+00:00,ORIG-97721,RCVR-20762,612.79,Summit Health,Avery Johnson,TX,NY,2951,Tax payment,WEB,API,0
8c8ca1ee-e6e5-4003-bf21-1b3e4455afe7,2026-07-27T10:44:18.584976+00:00,ORIG-45634,RCVR-20124,1021.18,Northstar Services,Cedar Utilities,CA,MA,2190,Bill payment,WEB,File upload,0
428b4661-ed77-4c81-a5b0-ddb7ad6e2a1e,2026-08-09T17:37:18.584976+00:00,ORIG-61180,RCVR-20472,176.16,Harbor Manufacturing,Brightline Supply,IL,FL,118,Bill payment,CCD,Online banking,0
c5e1a97e-3398-4b80-83aa-014e936d59cf,2026-08-05T13:51:18.584976+00:00,ORIG-53131,RCVR-75726,650.92,Pine Valley Foods,Maple Consulting,OH,VA,2801,Bill payment,PPD,Branch initiated,0
b256ef8d-a03e-4740-9e23-6d5bbad09e16,2026-07-01T04:38:18.584976+00:00,ORIG-13877,RCVR-50814,188.66,Pine Valley Foods,Cedar Utilities,CO,CA,495,Vendor payment,WEB,API,0
947c7bb6-7b50-48a4-9dd1-653ac6aa118e,2026-07-28T05:28:18.584976+00:00,ORIG-93848,RCVR-69974,637.63,Pine Valley Foods,Maple Consulting,TX,TX,2673,Bill payment,PPD,API,0
263274ae-8a64-43fa-8e2b-6538e7626013,2026-08-20T03:16:18.584976+00:00,ORIG-16918,RCVR-45199,862.62,Pine Valley Foods,Cedar Utilities,NC,NY,77,Vendor payment,CCD,Online banking,0
c044b64d-3e24-40b5-ad97-b107495c7298,2026-08-16T15:50:18.584976+00:00,ORIG-29622,RCVR-95606,1153.26,Pine Valley Foods,Brightline Supply,NC,IL,2053,Bill payment,WEB,API,0
1c6d0359-0ad2-40d2-b5a9-ceae97b0ce90,2026-07-07T16:28:18.584976+00:00,ORIG-20314,RCVR-80480,571.23,Summit Health,Cedar Utilities,TX,VA,721,Payroll,PPD,Online banking,0
6a78c3ff-74f4-44ad-80ff-81ae6de7a396,2026-06-30T00:25:18.584976+00:00,ORIG-94302,RCVR-36770,550.33,Summit Health,Avery Johnson,MA,TX,588,Vendor payment,CCD,Online banking,0
9cbd5a62-0b14-461e-9de9-4cf98735be88,2026-07-27T05:51:18.584976+00:00,ORIG-21686,RCVR-24533,174.66,Pine Valley Foods,Maple Consulting,GA,NC,422,Direct deposit,PPD,File upload,0
52572ba2-6ec6-4dba-a7e1-f711f4de865c,2026-07-05T17:07:18.584976+00:00,ORIG-49629,RCVR-76030,557.74,Summit Health,Avery Johnson,WA,MA,1765,Bill payment,CCD,Online banking,0
ff9bf2e1-7be5-44ae-9573-54910f559b92,2026-07-17T16:31:18.584976+00:00,ORIG-42087,RCVR-77178,558.99,Harbor Manufacturing,Maple Consulting,IL,OH,3303,Direct deposit,WEB,Online banking,0
50ed3347-72fa-4e34-b4cf-f794da355eae,2026-07-14T04:49:18.584976+00:00,ORIG-89081,RCVR-53638,256.69,Pine Valley Foods,Brightline Supply,NY,OH,1378,Vendor payment,WEB,Online banking,0
f9510cf2-761c-40f8-8819-4ea4209c866c,2026-07-31T04:41:18.584976+00:00,ORIG-84797,RCVR-83812,343.66,Pine Valley Foods,Brightline Supply,CO,TX,3215,Tax payment,WEB,File upload,0
4798fbc3-375f-46af-93ea-bb37ea7cc531,2026-08-10T16:36:18.584976+00:00,ORIG-94160,RCVR-47407,1107.8,Pine Valley Foods,Brightline Supply,WA,NY,1842,Tax payment,PPD,API,0
bae23604-edba-4e77-8e45-7d1f122fc901,2026-07-10T16:49:18.584976+00:00,ORIG-66794,RCVR-52197,253.72,Northstar Services,Maple Consulting,CO,OH,478,Vendor payment,PPD,Online banking,0
261a59c7-7922-4234-91a3-5e10851184fb,2026-07-14T04:33:18.584976+00:00,ORIG-51617,RCVR-66898,1071.29,Summit Health,Brightline Supply,MA,NC,861,Direct deposit,PPD,Branch initiated,0
dbbbd89d-3551-4668-bf2d-79c4e2d18606,2026-07-01T14:52:18.584976+00:00,ORIG-91135,RCVR-28738,129.62,Pine Valley Foods,Brightline Supply,CO,GA,398,Payroll,PPD,API,0
9458bfda-8853-4b38-a956-df9e2b595083,2026-06-29T21:41:18.584976+00:00,ORIG-49615,RCVR-94236,402.55,Summit Health,Brightline Supply,FL,CA,3101,Payroll,PPD,Online banking,0
fb9acffb-66a4-45bf-bec7-9fa3ac3a7302,2026-07-21T08:19:18.584976+00:00,ORIG-38537,RCVR-74791,462.13,Summit Health,Cedar Utilities,WA,TX,2461,Vendor payment,WEB,File upload,0
3f44542e-7fc5-4427-8e5c-2bf6e940b1d0,2026-06-25T07:51:18.584976+00:00,ORIG-18903,RCVR-40719,909.37,Pine Valley Foods,Maple Consulting,FL,CA,3642,Bill payment,PPD,Branch initiated,0
8af58acb-d274-4f27-bd06-e1b6e4d97a65,2026-07-08T20:17:18.584976+00:00,ORIG-20260,RCVR-20594,429.11,Pine Valley Foods,Brightline Supply,TX,VA,1687,Tax payment,CCD,File upload,0
9dfb6728-8da7-4566-b076-a47d55952b04,2026-06-25T03:03:18.584976+00:00,ORIG-83526,RCVR-39394,493.3,Northstar Services,Brightline Supply,FL,NC,2927,Vendor payment,PPD,API,0
dc31e017-82f2-4b59-9d9a-01db19daa3ec,2026-07-30T10:44:18.584976+00:00,ORIG-36047,RCVR-63029,545.18,Northstar Services,Cedar Utilities,WA,NY,2045,Direct deposit,PPD,API,0
70c9f2bb-f674-4edf-b54c-480de0636d9e,2026-07-18T15:33:18.584976+00:00,ORIG-97768,RCVR-51885,778.42,Northstar Services,Avery Johnson,NC,CO,1183,Vendor payment,WEB,Online banking,0
d9d97a18-6d4b-44e6-a6e9-fa7b7bef10fc,2026-07-30T09:01:18.584976+00:00,ORIG-76137,RCVR-85946,501.51,Harbor Manufacturing,Brightline Supply,TX,NY,265,Payroll,WEB,API,0
a4871f10-96b0-4fdf-8ea7-d24374ff1bb1,2026-07-04T17:10:18.584976+00:00,ORIG-30749,RCVR-40103,2157.33,Pine Valley Foods,Brightline Supply,CA,NY,2757,Direct deposit,CCD,Branch initiated,0
30bb02cc-5ce8-4717-bf8f-804e57071233,2026-07-11T19:41:18.584976+00:00,ORIG-91904,RCVR-50498,81.38,Harbor Manufacturing,Avery Johnson,CA,CO,1105,Bill payment,PPD,Online banking,0
c5235d60-b1d4-4f43-9ad7-ea735f304fb4,2026-07-07T15:19:18.584976+00:00,ORIG-49332,RCVR-22072,454.89,Summit Health,Cedar Utilities,IL,TX,2047,Payroll,PPD,Online banking,0
fe86ed46-a073-4521-8a95-94ce6fa48e6e,2026-08-08T23:12:18.584976+00:00,ORIG-20694,RCVR-17246,370.92,Northstar Services,Cedar Utilities,VA,GA,3549,Payroll,PPD,Online banking,0
787e8911-8bd5-4ded-8f29-113e41fd22f4,2026-07-30T00:08:18.584976+00:00,ORIG-32932,RCVR-41435,505.5,Harbor Manufacturing,Avery Johnson,NY,TX,437,Payroll,CCD,File upload,0
91549fd5-7206-4c28-bee2-be60696592f8,2026-07-13T06:41:18.584976+00:00,ORIG-18681,RCVR-81849,1623.66,Summit Health,Maple Consulting,IL,IL,360,Direct deposit,CCD,API,0
22238f42-9126-4cdd-b029-f8cc2ce72bf2,2026-07-11T23:49:18.584976+00:00,ORIG-26428,RCVR-12600,796.58,Harbor Manufacturing,Brightline Supply,TX,NC,3250,Tax payment,WEB,Online banking,0
3a796c62-b558-4410-823c-6b9ffabba5a6,2026-08-12T08:15:18.584976+00:00,ORIG-16156,RCVR-13808,1782.02,Pine Valley Foods,Cedar Utilities,IL,CO,868,Payroll,CCD,Online banking,0
ce85d1d6-cb76-4a14-8272-447269ef5130,2026-08-10T07:30:18.584976+00:00,ORIG-52599,RCVR-25580,1344.11,Harbor Manufacturing,Brightline Supply,OH,FL,1271,Tax payment,CCD,Branch initiated,0
c2201b2c-4e5d-4be8-9432-0c6de2bbf5ef,2026-07-18T15:47:18.584976+00:00,ORIG-58941,RCVR-15646,504.19,Harbor Manufacturing,Cedar Utilities,TX,CA,3066,Payroll,CCD,Online banking,0
9598b5a3-ebf5-47b9-968c-b5045556676d,2026-08-16T07:55:18.584976+00:00,ORIG-12864,RCVR-78644,314.71,Summit Health,Maple Consulting,NY,GA,920,Vendor payment,PPD,File upload,0
34706fff-f02d-4c63-bfe7-588b6e672d9f,2026-07-04T07:41:18.584976+00:00,ORIG-40530,RCVR-40241,433.01,Pine Valley Foods,Cedar Utilities,IL,CO,718,Payroll,PPD,Online banking,0
bc1c275c-a6f1-4a38-810a-05ac4443b439,2026-07-08T11:19:18.584976+00:00,ORIG-38119,RCVR-51636,210.52,Pine Valley Foods,Brightline Supply,FL,GA,7,Direct deposit,CCD,API,1
b7b7c3be-4439-4c3a-87a3-f207d2765801,2026-08-13T07:51:18.584976+00:00,ORIG-16985,RCVR-76592,409.9,Pine Valley Foods,Brightline Supply,MA,NY,148,Bill payment,PPD,Online banking,0
f3103527-c845-4162-bbf6-4fd3bf6053f5,2026-07-23T11:46:18.584976+00:00,ORIG-49900,RCVR-86664,593.62,Northstar Services,Brightline Supply,IL,GA,1174,Direct deposit,WEB,Online banking,0
a0e3e822-33a2-4269-a61f-d735e31dbf19,2026-07-30T16:18:18.584976+00:00,ORIG-45681,RCVR-12106,1569.9,Pine Valley Foods,Avery Johnson,GA,CA,2877,Bill payment,WEB,File upload,0
8679a1fe-957b-4845-9d3a-eddb3f0a3f71,2026-07-06T06:17:18.584976+00:00,ORIG-55850,RCVR-40959,898.06,Harbor Manufacturing,Avery Johnson,VA,OH,2469,Vendor payment,CCD,Branch initiated,0
42d9c55e-1bb0-4d82-a381-4cdb632c5c7d,2026-07-03T02:55:18.584976+00:00,ORIG-88189,RCVR-88247,1831.47,Harbor Manufacturing,Avery Johnson,WA,WA,1817,Vendor payment,PPD,Online banking,0
ff14c147-b5ec-44c1-9d97-3146a32b3ca6,2026-08-04T19:38:18.584976+00:00,ORIG-79515,RCVR-59942,305.43,Harbor Manufacturing,Cedar Utilities,TX,GA,3555,Payroll,PPD,File upload,0
4f1550fc-3325-45a1-ad3a-3e3f8938c8ea,2026-08-19T23:10:18.584976+00:00,ORIG-34902,RCVR-81301,557.8,Harbor Manufacturing,Maple Consulting,CA,MA,1844,Tax payment,CCD,Online banking,0
68965954-4dbd-4164-b596-0fc546625fef,2026-08-04T02:10:18.584976+00:00,ORIG-61931,RCVR-52636,2807.41,Northstar Services,Brightline Supply,WA,IL,2435,Payroll,CCD,Online banking,0
ba9018ef-1da7-48d3-9d2a-1def516ec3ea,2026-06-24T13:29:18.584976+00:00,ORIG-44781,RCVR-15325,1230.38,Summit Health,Brightline Supply,CO,WA,2587,Payroll,PPD,File upload,0
f41b2cac-6146-4ed1-89c8-e19e6a3e51f2,2026-06-30T17:37:18.584976+00:00,ORIG-24389,RCVR-67840,1923.78,Pine Valley Foods,Cedar Utilities,WA,GA,1764,Vendor payment,PPD,Online banking,0
f581a53b-7c30-41ea-9b9d-fa3d55188184,2026-07-19T03:21:18.584976+00:00,ORIG-70841,RCVR-52003,399.06,Pine Valley Foods,Avery Johnson,GA,TX,3349,Tax payment,CCD,Online banking,0
48dcd7a1-6b28-48c6-ae7a-0122393b175c,2026-08-04T00:29:18.584976+00:00,ORIG-13017,RCVR-94022,133.9,Northstar Services,Avery Johnson,FL,IL,2025,Bill payment,WEB,Online banking,0
da61a591-b5d7-4df5-a3e7-166ff56026cc,2026-07-31T02:28:18.584976+00:00,ORIG-34253,RCVR-29055,486.41,Summit Health,Cedar Utilities,VA,CA,2644,Direct deposit,WEB,API,0
f0b249de-4c3a-4ee7-8242-081700ed94ef,2026-07-28T01:54:18.584976+00:00,ORIG-20625,RCVR-92349,712.37,Northstar Services,Brightline Supply,GA,MA,454,Bill payment,WEB,Online banking,0
b70cf2e8-e2cd-4362-8679-aff70a9ce0d8,2026-07-03T09:15:18.584976+00:00,ORIG-60810,RCVR-40477,390.6,Harbor Manufacturing,Cedar Utilities,IL,CO,767,Direct deposit,WEB,API,0
de05c972-6706-472b-838f-67bd38883d80,2026-06-26T03:16:18.584976+00:00,ORIG-90958,RCVR-98045,126.84,Pine Valley Foods,Avery Johnson,WA,GA,3425,Bill payment,WEB,API,0
ad7b521e-3675-42e0-b376-52f1fd90c8f7,2026-08-20T08:18:18.584976+00:00,ORIG-34738,RCVR-40282,154.49,Northstar Services,Cedar Utilities,MA,WA,2276,Payroll,CCD,Branch initiated,0
f912f92f-6cff-4a07-abbf-9d8a1ce04b02,2026-06-30T16:00:18.584976+00:00,ORIG-61007,RCVR-77698,283.39,Summit Health,Cedar Utilities,FL,WA,2019,Vendor payment,PPD,Branch initiated,0
18e0e1b6-9909-4bfe-b536-fc8c9c8c2ed5,2026-06-24T10:46:18.584976+00:00,ORIG-12764,RCVR-39792,532.06,Northstar Services,Avery Johnson,FL,TX,3263,Payroll,PPD,API,0
a01bc46c-d545-4f88-bced-888018e31b24,2026-08-14T11:03:18.584976+00:00,ORIG-74431,RCVR-55132,439.61,Harbor Manufacturing,Maple Consulting,IL,CA,296,Direct deposit,PPD,Online banking,0
e69e79a3-6751-4df5-aaf1-460868b98810,2026-07-24T00:45:18.584976+00:00,ORIG-17779,RCVR-53723,561.87,Pine Valley Foods,Cedar Utilities,IL,GA,1380,Bill payment,PPD,File upload,0
a4213663-a35a-48cb-8cd5-e8abe182d57f,2026-08-07T09:33:18.584976+00:00,ORIG-79237,RCVR-93258,645.42,Northstar Services,Maple Consulting,OH,FL,1341,Tax payment,WEB,File upload,0
6749feb6-8a1e-4377-b652-1f5041175d8e,2026-08-18T05:28:18.584976+00:00,ORIG-25996,RCVR-50314,306.18,Summit Health,Brightline Supply,FL,NY,2189,Bill payment,CCD,File upload,0
3acbc0a1-a699-42d8-86df-f00fd27cf69a,2026-07-14T03:51:18.584976+00:00,ORIG-81171,RCVR-68183,245.25,Pine Valley Foods,Avery Johnson,VA,WA,636,Vendor payment,CCD,Online banking,0
36cf0365-3035-4dc5-8274-a53efb4f6cb0,2026-06-26T08:48:18.584976+00:00,ORIG-48338,RCVR-13724,264.75,Pine Valley Foods,Maple Consulting,FL,NY,2529,Vendor payment,CCD,Online banking,0
a8795733-a2e3-4f25-8f17-0fedb31cb9d7,2026-08-16T06:34:18.584976+00:00,ORIG-42486,RCVR-25818,409.92,Northstar Services,Avery Johnson,WA,WA,2954,Tax payment,WEB,Online banking,0
873758c4-1128-4d00-8d8a-7008665b7678,2026-07-22T04:48:18.584976+00:00,ORIG-40886,RCVR-96428,152.95,Pine Valley Foods,Maple Consulting,CO,IL,3428,Bill payment,WEB,Online banking,0
1bd85c4d-54e8-48f1-9bf5-25526112aa78,2026-06-29T16:17:18.584976+00:00,ORIG-21944,RCVR-80011,659.39,Northstar Services,Brightline Supply,IL,NY,3113,Payroll,CCD,Online banking,0
87d257d9-787f-4427-8cae-d1c174370155,2026-08-14T07:52:18.584976+00:00,ORIG-40456,RCVR-38391,272.4,Harbor Manufacturing,Cedar Utilities,NC,CO,1014,Direct deposit,PPD,Online banking,0
7d84eff7-bbb9-4206-9711-0cc783bcaf8e,2026-07-22T13:54:18.584976+00:00,ORIG-35032,RCVR-48114,142.93,Northstar Services,Cedar Utilities,WA,NC,1033,Tax payment,PPD,Online banking,0
0b972f2a-63d7-4fcb-8195-21bc7c3b7071,2026-06-23T02:15:18.584976+00:00,ORIG-66200,RCVR-64274,430.88,Harbor Manufacturing,Brightline Supply,GA,TX,432,Bill payment,PPD,API,0
4102fadf-706c-4efd-94b2-2ef50cb56654,2026-07-05T04:54:18.584976+00:00,ORIG-46451,RCVR-51563,313.96,Summit Health,Cedar Utilities,FL,NY,3646,Tax payment,WEB,File upload,0
7f1353bb-4ba1-46f6-95ad-d2fc3c1001a1,2026-08-07T04:27:18.584976+00:00,ORIG-66286,RCVR-34944,198.33,Pine Valley Foods,Maple Consulting,CA,NY,826,Bill payment,PPD,API,0
719a5c2c-c6c8-4d65-b235-7f2559ae76fd,2026-08-04T09:36:18.584976+00:00,ORIG-16951,RCVR-75411,495.97,Northstar Services,Avery Johnson,NC,GA,846,Payroll,CCD,Online banking,0
a7630984-6f64-4da9-804c-f860c83b0e97,2026-07-02T18:21:18.584976+00:00,ORIG-29556,RCVR-41421,211.01,Northstar Services,Avery Johnson,NC,GA,1311,Direct deposit,CCD,API,0
846119d4-1923-4040-a795-21e1b5433912,2026-07-25T08:13:18.584976+00:00,ORIG-74290,RCVR-39864,1182.65,Harbor Manufacturing,Brightline Supply,NC,NC,1870,Bill payment,PPD,API,0
425df2e6-8f42-40b8-890c-e14f86c01ab8,2026-06-28T14:14:18.584976+00:00,ORIG-61268,RCVR-46651,254.14,Summit Health,Brightline Supply,TX,WA,3314,Bill payment,CCD,Online banking,0
d2dcb826-6ae2-45a4-9211-033a48d49336,2026-08-11T06:40:18.584976+00:00,ORIG-64624,RCVR-27502,537.89,Summit Health,Maple Consulting,IL,FL,649,Direct deposit,WEB,API,0
a4a64179-c67a-4c65-a338-2204a2a1eb46,2026-08-12T16:16:18.584976+00:00,ORIG-22091,RCVR-64051,70.84,Summit Health,Maple Consulting,CO,TX,494,Direct deposit,WEB,File upload,0
184d9b78-e6cc-4117-8f9d-bb7429d50ca8,2026-07-11T02:09:18.584976+00:00,ORIG-18782,RCVR-49121,390.47,Harbor Manufacturing,Maple Consulting,TX,IL,3147,Bill payment,CCD,Online banking,0
ea545088-644c-4580-bf98-9692c0c7cc8f,2026-07-31T11:28:18.584976+00:00,ORIG-60765,RCVR-87174,540.45,Summit Health,Avery Johnson,NY,WA,1635,Vendor payment,CCD,Online banking,0
ada49e02-f1c8-48b1-9ced-0785d727eb57,2026-07-14T14:09:18.584976+00:00,ORIG-38938,RCVR-15058,3697.68,Northstar Services,Maple Consulting,CA,NC,710,Vendor payment,WEB,Online banking,0
50c67676-f852-41eb-9a97-ac8caa872d4a,2026-07-01T06:50:18.584976+00:00,ORIG-75551,RCVR-74309,735.68,Pine Valley Foods,Cedar Utilities,CO,NY,760,Payroll,PPD,API,0
216a4e7f-2dcd-4ede-ad28-beb422d8a28b,2026-07-10T13:04:18.584976+00:00,ORIG-60336,RCVR-28608,358.1,Summit Health,Maple Consulting,CO,WA,2755,Payroll,PPD,Online banking,0
f108ea26-e773-4a92-a89b-0bc1ec3d0ce1,2026-06-23T19:57:18.584976+00:00,ORIG-49334,RCVR-63991,173.42,Harbor Manufacturing,Avery Johnson,GA,IL,2527,Bill payment,CCD,File upload,0
47d02658-ffe8-4c09-a302-00683699c1b2,2026-06-27T22:24:18.584976+00:00,ORIG-62255,RCVR-95322,467.27,Northstar Services,Maple Consulting,GA,VA,1824,Tax payment,PPD,API,0
4dd90a73-4565-49dc-b7c2-be005b675c9b,2026-07-02T17:31:18.584976+00:00,ORIG-94856,RCVR-65951,697.92,Summit Health,Maple Consulting,NC,GA,1538,Direct deposit,PPD,File upload,0
ae0b21fa-006b-4e86-a609-00ff9df50cb3,2026-08-09T04:40:18.584976+00:00,ORIG-12420,RCVR-69352,439.46,Harbor Manufacturing,Cedar Utilities,NC,CA,803,Tax payment,PPD,File upload,0
72952065-69ce-41e3-9118-6d7bd893334c,2026-06-29T15:11:18.584976+00:00,ORIG-51599,RCVR-29554,387.54,Pine Valley Foods,Avery Johnson,CO,NY,2038,Direct deposit,WEB,Branch initiated,0
9f408f9c-fe2f-45a0-b162-704d6ea39f55,2026-06-22T01:56:18.584976+00:00,ORIG-99197,RCVR-62689,232.01,Northstar Services,Brightline Supply,WA,OH,1698,Direct deposit,CCD,Online banking,0
74878ec8-74a7-4bd5-a782-521ef72ad677,2026-08-05T06:43:18.584976+00:00,ORIG-83530,RCVR-13425,762.33,Pine Valley Foods,Brightline Supply,CA,FL,1234,Bill payment,CCD,Online banking,0
dc12edc7-a239-4c2e-b2cf-f5fce1f6fb77,2026-07-14T05:45:18.584976+00:00,ORIG-57107,RCVR-83600,349.68,Summit Health,Maple Consulting,NY,WA,1654,Bill payment,CCD,File upload,0
fc7d0c15-f792-48c2-9d8c-3d096e51f3de,2026-07-24T15:56:18.584976+00:00,ORIG-36359,RCVR-35837,415.34,Pine Valley Foods,Brightline Supply,OH,OH,2369,Payroll,PPD,File upload,0
b82725ca-a8fa-4bf8-b138-1b93fca96177,2026-06-27T08:24:18.584976+00:00,ORIG-85498,RCVR-83113,220.33,Harbor Manufacturing,Maple Consulting,NC,IL,688,Direct deposit,PPD,File upload,0
1cf796f4-b9d7-4fee-bea1-5300064972f3,2026-06-30T03:56:18.584976+00:00,ORIG-99009,RCVR-99406,297.57,Summit Health,Avery Johnson,IL,CA,3085,Tax payment,PPD,Online banking,0
e19aac19-6dc2-4371-a8ef-6cb45f7fd668,2026-07-16T11:59:18.584976+00:00,ORIG-64113,RCVR-70202,113.83,Harbor Manufacturing,Maple Consulting,FL,TX,320,Direct deposit,CCD,API,0
e8ca56c7-4401-49ca-b9d3-2477b021c90e,2026-07-07T05:48:18.584976+00:00,ORIG-16031,RCVR-13766,477.06,Northstar Services,Maple Consulting,WA,CO,1571,Payroll,PPD,Online banking,0
a112f2e2-3ff6-4791-968c-a7005d814e22,2026-08-19T14:29:18.584976+00:00,ORIG-66372,RCVR-50364,1367.57,Pine Valley Foods,Brightline Supply,GA,WA,88,Bill payment,CCD,Online banking,1
c9602fe8-1e68-4762-8ffd-d11c280b0477,2026-06-27T00:28:18.584976+00:00,ORIG-54064,RCVR-95802,489.07,Summit Health,Brightline Supply,FL,IL,3036,Payroll,PPD,Online banking,0
311affc3-77ca-4397-ab98-db2fe1647151,2026-06-22T23:43:18.584976+00:00,ORIG-23881,RCVR-20449,290.31,Pine Valley Foods,Maple Consulting,TX,IL,1350,Bill payment,PPD,Online banking,0
b19b602f-344d-47b7-8322-5bfaa65a7fd5,2026-07-16T09:38:18.584976+00:00,ORIG-83465,RCVR-38874,911.02,Summit Health,Cedar Utilities,WA,TX,2096,Tax payment,CCD,Online banking,0
8be83362-4b2b-4c05-bb77-20b00c619a77,2026-07-07T03:46:18.584976+00:00,ORIG-35112,RCVR-23019,869.99,Harbor Manufacturing,Brightline Supply,WA,VA,1228,Vendor payment,PPD,API,0
fdd492d8-75a5-42c6-8cd7-3c5f386e1af9,2026-07-18T12:30:18.584976+00:00,ORIG-48015,RCVR-69349,311.41,Northstar Services,Avery Johnson,TX,TX,3040,Tax payment,PPD,API,0
b2969071-c167-4c45-a414-4a6e9f011832,2026-08-09T03:33:18.584976+00:00,ORIG-17847,RCVR-43797,395.85,Harbor Manufacturing,Avery Johnson,NY,CO,917,Direct deposit,CCD,Online banking,0
0aa59b81-231b-4683-9d98-a20e0a804efd,2026-06-25T22:19:18.584976+00:00,ORIG-79799,RCVR-79183,424.7,Summit Health,Cedar Utilities,NC,WA,2454,Payroll,PPD,API,0
4917ef04-adaa-488c-a0d5-448519ae6dba,2026-07-09T22:16:18.584976+00:00,ORIG-14873,RCVR-54085,187.73,Pine Valley Foods,Maple Consulting,NY,TX,2078,Tax payment,CCD,Online banking,0
89a62562-8e3e-471b-8dd1-71b5bde38d78,2026-07-28T22:37:18.584976+00:00,ORIG-94067,RCVR-17055,1619.56,Pine Valley Foods,Maple Consulting,TX,NY,833,Vendor payment,WEB,Online banking,0
7a1a3243-951c-480d-8546-20852b709b8b,2026-08-18T01:47:18.584976+00:00,ORIG-97516,RCVR-35388,924.67,Pine Valley Foods,Maple Consulting,CO,IL,2502,Bill payment,WEB,Online banking,0
f8ad2b90-b238-486e-8b10-2d7cca7b4dfb,2026-08-20T03:05:18.584976+00:00,ORIG-28488,RCVR-11839,305.06,Northstar Services,Maple Consulting,FL,GA,2854,Vendor payment,PPD,Online banking,0
b580a956-b8e9-4b3b-aedb-e45b66444bf1,2026-07-07T15:08:18.584976+00:00,ORIG-49107,RCVR-31917,1006.07,Northstar Services,Avery Johnson,TX,GA,1159,Direct deposit,CCD,Online banking,0
293aa551-0c25-4e95-ac76-f03dde8a1c1d,2026-07-07T14:03:18.584976+00:00,ORIG-21087,RCVR-92322,278.8,Harbor Manufacturing,Avery Johnson,WA,MA,1871,Vendor payment,PPD,Online banking,0
68c26fc2-ea36-401f-9922-76444cf837e3,2026-07-31T06:29:18.584976+00:00,ORIG-70055,RCVR-85029,383.46,Pine Valley Foods,Cedar Utilities,WA,TX,1343,Vendor payment,WEB,Online banking,0
59641dfb-52d7-4033-896f-209a79a8a69e,2026-07-21T14:50:18.584976+00:00,ORIG-26224,RCVR-68844,974.09,Pine Valley Foods,Maple Consulting,OH,IL,3319,Bill payment,CCD,Online banking,0
85c98189-4eeb-4063-92f9-e8abc93048e4,2026-08-04T06:46:18.584976+00:00,ORIG-10732,RCVR-97555,485.11,Northstar Services,Cedar Utilities,WA,WA,2372,Vendor payment,PPD,API,0
cdf996f7-a78a-47f4-a64f-8a1e628a7180,2026-08-02T10:54:18.584976+00:00,ORIG-19900,RCVR-39425,597.55,Pine Valley Foods,Maple Consulting,FL,FL,67,Direct deposit,PPD,API,0
ae692774-16c1-4f13-8743-d09aafe74799,2026-08-03T04:59:18.584976+00:00,ORIG-69961,RCVR-34606,342.77,Harbor Manufacturing,Cedar Utilities,FL,OH,30,Tax payment,TEL,File upload,1
be2f4de7-b599-43a5-9cf2-f7b76e61a6fd,2026-08-07T13:46:18.584976+00:00,ORIG-81142,RCVR-60284,379.64,Summit Health,Brightline Supply,MA,MA,2991,Bill payment,WEB,Branch initiated,0
8f7c150e-83c0-450b-997c-ffc6d6ab0a99,2026-07-13T16:43:18.584976+00:00,ORIG-61383,RCVR-22528,1455.82,Pine Valley Foods,Avery Johnson,MA,WA,1304,Vendor payment,PPD,Online banking,0
f91c0105-33cb-4c0d-a04f-36b7decedbb8,2026-06-27T12:59:18.584976+00:00,ORIG-62128,RCVR-24407,857.17,Harbor Manufacturing,Maple Consulting,GA,CO,2269,Bill payment,WEB,Online banking,0
9217a38d-40e3-4099-bcbd-36e76d3e2277,2026-08-11T08:04:18.584976+00:00,ORIG-27094,RCVR-89636,148.48,Pine Valley Foods,Avery Johnson,CO,CO,1331,Vendor payment,CCD,API,0
09eeba13-e5bf-4b26-8e1d-000b497b2012,2026-07-15T09:52:18.584976+00:00,ORIG-56590,RCVR-15646,213.38,Harbor Manufacturing,Cedar Utilities,MA,IL,1377,Tax payment,WEB,File upload,0
ff6871b9-f577-478b-820e-327b69f4242e,2026-06-24T07:30:18.584976+00:00,ORIG-85200,RCVR-16593,506.08,Harbor Manufacturing,Brightline Supply,CA,NC,2111,Tax payment,WEB,Branch initiated,0
468eb9ed-6c57-4ede-b575-1e1bff4c4064,2026-06-29T04:41:18.584976+00:00,ORIG-81397,RCVR-49914,344.71,Harbor Manufacturing,Avery Johnson,TX,VA,1591,Tax payment,PPD,API,0
6de38143-68e3-4658-a1e1-5ffa6397b224,2026-07-18T13:24:18.584976+00:00,ORIG-99072,RCVR-94379,1469.8,Pine Valley Foods,Avery Johnson,CA,MA,2531,Payroll,PPD,Branch initiated,0
1da9ba9d-49fe-45b8-8d03-59ec0716a171,2026-07-06T14:40:18.584976+00:00,ORIG-79880,RCVR-75924,266.35,Northstar Services,Cedar Utilities,GA,CA,2377,Vendor payment,PPD,Online banking,0
b3e98405-f05a-45a7-9fd2-cabeed19aa48,2026-07-16T14:14:18.584976+00:00,ORIG-17944,RCVR-55306,471.42,Pine Valley Foods,Maple Consulting,NY,NY,2216,Bill payment,PPD,File upload,0
d8f9d3bf-57f0-4af5-8e6a-201cc244dc29,2026-08-07T17:27:18.584976+00:00,ORIG-87062,RCVR-92850,223.99,Northstar Services,Brightline Supply,WA,NY,1020,Vendor payment,WEB,Online banking,0
093f6187-8a20-4ffc-ae01-3877db848379,2026-06-30T19:49:18.584976+00:00,ORIG-12277,RCVR-49823,225.68,Northstar Services,Maple Consulting,IL,VA,563,Payroll,PPD,API,0
b19f7f7c-a730-4e34-9e59-8e3f8dd341b9,2026-08-10T15:38:18.584976+00:00,ORIG-95376,RCVR-45593,1203.75,Harbor Manufacturing,Cedar Utilities,MA,IL,76,Payroll,CCD,File upload,0
ccf3758c-9009-435a-b700-bd4c6bc6f9e2,2026-08-12T07:59:18.584976+00:00,ORIG-42348,RCVR-73180,522.97,Summit Health,Maple Consulting,NY,CO,392,Bill payment,WEB,Branch initiated,0
342b3880-badf-4c2f-bb8f-5a01fe38dcbc,2026-07-16T00:18:18.584976+00:00,ORIG-32536,RCVR-17473,827.07,Harbor Manufacturing,Avery Johnson,GA,NY,173,Bill payment,PPD,API,1
16a64590-87c7-4b58-9a79-1f739a112945,2026-08-18T23:41:18.584976+00:00,ORIG-82844,RCVR-54883,122.5,Summit Health,Brightline Supply,CO,NY,349,Vendor payment,WEB,Online banking,0
8729f628-c543-44bb-885b-e9face86dc3d,2026-07-30T02:45:18.584976+00:00,ORIG-66984,RCVR-80273,370.9,Summit Health,Maple Consulting,FL,OH,1204,Direct deposit,WEB,Branch initiated,0
c7e8f9d9-127a-4b2c-a811-7dfc4870bc52,2026-07-06T04:44:18.584976+00:00,ORIG-41729,RCVR-37039,485.43,Pine Valley Foods,Avery Johnson,GA,NC,389,Direct deposit,WEB,File upload,0
c45dd7fc-6a78-48ec-a086-d74db9df814b,2026-08-03T12:07:18.584976+00:00,ORIG-96476,RCVR-88185,181.2,Northstar Services,Maple Consulting,TX,TX,464,Tax payment,CCD,File upload,0
45bbe8d8-3a31-4f89-8acd-93ff9d2ac1e3,2026-08-15T16:18:18.584976+00:00,ORIG-72439,RCVR-39940,824.65,Pine Valley Foods,Cedar Utilities,WA,FL,3198,Vendor payment,PPD,Online banking,0
d98aa424-3789-4fbf-a55b-af808bcedc59,2026-07-16T12:37:18.584976+00:00,ORIG-76606,RCVR-77797,215.37,Pine Valley Foods,Brightline Supply,MA,CA,814,Tax payment,CCD,File upload,0
893e7359-1e66-4108-beb4-f6016e8f543f,2026-07-12T13:04:18.584976+00:00,ORIG-98003,RCVR-68694,871.0,Summit Health,Brightline Supply,WA,IL,644,Bill payment,WEB,File upload,0
916fa897-4423-4f71-adb7-a244cb4577d0,2026-08-05T20:43:18.584976+00:00,ORIG-42368,RCVR-40213,160.38,Pine Valley Foods,Cedar Utilities,VA,CO,2518,Bill payment,CCD,Online banking,0
37c5c5c9-7555-4023-a1df-24cb26998977,2026-07-15T19:02:18.584976+00:00,ORIG-43068,RCVR-58616,652.05,Northstar Services,Cedar Utilities,FL,NY,1470,Tax payment,PPD,Online banking,0
fea4ba59-a042-48bf-9216-e6561e93d5ed,2026-07-12T18:15:18.584976+00:00,ORIG-46244,RCVR-39156,875.82,Northstar Services,Brightline Supply,CO,GA,194,Vendor payment,CCD,File upload,0
7d5999ab-d7a3-4321-8db9-b74b60322dfc,2026-08-05T10:48:18.584976+00:00,ORIG-72301,RCVR-67124,554.38,Northstar Services,Cedar Utilities,NY,IL,604,Bill payment,PPD,Online banking,0
7ed28e39-a35a-4495-a481-c985ebb86f32,2026-07-13T22:38:18.584976+00:00,ORIG-19218,RCVR-61791,342.38,Northstar Services,Cedar Utilities,FL,NC,3601,Payroll,CCD,Online banking,0
2f0ccd40-674d-4063-9a87-056363209726,2026-07-09T16:57:18.584976+00:00,ORIG-11339,RCVR-56784,1264.79,Pine Valley Foods,Avery Johnson,NC,WA,1970,Tax payment,PPD,API,0
b9df0886-01dc-4627-91b7-28c11316ed02,2026-07-08T08:50:18.584976+00:00,ORIG-39394,RCVR-74613,772.16,Summit Health,Maple Consulting,WA,TX,3163,Vendor payment,CCD,Online banking,0
d9a51711-e57d-420f-867f-8662220ff448,2026-07-05T10:28:18.584976+00:00,ORIG-33090,RCVR-80623,407.68,Summit Health,Maple Consulting,WA,CO,434,Vendor payment,CCD,File upload,0
55ce5056-fae0-4f01-b3f5-7124cfb62c1f,2026-06-28T18:24:18.584976+00:00,ORIG-68758,RCVR-89857,570.87,Harbor Manufacturing,Avery Johnson,OH,NY,154,Direct deposit,WEB,API,0
71a353ad-2042-4d62-87cd-13acdc878c13,2026-08-04T16:42:18.584976+00:00,ORIG-21830,RCVR-11400,465.86,Harbor Manufacturing,Avery Johnson,MA,NC,770,Vendor payment,CCD,File upload,0
6df933aa-b8aa-4984-904a-c6de50eaec6e,2026-07-16T02:29:18.584976+00:00,ORIG-19400,RCVR-13958,295.46,Summit Health,Brightline Supply,IL,OH,1587,Bill payment,CCD,API,0
97f46dac-4f15-4f67-80a7-67c24903d1e5,2026-06-24T14:34:18.584976+00:00,ORIG-64966,RCVR-51540,176.27,Northstar Services,Brightline Supply,WA,OH,1455,Vendor payment,WEB,Online banking,0
4a355d75-c263-4ec2-8bdb-816fe1621f47,2026-07-07T20:15:18.584976+00:00,ORIG-73368,RCVR-11016,1010.52,Northstar Services,Maple Consulting,IL,NY,569,Payroll,WEB,Online banking,0
8bc25506-dbe2-4944-ba8c-b0f5dfe2d139,2026-07-30T01:30:18.584976+00:00,ORIG-13972,RCVR-62432,513.24,Harbor Manufacturing,Brightline Supply,FL,NY,3329,Direct deposit,WEB,API,0
c58d8c6e-bc4a-49c9-a69e-68f3805ae9f4,2026-07-16T14:48:18.584976+00:00,ORIG-48616,RCVR-39603,236.7,Harbor Manufacturing,Avery Johnson,GA,MA,2319,Direct deposit,PPD,File upload,0
59ca562f-ba37-4a75-b6be-99f336af28ec,2026-07-19T15:06:18.584976+00:00,ORIG-48026,RCVR-16294,1749.65,Harbor Manufacturing,Avery Johnson,MA,FL,91,Direct deposit,WEB,Online banking,0
433937e9-8f85-48c9-a93c-e58f83aed898,2026-07-14T18:26:18.584976+00:00,ORIG-15802,RCVR-85846,1766.22,Harbor Manufacturing,Brightline Supply,OH,OH,164,Tax payment,PPD,API,1
a4f571b3-8a1c-4f9f-89f9-c2a2de82b540,2026-07-03T22:15:18.584976+00:00,ORIG-30351,RCVR-59106,250.21,Summit Health,Avery Johnson,GA,FL,2225,Direct deposit,CCD,Branch initiated,0
0a6e3e11-93b0-427d-8046-a7a144a629b0,2026-08-16T21:49:18.584976+00:00,ORIG-97446,RCVR-33847,586.43,Northstar Services,Cedar Utilities,OH,TX,1435,Direct deposit,WEB,API,0
615ca5c8-6a66-4d87-8fdb-0263aa59d816,2026-08-12T06:03:18.584976+00:00,ORIG-24468,RCVR-57951,562.38,Harbor Manufacturing,Brightline Supply,NY,OH,990,Tax payment,PPD,Online banking,0
17965652-e1b4-4e08-91ec-b7661e1326a1,2026-07-17T11:03:18.584976+00:00,ORIG-47343,RCVR-87372,379.81,Pine Valley Foods,Cedar Utilities,VA,IL,216,Vendor payment,CCD,API,0
40f08ded-d153-4853-906f-75fa2f1ecea9,2026-07-12T16:39:18.584976+00:00,ORIG-45159,RCVR-54717,190.57,Summit Health,Maple Consulting,NY,OH,1436,Direct deposit,WEB,API,0
ceafd3f6-8088-4e55-8512-8aa40bf28eb8,2026-07-14T14:52:18.584976+00:00,ORIG-50287,RCVR-98049,345.3,Northstar Services,Cedar Utilities,TX,NC,1754,Direct deposit,PPD,File upload,0
4d2c8b46-3ee1-480e-a97e-0495de2b21cf,2026-08-13T22:09:18.584976+00:00,ORIG-98612,RCVR-91625,778.81,Summit Health,Avery Johnson,OH,FL,2575,Direct deposit,PPD,Online banking,0
ed52d037-8f2e-41a7-917d-61bb740578f7,2026-07-25T05:48:18.584976+00:00,ORIG-29586,RCVR-69820,262.11,Summit Health,Brightline Supply,WA,CA,2408,Tax payment,CCD,API,0
6ba96f63-6f3c-4935-ba46-d0cec1a609f5,2026-06-28T15:13:18.584976+00:00,ORIG-23853,RCVR-72287,536.98,Harbor Manufacturing,Cedar Utilities,MA,FL,2385,Tax payment,WEB,Online banking,0
0bc44905-41ee-4b2f-b1ed-ce8b00a45182,2026-07-01T12:28:18.584976+00:00,ORIG-39666,RCVR-83065,794.71,Northstar Services,Maple Consulting,IL,IL,3382,Bill payment,CCD,API,0
98260140-ca14-420d-8b2b-755edab0625f,2026-06-29T11:14:18.584976+00:00,ORIG-69570,RCVR-35821,739.54,Northstar Services,Cedar Utilities,MA,WA,2369,Tax payment,CCD,API,0
acde013d-567c-4bd6-ad70-8fdf54830916,2026-07-03T15:57:18.584976+00:00,ORIG-34655,RCVR-95054,900.37,Northstar Services,Brightline Supply,NC,CO,2438,Payroll,CCD,File upload,0
f0a4651a-ac07-4927-8c38-8aa537cfef1a,2026-06-25T11:11:18.584976+00:00,ORIG-37019,RCVR-85738,443.25,Summit Health,Maple Consulting,TX,NY,1572,Bill payment,WEB,Branch initiated,0
452f13c4-5e54-45aa-9f27-c5fbe096cd14,2026-07-24T22:58:18.584976+00:00,ORIG-79889,RCVR-20510,920.76,Summit Health,Cedar Utilities,NY,CO,2381,Direct deposit,PPD,Branch initiated,0
d086c4cd-2de6-4101-8328-a3de35e962c3,2026-06-29T13:58:18.584976+00:00,ORIG-92671,RCVR-55116,713.91,Northstar Services,Avery Johnson,TX,NY,895,Bill payment,CCD,Online banking,0
1545c51e-9feb-4f0d-89b4-841c396dc722,2026-08-16T07:33:18.584976+00:00,ORIG-23277,RCVR-60181,595.72,Pine Valley Foods,Maple Consulting,CA,TX,1721,Direct deposit,PPD,File upload,0
aaf83f27-7e2f-4833-8e1a-45d4e3f92c88,2026-07-10T10:39:18.584976+00:00,ORIG-41313,RCVR-38139,331.59,Pine Valley Foods,Brightline Supply,OH,WA,2017,Vendor payment,PPD,API,0
285a39d8-bfd5-4176-9f9e-499ece394bf0,2026-07-04T19:56:18.584976+00:00,ORIG-86229,RCVR-75552,360.46,Northstar Services,Brightline Supply,GA,NC,1840,Vendor payment,CCD,API,0
dd583060-4bce-41a0-9f2b-6a2f4b0c2763,2026-07-18T03:11:18.584976+00:00,ORIG-93673,RCVR-49547,95.49,Summit Health,Avery Johnson,TX,CO,2226,Vendor payment,WEB,File upload,0
f602484e-9837-420e-b0b1-72d1eab2f45c,2026-07-28T14:15:18.584976+00:00,ORIG-60051,RCVR-46134,396.21,Summit Health,Avery Johnson,IL,CO,174,Payroll,CCD,API,0
0e1a69c7-3b13-4824-b0d8-79bce1183179,2026-07-16T01:15:18.584976+00:00,ORIG-53467,RCVR-36241,246.42,Northstar Services,Avery Johnson,FL,OH,2848,Tax payment,CCD,API,0
0db62fb9-e455-49c7-87ea-26f03177d170,2026-07-21T07:23:18.584976+00:00,ORIG-26514,RCVR-16848,934.82,Northstar Services,Maple Consulting,FL,FL,2782,Tax payment,CCD,API,0
ec43b0ac-b882-4b82-baab-8d894c18cee7,2026-07-24T00:28:18.584976+00:00,ORIG-27763,RCVR-93694,475.47,Northstar Services,Avery Johnson,IL,IL,865,Bill payment,PPD,Online banking,0
face969a-470e-498f-95b0-c3698c5740d9,2026-07-17T09:29:18.584976+00:00,ORIG-32672,RCVR-18870,144.82,Summit Health,Avery Johnson,OH,NY,1713,Tax payment,CCD,API,0
c7924684-43db-4b60-acfc-c1d12d6bc3ff,2026-08-18T08:21:18.584976+00:00,ORIG-83142,RCVR-25840,366.64,Summit Health,Maple Consulting,WA,VA,965,Payroll,CCD,Online banking,0
d42c8845-28d5-4277-9d45-0d8e05242dc3,2026-07-20T15:15:18.584976+00:00,ORIG-89150,RCVR-89850,328.33,Northstar Services,Avery Johnson,NC,MA,2237,Payroll,PPD,Online banking,0
f7408166-0f5b-4a39-abd7-970d92a9f1d5,2026-07-14T17:49:18.584976+00:00,ORIG-15049,RCVR-81194,531.85,Summit Health,Avery Johnson,FL,FL,975,Payroll,WEB,API,0
8da67a9f-e2e4-425c-b866-d324811f1621,2026-08-18T14:58:18.584976+00:00,ORIG-88942,RCVR-85185,741.49,Harbor Manufacturing,Maple Consulting,NC,GA,2171,Tax payment,PPD,API,0
5c6ba36c-4fe1-45eb-ac3c-3ea271481a18,2026-07-15T18:15:18.584976+00:00,ORIG-83206,RCVR-29064,1144.19,Harbor Manufacturing,Maple Consulting,VA,FOREIGN,78,Vendor payment,WEB,API,1
f37eee58-78cf-4e90-96be-400d99f130b9,2026-08-10T13:50:18.584976+00:00,ORIG-59364,RCVR-66261,1171.69,Summit Health,Avery Johnson,NY,MA,763,Payroll,PPD,Online banking,0
4b48b7fc-1f47-48c7-ba46-7b038754ace4,2026-07-30T09:18:18.584976+00:00,ORIG-58955,RCVR-11296,622.96,Northstar Services,Maple Consulting,FL,TX,3131,Vendor payment,PPD,File upload,0
12ff32b0-5abe-434d-a0e2-d7c3e9b2676a,2026-07-16T03:59:18.584976+00:00,ORIG-10601,RCVR-82904,299.36,Summit Health,Brightline Supply,OH,WA,140,Bill payment,WEB,Online banking,0
e91e5e8f-63b9-4381-bf47-5e8ad46df8f2,2026-08-10T10:22:18.584976+00:00,ORIG-38044,RCVR-99067,182.97,Northstar Services,Avery Johnson,OH,OH,360,Direct deposit,WEB,File upload,0
6d6ae609-4ac8-4693-ab74-a8c2e61755d0,2026-08-03T20:47:18.584976+00:00,ORIG-41860,RCVR-11285,1023.14,Harbor Manufacturing,Brightline Supply,CO,TX,253,Bill payment,PPD,API,0
a4675a48-619d-40ff-a1bf-7cd11929f1a4,2026-08-10T17:52:18.584976+00:00,ORIG-61585,RCVR-56016,786.75,Summit Health,Maple Consulting,OH,NY,442,Vendor payment,WEB,Online banking,0
cdc5b8e4-bc10-42a8-a837-ba490bb33fd9,2026-07-21T07:54:18.584976+00:00,ORIG-77672,RCVR-50926,84.03,Northstar Services,Avery Johnson,WA,GA,2477,Vendor payment,PPD,Online banking,0
92d9e446-fb63-4cb1-9cfc-83f4f8a7a5b0,2026-06-28T13:49:18.584976+00:00,ORIG-44558,RCVR-13588,1167.33,Summit Health,Maple Consulting,IL,IL,726,Vendor payment,PPD,Online banking,0
3f3de7f3-96bd-4f7b-b3c6-b72a31a60cfa,2026-06-28T01:33:18.584976+00:00,ORIG-98508,RCVR-46365,525.79,Summit Health,Avery Johnson,NC,WA,2299,Vendor payment,CCD,File upload,0
8de18e4a-b577-4ea5-a040-9069c6fda491,2026-07-21T03:17:18.584976+00:00,ORIG-38754,RCVR-33137,557.33,Northstar Services,Avery Johnson,CO,IL,1435,Direct deposit,WEB,Online banking,0
e3516c78-3528-44e4-9a79-77eb2ae78a2e,2026-07-20T12:51:18.584976+00:00,ORIG-79097,RCVR-93685,400.19,Northstar Services,Maple Consulting,FL,CA,1395,Vendor payment,WEB,File upload,0
97c89e43-b1a4-4f52-b5b0-8849bcbcc058,2026-07-11T14:10:18.584976+00:00,ORIG-30313,RCVR-17799,194.37,Harbor Manufacturing,Maple Consulting,FL,IL,1492,Tax payment,CCD,API,0
f9d0bd89-551a-4be7-95df-ebbcfa3e545d,2026-07-23T02:19:18.584976+00:00,ORIG-34492,RCVR-72846,973.83,Pine Valley Foods,Avery Johnson,NY,WA,3057,Tax payment,WEB,API,0
4878708d-2f79-41b9-9832-5e1f2e523d39,2026-08-14T07:17:18.584976+00:00,ORIG-67346,RCVR-28795,391.02,Northstar Services,Brightline Supply,CO,WA,1767,Payroll,CCD,API,0
ca25d332-00b6-4b61-93b6-fba0e1d73df1,2026-07-16T16:44:18.584976+00:00,ORIG-75214,RCVR-17010,556.83,Pine Valley Foods,Brightline Supply,NY,FL,3220,Vendor payment,CCD,Online banking,0
7f7872e6-e57b-44c2-8f75-1afaf89c96b4,2026-08-19T08:19:18.584976+00:00,ORIG-37066,RCVR-34463,291.13,Northstar Services,Avery Johnson,CA,OH,502,Tax payment,PPD,API,0
34840105-7b94-4617-a725-68be809803ba,2026-07-28T14:58:18.584976+00:00,ORIG-21847,RCVR-98777,206.26,Northstar Services,Brightline Supply,MA,GA,949,Payroll,PPD,API,0
ad0ec998-989d-47a3-bfce-a08ad54dfe85,2026-08-07T20:49:18.584976+00:00,ORIG-33538,RCVR-79354,220.91,Summit Health,Maple Consulting,OH,NY,1923,Direct deposit,WEB,File upload,0
d31704fd-4228-498d-b214-96f3c2a81ebb,2026-06-28T09:03:18.584976+00:00,ORIG-98349,RCVR-70148,502.23,Summit Health,Cedar Utilities,WA,NY,117,Payroll,IAT,File upload,1
d2d63c0c-993c-4840-8b24-859cb798701d,2026-07-03T14:57:18.584976+00:00,ORIG-42225,RCVR-86936,888.01,Northstar Services,Brightline Supply,FL,MA,1265,Payroll,PPD,Online banking,0
ada4e230-17bb-41b2-bef2-8960fc3f5aca,2026-07-09T22:23:18.584976+00:00,ORIG-80407,RCVR-98162,729.32,Harbor Manufacturing,Avery Johnson,IL,IL,1153,Vendor payment,WEB,Online banking,0
3301c857-a6be-475b-b3fc-0198c72030de,2026-07-28T04:04:18.584976+00:00,ORIG-82929,RCVR-95534,419.02,Harbor Manufacturing,Cedar Utilities,FL,MA,3342,Payroll,CCD,Online banking,0
14c6d522-cabc-4685-8f59-d9c1eb66c7de,2026-08-20T17:26:18.584976+00:00,ORIG-45840,RCVR-80179,103.9,Harbor Manufacturing,Brightline Supply,VA,NY,2586,Tax payment,CCD,Online banking,0
91f14f60-bdc6-4676-9368-ea79c4e7e1ce,2026-07-15T17:27:18.584976+00:00,ORIG-68794,RCVR-99189,1001.95,Pine Valley Foods,Cedar Utilities,OH,WA,2096,Tax payment,PPD,File upload,0
7d0fa916-06e8-4db1-b635-55346e8a6ef0,2026-07-12T06:29:18.584976+00:00,ORIG-26958,RCVR-46093,1629.93,Summit Health,Avery Johnson,MA,GA,49,Payroll,CCD,Online banking,0
89b038a8-3521-4604-a895-ea1d3c4597fc,2026-06-26T13:14:18.584976+00:00,ORIG-47350,RCVR-65234,287.52,Pine Valley Foods,Avery Johnson,NY,IL,3305,Bill payment,WEB,API,0
20ad9d06-b78b-4093-a3ac-0cc5341b2f97,2026-07-16T12:10:18.584976+00:00,ORIG-90552,RCVR-12476,2369.47,Summit Health,Avery Johnson,CO,WA,1399,Payroll,WEB,API,0
d7768a60-6276-4063-8660-19b8896df857,2026-07-25T14:01:18.584976+00:00,ORIG-13273,RCVR-59859,121.45,Summit Health,Avery Johnson,FL,GA,1114,Tax payment,CCD,Online banking,0
ec1cea0a-cbc6-4295-8bf0-e552b88cbb02,2026-07-22T17:13:18.584976+00:00,ORIG-25642,RCVR-88576,70.45,Pine Valley Foods,Avery Johnson,NC,NY,2667,Bill payment,CCD,Branch initiated,0
b36e0c3a-2873-4919-b827-12c51b9a0dfb,2026-06-29T01:22:18.584976+00:00,ORIG-56229,RCVR-35247,653.08,Harbor Manufacturing,Brightline Supply,OH,NY,54,Bill payment,IAT,Branch initiated,1
d83a13fc-c78e-4d34-a545-56c9287e0cd3,2026-07-18T23:10:18.584976+00:00,ORIG-35004,RCVR-39678,663.84,Northstar Services,Maple Consulting,CO,GA,1101,Vendor payment,PPD,Online banking,0
c24e2166-c19a-4ab1-9a95-7dac404a6116,2026-07-26T17:51:18.584976+00:00,ORIG-56657,RCVR-26161,555.27,Summit Health,Maple Consulting,GA,MA,2692,Direct deposit,CCD,API,0
f921a4d8-9d13-4760-9e36-9b0124f78264,2026-08-06T11:36:18.584976+00:00,ORIG-83747,RCVR-75235,1221.39,Northstar Services,Cedar Utilities,IL,GA,1744,Bill payment,CCD,Online banking,0
7de450ea-fd1a-45d5-bdf7-387300af1158,2026-07-19T12:26:18.584976+00:00,ORIG-31276,RCVR-78282,310.9,Harbor Manufacturing,Avery Johnson,GA,TX,1646,Bill payment,WEB,Online banking,0
215fc8d1-d200-4aad-9e41-ca0f923cc150,2026-07-27T14:34:18.584976+00:00,ORIG-64764,RCVR-61518,315.63,Harbor Manufacturing,Brightline Supply,IL,CA,775,Direct deposit,WEB,Online banking,0
7ea20839-ea77-4384-afe9-a77d925ea9d6,2026-06-24T21:20:18.584976+00:00,ORIG-22850,RCVR-94888,218.34,Summit Health,Brightline Supply,CA,CO,2228,Vendor payment,WEB,Online banking,0
5d915789-0c5a-487f-811c-3dabe34ce866,2026-08-05T21:17:18.584976+00:00,ORIG-56382,RCVR-66105,2734.05,Harbor Manufacturing,Maple Consulting,CA,FOREIGN,52,Tax payment,TEL,File upload,1
64aa3b2d-b261-43f1-9744-96b890d21275,2026-07-14T17:12:18.584976+00:00,ORIG-66311,RCVR-19157,1227.02,Northstar Services,Brightline Supply,CO,OH,1110,Payroll,WEB,Online banking,0
5e7189db-f174-4742-98c9-219a3a52d4ab,2026-07-21T13:50:18.584976+00:00,ORIG-19872,RCVR-77117,240.34,Harbor Manufacturing,Avery Johnson,CA,MA,2000,Vendor payment,CCD,Online banking,0
26851f4d-e25e-4f4f-b4cd-9ee043460abe,2026-08-09T20:16:18.584976+00:00,ORIG-86964,RCVR-70290,338.13,Harbor Manufacturing,Avery Johnson,OH,IL,2158,Bill payment,CCD,Online banking,0
b4b10529-060f-40ee-ad92-edea55d8c971,2026-07-31T12:06:18.584976+00:00,ORIG-63428,RCVR-96978,265.7,Northstar Services,Brightline Supply,GA,NC,2982,Payroll,CCD,API,0
1b379075-1b61-4cf8-985e-beaed8a99cb3,2026-06-21T23:53:18.584976+00:00,ORIG-83155,RCVR-32848,1182.43,Northstar Services,Brightline Supply,CO,CO,1088,Direct deposit,WEB,API,0
d717f255-0ca4-498a-a486-d8dc95c5ddcc,2026-08-16T04:27:18.584976+00:00,ORIG-41877,RCVR-38433,328.63,Northstar Services,Cedar Utilities,NC,FL,2901,Direct deposit,CCD,Branch initiated,0
12f445ee-9086-4085-8aad-e9affec35c04,2026-07-03T21:57:18.584976+00:00,ORIG-44223,RCVR-94302,308.93,Summit Health,Cedar Utilities,IL,GA,1329,Bill payment,CCD,File upload,0
018bfc45-ccba-4f16-892a-c3f271f32625,2026-07-08T10:47:18.584976+00:00,ORIG-15483,RCVR-39193,368.4,Northstar Services,Cedar Utilities,GA,CA,1660,Vendor payment,PPD,Online banking,0
d1d2a6b5-ac10-4111-9b63-ee37438549ae,2026-06-22T11:46:18.584976+00:00,ORIG-94604,RCVR-16123,983.91,Northstar Services,Brightline Supply,GA,WA,3294,Payroll,WEB,Online banking,0
915b2f58-d32b-4cf2-b051-80aeeaf4fb92,2026-08-20T11:58:18.584976+00:00,ORIG-55083,RCVR-27590,616.3,Northstar Services,Maple Consulting,FL,TX,2194,Direct deposit,WEB,API,0
21b39004-157a-4c1e-8320-1cbe237c0348,2026-08-11T23:00:18.584976+00:00,ORIG-64736,RCVR-95371,149.3,Pine Valley Foods,Maple Consulting,MA,NC,2624,Direct deposit,PPD,File upload,0
3f0d8ee6-86a8-4a29-9db4-e6a752324804,2026-07-10T08:28:18.584976+00:00,ORIG-40933,RCVR-58986,311.34,Pine Valley Foods,Cedar Utilities,CO,IL,3035,Vendor payment,PPD,Online banking,0
6e3805d4-01e1-40df-b24a-8d487eddae60,2026-07-03T02:49:18.584976+00:00,ORIG-63024,RCVR-60725,496.03,Northstar Services,Avery Johnson,IL,NY,3181,Tax payment,PPD,API,0
5a003324-d92b-47ec-8cc7-d214755b61c1,2026-08-12T13:11:18.584976+00:00,ORIG-89492,RCVR-39679,317.25,Harbor Manufacturing,Avery Johnson,NC,CO,2230,Bill payment,WEB,File upload,0
0915d5d6-ed21-4fc0-902d-aa63d171bbdf,2026-07-24T19:05:18.584976+00:00,ORIG-89355,RCVR-62640,451.01,Harbor Manufacturing,Maple Consulting,IL,OH,1116,Tax payment,CCD,Branch initiated,0
97dd7c34-9b39-4598-bb9a-b1a6c153b5ed,2026-06-30T07:53:18.584976+00:00,ORIG-58308,RCVR-66153,308.06,Northstar Services,Brightline Supply,NY,MA,109,Bill payment,PPD,API,0
716659d9-dfb6-47f8-ac60-382245b8f3a6,2026-07-19T07:55:18.584976+00:00,ORIG-87801,RCVR-45430,1008.48,Pine Valley Foods,Avery Johnson,NC,FL,11,Tax payment,WEB,API,1
f95ea57e-d1e1-4308-988c-14237ca9108e,2026-08-05T00:14:18.584976+00:00,ORIG-48943,RCVR-21092,358.82,Harbor Manufacturing,Maple Consulting,OH,FL,866,Bill payment,PPD,API,0
39171024-edc3-4bba-b01e-f3370c655c47,2026-07-30T01:23:18.584976+00:00,ORIG-15174,RCVR-69894,393.56,Pine Valley Foods,Cedar Utilities,FL,GA,1600,Payroll,WEB,Online banking,0
208386ea-80c0-4225-81df-8243f48784cc,2026-07-28T17:29:18.584976+00:00,ORIG-57163,RCVR-37376,287.66,Harbor Manufacturing,Brightline Supply,OH,TX,1013,Bill payment,CCD,API,0
0e3a70d3-8bb6-45ed-8f99-a2912877cde0,2026-06-25T13:37:18.584976+00:00,ORIG-45422,RCVR-23811,362.33,Harbor Manufacturing,Brightline Supply,CO,MA,984,Tax payment,CCD,Online banking,0
61f9c558-84d1-4afe-845e-3172bc6b2819,2026-07-25T17:43:18.584976+00:00,ORIG-48557,RCVR-83190,354.64,Summit Health,Avery Johnson,OH,OH,488,Bill payment,CCD,File upload,0
dd707c9c-b8bc-48d8-80a1-6afc1aad0ba0,2026-07-18T19:57:18.584976+00:00,ORIG-84419,RCVR-98780,211.9,Summit Health,Brightline Supply,WA,CA,2867,Direct deposit,WEB,API,0
93a4ea58-404e-4051-ab5b-c4a42bba1827,2026-08-11T16:02:18.584976+00:00,ORIG-79360,RCVR-81538,225.75,Northstar Services,Maple Consulting,MA,CA,1182,Bill payment,CCD,Online banking,0
5d47569b-fb7b-4cd9-95c3-0b632c5cdd33,2026-06-24T17:48:18.584976+00:00,ORIG-94584,RCVR-33709,759.1,Summit Health,Cedar Utilities,WA,VA,1685,Tax payment,PPD,API,0
c92c7635-5013-44f5-92be-92bfa57747eb,2026-07-19T14:56:18.584976+00:00,ORIG-40856,RCVR-51004,135.44,Northstar Services,Cedar Utilities,NC,OH,1134,Bill payment,PPD,Online banking,0
93fee7ab-65dc-438c-9419-1f509b8dfd82,2026-07-18T20:48:18.584976+00:00,ORIG-98677,RCVR-16932,307.44,Northstar Services,Cedar Utilities,VA,NY,826,Direct deposit,WEB,Online banking,0
da5a9635-3c46-4a7b-a2fc-2d46076bb1ec,2026-07-02T08:14:18.584976+00:00,ORIG-23450,RCVR-26151,181.09,Northstar Services,Cedar Utilities,CA,FL,2130,Payroll,WEB,API,0
0f7ced20-e04e-4b32-bc8b-52ad7e3308e1,2026-06-24T09:11:18.584976+00:00,ORIG-57118,RCVR-34584,138.52,Harbor Manufacturing,Brightline Supply,CA,NC,3552,Direct deposit,PPD,Online banking,0
86ac5877-6f64-43cf-b823-5e2828c0c1a9,2026-08-09T12:58:18.584976+00:00,ORIG-52367,RCVR-74615,1163.16,Summit Health,Brightline Supply,CA,MA,1070,Bill payment,CCD,API,0
27364e2b-f7db-4620-840c-985580d1d4b7,2026-08-03T08:55:18.584976+00:00,ORIG-35289,RCVR-20567,908.53,Pine Valley Foods,Avery Johnson,FL,GA,2944,Payroll,WEB,Online banking,0
0b65db56-2c85-4547-9294-ebdf9962812e,2026-08-17T03:35:18.584976+00:00,ORIG-35056,RCVR-81843,919.91,Northstar Services,Avery Johnson,NY,NY,3214,Tax payment,PPD,File upload,0
48d2019c-7935-4444-8a90-97d38176fd77,2026-07-15T04:14:18.584976+00:00,ORIG-64566,RCVR-60537,1091.36,Summit Health,Cedar Utilities,NY,CA,135,Tax payment,WEB,Online banking,0
ee2988bb-26c5-43e4-a198-382d6099d071,2026-07-03T09:24:18.584976+00:00,ORIG-28385,RCVR-48457,740.36,Northstar Services,Avery Johnson,FL,NY,1476,Bill payment,PPD,Branch initiated,0
944f3dff-39d3-4867-b509-a91046cc5fae,2026-07-30T21:34:18.584976+00:00,ORIG-88817,RCVR-78310,611.04,Harbor Manufacturing,Maple Consulting,TX,OH,1156,Vendor payment,WEB,Online banking,0
dfc029e0-ff25-49e1-a13f-57f399c5d5dd,2026-08-01T07:31:18.584976+00:00,ORIG-77796,RCVR-11663,1144.76,Northstar Services,Cedar Utilities,FL,MA,1512,Tax payment,CCD,API,0
b3d98625-6cf5-4e8f-9c2e-0cb2e02c1345,2026-08-06T22:42:18.584976+00:00,ORIG-33919,RCVR-39443,505.05,Northstar Services,Brightline Supply,CA,GA,2197,Direct deposit,PPD,File upload,0
2a933020-76db-4a73-bbe5-a99ebdbca827,2026-07-07T03:26:18.584976+00:00,ORIG-57736,RCVR-57640,237.21,Harbor Manufacturing,Avery Johnson,MA,MA,378,Direct deposit,WEB,Branch initiated,0
de6d42dc-8f97-4631-b5c0-8d2a04cb24b6,2026-08-12T12:11:18.584976+00:00,ORIG-28160,RCVR-48777,324.75,Harbor Manufacturing,Brightline Supply,NC,NC,2895,Payroll,CCD,API,0
c28131f1-e00f-4cd4-bfe0-f40d4f24a999,2026-08-12T16:19:18.584976+00:00,ORIG-16993,RCVR-92795,1518.13,Pine Valley Foods,Maple Consulting,OH,CA,833,Bill payment,WEB,API,0
fc680229-43ce-4455-aea9-6cd14ee0a66b,2026-07-28T07:26:18.584976+00:00,ORIG-57070,RCVR-63029,291.7,Harbor Manufacturing,Brightline Supply,OH,TX,3051,Vendor payment,PPD,Online banking,0
7546bdf1-e56d-4586-858e-f9f21885e879,2026-06-28T16:19:18.584976+00:00,ORIG-40263,RCVR-67906,334.26,Pine Valley Foods,Cedar Utilities,CA,MA,855,Direct deposit,PPD,Branch initiated,0
f4707dad-87d5-4f1e-89be-482f08500193,2026-08-03T10:09:18.584976+00:00,ORIG-89676,RCVR-19723,2512.39,Northstar Services,Avery Johnson,OH,OH,128,Payroll,PPD,Online banking,0
fb1d55aa-ff1b-45c0-8f52-b3e00b6a0277,2026-08-18T20:01:18.584976+00:00,ORIG-68883,RCVR-70579,318.32,Summit Health,Avery Johnson,CO,FL,3607,Vendor payment,CCD,API,0
3614a6d5-ade8-4826-b6aa-81f9307f96e5,2026-07-18T03:12:18.584976+00:00,ORIG-71911,RCVR-48777,286.65,Harbor Manufacturing,Avery Johnson,NY,OH,384,Direct deposit,WEB,Online banking,0
767b4e5c-2d99-48dd-9006-6dcc57f58aea,2026-07-07T14:07:18.584976+00:00,ORIG-20195,RCVR-91524,2458.16,Harbor Manufacturing,Avery Johnson,VA,FL,3524,Direct deposit,WEB,File upload,0
dbaa6956-05bc-4bff-93da-5818e8b201bd,2026-08-13T00:04:18.584976+00:00,ORIG-67234,RCVR-19187,1103.86,Summit Health,Cedar Utilities,NY,CO,2065,Tax payment,WEB,API,0
50004122-cab3-4913-bc58-a55b9de0bc75,2026-06-24T06:02:18.584976+00:00,ORIG-79613,RCVR-26633,177.9,Summit Health,Cedar Utilities,GA,WA,3235,Bill payment,PPD,API,0
bef00098-deca-450c-8b51-718dfda71dcb,2026-07-30T01:49:18.584976+00:00,ORIG-16024,RCVR-89092,221.44,Summit Health,Avery Johnson,GA,GA,698,Tax payment,WEB,Online banking,0
3bed0f82-da7b-41d4-950b-204c5a58de3f,2026-08-06T16:00:18.584976+00:00,ORIG-68432,RCVR-92180,281.63,Pine Valley Foods,Cedar Utilities,IL,TX,3386,Direct deposit,PPD,File upload,0
2fc2b992-0903-43cc-a366-8204a82fced1,2026-07-25T01:02:18.584976+00:00,ORIG-84615,RCVR-66823,283.83,Harbor Manufacturing,Avery Johnson,NY,IL,290,Bill payment,PPD,File upload,0
f20c6144-06f4-4514-b1d5-d54e306c2d5b,2026-08-14T02:47:18.584976+00:00,ORIG-22226,RCVR-56021,190.03,Harbor Manufacturing,Avery Johnson,VA,OH,2984,Tax payment,WEB,Online banking,0
9d4f6af9-c259-47e8-80ac-9af111b71c09,2026-08-17T20:11:18.584976+00:00,ORIG-40434,RCVR-29417,204.18,Pine Valley Foods,Cedar Utilities,OH,FL,2400,Bill payment,WEB,Online banking,0
6015332f-a262-4dd5-8b3e-36d5ac903bb7,2026-07-22T11:33:18.584976+00:00,ORIG-47508,RCVR-57395,199.16,Summit Health,Avery Johnson,TX,VA,2237,Payroll,PPD,File upload,0
f207b35e-323e-48e6-8d0e-83af1b577c95,2026-08-12T23:14:18.584976+00:00,ORIG-30754,RCVR-46463,701.93,Summit Health,Avery Johnson,VA,GA,2095,Payroll,CCD,Online banking,0
e4d7f438-9b0d-49bd-af83-945a5ad54a25,2026-08-04T10:10:18.584976+00:00,ORIG-67439,RCVR-46136,687.21,Harbor Manufacturing,Cedar Utilities,NY,MA,1810,Vendor payment,WEB,Online banking,0
32e2c770-a897-4b43-81c4-6af74a9b9944,2026-08-14T17:43:18.584976+00:00,ORIG-76554,RCVR-69710,375.2,Summit Health,Cedar Utilities,WA,IL,3419,Bill payment,WEB,API,0
a971d55a-a358-4021-ba63-bba1f6f6d65c,2026-07-13T13:26:18.584976+00:00,ORIG-93360,RCVR-98188,143.65,Northstar Services,Maple Consulting,MA,MA,1028,Vendor payment,PPD,File upload,0
55f2da1b-a62c-44c2-aecf-19181d8ee3fb,2026-07-12T08:01:18.584976+00:00,ORIG-22195,RCVR-49847,728.88,Summit Health,Brightline Supply,CO,NY,2767,Vendor payment,WEB,Branch initiated,0
44776e1f-ccfe-45b5-92c2-5c4d77afd364,2026-07-26T00:01:18.584976+00:00,ORIG-63142,RCVR-51599,271.7,Northstar Services,Maple Consulting,CO,TX,3389,Payroll,WEB,API,0
4e4f7ca3-2034-45d4-ae0a-0d8203d015c0,2026-07-21T12:09:18.584976+00:00,ORIG-78029,RCVR-52618,690.33,Pine Valley Foods,Avery Johnson,CA,CA,3153,Vendor payment,PPD,File upload,0
7bf75876-267f-4475-9f63-295effd946f6,2026-07-09T10:03:18.584976+00:00,ORIG-24026,RCVR-90387,711.58,Northstar Services,Maple Consulting,NC,WA,1746,Bill payment,WEB,API,0
3856c05a-ee95-431e-b6e8-5c233f3e6d01,2026-08-13T14:14:18.584976+00:00,ORIG-75480,RCVR-12888,368.75,Summit Health,Avery Johnson,CO,OH,2358,Tax payment,CCD,Online banking,0
1db52485-1b86-417e-beda-70e4daa2ea9b,2026-07-02T01:55:18.584976+00:00,ORIG-65765,RCVR-82144,169.55,Pine Valley Foods,Avery Johnson,CO,WA,3399,Bill payment,PPD,API,0
a0dcb1d7-ba20-4875-a9a8-1545e965f268,2026-07-18T13:08:18.584976+00:00,ORIG-18649,RCVR-54193,220.29,Harbor Manufacturing,Avery Johnson,IL,CA,2285,Bill payment,PPD,Online banking,0
0923409a-d4f1-4de1-9c4f-ca814d03ac14,2026-07-01T12:11:18.584976+00:00,ORIG-98920,RCVR-74248,451.53,Summit Health,Brightline Supply,CO,NC,2859,Bill payment,WEB,File upload,0
58fa0149-fb70-44d3-b373-2f05105e58bf,2026-07-14T09:56:18.584976+00:00,ORIG-23124,RCVR-59891,645.94,Harbor Manufacturing,Cedar Utilities,NY,VA,757,Direct deposit,WEB,Online banking,0
494f7245-edb8-452e-8d73-836e54b437e7,2026-06-22T07:36:18.584976+00:00,ORIG-91085,RCVR-55100,631.21,Summit Health,Avery Johnson,NC,TX,1448,Direct deposit,PPD,Online banking,0
02a1e021-5a63-4d21-871e-37a5356c3bec,2026-07-13T09:40:18.584976+00:00,ORIG-18614,RCVR-92004,421.77,Pine Valley Foods,Brightline Supply,IL,MA,2197,Tax payment,WEB,Branch initiated,0
548f192a-ce3d-48e1-8f46-e676836feed3,2026-08-16T19:50:18.584976+00:00,ORIG-71002,RCVR-61440,139.8,Northstar Services,Cedar Utilities,CO,IL,2865,Vendor payment,WEB,Branch initiated,0
689761c3-2f0f-4ec1-b323-fe7566407ab6,2026-08-07T17:26:18.584976+00:00,ORIG-55815,RCVR-84427,368.92,Harbor Manufacturing,Brightline Supply,FL,FL,3513,Payroll,WEB,API,0
2a0665a7-5326-42c7-86b2-023dd30d5619,2026-07-19T02:46:18.584976+00:00,ORIG-26962,RCVR-67593,343.18,Pine Valley Foods,Avery Johnson,WA,NY,1125,Tax payment,WEB,Online banking,0
aae799e6-f8b8-45ad-a1fe-6797f1435105,2026-06-29T07:12:18.584976+00:00,ORIG-69875,RCVR-52421,710.7,Pine Valley Foods,Maple Consulting,CA,GA,3231,Payroll,WEB,File upload,0
5afb0763-a971-41d7-86b1-104d276d8c99,2026-07-04T20:09:18.584976+00:00,ORIG-83495,RCVR-28185,648.92,Harbor Manufacturing,Avery Johnson,WA,NC,2393,Bill payment,PPD,Online banking,0
e5fe6796-1694-4c90-b6a5-cccf3f1d68b2,2026-06-25T09:50:18.584976+00:00,ORIG-66234,RCVR-37816,684.41,Summit Health,Avery Johnson,TX,CO,2204,Tax payment,WEB,Online banking,0
f1f1c71f-9f5a-44ee-8c13-d84a592a4ecf,2026-08-01T09:55:18.584976+00:00,ORIG-10354,RCVR-83598,3048.13,Summit Health,Maple Consulting,TX,NY,1231,Vendor payment,CCD,Online banking,0
51cbf2f7-f426-42d6-9aec-b3128504f6f6,2026-08-12T21:50:18.584976+00:00,ORIG-85172,RCVR-38459,282.53,Pine Valley Foods,Avery Johnson,FL,TX,1083,Payroll,PPD,API,0
74ae3918-6999-404f-b500-929e27c26c75,2026-07-20T20:15:18.584976+00:00,ORIG-44539,RCVR-29268,878.56,Summit Health,Avery Johnson,VA,WA,443,Tax payment,PPD,Branch initiated,0
10e07157-cce3-4a99-8321-8dc255ed3700,2026-08-15T08:00:18.584976+00:00,ORIG-13845,RCVR-69890,1883.56,Northstar Services,Cedar Utilities,IL,GA,1355,Bill payment,CCD,Online banking,0
61b19d4f-db79-4760-af08-ae90c39c8fe3,2026-07-01T20:28:18.584976+00:00,ORIG-56940,RCVR-99856,917.9,Summit Health,Cedar Utilities,NY,VA,2261,Bill payment,CCD,API,0
ab870ca0-d779-4344-85fc-0cb7736baea0,2026-07-28T08:16:18.584976+00:00,ORIG-34898,RCVR-32411,211.09,Summit Health,Cedar Utilities,FL,FL,1242,Direct deposit,CCD,Branch initiated,0
36cc342b-d46d-4211-9f30-291b349e44b0,2026-08-12T08:01:18.584976+00:00,ORIG-73622,RCVR-48365,151.72,Pine Valley Foods,Maple Consulting,WA,WA,2233,Bill payment,PPD,Branch initiated,0
d8584d03-e5a4-4ff2-9e81-0ec92f98ea99,2026-07-14T18:50:18.584976+00:00,ORIG-45374,RCVR-55214,647.97,Northstar Services,Avery Johnson,CO,FL,2610,Bill payment,WEB,File upload,0
9e9fcd9f-a780-45ac-9375-0a5b20acab53,2026-08-10T09:55:18.584976+00:00,ORIG-63666,RCVR-16917,254.65,Summit Health,Maple Consulting,CO,CO,2395,Direct deposit,WEB,API,0
043481ef-7a8b-4242-be65-8df6d9f6ba0b,2026-08-06T00:25:18.584976+00:00,ORIG-59368,RCVR-83531,596.81,Harbor Manufacturing,Maple Consulting,FL,CO,144,Tax payment,PPD,Online banking,0
9203a1c1-6c3e-44ad-a48f-3503ca5add7b,2026-08-01T08:12:18.584976+00:00,ORIG-48941,RCVR-10553,1896.54,Harbor Manufacturing,Maple Consulting,MA,WA,1170,Vendor payment,WEB,File upload,0
19fa7dad-4462-4302-b09a-190a6518fcb5,2026-08-09T14:53:18.584976+00:00,ORIG-46317,RCVR-70023,513.68,Pine Valley Foods,Maple Consulting,NY,FL,3530,Tax payment,WEB,API,0
6fef4894-291d-4c6b-b93a-fefc91c90acd,2026-07-12T08:08:18.584976+00:00,ORIG-61026,RCVR-28627,138.93,Northstar Services,Brightline Supply,IL,IL,2998,Bill payment,CCD,Online banking,0
cc159357-6720-4c1b-92df-1d7c44236c77,2026-06-24T23:58:18.584976+00:00,ORIG-72505,RCVR-36209,237.12,Harbor Manufacturing,Brightline Supply,NC,VA,2288,Payroll,PPD,Branch initiated,0
65313746-d8a3-49e8-b200-b0d684ced16a,2026-07-17T05:27:18.584976+00:00,ORIG-87725,RCVR-11310,760.35,Summit Health,Avery Johnson,TX,FL,1895,Payroll,WEB,Online banking,0
cfd1af10-d468-4a40-b104-e182c1fd93e2,2026-07-27T17:35:18.584976+00:00,ORIG-64537,RCVR-97482,233.11,Harbor Manufacturing,Brightline Supply,NY,CA,2849,Direct deposit,PPD,Online banking,0
c3c0b097-e863-4746-850a-f18bf3b36091,2026-07-25T09:15:18.584976+00:00,ORIG-75665,RCVR-84892,266.55,Harbor Manufacturing,Brightline Supply,CA,IL,2611,Bill payment,WEB,File upload,0
175b201c-96c5-475f-90f3-01430e80fc3d,2026-07-18T17:52:18.584976+00:00,ORIG-38600,RCVR-89104,260.55,Summit Health,Avery Johnson,NC,NC,2920,Direct deposit,WEB,Online banking,0
fe0b5abb-1e99-4717-9446-9570a88b3964,2026-07-09T07:02:18.584976+00:00,ORIG-56660,RCVR-64863,606.85,Harbor Manufacturing,Maple Consulting,NC,NY,1627,Direct deposit,CCD,Branch initiated,0
ae907405-a131-4a0f-bb71-61238935a937,2026-08-12T09:48:18.584976+00:00,ORIG-23525,RCVR-61511,237.52,Harbor Manufacturing,Avery Johnson,WA,OH,582,Vendor payment,PPD,Online banking,0
465b765a-3883-4738-8260-27120ff6b818,2026-07-28T13:33:18.584976+00:00,ORIG-27799,RCVR-99075,535.81,Harbor Manufacturing,Cedar Utilities,GA,WA,1256,Direct deposit,PPD,Online banking,0
b3e2501f-d386-49bf-8caa-216d395ccfd1,2026-07-25T23:57:18.584976+00:00,ORIG-91382,RCVR-15623,570.16,Northstar Services,Cedar Utilities,GA,MA,1732,Bill payment,PPD,File upload,0
f78b56b1-6f15-4633-a948-92e9870fb7c6,2026-07-15T09:57:18.584976+00:00,ORIG-97308,RCVR-21220,350.33,Pine Valley Foods,Maple Consulting,MA,TX,1875,Tax payment,PPD,Online banking,0
f365084b-074d-4edc-a83a-2641a834c581,2026-07-10T02:09:18.584976+00:00,ORIG-21958,RCVR-12231,456.49,Northstar Services,Maple Consulting,GA,IL,868,Bill payment,CCD,Branch initiated,0
b3556930-1218-4321-ad14-c551e8085556,2026-07-17T22:56:18.584976+00:00,ORIG-14897,RCVR-26487,1369.74,Harbor Manufacturing,Brightline Supply,NC,IL,2299,Bill payment,WEB,Online banking,0
4f5b6800-13bc-44ca-aecd-de4d45752bae,2026-08-03T10:47:18.584976+00:00,ORIG-22686,RCVR-57169,750.22,Harbor Manufacturing,Cedar Utilities,CO,FL,3035,Bill payment,WEB,File upload,0
851688cf-3ab4-4c53-a1be-68ab91363d4e,2026-07-27T11:02:18.584976+00:00,ORIG-24576,RCVR-66803,127.7,Summit Health,Cedar Utilities,WA,NY,1554,Payroll,PPD,API,0
45da1daa-75a2-4045-9539-8df9ad9b1a29,2026-08-10T21:59:18.584976+00:00,ORIG-27017,RCVR-81818,201.13,Northstar Services,Brightline Supply,CA,GA,2202,Vendor payment,CCD,Online banking,0
c072a1ae-dc2c-4845-9851-0a64c06a1cd5,2026-07-25T17:38:18.584976+00:00,ORIG-91569,RCVR-25875,1343.53,Summit Health,Brightline Supply,WA,WA,1386,Payroll,CCD,File upload,0
f068c9e5-a537-4b17-829c-6f71d599954f,2026-07-02T04:59:18.584976+00:00,ORIG-48568,RCVR-63532,338.33,Summit Health,Brightline Supply,CO,CO,962,Direct deposit,PPD,Online banking,0
6e8d36fa-5eae-4f11-a6c4-6ebd6c536919,2026-07-17T17:31:18.584976+00:00,ORIG-15449,RCVR-36752,606.4,Harbor Manufacturing,Cedar Utilities,IL,MA,1891,Vendor payment,PPD,Online banking,0
5843d433-ab53-487f-97ca-fc38d8789d21,2026-08-11T02:10:18.584976+00:00,ORIG-34203,RCVR-50672,622.26,Pine Valley Foods,Cedar Utilities,GA,CO,2857,Direct deposit,PPD,File upload,0
be940cd2-7a12-493f-beea-09a81389262a,2026-08-10T17:26:18.584976+00:00,ORIG-33374,RCVR-20258,5468.8,Harbor Manufacturing,Brightline Supply,WA,NC,1058,Payroll,CCD,Online banking,0
f20f273e-5646-4381-b70c-03e38c573829,2026-07-25T07:49:18.584976+00:00,ORIG-27186,RCVR-11226,479.06,Harbor Manufacturing,Cedar Utilities,CO,WA,1852,Bill payment,PPD,API,0
ef26539c-5cca-41e0-bf72-78fa194bf1a7,2026-07-13T02:36:18.584976+00:00,ORIG-48827,RCVR-77596,703.23,Northstar Services,Brightline Supply,CA,NY,966,Vendor payment,WEB,Online banking,0
45931c36-3bb2-4306-8293-6a33492367c8,2026-07-12T20:07:18.584976+00:00,ORIG-68078,RCVR-55893,604.86,Northstar Services,Avery Johnson,IL,CO,1434,Direct deposit,CCD,API,0
c463c63e-d556-4c1c-bfb7-3526dbad302b,2026-07-21T06:15:18.584976+00:00,ORIG-41294,RCVR-76357,208.26,Summit Health,Maple Consulting,IL,OH,2786,Bill payment,WEB,API,0
559f72b2-e4ef-477e-a6c7-9e3f0861483c,2026-08-20T15:49:18.584976+00:00,ORIG-36965,RCVR-15493,1191.89,Northstar Services,Maple Consulting,CA,NY,2798,Tax payment,CCD,Online banking,0
6784eba3-8644-47a3-afe3-9cf0d69686d5,2026-07-29T06:00:18.584976+00:00,ORIG-35398,RCVR-22821,1131.59,Pine Valley Foods,Maple Consulting,NC,NY,1626,Vendor payment,PPD,API,0
aefdcb94-135a-4b92-862e-2b3876c9f934,2026-07-10T02:01:18.584976+00:00,ORIG-25458,RCVR-97635,207.01,Northstar Services,Brightline Supply,NY,CA,2912,Bill payment,WEB,File upload,0
09173514-1e68-498a-878f-36ef79675b05,2026-08-03T11:39:18.584976+00:00,ORIG-44022,RCVR-31126,428.08,Summit Health,Brightline Supply,GA,TX,612,Tax payment,WEB,Online banking,0
753808fb-9a0f-46ab-b91a-10ea0ac45481,2026-07-19T21:14:18.584976+00:00,ORIG-91909,RCVR-60061,110.94,Northstar Services,Cedar Utilities,MA,WA,1905,Bill payment,CCD,API,0
85d28255-906d-4d3b-89c5-0caf2ca00cbf,2026-08-19T03:45:18.584976+00:00,ORIG-36953,RCVR-41423,626.7,Harbor Manufacturing,Maple Consulting,OH,CO,2532,Tax payment,PPD,Online banking,0
b38364d0-c34a-4eae-8b2c-9e0f506b809a,2026-07-26T00:08:18.584976+00:00,ORIG-15821,RCVR-63207,626.91,Harbor Manufacturing,Brightline Supply,GA,MA,3276,Vendor payment,WEB,File upload,0
6673bf7a-f1da-4aca-be17-4103b06fb01b,2026-06-25T06:28:18.584976+00:00,ORIG-29001,RCVR-65348,273.14,Pine Valley Foods,Brightline Supply,NC,WA,564,Tax payment,CCD,API,0
5c0e14be-94e2-47ab-a80e-45b6d2cf5c01,2026-07-06T03:12:18.584976+00:00,ORIG-56514,RCVR-43610,1053.94,Harbor Manufacturing,Maple Consulting,NY,IL,62,Vendor payment,WEB,Online banking,0
ea420300-e5cc-4926-bccf-11a80cda4899,2026-06-23T23:42:18.584976+00:00,ORIG-76111,RCVR-60533,334.78,Harbor Manufacturing,Brightline Supply,OH,NC,3594,Bill payment,WEB,Online banking,0
bf1e775f-79dd-46d1-85c7-70387edae1a3,2026-06-24T09:32:18.584976+00:00,ORIG-48645,RCVR-52224,380.73,Harbor Manufacturing,Brightline Supply,VA,NC,3005,Bill payment,WEB,Online banking,0
173c6828-f005-4bcd-ac0d-d784b8b84d49,2026-06-24T03:21:18.584976+00:00,ORIG-44510,RCVR-24503,179.06,Pine Valley Foods,Maple Consulting,WA,TX,1930,Vendor payment,WEB,Online banking,0
62055924-1142-4506-b7fc-f253e173e8c6,2026-07-02T11:38:18.584976+00:00,ORIG-15684,RCVR-25237,240.05,Harbor Manufacturing,Maple Consulting,IL,IL,2803,Tax payment,CCD,Online banking,0
ddc42e56-a902-47da-9051-c57e01ba1075,2026-06-22T18:16:18.584976+00:00,ORIG-27503,RCVR-99483,768.17,Harbor Manufacturing,Cedar Utilities,OH,OH,1813,Payroll,WEB,File upload,0
6f415119-02aa-49cc-89ff-185ead2ea228,2026-08-18T04:50:18.584976+00:00,ORIG-21995,RCVR-33036,121.8,Harbor Manufacturing,Avery Johnson,MA,TX,2763,Direct deposit,CCD,File upload,0
b62ea726-e385-4f84-b98f-214b23f566fd,2026-06-23T17:50:18.584976+00:00,ORIG-65537,RCVR-40036,152.26,Summit Health,Cedar Utilities,NY,MA,3211,Direct deposit,PPD,Online banking,0
1f2158c7-bb81-4b0d-8c2a-68a18ce9c96f,2026-08-17T00:14:18.584976+00:00,ORIG-26138,RCVR-95971,88.64,Pine Valley Foods,Cedar Utilities,GA,NY,564,Payroll,PPD,Branch initiated,0
81fb7536-467f-430f-9c48-05b8bb2978a9,2026-07-18T08:17:18.584976+00:00,ORIG-92527,RCVR-96306,362.82,Summit Health,Cedar Utilities,GA,TX,1083,Bill payment,PPD,Online banking,0
2830b1b4-84ca-41c0-ad2a-5f5637166f3b,2026-07-18T12:53:18.584976+00:00,ORIG-32774,RCVR-40535,957.76,Harbor Manufacturing,Avery Johnson,TX,NY,2732,Tax payment,WEB,File upload,0
bad0481e-641c-4a47-9a69-120a19a4ffe0,2026-07-23T05:44:18.584976+00:00,ORIG-32216,RCVR-88678,394.19,Pine Valley Foods,Maple Consulting,MA,FL,1496,Tax payment,WEB,Online banking,0
5e89e7ce-0b84-478f-9b4c-9c656a55b59c,2026-06-30T20:28:18.584976+00:00,ORIG-27832,RCVR-30676,684.5,Northstar Services,Cedar Utilities,MA,IL,730,Tax payment,PPD,Online banking,0
5780a523-1d64-4818-a95f-db6bb478acc4,2026-07-05T23:32:18.584976+00:00,ORIG-62708,RCVR-68711,737.82,Pine Valley Foods,Brightline Supply,VA,TX,2815,Vendor payment,CCD,Online banking,0
1d7cb0fa-8662-426a-b5f7-c793b90ce161,2026-06-24T08:07:18.584976+00:00,ORIG-37013,RCVR-16705,331.72,Northstar Services,Avery Johnson,GA,FL,3522,Bill payment,CCD,File upload,0
37449844-e529-4bc3-be73-7b17ffd22d07,2026-07-08T10:28:18.584976+00:00,ORIG-88041,RCVR-59046,679.12,Northstar Services,Maple Consulting,GA,FL,3588,Bill payment,WEB,Online banking,0
f6c273d4-a21a-47a9-b46d-a99da934baa5,2026-07-08T19:44:18.584976+00:00,ORIG-59340,RCVR-36888,509.58,Summit Health,Cedar Utilities,OH,WA,1612,Vendor payment,WEB,Online banking,0
f767b8b2-3a9c-4f86-b56d-3fe7343e6acb,2026-08-15T22:43:18.584976+00:00,ORIG-69636,RCVR-25278,857.53,Summit Health,Cedar Utilities,VA,OH,83,Bill payment,PPD,Branch initiated,0
00a57d4a-951b-49e3-8460-8711340d11cf,2026-08-14T18:39:18.584976+00:00,ORIG-53515,RCVR-81590,175.8,Harbor Manufacturing,Brightline Supply,OH,NC,1923,Direct deposit,WEB,Online banking,0
9e3ff470-3f47-4c85-bef5-c2e56a3efbed,2026-08-06T13:45:18.584976+00:00,ORIG-11369,RCVR-42231,592.25,Harbor Manufacturing,Avery Johnson,NC,CA,708,Tax payment,CCD,Online banking,0
93c2d731-0ce1-4736-830e-bf8629baeff2,2026-07-30T09:47:18.584976+00:00,ORIG-87184,RCVR-87104,382.89,Harbor Manufacturing,Maple Consulting,NY,CO,2709,Bill payment,PPD,File upload,0
977e6f5d-773a-419f-b66c-ce0d42e512d6,2026-07-08T19:45:18.584976+00:00,ORIG-32758,RCVR-99201,190.54,Harbor Manufacturing,Brightline Supply,CO,VA,3468,Bill payment,WEB,Online banking,0
2f9f6184-8b6a-49e7-ab0d-a2de0a9bbe7e,2026-07-28T04:01:18.584976+00:00,ORIG-83418,RCVR-99072,132.82,Pine Valley Foods,Avery Johnson,FL,NY,471,Vendor payment,PPD,File upload,0
ea84f46d-9e03-4315-bff9-14c06eb43b04,2026-06-22T12:02:18.584976+00:00,ORIG-34978,RCVR-24581,524.1,Northstar Services,Maple Consulting,TX,MA,2817,Payroll,CCD,File upload,0
d20ac6e8-2045-49d1-a633-2f7c6e4ccb6f,2026-08-07T11:36:18.584976+00:00,ORIG-52915,RCVR-17179,995.06,Summit Health,Avery Johnson,GA,IL,3144,Direct deposit,CCD,File upload,0
ec199dc1-196c-49e9-866d-216ca04b5c16,2026-08-19T18:02:18.584976+00:00,ORIG-60337,RCVR-11306,152.03,Summit Health,Avery Johnson,OH,CA,116,Bill payment,PPD,Online banking,0
d014a231-42d3-48ce-96a6-f23e24421774,2026-07-30T23:58:18.584976+00:00,ORIG-12883,RCVR-22747,736.24,Harbor Manufacturing,Cedar Utilities,WA,IL,416,Direct deposit,PPD,File upload,0
dfae71db-632d-4f3d-83e4-e17eaf814bb3,2026-07-25T09:16:18.584976+00:00,ORIG-56963,RCVR-30487,498.36,Pine Valley Foods,Cedar Utilities,MA,VA,1018,Bill payment,PPD,Online banking,0
9c9243c3-fd9d-4578-aa6a-ec2b39e288ce,2026-07-01T14:10:18.584976+00:00,ORIG-64369,RCVR-81980,232.78,Pine Valley Foods,Maple Consulting,CO,FL,1345,Vendor payment,CCD,Online banking,0
dab1333b-3054-47c8-b870-17431402918c,2026-08-02T05:24:18.584976+00:00,ORIG-90790,RCVR-63736,119.29,Harbor Manufacturing,Maple Consulting,WA,VA,2093,Bill payment,CCD,Online banking,0
167d6313-8556-4868-97fc-0bf19aab585c,2026-06-26T14:13:18.584976+00:00,ORIG-59126,RCVR-74441,446.91,Summit Health,Cedar Utilities,CO,TX,2591,Vendor payment,WEB,File upload,0
4cac4668-8b10-492d-a7ef-b1dd7a35f19e,2026-07-28T11:33:18.584976+00:00,ORIG-43423,RCVR-90844,345.0,Pine Valley Foods,Avery Johnson,VA,TX,1267,Bill payment,CCD,File upload,0
ea127b08-ee61-4475-a39a-78fc5036c686,2026-07-06T03:22:18.584976+00:00,ORIG-18120,RCVR-32103,329.26,Pine Valley Foods,Avery Johnson,TX,VA,471,Bill payment,WEB,Online banking,0
e03311e1-77bd-4218-a788-e1aae350ba36,2026-07-21T19:53:18.584976+00:00,ORIG-98488,RCVR-29599,410.65,Summit Health,Avery Johnson,CA,VA,3422,Tax payment,PPD,Online banking,0
f283a1fe-2387-4ec0-9bee-e7d460ea64f4,2026-08-14T05:39:18.584976+00:00,ORIG-88707,RCVR-80737,388.75,Northstar Services,Brightline Supply,OH,WA,455,Payroll,CCD,API,0
1661ccda-dec6-4f4d-a218-c98b3bea036b,2026-07-05T13:20:18.584976+00:00,ORIG-43163,RCVR-43458,182.66,Harbor Manufacturing,Brightline Supply,IL,IL,550,Payroll,WEB,Online banking,0
d8f4a608-2f32-4c2b-9435-bfe769bf88a3,2026-07-21T15:37:18.584976+00:00,ORIG-84483,RCVR-45721,116.65,Harbor Manufacturing,Brightline Supply,CO,CA,2153,Vendor payment,PPD,Online banking,0
6ea0d2ae-5013-4ec1-a133-16d8ec25f3d7,2026-07-19T09:15:18.584976+00:00,ORIG-99185,RCVR-11435,440.27,Northstar Services,Avery Johnson,NC,FL,3068,Tax payment,WEB,Branch initiated,0
618af8e0-fc19-4f7c-a659-4b4b8c389dd8,2026-07-08T22:31:18.584976+00:00,ORIG-23999,RCVR-50409,743.57,Pine Valley Foods,Maple Consulting,IL,WA,734,Tax payment,CCD,Online banking,0
39564d53-7f24-4bed-a59b-c7dcc2dbae82,2026-07-12T17:58:18.584976+00:00,ORIG-34891,RCVR-20247,269.81,Harbor Manufacturing,Brightline Supply,WA,VA,296,Payroll,WEB,Branch initiated,0
a560973b-76e3-44df-b856-86ba87ba0af8,2026-08-02T13:47:18.584976+00:00,ORIG-19455,RCVR-87445,355.05,Northstar Services,Brightline Supply,NC,WA,1013,Payroll,PPD,Online banking,0
17137f47-1515-4eaf-a421-8bcbcacc95e9,2026-08-05T09:06:18.584976+00:00,ORIG-35322,RCVR-69584,184.01,Harbor Manufacturing,Brightline Supply,MA,WA,1423,Payroll,WEB,Online banking,0
7bc6af0c-8bbb-4867-9497-bd7853240f1d,2026-07-26T21:44:18.584976+00:00,ORIG-44708,RCVR-66568,615.88,Summit Health,Brightline Supply,CA,NY,160,Tax payment,IAT,Branch initiated,1
d948a0ac-4652-46fe-bd0a-4a58bbccc4ae,2026-08-11T09:04:18.584976+00:00,ORIG-22616,RCVR-16156,1194.71,Summit Health,Maple Consulting,OH,FL,2597,Direct deposit,PPD,Online banking,0
fc4d3537-9b9f-4d5b-a8dc-d12e74e9732b,2026-07-18T07:22:18.584976+00:00,ORIG-63253,RCVR-87754,554.86,Summit Health,Maple Consulting,NY,NY,1530,Bill payment,WEB,Online banking,0
9bfba88a-42a8-48b1-b4f8-fffc70f8cdb6,2026-08-18T02:43:18.584976+00:00,ORIG-33070,RCVR-81805,700.54,Summit Health,Brightline Supply,NY,CA,118,Bill payment,CCD,Online banking,0
1c5d87c2-7147-4869-9c6f-a7b1d4ad48ed,2026-08-06T16:01:18.584976+00:00,ORIG-33577,RCVR-89036,457.02,Summit Health,Maple Consulting,WA,NC,744,Direct deposit,PPD,Online banking,0
62c6fff4-5f3a-44fd-ab03-8a8439935e57,2026-07-04T04:46:18.584976+00:00,ORIG-44805,RCVR-32299,621.79,Summit Health,Cedar Utilities,CA,VA,1616,Payroll,WEB,API,0
73119cb6-cb11-43de-8724-866dfad83b21,2026-07-15T03:38:18.584976+00:00,ORIG-53491,RCVR-76370,2050.73,Pine Valley Foods,Brightline Supply,OH,TX,774,Payroll,CCD,Online banking,0
ff273dd9-8ca1-4bf6-84fe-dbc3de1df5cd,2026-08-12T05:03:18.584976+00:00,ORIG-49275,RCVR-79729,246.8,Harbor Manufacturing,Maple Consulting,MA,GA,59,Bill payment,CCD,Online banking,0
f0185b54-77f3-485b-99ee-041000f586a8,2026-07-28T08:25:18.584976+00:00,ORIG-95064,RCVR-48166,4549.82,Northstar Services,Maple Consulting,IL,VA,99,Bill payment,PPD,API,1
1881fd1c-003a-4d09-a340-9a37fe196af1,2026-08-16T00:23:18.584976+00:00,ORIG-86833,RCVR-12080,285.88,Harbor Manufacturing,Maple Consulting,GA,NY,545,Payroll,CCD,File upload,0
c57e850d-0237-485d-8e2f-63bef204334f,2026-07-15T22:20:18.584976+00:00,ORIG-75616,RCVR-13427,368.82,Harbor Manufacturing,Maple Consulting,VA,FOREIGN,149,Payroll,TEL,Online banking,1
4fe66f37-8ed0-42ab-8e5c-27ae79aaefb1,2026-07-05T17:08:18.584976+00:00,ORIG-46111,RCVR-29708,353.44,Northstar Services,Maple Consulting,NY,FL,622,Direct deposit,WEB,Online banking,0
fdc69e48-de85-41fe-8844-812ff413c2ba,2026-07-16T05:10:18.584976+00:00,ORIG-91170,RCVR-51301,184.47,Summit Health,Avery Johnson,GA,IL,148,Payroll,WEB,Online banking,0
79062c34-b509-4b7d-810e-5c475132aa89,2026-07-01T07:05:18.584976+00:00,ORIG-18835,RCVR-48169,983.44,Summit Health,Cedar Utilities,IL,TX,454,Vendor payment,CCD,Online banking,0
dab72207-fcfb-4ef1-ae6d-63795b5a1958,2026-06-26T23:35:18.584976+00:00,ORIG-63186,RCVR-22155,416.6,Summit Health,Avery Johnson,MA,FL,2729,Tax payment,CCD,API,0
60882f37-b353-4747-8d12-64ca2d769918,2026-07-08T15:46:18.584976+00:00,ORIG-67282,RCVR-43459,378.47,Harbor Manufacturing,Cedar Utilities,CA,CO,551,Bill payment,WEB,Online banking,0
0d2f68ee-9e6b-4fe6-a522-bb081c53576e,2026-06-28T14:28:18.584976+00:00,ORIG-82663,RCVR-21804,760.52,Pine Valley Foods,Avery Johnson,GA,IL,992,Direct deposit,PPD,Branch initiated,0
ef92c05c-0dd3-4325-821c-b6d5bc218006,2026-06-23T10:20:18.584976+00:00,ORIG-97582,RCVR-53660,403.12,Pine Valley Foods,Brightline Supply,TX,CO,1157,Payroll,CCD,Branch initiated,0
87ec7d34-87bd-46e8-afad-046234080c69,2026-07-17T10:49:18.584976+00:00,ORIG-66984,RCVR-99971,610.9,Northstar Services,Cedar Utilities,CO,CA,2510,Vendor payment,WEB,Online banking,0
61601e29-5177-466b-b35e-be85df2e7e16,2026-07-02T12:32:18.584976+00:00,ORIG-60450,RCVR-24785,139.93,Harbor Manufacturing,Cedar Utilities,GA,NC,1489,Payroll,PPD,File upload,0
f01bcbbc-979c-48d7-9b4c-02892603d1c3,2026-07-24T11:20:18.584976+00:00,ORIG-94692,RCVR-19804,1333.55,Pine Valley Foods,Cedar Utilities,GA,NC,1587,Payroll,WEB,Branch initiated,0
70cfb3fd-8012-49fc-af8d-6d55f6b7a103,2026-08-13T14:43:18.584976+00:00,ORIG-30962,RCVR-18750,2451.71,Pine Valley Foods,Avery Johnson,CO,MA,2560,Vendor payment,PPD,API,0
475894df-6624-4320-af3f-5381b240153f,2026-08-02T00:40:18.584976+00:00,ORIG-15101,RCVR-40789,893.48,Pine Valley Foods,Maple Consulting,VA,NC,120,Direct deposit,WEB,API,1
f6110764-9046-4c02-a1f1-47f8472b52f3,2026-06-24T11:24:18.584976+00:00,ORIG-12835,RCVR-82101,165.04,Harbor Manufacturing,Cedar Utilities,VA,CO,3166,Bill payment,WEB,Branch initiated,0
8c959093-e1e7-4748-90e1-489ea66da644,2026-08-20T06:53:18.584976+00:00,ORIG-86598,RCVR-49178,1270.45,Northstar Services,Brightline Supply,NC,IL,3629,Bill payment,WEB,Online banking,0
c4dcb91c-8df3-4b63-89a1-ae6856666dfa,2026-08-06T16:09:18.584976+00:00,ORIG-52432,RCVR-48057,211.4,Harbor Manufacturing,Brightline Supply,FL,MA,3552,Payroll,CCD,Online banking,0
50e88111-d36e-4f73-bf2f-87c3cc216d6b,2026-07-30T11:00:18.584976+00:00,ORIG-29385,RCVR-56022,735.23,Harbor Manufacturing,Maple Consulting,WA,GA,3010,Vendor payment,WEB,Online banking,0
87efc702-ff34-409d-a6af-afd4d537db8f,2026-07-20T04:43:18.584976+00:00,ORIG-24141,RCVR-20210,342.78,Northstar Services,Brightline Supply,VA,GA,2854,Direct deposit,CCD,File upload,0
cbf3c321-2707-4e1b-a0ec-d2cab188e784,2026-06-25T09:03:18.584976+00:00,ORIG-26345,RCVR-37695,580.64,Harbor Manufacturing,Brightline Supply,FL,WA,3334,Payroll,PPD,Online banking,0
7607ef1a-aea4-476c-99ce-d043c53235b5,2026-06-28T12:45:18.584976+00:00,ORIG-38316,RCVR-96853,1581.81,Northstar Services,Maple Consulting,TX,OH,57,Vendor payment,PPD,File upload,1
e5f8e24a-c9fc-4428-ae77-8aaba42fd5a3,2026-08-15T02:22:18.584976+00:00,ORIG-20807,RCVR-92611,941.68,Summit Health,Avery Johnson,VA,TX,2303,Tax payment,CCD,API,0
7d3bf4cc-68d2-4708-9c07-054a2cf72ff0,2026-07-05T18:05:18.584976+00:00,ORIG-44860,RCVR-40961,163.73,Pine Valley Foods,Cedar Utilities,OH,CO,3619,Bill payment,WEB,File upload,0
83cde6ca-63fd-4f8a-8541-56561d16bb2d,2026-08-20T02:12:18.584976+00:00,ORIG-69232,RCVR-73698,356.4,Summit Health,Avery Johnson,OH,OH,2332,Payroll,PPD,Online banking,0
a079f7a1-74f6-4743-8d12-d307c5609df3,2026-07-13T17:45:18.584976+00:00,ORIG-95994,RCVR-55138,411.13,Summit Health,Cedar Utilities,FL,GA,2973,Tax payment,PPD,API,0
71b4a5ed-1162-4466-af17-06e6e16b0a7a,2026-07-08T21:49:18.584976+00:00,ORIG-15296,RCVR-73513,2179.26,Harbor Manufacturing,Cedar Utilities,FL,TX,142,Payroll,PPD,API,1
b99bbdb3-e8ad-4d4c-bc39-172cca830002,2026-07-16T15:21:18.584976+00:00,ORIG-62646,RCVR-34933,931.31,Northstar Services,Cedar Utilities,OH,GA,3133,Tax payment,CCD,Online banking,0
8072fde0-8f86-4098-846f-9ffea5a313ec,2026-07-04T02:00:18.584976+00:00,ORIG-17086,RCVR-42305,272.99,Harbor Manufacturing,Cedar Utilities,CO,IL,2323,Vendor payment,WEB,File upload,0
aa1d18e3-80ce-4791-ad4a-cc596bcece4f,2026-07-13T22:25:18.584976+00:00,ORIG-99440,RCVR-68319,141.51,Northstar Services,Avery Johnson,IL,MA,3411,Tax payment,CCD,Online banking,0
f6a8a467-73bb-4079-91b5-09ccbd563b8a,2026-08-12T22:41:18.584976+00:00,ORIG-96499,RCVR-65563,417.44,Summit Health,Cedar Utilities,IL,IL,2399,Payroll,WEB,API,0
cb424c26-741f-400a-83ba-65800ea8f4eb,2026-07-19T23:04:18.584976+00:00,ORIG-15669,RCVR-60350,118.89,Northstar Services,Avery Johnson,CA,NY,3386,Bill payment,WEB,Online banking,0
25522852-3f8d-4ac0-9cdc-55d0c80a4a92,2026-07-17T12:53:18.584976+00:00,ORIG-56125,RCVR-32757,249.36,Pine Valley Foods,Cedar Utilities,OH,MA,3286,Bill payment,WEB,API,0
b08a004e-b757-463a-aba8-5ec1598306a2,2026-07-25T15:56:18.584976+00:00,ORIG-98984,RCVR-61760,400.18,Northstar Services,Avery Johnson,WA,WA,3065,Bill payment,CCD,Online banking,0
d8c74aa5-94ab-4bf6-b32a-6b2a7f4c8f73,2026-08-09T00:31:18.584976+00:00,ORIG-88434,RCVR-99031,1426.39,Northstar Services,Avery Johnson,GA,NC,1953,Vendor payment,WEB,File upload,0
8738a968-3f42-428b-8697-e4c7515af40d,2026-07-31T18:14:18.584976+00:00,ORIG-14592,RCVR-70968,241.08,Summit Health,Cedar Utilities,TX,WA,1029,Vendor payment,PPD,Online banking,0
9b2213ac-95fa-4e71-87d0-551115ece6a8,2026-08-20T06:18:18.584976+00:00,ORIG-17036,RCVR-52004,613.1,Harbor Manufacturing,Cedar Utilities,VA,NY,2755,Vendor payment,PPD,Online banking,0
8c00320f-d671-4fe2-8f29-d597e119522e,2026-07-25T08:49:18.584976+00:00,ORIG-21695,RCVR-71594,796.51,Pine Valley Foods,Maple Consulting,GA,WA,1732,Vendor payment,PPD,API,0
a95bf9e8-b939-4782-a474-ae9394198a70,2026-07-05T17:51:18.584976+00:00,ORIG-12653,RCVR-29040,256.76,Summit Health,Avery Johnson,WA,IL,1312,Vendor payment,CCD,Online banking,0
806e6a01-225e-4f18-a35d-789b2e16736a,2026-08-05T10:48:18.584976+00:00,ORIG-68318,RCVR-78181,362.08,Harbor Manufacturing,Maple Consulting,CO,CA,1154,Direct deposit,PPD,Branch initiated,0
41cd5bbc-ca0b-4282-9692-2c49cdd440f6,2026-07-18T00:19:18.584976+00:00,ORIG-21495,RCVR-21834,722.81,Summit Health,Maple Consulting,FL,CA,676,Direct deposit,PPD,File upload,0
c303e4f8-3164-4399-af5d-5d41114ef499,2026-08-16T15:32:18.584976+00:00,ORIG-22041,RCVR-47068,556.47,Summit Health,Maple Consulting,OH,OH,307,Tax payment,WEB,File upload,0
212a1202-0358-4527-9394-6b339273b280,2026-07-09T16:40:18.584976+00:00,ORIG-23532,RCVR-35370,458.19,Northstar Services,Cedar Utilities,MA,WA,2297,Vendor payment,CCD,Online banking,0
0fc65cba-f892-472b-b260-bfce420fbd2a,2026-07-31T22:14:18.584976+00:00,ORIG-66644,RCVR-40541,767.15,Harbor Manufacturing,Maple Consulting,TX,IL,2838,Tax payment,CCD,API,0
0a133f09-9f41-4b36-b402-2fa53c60c742,2026-08-02T22:15:18.584976+00:00,ORIG-40263,RCVR-71163,374.98,Harbor Manufacturing,Cedar Utilities,IL,NY,2837,Direct deposit,PPD,Online banking,0
26a62185-d384-4874-ad1f-b942ea657296,2026-07-10T09:50:18.584976+00:00,ORIG-95267,RCVR-88653,194.71,Northstar Services,Maple Consulting,GA,CO,1738,Direct deposit,WEB,Online banking,0
02aa2f92-64b1-4761-ab68-50180b1a161e,2026-08-07T15:41:18.584976+00:00,ORIG-45435,RCVR-30929,143.22,Pine Valley Foods,Maple Consulting,MA,MA,1852,Direct deposit,WEB,File upload,0
c39ff46f-ef40-4966-a0af-eca5fa774f65,2026-08-19T00:14:18.584976+00:00,ORIG-54069,RCVR-80846,244.8,Summit Health,Avery Johnson,CO,IL,619,Vendor payment,CCD,API,0
759ea17c-ee35-4662-9d7c-ae91970d9737,2026-08-17T21:02:18.584976+00:00,ORIG-69985,RCVR-69212,403.97,Harbor Manufacturing,Cedar Utilities,FL,OH,65,Bill payment,PPD,Online banking,0
898bb9a1-7fbe-45ba-a5ae-ea513c31493a,2026-08-20T12:14:18.584976+00:00,ORIG-85604,RCVR-73739,594.36,Harbor Manufacturing,Maple Consulting,VA,TX,1713,Direct deposit,WEB,Online banking,0
ca1f677a-f811-4007-9cd3-e7f09196df1c,2026-08-02T05:27:18.584976+00:00,ORIG-34548,RCVR-74672,484.83,Pine Valley Foods,Maple Consulting,TX,WA,3189,Direct deposit,WEB,API,0
622bebba-7e6a-40b4-8dfd-94fe236208fc,2026-08-17T01:44:18.584976+00:00,ORIG-99138,RCVR-79931,402.74,Pine Valley Foods,Avery Johnson,TX,NY,2363,Tax payment,PPD,Branch initiated,0
18632a13-ebfd-4bca-a1c6-d36277584e9f,2026-07-29T16:57:18.584976+00:00,ORIG-34803,RCVR-62928,179.76,Pine Valley Foods,Cedar Utilities,CA,CO,2786,Vendor payment,WEB,Branch initiated,0
b68eaab5-7fce-40d5-b521-2d3d6eec5fa5,2026-07-17T09:39:18.584976+00:00,ORIG-47474,RCVR-43062,547.18,Harbor Manufacturing,Maple Consulting,NC,NY,2966,Vendor payment,PPD,Branch initiated,0
deb125a1-25a2-472f-ad60-4cb64955828d,2026-07-21T21:54:18.584976+00:00,ORIG-60063,RCVR-71087,1577.28,Harbor Manufacturing,Avery Johnson,IL,VA,74,Vendor payment,PPD,Online banking,1
f5abd268-16a5-4952-8ff8-032ec5ed1fee,2026-07-03T07:44:18.584976+00:00,ORIG-39420,RCVR-49816,293.51,Pine Valley Foods,Maple Consulting,WA,FL,2901,Bill payment,PPD,API,0
e717532c-afe4-475a-b2f2-f3b89a2b98d6,2026-07-05T02:11:18.584976+00:00,ORIG-70459,RCVR-33346,567.71,Harbor Manufacturing,Brightline Supply,CO,GA,3388,Payroll,WEB,File upload,0
03db8c28-1920-4505-b081-ccb3b71696b4,2026-07-15T04:02:18.584976+00:00,ORIG-74447,RCVR-39214,512.42,Harbor Manufacturing,Brightline Supply,NC,MA,448,Vendor payment,PPD,Online banking,0
332069f6-85b5-4b07-980d-a50ee3931180,2026-08-08T08:53:18.584976+00:00,ORIG-99075,RCVR-81233,336.61,Northstar Services,Cedar Utilities,MA,TX,755,Vendor payment,CCD,API,0
d2d9c505-b6a0-4270-bbde-2b695060ba3f,2026-08-17T15:00:18.584976+00:00,ORIG-21020,RCVR-41039,599.3,Pine Valley Foods,Maple Consulting,VA,WA,245,Direct deposit,WEB,Online banking,0
feac4c70-2b8c-4775-959c-bf3059051802,2026-06-25T18:38:18.584976+00:00,ORIG-85018,RCVR-40251,296.86,Harbor Manufacturing,Cedar Utilities,IL,FL,2405,Vendor payment,PPD,File upload,0
83d3b3cc-f279-4c75-84cd-149695207f57,2026-08-20T04:23:18.584976+00:00,ORIG-79498,RCVR-27483,249.4,Pine Valley Foods,Cedar Utilities,WA,WA,152,Payroll,CCD,Online banking,1
bf88c61b-4333-42fa-9c27-96609656af67,2026-07-16T22:43:18.584976+00:00,ORIG-58627,RCVR-51648,205.65,Summit Health,Avery Johnson,CA,OH,1671,Bill payment,PPD,File upload,0
794d4d14-b02d-49cc-9611-c304de781d9e,2026-07-17T01:45:18.584976+00:00,ORIG-24299,RCVR-26236,250.06,Pine Valley Foods,Brightline Supply,CO,MA,2749,Vendor payment,WEB,File upload,0
63c74bf2-79c7-40c6-b14d-33cf734b51ef,2026-07-17T22:17:18.584976+00:00,ORIG-42074,RCVR-33447,1280.47,Pine Valley Foods,Brightline Supply,CA,FL,497,Vendor payment,WEB,API,0
fc69db7a-d0ec-4e7c-ae4e-70d39ad96339,2026-08-08T11:56:18.584976+00:00,ORIG-76490,RCVR-25778,399.58,Harbor Manufacturing,Brightline Supply,OH,MA,706,Vendor payment,PPD,File upload,0
4b7e43f4-8e12-4054-94c6-c54b5000467d,2026-06-25T15:17:18.584976+00:00,ORIG-21061,RCVR-88605,405.21,Harbor Manufacturing,Brightline Supply,CO,CA,2714,Vendor payment,WEB,API,0
5ea10b0b-ae46-4796-8add-cf8624ea7935,2026-07-25T03:45:18.584976+00:00,ORIG-52424,RCVR-25807,586.65,Harbor Manufacturing,Avery Johnson,GA,VA,2485,Tax payment,PPD,API,0
b77b197a-03cf-4d09-be50-5b4c421ff2ce,2026-07-29T20:47:18.584976+00:00,ORIG-95913,RCVR-23440,9147.36,Northstar Services,Cedar Utilities,CO,TX,177,Direct deposit,PPD,Online banking,1
5511849d-7826-497c-8481-b7b41e6c7a06,2026-07-25T05:46:18.584976+00:00,ORIG-98377,RCVR-83378,281.79,Pine Valley Foods,Avery Johnson,CA,IL,1560,Vendor payment,WEB,API,0
27bc2efb-aa91-47e3-91b9-ee040c2d1d6f,2026-06-24T12:43:18.584976+00:00,ORIG-92821,RCVR-33125,1138.29,Summit Health,Brightline Supply,OH,GA,166,Tax payment,CCD,File upload,1
bf6bbb15-c554-4128-8d6c-d871f21679d5,2026-08-08T22:43:18.584976+00:00,ORIG-26550,RCVR-16733,218.17,Harbor Manufacturing,Maple Consulting,VA,WA,1903,Tax payment,WEB,Online banking,0
c4a5a784-f7d6-4b3e-a6e9-8f03b848c47a,2026-07-13T02:39:18.584976+00:00,ORIG-70806,RCVR-90798,540.35,Harbor Manufacturing,Cedar Utilities,CO,FL,91,Bill payment,WEB,API,0
becc8f18-3eb2-4e5e-81f8-dcd4bd7e1a7a,2026-07-22T14:51:18.584976+00:00,ORIG-31637,RCVR-50566,377.26,Summit Health,Avery Johnson,GA,VA,1624,Tax payment,CCD,File upload,0
ac11871e-2695-4c28-96af-24c73584bbad,2026-07-05T11:18:18.584976+00:00,ORIG-25182,RCVR-85282,87.21,Pine Valley Foods,Avery Johnson,OH,NC,2226,Bill payment,CCD,Online banking,0
79a3c119-775b-4472-81b5-33da456d3df3,2026-08-19T13:55:18.584976+00:00,ORIG-61140,RCVR-78140,526.37,Harbor Manufacturing,Cedar Utilities,CO,NC,3265,Direct deposit,WEB,API,0
2e52a630-e6c7-422a-8e03-3355e578f9be,2026-08-05T17:55:18.584976+00:00,ORIG-77942,RCVR-25076,157.87,Northstar Services,Maple Consulting,OH,IL,2643,Tax payment,WEB,Online banking,0
0fae94f1-367c-491f-bd76-843b7a88f5db,2026-07-11T21:45:18.584976+00:00,ORIG-14665,RCVR-54761,527.81,Summit Health,Cedar Utilities,IL,NY,395,Direct deposit,PPD,API,0
f08fab5e-7351-4968-9c24-1ec5a05e2706,2026-08-05T08:33:18.584976+00:00,ORIG-51106,RCVR-41958,1004.95,Pine Valley Foods,Cedar Utilities,OH,CO,788,Tax payment,CCD,File upload,0
4fedfd62-9b66-4580-989f-a92f1ded74ce,2026-08-18T22:47:18.584976+00:00,ORIG-88821,RCVR-69468,66.62,Pine Valley Foods,Brightline Supply,FL,NC,206,Tax payment,CCD,API,0
02855153-620a-48dd-bf4d-510222b62d52,2026-08-16T21:55:18.584976+00:00,ORIG-54305,RCVR-90525,290.59,Northstar Services,Brightline Supply,NC,IL,2202,Bill payment,CCD,Online banking,0
f3fcf36a-15df-4084-816d-4154e83119cd,2026-06-25T18:34:18.584976+00:00,ORIG-71710,RCVR-43693,863.74,Pine Valley Foods,Cedar Utilities,CO,TX,3588,Bill payment,WEB,Branch initiated,0
73234f3b-ba73-4bbd-8a01-27b13b4c6a89,2026-06-23T22:07:18.584976+00:00,ORIG-83832,RCVR-28364,258.29,Northstar Services,Cedar Utilities,WA,WA,2470,Payroll,PPD,File upload,0
a2d73fee-11c7-4a36-9196-cb558c93f4f5,2026-08-01T16:04:18.584976+00:00,ORIG-84753,RCVR-47341,769.03,Harbor Manufacturing,Cedar Utilities,CO,NY,2105,Vendor payment,PPD,API,0
54420cf7-7b03-42c7-bdce-4216c07b39c2,2026-06-29T16:04:18.584976+00:00,ORIG-48785,RCVR-30353,54.09,Summit Health,Maple Consulting,OH,NY,3375,Bill payment,PPD,API,0
42137f72-5bc2-4243-9b4d-611bb8075666,2026-07-24T03:59:18.584976+00:00,ORIG-98339,RCVR-59785,743.67,Harbor Manufacturing,Avery Johnson,OH,VA,2267,Vendor payment,WEB,API,0
86d0c827-bc95-46e4-9b00-e7d5514f1f29,2026-08-15T01:46:18.584976+00:00,ORIG-83884,RCVR-31077,742.93,Harbor Manufacturing,Avery Johnson,WA,MA,130,Tax payment,WEB,API,1
15967768-f251-4ec8-8d1d-7b1c4ad24402,2026-07-29T14:04:18.584976+00:00,ORIG-59283,RCVR-58390,154.27,Harbor Manufacturing,Maple Consulting,CO,NC,3556,Vendor payment,PPD,Online banking,0
ca917dde-5b69-4bac-baa8-096177b5012d,2026-07-24T23:09:18.584976+00:00,ORIG-51909,RCVR-86147,134.87,Northstar Services,Avery Johnson,GA,GA,54,Direct deposit,WEB,File upload,0
75b89d12-0dd5-4984-9f0e-f0e84a297fdf,2026-07-18T14:47:18.584976+00:00,ORIG-62864,RCVR-84311,245.58,Harbor Manufacturing,Avery Johnson,MA,WA,2983,Direct deposit,PPD,Online banking,0
51874c2a-d947-415a-b58e-f64832de6cc7,2026-08-07T14:32:18.584976+00:00,ORIG-99056,RCVR-90684,292.4,Summit Health,Brightline Supply,GA,WA,1874,Bill payment,WEB,Online banking,0
e3bfa85d-ad10-4a9e-9245-d91a6a574154,2026-07-16T01:53:18.584976+00:00,ORIG-64548,RCVR-61548,355.02,Harbor Manufacturing,Maple Consulting,NC,MA,872,Vendor payment,CCD,Online banking,0
c9f1cd4d-a460-4c26-88ba-26673f2cd640,2026-07-05T13:05:18.584976+00:00,ORIG-21040,RCVR-17297,370.45,Summit Health,Maple Consulting,NY,CO,925,Tax payment,PPD,Online banking,0
8b83f560-606f-4f72-b217-e97aa807c20d,2026-06-28T15:18:18.584976+00:00,ORIG-50789,RCVR-47143,471.71,Pine Valley Foods,Maple Consulting,FL,GA,1294,Payroll,CCD,Online banking,0
9d6b9d8b-f934-4fc9-8487-eab49a0d60dd,2026-07-03T21:38:18.584976+00:00,ORIG-47281,RCVR-68193,251.43,Summit Health,Cedar Utilities,NY,TX,3030,Payroll,PPD,Online banking,0
cb950c71-c137-4cfb-89ab-32ccb1b7e8d9,2026-07-09T02:14:18.584976+00:00,ORIG-60213,RCVR-99583,94.82,Northstar Services,Cedar Utilities,NC,NY,1373,Payroll,PPD,Online banking,0
f4e6504f-4d3c-4a8f-b252-8e915b3208dd,2026-07-02T00:09:18.584976+00:00,ORIG-98141,RCVR-96929,1419.6,Harbor Manufacturing,Cedar Utilities,CO,NC,2572,Payroll,WEB,API,0
70c61b74-6e32-4528-84da-b040085edb6b,2026-08-10T22:09:18.584976+00:00,ORIG-49520,RCVR-82643,849.43,Summit Health,Maple Consulting,IL,NC,3275,Payroll,PPD,File upload,0
4259454e-a413-48cc-b657-71fc84ae56ae,2026-08-02T09:40:18.584976+00:00,ORIG-80432,RCVR-66497,614.05,Summit Health,Brightline Supply,IL,FL,359,Direct deposit,PPD,Online banking,0
78ae26ba-e12b-4441-8cf5-dd1255bbb56c,2026-07-21T05:06:18.584976+00:00,ORIG-40364,RCVR-89612,128.19,Northstar Services,Maple Consulting,NC,NY,652,Direct deposit,WEB,API,0
95f88016-62ad-4fca-b203-abe52da3c060,2026-08-06T00:12:18.584976+00:00,ORIG-64200,RCVR-58950,192.97,Summit Health,Maple Consulting,VA,GA,2862,Direct deposit,CCD,Online banking,0
56b948a3-e6c4-497d-b434-371b73596b58,2026-07-09T02:39:18.584976+00:00,ORIG-13672,RCVR-30502,575.54,Pine Valley Foods,Maple Consulting,NC,IL,803,Bill payment,WEB,File upload,0
305a935b-84d6-4fac-998d-93ba4c67e6ca,2026-07-20T23:09:18.584976+00:00,ORIG-44414,RCVR-87943,332.42,Northstar Services,Maple Consulting,FL,IL,755,Direct deposit,PPD,Online banking,0
aa3dd848-142e-4091-953b-cc59cac0a226,2026-07-04T00:55:18.584976+00:00,ORIG-88046,RCVR-54590,888.51,Summit Health,Avery Johnson,CA,TX,2129,Payroll,CCD,Branch initiated,0
9813f289-c26b-41e4-9b68-434bdb230034,2026-07-31T17:30:18.584976+00:00,ORIG-55969,RCVR-61609,643.41,Summit Health,Maple Consulting,WA,CO,1346,Payroll,WEB,API,0
e4e4f48b-904d-439b-9d0f-0b8d3ffd7189,2026-07-02T10:05:18.584976+00:00,ORIG-84534,RCVR-62769,508.43,Pine Valley Foods,Cedar Utilities,CA,NC,2344,Payroll,PPD,Online banking,0
d5b3c3eb-b01d-41eb-88e3-da17e1b0e653,2026-08-03T04:01:18.584976+00:00,ORIG-67788,RCVR-56986,1716.73,Summit Health,Brightline Supply,OH,TX,8,Bill payment,PPD,File upload,1
ccc93641-fdee-4155-b198-9305a0d729a8,2026-07-27T11:10:18.584976+00:00,ORIG-61906,RCVR-63184,764.87,Northstar Services,Brightline Supply,NC,CO,1344,Bill payment,WEB,Online banking,0
d03a9841-a266-4c9c-b18b-a494f49b262c,2026-06-29T15:50:18.584976+00:00,ORIG-11687,RCVR-48108,202.98,Northstar Services,Avery Johnson,CO,VA,1075,Tax payment,WEB,File upload,0
a5a8528b-7da1-43cb-b7fc-77a968bfbeef,2026-07-07T17:25:18.584976+00:00,ORIG-17010,RCVR-32185,404.37,Harbor Manufacturing,Brightline Supply,WA,IL,884,Tax payment,WEB,API,0
b4e3914a-5118-4aff-8345-f76961d90fc4,2026-08-07T21:39:18.584976+00:00,ORIG-54345,RCVR-97741,579.0,Harbor Manufacturing,Cedar Utilities,WA,GA,2219,Tax payment,PPD,Online banking,0
a18966f0-a3b6-4bd2-ae68-b354745a7b99,2026-07-12T00:24:18.584976+00:00,ORIG-18150,RCVR-26359,227.28,Harbor Manufacturing,Brightline Supply,GA,VA,2869,Bill payment,WEB,Online banking,0
983a8e85-326c-4df9-8671-2011940c68d4,2026-07-04T17:44:18.584976+00:00,ORIG-93901,RCVR-62671,369.31,Summit Health,Brightline Supply,IL,MA,454,Vendor payment,WEB,Branch initiated,0
47ae0b08-8d2c-4405-8adc-c8f911fba328,2026-07-14T10:10:18.584976+00:00,ORIG-86727,RCVR-67074,606.76,Pine Valley Foods,Avery Johnson,NY,TX,3574,Tax payment,CCD,Online banking,0
42927292-fdfd-453b-8f90-76c35192ca42,2026-06-24T13:48:18.584976+00:00,ORIG-53702,RCVR-68641,708.16,Northstar Services,Avery Johnson,TX,VA,140,Vendor payment,CCD,Online banking,0
3c5cc3e8-754d-4fe3-b0ac-eacd80c47e06,2026-07-12T20:36:18.584976+00:00,ORIG-52169,RCVR-63099,746.44,Pine Valley Foods,Avery Johnson,FL,GA,798,Vendor payment,CCD,Branch initiated,0
ab16e2ba-afad-49e6-9852-b1bd05fed1a4,2026-08-12T19:17:18.584976+00:00,ORIG-52296,RCVR-73885,683.7,Harbor Manufacturing,Brightline Supply,FL,CA,2192,Direct deposit,PPD,Online banking,0
3b31e8f4-b194-43b5-a98e-2e03cbd9a5e4,2026-08-03T20:04:18.584976+00:00,ORIG-97416,RCVR-96992,217.89,Summit Health,Avery Johnson,NY,FL,1646,Bill payment,WEB,Online banking,0
2385de61-72c9-4ccb-9d21-a40eb2ae3025,2026-07-30T14:54:18.584976+00:00,ORIG-71658,RCVR-62205,580.21,Northstar Services,Maple Consulting,VA,CA,2251,Tax payment,CCD,API,0
2690c686-5f6b-4481-8c25-e5cf95052c15,2026-07-27T20:00:18.584976+00:00,ORIG-39606,RCVR-46406,1002.89,Harbor Manufacturing,Maple Consulting,MA,TX,2758,Payroll,CCD,File upload,0
4b6076e1-8b4d-4b5e-a431-acd99fb1827b,2026-06-23T07:33:18.584976+00:00,ORIG-61028,RCVR-12475,197.23,Summit Health,Avery Johnson,GA,GA,672,Vendor payment,PPD,Online banking,0
7b327b46-1c6d-4430-8702-49fa515ff557,2026-08-18T21:26:18.584976+00:00,ORIG-30910,RCVR-66003,442.67,Harbor Manufacturing,Maple Consulting,NC,NY,175,Vendor payment,CCD,Online banking,0
1f13fbf3-0c45-4d1f-a9c9-2b39366e9fc7,2026-07-27T02:39:18.584976+00:00,ORIG-29110,RCVR-76534,267.84,Harbor Manufacturing,Avery Johnson,CA,NC,2273,Bill payment,PPD,API,0
e034c48d-8d96-43a6-a42a-f09b16682a3c,2026-07-12T15:22:18.584976+00:00,ORIG-39202,RCVR-86640,1114.22,Pine Valley Foods,Avery Johnson,OH,WA,2031,Tax payment,CCD,API,0
4f07ce32-5ddb-4b8d-9373-7cc98f49796c,2026-07-30T13:56:18.584976+00:00,ORIG-44653,RCVR-60687,284.86,Summit Health,Maple Consulting,WA,VA,2176,Vendor payment,WEB,Online banking,0
914d619c-2b9a-4ae3-b893-dab7a39bcd30,2026-08-18T10:57:18.584976+00:00,ORIG-11916,RCVR-41465,250.96,Summit Health,Maple Consulting,GA,NY,1102,Vendor payment,WEB,API,0
6c3d1eb7-b741-4d9c-adba-b2e95a8243ab,2026-08-19T07:39:18.584976+00:00,ORIG-98129,RCVR-69108,129.33,Northstar Services,Cedar Utilities,FL,MA,1382,Bill payment,CCD,Online banking,0
434a0cf2-5fdf-4bcc-9de9-49d67c6195be,2026-07-29T11:40:18.584976+00:00,ORIG-72833,RCVR-92402,117.07,Harbor Manufacturing,Brightline Supply,OH,OH,958,Tax payment,PPD,Online banking,0
c848ea07-e402-4d0c-a750-90fe8339829f,2026-07-26T05:32:18.584976+00:00,ORIG-95018,RCVR-44601,1111.2,Pine Valley Foods,Avery Johnson,NY,TX,3401,Direct deposit,PPD,Branch initiated,0
933ee0d0-1c4b-4500-b1fd-4db711e776cc,2026-08-18T05:52:18.584976+00:00,ORIG-38848,RCVR-85168,753.69,Pine Valley Foods,Cedar Utilities,NY,MA,3125,Direct deposit,PPD,Branch initiated,0
1a5e5986-b5f1-460d-b9d7-cd2aa8662fd3,2026-07-28T21:43:18.584976+00:00,ORIG-77472,RCVR-41414,86.24,Summit Health,Cedar Utilities,CA,TX,2154,Tax payment,CCD,API,0
64ffa270-e55f-4ec3-853a-2d9e8188ef15,2026-08-01T04:09:18.584976+00:00,ORIG-11086,RCVR-58124,216.7,Pine Valley Foods,Maple Consulting,OH,VA,2584,Payroll,WEB,Online banking,0
75118355-fbf6-4512-9cab-2c547ac4c376,2026-07-06T02:06:18.584976+00:00,ORIG-97196,RCVR-82626,942.58,Northstar Services,Cedar Utilities,NY,VA,1271,Bill payment,CCD,File upload,0
7e3afae2-510d-4e73-9d06-0b9b527092a6,2026-06-28T12:54:18.584976+00:00,ORIG-44350,RCVR-86066,461.8,Northstar Services,Cedar Utilities,OH,FL,1062,Bill payment,WEB,Online banking,0
574545a8-5f0e-4710-b201-6dace7db5354,2026-06-22T14:44:18.584976+00:00,ORIG-15207,RCVR-55425,713.74,Summit Health,Maple Consulting,GA,CO,2465,Bill payment,CCD,Online banking,0
0d961d55-34d1-445b-a6ad-7c981643985f,2026-07-26T09:41:18.584976+00:00,ORIG-75290,RCVR-18196,3264.44,Harbor Manufacturing,Avery Johnson,NC,MA,2769,Direct deposit,CCD,Branch initiated,0
3011760e-8f34-43ec-a904-5abbe1530ba2,2026-08-10T01:53:18.584976+00:00,ORIG-35431,RCVR-27000,3360.87,Summit Health,Brightline Supply,NC,NC,9,Vendor payment,WEB,Branch initiated,1
0995f165-d58b-4964-a2da-cfb1468b58c1,2026-06-23T18:30:18.584976+00:00,ORIG-64334,RCVR-54171,387.38,Pine Valley Foods,Cedar Utilities,OH,WA,1603,Direct deposit,PPD,Online banking,0
7aa3e8a7-b856-483e-9084-4cbb077483bf,2026-08-18T07:03:18.584976+00:00,ORIG-24576,RCVR-93673,269.76,Pine Valley Foods,Cedar Utilities,FL,CO,1468,Bill payment,CCD,API,0
b39b2f63-cee8-4486-afb5-7f3283d4a584,2026-07-05T16:31:18.584976+00:00,ORIG-23276,RCVR-81409,499.79,Harbor Manufacturing,Avery Johnson,IL,IL,835,Vendor payment,CCD,File upload,0
24a0ebbb-843e-4b95-970f-ca60b052d20a,2026-08-08T00:11:18.584976+00:00,ORIG-92751,RCVR-17634,395.49,Pine Valley Foods,Brightline Supply,OH,TX,2427,Direct deposit,PPD,Branch initiated,0
c4be07e5-70c2-4521-8eef-8f318be7484f,2026-08-02T21:24:18.584976+00:00,ORIG-12663,RCVR-46232,167.61,Summit Health,Brightline Supply,TX,OH,753,Vendor payment,CCD,Online banking,0
2be726ad-b647-45b0-a919-81b8b2576f9e,2026-07-07T07:17:18.584976+00:00,ORIG-22828,RCVR-23450,290.18,Summit Health,Brightline Supply,OH,WA,3051,Tax payment,WEB,File upload,0
90b31192-310b-4ae2-b529-34579277b6f0,2026-07-11T05:41:18.584976+00:00,ORIG-19241,RCVR-25599,256.21,Harbor Manufacturing,Maple Consulting,OH,MA,1574,Vendor payment,PPD,API,0
4e84e7e5-c38a-48ce-a843-62fdfeaffa35,2026-06-25T19:59:18.584976+00:00,ORIG-87846,RCVR-62632,413.36,Pine Valley Foods,Maple Consulting,OH,CA,3200,Payroll,PPD,API,0
ce7f20b8-8ebc-4f13-8f39-e49dfef043fc,2026-06-29T15:07:18.584976+00:00,ORIG-40213,RCVR-99953,1112.83,Harbor Manufacturing,Cedar Utilities,FL,OH,2738,Tax payment,PPD,Online banking,0
8cf48a20-d52d-46d7-b34e-2c16d93d80d9,2026-07-01T07:33:18.584976+00:00,ORIG-84261,RCVR-70890,319.87,Harbor Manufacturing,Brightline Supply,OH,WA,3488,Tax payment,CCD,File upload,0
1be4ae5d-fc37-436a-9026-169d5e743eff,2026-07-01T22:04:18.584976+00:00,ORIG-90082,RCVR-57500,406.59,Harbor Manufacturing,Brightline Supply,CA,IL,1917,Bill payment,CCD,API,0
d08cc9e3-1c8c-47e2-b2f5-84c51f6461dc,2026-07-31T03:29:18.584976+00:00,ORIG-83471,RCVR-77761,163.07,Northstar Services,Cedar Utilities,NC,NC,534,Bill payment,PPD,Branch initiated,0
045e154e-f009-4a61-9eef-3f92fe113790,2026-08-02T15:47:18.584976+00:00,ORIG-36701,RCVR-34654,1439.66,Pine Valley Foods,Maple Consulting,GA,NY,2133,Payroll,WEB,API,0
d8ab2fd7-76f3-4f44-969d-3d55dcd5c68a,2026-07-23T14:58:18.584976+00:00,ORIG-29115,RCVR-13132,663.39,Harbor Manufacturing,Brightline Supply,TX,CA,2501,Tax payment,PPD,API,0
2bd08569-adf3-4ab7-b08c-774ee947c361,2026-08-09T05:18:18.584976+00:00,ORIG-76432,RCVR-66099,1945.09,Harbor Manufacturing,Cedar Utilities,NY,VA,670,Tax payment,CCD,Online banking,0
a5ab399c-3a62-4568-8815-b89b46f12061,2026-08-05T14:04:18.584976+00:00,ORIG-98472,RCVR-76915,847.33,Summit Health,Avery Johnson,MA,FL,39,Payroll,CCD,File upload,1
32e841c9-a4e3-467a-82dc-5b6e3632ab0c,2026-07-19T17:53:18.584976+00:00,ORIG-38691,RCVR-70438,112.08,Summit Health,Brightline Supply,IL,IL,1068,Bill payment,CCD,File upload,0
97a79f0c-dd63-4b42-9952-9b33c073cb64,2026-06-23T20:09:18.584976+00:00,ORIG-34856,RCVR-67721,1094.28,Northstar Services,Maple Consulting,NY,CA,1536,Bill payment,CCD,File upload,0
245791a7-611f-4fe5-80ec-a5326bb37947,2026-07-19T16:41:18.584976+00:00,ORIG-26926,RCVR-54914,630.51,Summit Health,Cedar Utilities,OH,OH,423,Direct deposit,WEB,File upload,0
3678f563-1ea5-4a73-8780-7db38ebfad64,2026-07-01T05:11:18.584976+00:00,ORIG-62883,RCVR-90970,686.27,Northstar Services,Avery Johnson,WA,VA,3362,Tax payment,PPD,API,0
fe8aca46-8096-46e5-8a5d-f2e41a26715e,2026-07-07T11:05:18.584976+00:00,ORIG-57110,RCVR-82070,125.58,Northstar Services,Maple Consulting,OH,CO,1912,Tax payment,CCD,Online banking,0
dce776e3-50fa-472a-88a9-ad7fa8c616e3,2026-06-22T21:11:18.584976+00:00,ORIG-72497,RCVR-20359,110.99,Harbor Manufacturing,Maple Consulting,TX,MA,1195,Payroll,CCD,API,0
6247aa87-8e24-49b0-b2b7-14c7e5ce2b16,2026-07-12T09:53:18.584976+00:00,ORIG-17218,RCVR-35387,885.7,Summit Health,Avery Johnson,TX,CA,3470,Vendor payment,WEB,Online banking,0
8f84edda-3cdb-4a8b-99fc-f6684dbfa252,2026-08-07T22:52:18.584976+00:00,ORIG-48458,RCVR-32720,872.85,Pine Valley Foods,Maple Consulting,NY,VA,1829,Direct deposit,PPD,Branch initiated,0
ff2bbef6-9ee0-48f0-be7a-08fa0ef17d0f,2026-08-10T18:44:18.584976+00:00,ORIG-10541,RCVR-22166,1038.05,Pine Valley Foods,Maple Consulting,IL,NY,3619,Direct deposit,WEB,File upload,0
67ee6e2f-1925-44cb-968a-7015f31f8de1,2026-08-06T13:43:18.584976+00:00,ORIG-60817,RCVR-87069,346.4,Pine Valley Foods,Brightline Supply,FL,NC,386,Vendor payment,CCD,Online banking,0
0a60d61b-bffa-426e-a68a-38bfd37bf1ed,2026-08-11T14:15:18.584976+00:00,ORIG-67296,RCVR-40041,683.82,Northstar Services,Brightline Supply,OH,NY,538,Tax payment,PPD,Online banking,0
a8bce6e2-ade8-4a38-88d1-20782b3f72f7,2026-08-19T05:31:18.584976+00:00,ORIG-78251,RCVR-81204,334.63,Harbor Manufacturing,Brightline Supply,TX,NC,3033,Bill payment,WEB,Online banking,0
7df948d9-4b6f-4962-a365-1d7b7f017c52,2026-07-12T20:54:18.584976+00:00,ORIG-68539,RCVR-78809,227.97,Pine Valley Foods,Cedar Utilities,WA,IL,512,Tax payment,WEB,API,0
7bac6c67-6730-4a53-8570-3929c8312cc8,2026-08-10T14:02:18.584976+00:00,ORIG-25786,RCVR-74432,857.92,Pine Valley Foods,Brightline Supply,GA,TX,648,Vendor payment,WEB,Online banking,0
3c07c0a9-d4b0-445e-bc44-324da8fef461,2026-07-10T05:12:18.584976+00:00,ORIG-79449,RCVR-71901,863.84,Northstar Services,Cedar Utilities,CO,GA,1154,Payroll,CCD,API,0
46ccd78e-8282-4526-8502-72b8accc9bce,2026-07-07T14:09:18.584976+00:00,ORIG-48660,RCVR-24783,2069.79,Pine Valley Foods,Maple Consulting,GA,FL,1228,Tax payment,WEB,Branch initiated,0
0d21540e-3924-4ce3-b850-669a26ad61ae,2026-07-26T14:26:18.584976+00:00,ORIG-71568,RCVR-22851,416.37,Summit Health,Maple Consulting,CA,WA,3077,Bill payment,WEB,Online banking,0
f9967232-392a-4e2b-b181-2c9013e95cca,2026-07-17T00:28:18.584976+00:00,ORIG-51077,RCVR-49821,473.16,Harbor Manufacturing,Maple Consulting,CA,IL,3530,Bill payment,PPD,API,0
d4250e1e-d147-4257-978b-b42aa4742f27,2026-07-10T11:04:18.584976+00:00,ORIG-85431,RCVR-55257,208.51,Pine Valley Foods,Maple Consulting,NC,WA,2334,Direct deposit,WEB,Branch initiated,0
2b0bc0e8-5b64-4784-89e2-f62dcdc992de,2026-08-05T23:28:18.584976+00:00,ORIG-51218,RCVR-19583,354.79,Harbor Manufacturing,Brightline Supply,NC,TX,3586,Payroll,PPD,API,0
f52f06bd-dbeb-43d5-80e7-7c9623d123ff,2026-08-07T18:21:18.584976+00:00,ORIG-58987,RCVR-40897,162.0,Harbor Manufacturing,Avery Johnson,WA,OH,71,Tax payment,WEB,Online banking,0
abfc20b2-6748-4a9b-94cb-3eaace052f56,2026-07-05T15:38:18.584976+00:00,ORIG-71887,RCVR-12892,762.99,Summit Health,Cedar Utilities,WA,TX,2356,Direct deposit,CCD,API,0
f780fe41-2085-483e-a959-7f6a0f25f2bc,2026-08-08T23:56:18.584976+00:00,ORIG-59839,RCVR-89770,781.33,Pine Valley Foods,Cedar Utilities,GA,NY,2458,Vendor payment,PPD,API,0
7b1ca6de-b17c-436a-be11-d4cdf5fc4861,2026-08-18T18:13:18.584976+00:00,ORIG-89838,RCVR-47354,1246.37,Northstar Services,Cedar Utilities,IL,NY,1367,Tax payment,CCD,API,0
827c7cd2-8a12-4528-9035-0a539b50ffea,2026-07-14T14:41:18.584976+00:00,ORIG-65027,RCVR-93037,517.02,Pine Valley Foods,Maple Consulting,GA,MA,431,Tax payment,WEB,Online banking,0
c6e5e633-06e8-4b40-b1aa-2bee529ddd91,2026-07-11T17:27:18.584976+00:00,ORIG-73298,RCVR-44352,379.49,Northstar Services,Cedar Utilities,CO,NY,2692,Vendor payment,PPD,File upload,0
edfae1d2-3478-44cb-b03f-a5503a161a9a,2026-08-10T03:50:18.584976+00:00,ORIG-18399,RCVR-65189,1116.36,Harbor Manufacturing,Brightline Supply,IL,MA,2416,Tax payment,PPD,API,0
d5ee0421-ea80-489b-b13c-85dedbfe8975,2026-07-30T11:20:18.584976+00:00,ORIG-15312,RCVR-87740,452.47,Summit Health,Cedar Utilities,NY,CA,3217,Vendor payment,WEB,API,0
079991b3-b5ec-47c9-b921-746fa78eca76,2026-07-07T03:27:18.584976+00:00,ORIG-87017,RCVR-98353,697.86,Summit Health,Brightline Supply,NY,CO,214,Direct deposit,CCD,API,0
4aad6fec-956c-4dad-a07c-1c912834e812,2026-07-20T06:22:18.584976+00:00,ORIG-95225,RCVR-22337,749.15,Summit Health,Cedar Utilities,OH,NC,3046,Vendor payment,PPD,Online banking,0
ca0b26d8-f9c2-4850-92e8-5359790890e8,2026-06-25T10:03:18.584976+00:00,ORIG-12850,RCVR-63450,197.44,Harbor Manufacturing,Maple Consulting,FL,FL,1755,Direct deposit,PPD,API,0
8c8eec48-a3dc-4fa6-8e6b-b3285d962efc,2026-07-06T05:31:18.584976+00:00,ORIG-92179,RCVR-50007,176.87,Northstar Services,Avery Johnson,CO,TX,2734,Vendor payment,WEB,Online banking,0
0b9f8565-c054-48c1-bd2e-acad18f49c4c,2026-07-05T08:20:18.584976+00:00,ORIG-50896,RCVR-88157,237.51,Pine Valley Foods,Avery Johnson,FL,NC,2575,Vendor payment,PPD,File upload,0
c2e0ee69-f408-4c0d-8cb5-e767d1700882,2026-07-23T03:26:18.584976+00:00,ORIG-67889,RCVR-70652,263.6,Pine Valley Foods,Brightline Supply,OH,CO,1739,Vendor payment,CCD,API,0
30f950f6-949c-409c-82da-036b87c7f96e,2026-08-09T06:04:18.584976+00:00,ORIG-38860,RCVR-29464,365.12,Harbor Manufacturing,Brightline Supply,MA,WA,2603,Payroll,WEB,API,0
77e2a9af-f315-40d3-9da0-1a741abb4f75,2026-08-04T00:02:18.584976+00:00,ORIG-72935,RCVR-37846,492.82,Northstar Services,Avery Johnson,GA,CA,559,Bill payment,WEB,Online banking,0
9acd9bb9-6b77-42ef-a266-0512123002fe,2026-07-14T01:13:18.584976+00:00,ORIG-17888,RCVR-20149,689.12,Northstar Services,Maple Consulting,FL,CO,733,Payroll,WEB,Online banking,0
60f3462f-4319-4924-9462-b47e5c53964e,2026-08-16T04:34:18.584976+00:00,ORIG-18760,RCVR-89661,1008.8,Summit Health,Avery Johnson,TX,CO,96,Payroll,PPD,Branch initiated,1
bb22f4ba-1e2e-41ec-8eca-5390e4ffa461,2026-08-15T02:23:18.584976+00:00,ORIG-97049,RCVR-49686,1860.88,Northstar Services,Brightline Supply,MA,CA,1409,Payroll,PPD,Online banking,0
4076a565-2ad0-4cf2-a113-aaacb39761af,2026-08-05T16:37:18.584976+00:00,ORIG-17860,RCVR-78327,386.22,Pine Valley Foods,Maple Consulting,NY,MA,2320,Payroll,WEB,API,0
2599ba55-894d-4349-a6fd-fa12753e0c8a,2026-07-01T02:08:18.584976+00:00,ORIG-22412,RCVR-47257,1571.72,Pine Valley Foods,Maple Consulting,TX,TX,95,Payroll,WEB,Online banking,1
f1c83693-31d8-40d6-a7ff-f03a261168f3,2026-07-17T03:13:18.584976+00:00,ORIG-74856,RCVR-51689,163.14,Summit Health,Avery Johnson,OH,CO,933,Bill payment,WEB,File upload,0
39e28474-c235-40fe-a58b-af0e87490fda,2026-07-20T23:14:18.584976+00:00,ORIG-71285,RCVR-53999,633.44,Pine Valley Foods,Maple Consulting,CO,FL,3554,Direct deposit,WEB,Branch initiated,0
9f279722-8365-4fc7-8614-0befabdf053c,2026-08-15T18:13:18.584976+00:00,ORIG-35285,RCVR-96573,138.1,Harbor Manufacturing,Maple Consulting,GA,VA,3109,Tax payment,PPD,File upload,0
a53d9aca-8887-41bb-806a-182fdfd8835f,2026-07-01T17:33:18.584976+00:00,ORIG-35093,RCVR-94762,425.29,Summit Health,Cedar Utilities,WA,NC,2265,Payroll,PPD,API,0
3b1afc4f-ab48-424f-bca2-5ad69aab19dc,2026-07-19T23:23:18.584976+00:00,ORIG-13066,RCVR-68000,365.52,Summit Health,Cedar Utilities,CO,NY,1893,Payroll,PPD,File upload,0
73b26112-0806-4c6d-80b5-c6355ad8f9ee,2026-07-16T08:38:18.584976+00:00,ORIG-32615,RCVR-14325,258.9,Pine Valley Foods,Avery Johnson,CA,IL,3007,Bill payment,PPD,API,0
b6fa90d6-044f-413a-a394-57b83d526aa7,2026-07-03T17:00:18.584976+00:00,ORIG-52189,RCVR-91604,123.44,Summit Health,Avery Johnson,OH,CO,3536,Tax payment,CCD,File upload,0
c3b763b9-89f8-4da2-ad07-071b8f103c0a,2026-07-12T19:35:18.584976+00:00,ORIG-51630,RCVR-42161,318.42,Harbor Manufacturing,Maple Consulting,CA,OH,1799,Bill payment,WEB,Online banking,0
abdce72f-96f4-4942-ad93-aaf5145856a9,2026-07-24T14:59:18.584976+00:00,ORIG-44361,RCVR-46792,345.14,Summit Health,Brightline Supply,GA,TX,3161,Vendor payment,WEB,File upload,0
91cd75d8-d542-4668-aaaf-99d601aea56c,2026-08-12T03:15:18.584976+00:00,ORIG-24095,RCVR-39916,156.27,Pine Valley Foods,Brightline Supply,WA,OH,2523,Bill payment,PPD,Online banking,0
1ccad6b3-28c8-43d2-a12b-c8c79b63153e,2026-07-21T03:54:18.584976+00:00,ORIG-90897,RCVR-30865,359.27,Summit Health,Maple Consulting,TX,WA,366,Vendor payment,CCD,API,0
2476f81b-6fd7-4049-a418-58da037b84df,2026-06-26T19:19:18.584976+00:00,ORIG-25385,RCVR-61416,396.54,Northstar Services,Avery Johnson,VA,NC,3282,Tax payment,CCD,API,0
ff557f9c-8897-408e-994d-644276334f33,2026-07-09T20:56:18.584976+00:00,ORIG-85900,RCVR-31713,1387.4,Pine Valley Foods,Avery Johnson,OH,VA,1848,Direct deposit,PPD,File upload,0
48938056-3c5b-4962-80ab-a2cbfc8f4761,2026-07-01T09:46:18.584976+00:00,ORIG-94046,RCVR-10700,481.16,Summit Health,Brightline Supply,CA,TX,3157,Bill payment,CCD,File upload,0
b82b74a8-6c17-49c0-894f-4cabb561a513,2026-07-15T21:57:18.584976+00:00,ORIG-77751,RCVR-84324,8729.47,Northstar Services,Brightline Supply,CA,NC,41,Tax payment,IAT,File upload,1
dae48fd3-49bd-49c9-b4a7-64a176c09774,2026-06-27T12:09:18.584976+00:00,ORIG-83229,RCVR-44514,532.46,Northstar Services,Maple Consulting,NY,VA,473,Tax payment,PPD,Online banking,0
66b46020-fe83-4266-a3d7-1078bf889ebd,2026-07-27T10:30:18.584976+00:00,ORIG-23650,RCVR-74987,182.55,Summit Health,Brightline Supply,NC,VA,2595,Direct deposit,PPD,Online banking,0
91effbc0-2469-4192-8c27-66ddb49fc67b,2026-08-19T11:57:18.584976+00:00,ORIG-17348,RCVR-25190,635.28,Pine Valley Foods,Cedar Utilities,GA,GA,700,Vendor payment,PPD,Online banking,0
29c83955-4b46-4d59-9e06-44445b8f787d,2026-07-10T21:52:18.584976+00:00,ORIG-45480,RCVR-74028,923.11,Northstar Services,Cedar Utilities,WA,IL,895,Direct deposit,PPD,Online banking,0
9be38004-8433-4cd1-8f2d-b69373db9d88,2026-08-18T00:43:18.584976+00:00,ORIG-77491,RCVR-39045,1877.06,Pine Valley Foods,Maple Consulting,IL,OH,21,Vendor payment,PPD,Online banking,1
ec6ed87e-a20c-4430-bfe7-6692938608a0,2026-08-11T01:34:18.584976+00:00,ORIG-32745,RCVR-16292,704.6,Summit Health,Maple Consulting,FL,NC,2919,Direct deposit,CCD,API,0
06666db8-8e2a-4989-a0df-6b53b2270dcd,2026-08-11T09:20:18.584976+00:00,ORIG-88612,RCVR-68786,936.81,Pine Valley Foods,Cedar Utilities,OH,NC,1737,Bill payment,WEB,Online banking,0
f6dc7ea3-302b-4e8f-b612-fc6af6b8c6a3,2026-06-23T07:04:18.584976+00:00,ORIG-29399,RCVR-96358,488.51,Pine Valley Foods,Avery Johnson,IL,TX,34,Tax payment,PPD,File upload,0
388a4035-4a6b-4088-8195-8b41ca81ea27,2026-07-05T04:46:18.584976+00:00,ORIG-70103,RCVR-19297,613.74,Northstar Services,Brightline Supply,GA,MA,2947,Payroll,CCD,Branch initiated,0
2bc3582f-d724-4674-a0eb-78f81ea3bad4,2026-07-19T00:57:18.584976+00:00,ORIG-78920,RCVR-76856,301.68,Pine Valley Foods,Maple Consulting,OH,CO,1847,Payroll,PPD,Branch initiated,0
79a587b1-4825-4947-b904-6de307cd91a9,2026-07-20T18:53:18.584976+00:00,ORIG-80888,RCVR-44815,851.73,Pine Valley Foods,Avery Johnson,NY,MA,2195,Vendor payment,CCD,Online banking,0
424e49a9-249b-4461-b0ce-ce30c13d57cd,2026-08-15T13:07:18.584976+00:00,ORIG-96698,RCVR-45808,282.86,Harbor Manufacturing,Brightline Supply,GA,IL,2121,Tax payment,CCD,API,0
c7edb6ab-6057-468a-a3ab-71d7c5d93eaf,2026-07-23T09:11:18.584976+00:00,ORIG-77006,RCVR-69861,369.97,Summit Health,Avery Johnson,CO,CA,1549,Vendor payment,CCD,API,0
febc711e-7bd2-43cb-8b94-fadab7a1f873,2026-08-20T18:17:18.584976+00:00,ORIG-18982,RCVR-80643,662.37,Summit Health,Brightline Supply,WA,OH,3639,Bill payment,PPD,Online banking,0
f347ebbb-5b88-4dbd-b008-f1a16620ff97,2026-08-11T05:54:18.584976+00:00,ORIG-86691,RCVR-33425,133.99,Summit Health,Brightline Supply,NC,TX,1824,Direct deposit,PPD,Branch initiated,0
396047ed-195e-4600-bcf1-87d929a41f77,2026-07-31T21:51:18.584976+00:00,ORIG-72161,RCVR-94358,726.98,Summit Health,Avery Johnson,OH,NY,1754,Vendor payment,CCD,Online banking,0
33d8dccd-2049-4474-93c9-f6522ce8d574,2026-08-13T15:10:18.584976+00:00,ORIG-23922,RCVR-81432,311.67,Pine Valley Foods,Maple Consulting,MA,NY,1869,Payroll,WEB,Online banking,0
87140e18-b8d8-4527-b7c8-cab3bd9c6f34,2026-07-03T14:25:18.584976+00:00,ORIG-56837,RCVR-64716,714.41,Harbor Manufacturing,Cedar Utilities,NC,NC,1850,Vendor payment,CCD,Online banking,0
40e1c10d-0c61-4cf9-99bd-cf11b6cf2845,2026-07-14T01:52:18.584976+00:00,ORIG-20315,RCVR-31207,181.07,Harbor Manufacturing,Maple Consulting,CO,FL,308,Bill payment,CCD,API,0
