id,ts,user_id,card_id,amount,merchant,merchant_city,merchant_state,mcc,use_chip,is_fraud
ee56656c-7dcd-48a8-9660-ea3c34cdf8ac,2026-06-19T14:19:27.832607+00:00,174,4,15.69,Delta Airlines,Atlanta,GA,4511,Swipe Transaction,0
c49e8369-33f1-4ebf-ab13-d303f446ad7b,2026-08-08T21:14:27.832607+00:00,167,4,24.74,Amazon,Seattle,WA,5942,Chip Transaction,0
e28c80d2-7431-4a41-8831-cacaa2bc8236,2026-07-09T14:42:27.832607+00:00,72,1,39.47,Best Buy,Richfield,MN,5732,Chip Transaction,0
258bee18-d2cc-4352-b32a-8e253865c5e7,2026-07-28T04:48:27.832607+00:00,89,4,9.11,Uber,San Francisco,CA,4121,Chip Transaction,0
5cef0491-294a-48f6-9844-e8d556e30b2f,2026-07-23T17:18:27.832607+00:00,21,4,22.84,Delta Airlines,Atlanta,GA,4511,Online Transaction,0
a3be1b8d-91ec-412f-b3d0-6a91f96d3531,2026-07-21T02:42:27.832607+00:00,18,0,62.32,Best Buy,Richfield,MN,5732,Chip Transaction,0
2a6c47bc-a156-4aa5-b042-9e77625fd390,2026-07-27T01:18:27.832607+00:00,42,2,17.49,Walmart,Bentonville,AR,5411,Online Transaction,0
206ffea1-d1a6-4c2c-9ec2-36a7dc25612f,2026-07-15T11:03:27.832607+00:00,163,1,65.67,Shell,Houston,TX,5541,Chip Transaction,0
c8e65702-1d64-4710-aed8-2ee7a52c9cba,2026-06-29T04:19:27.832607+00:00,177,4,22.65,Target,Minneapolis,MN,5411,Online Transaction,0
8582e8b5-6d61-4078-a671-f81d04b555d2,2026-07-27T19:24:27.832607+00:00,146,2,20.83,Costco,Issaquah,WA,5411,Online Transaction,0
a5840f60-c30b-4092-99ed-b1763d64d9e7,2026-07-28T10:40:27.832607+00:00,36,1,129.41,Netflix,Los Gatos,CA,4899,Chip Transaction,0
afb70893-406a-4114-a737-dbb7ed0eb811,2026-06-26T16:50:27.832607+00:00,57,1,88.07,Delta Airlines,Atlanta,GA,4511,Chip Transaction,0
392868db-8b38-422b-b4d7-90cc96363a80,2026-07-01T10:05:27.832607+00:00,17,3,63.21,CVS Pharmacy,Woonsocket,RI,5912,Chip Transaction,0
7d7b5df0-fa30-408e-9377-f0f0572eff13,2026-07-13T01:30:27.832607+00:00,3,0,116.08,Apple Store,Cupertino,CA,5732,Online Transaction,0
818f4929-274d-40e2-a4b3-8b98c60e75e5,2026-06-28T22:08:27.832607+00:00,117,0,31.34,CVS Pharmacy,Woonsocket,RI,5912,Chip Transaction,0
e81561ee-621d-46cc-ad3d-173ac4391a1b,2026-07-23T19:47:27.832607+00:00,156,1,55.45,CVS Pharmacy,Woonsocket,RI,5912,Swipe Transaction,0
01b6b09b-5343-42ae-9554-70052cfb00fc,2026-08-02T21:17:27.832607+00:00,1,4,32.29,Target,Minneapolis,MN,5411,Chip Transaction,0
4ffa34a2-f407-4663-8264-32af56fecd8e,2026-07-18T07:02:27.832607+00:00,225,4,51.39,Walmart,Bentonville,AR,5411,Chip Transaction,0
4d93ffc5-0c90-44b2-b831-a739124866e3,2026-08-09T15:07:27.832607+00:00,243,4,25.99,Apple Store,Cupertino,CA,5732,Swipe Transaction,0
09a8fe39-ce99-411c-a562-c67d091e5114,2026-08-01T18:26:27.832607+00:00,172,2,68.12,Costco,Issaquah,WA,5411,Chip Transaction,0
9317df99-1a04-4adc-9360-c6240f1726fd,2026-07-07T22:07:27.832607+00:00,151,4,11.53,Apple Store,Cupertino,CA,5732,Chip Transaction,0
2c35cd24-9741-4f6a-855a-a38f0252f122,2026-07-26T20:28:27.832607+00:00,232,0,4.07,Amazon,Seattle,WA,5942,Chip Transaction,0
db3c14c9-57db-4e53-8bfe-848fc201a04f,2026-07-17T17:20:27.832607+00:00,186,4,12.62,Starbucks,Seattle,WA,5814,Chip Transaction,0
9a80a0e9-8927-4c6b-89fe-6c87dbbe2a7b,2026-06-25T08:24:27.832607+00:00,169,3,22.87,CVS Pharmacy,Woonsocket,RI,5912,Chip Transaction,0
e38773b5-31e0-425f-8150-f37a6c2d001e,2026-07-15T13:11:27.832607+00:00,187,2,47.93,Apple Store,Cupertino,CA,5732,Chip Transaction,0
684edb9c-9a10-4822-983e-6e8e18c57012,2026-08-06T20:27:27.832607+00:00,119,1,26.18,Starbucks,Seattle,WA,5814,Chip Transaction,0
3e2a5c09-51a0-4e47-9425-b7ab5a63e365,2026-08-09T22:29:27.832607+00:00,24,1,40.91,Costco,Issaquah,WA,5411,Chip Transaction,0
6f58029a-5389-4b86-8e23-8e202b5f3091,2026-08-01T15:51:27.832607+00:00,98,0,11.73,Apple Store,Cupertino,CA,5732,Chip Transaction,0
2f18a20f-7f6c-40fa-92c5-5cc989a7b374,2026-07-12T06:16:27.832607+00:00,188,4,45.42,CVS Pharmacy,Woonsocket,RI,5912,Swipe Transaction,0
2cfe5586-9e8e-4095-9fca-8ee9a2b81cea,2026-07-03T12:01:27.832607+00:00,13,4,36.15,Shell,Houston,TX,5541,Chip Transaction,0
f562d2df-cf45-4fd3-916e-cc5254e6a50e,2026-07-04T09:36:27.832607+00:00,218,1,25.82,Costco,Issaquah,WA,5411,Chip Transaction,0
b695b233-10fb-4a1d-8e13-e63102bd279d,2026-08-10T13:28:27.832607+00:00,146,1,62.61,McDonald's,Chicago,IL,5814,Online Transaction,0
abfd2acc-ef21-40b3-9f5f-9efd5639cbbf,2026-06-25T02:29:27.832607+00:00,172,2,28.43,Best Buy,Richfield,MN,5732,Chip Transaction,0
ab3d68c4-b8ec-4e93-98cf-2b7a6c419310,2026-07-26T01:44:27.832607+00:00,193,0,35.83,Target,Minneapolis,MN,5411,Chip Transaction,0
2c179464-8525-4805-9fce-09065d848907,2026-08-15T22:49:27.832607+00:00,226,0,13.43,Best Buy,Richfield,MN,5732,Online Transaction,0
201cb199-eac0-4206-9eb9-374e685ae228,2026-07-25T13:31:27.832607+00:00,207,4,19.91,Target,Minneapolis,MN,5411,Chip Transaction,0
3b848a61-e277-4ec5-b52e-669cbd501948,2026-08-16T02:04:27.832607+00:00,35,2,9.77,Home Depot,Atlanta,GA,5200,Online Transaction,0
9b1fba4c-5a8c-4450-b8a5-e8ceb733c584,2026-08-06T07:00:27.832607+00:00,184,2,27.47,Delta Airlines,Atlanta,GA,4511,Swipe Transaction,0
d0f27c9d-20e9-4b38-8fdd-c61ee9db8a56,2026-07-29T06:24:27.832607+00:00,217,0,12.03,Costco,Issaquah,WA,5411,Online Transaction,0
832e10ea-2b48-4787-a6f6-0350b1b71978,2026-08-08T09:32:27.832607+00:00,190,3,77.75,Costco,Issaquah,WA,5411,Chip Transaction,0
88cf765e-bb7e-484b-88a5-d50ac30d4ec1,2026-06-27T14:00:27.832607+00:00,38,3,37.55,Home Depot,Atlanta,GA,5200,Swipe Transaction,0
dc8727c1-ed23-4750-a47b-9df674c2fd98,2026-08-05T04:45:27.832607+00:00,200,4,13.51,Uber,San Francisco,CA,4121,Chip Transaction,0
c4552a3e-cf3e-4343-bb5f-8f91b2171723,2026-07-10T19:25:27.832607+00:00,28,3,47.2,Delta Airlines,Atlanta,GA,4511,Swipe Transaction,0
ee4181ff-c913-4884-a85c-cda9dc9b157e,2026-08-13T06:34:27.832607+00:00,58,0,6.73,Starbucks,Seattle,WA,5814,Online Transaction,0
3a5a533d-154e-4531-abe6-5ed44486f612,2026-07-30T05:16:27.832607+00:00,216,4,9.48,Shell,Houston,TX,5541,Chip Transaction,0
d0935e5e-8b7a-4d6e-9c0d-1e1ec27f0350,2026-07-17T15:45:27.832607+00:00,68,0,53.95,Walmart,Bentonville,AR,5411,Swipe Transaction,0
292854d8-253e-4243-af1c-d45da23d27f2,2026-08-06T22:21:27.832607+00:00,131,0,41.02,Uber,San Francisco,CA,4121,Swipe Transaction,0
92cabae5-b38e-4ff0-8e52-55fbe35ff5a5,2026-07-12T17:41:27.832607+00:00,237,4,6.68,Starbucks,Seattle,WA,5814,Chip Transaction,0
19087fda-fe0d-4cf1-8c02-fa1097f84e6c,2026-07-29T20:44:27.832607+00:00,231,2,43.16,Walmart,Bentonville,AR,5411,Chip Transaction,0
f01e4f14-af9a-40e7-8268-9df1b38daf55,2026-07-01T15:20:27.832607+00:00,50,3,10.11,Netflix,Los Gatos,CA,4899,Swipe Transaction,0
279effb3-fa99-4b9a-b5fb-d9c805ce6210,2026-07-13T06:54:27.832607+00:00,214,0,7.63,Whole Foods,Austin,TX,5411,Chip Transaction,0
5e10f675-bb71-4971-a501-de937cb2a13f,2026-07-20T03:20:27.832607+00:00,114,3,75.32,Netflix,Los Gatos,CA,4899,Chip Transaction,0
910e3a02-fe1d-43bc-8fc9-d310d4b420b4,2026-07-28T08:19:27.832607+00:00,210,1,26.18,CVS Pharmacy,Woonsocket,RI,5912,Chip Transaction,0
0535db03-212e-47b0-b31e-0fd747e9455e,2026-07-19T13:02:27.832607+00:00,148,1,52.52,Starbucks,Seattle,WA,5814,Online Transaction,0
4b4fd815-c448-4c65-9fc8-d62e3858424b,2026-07-12T20:21:27.832607+00:00,221,0,4.3,Starbucks,Seattle,WA,5814,Online Transaction,0
d989bb84-d146-4abd-a9b5-65e4e0fc4502,2026-07-09T02:25:27.832607+00:00,64,0,106.36,CVS Pharmacy,Woonsocket,RI,5912,Chip Transaction,0
466d17bd-17cf-4094-917b-c64bf30de413,2026-07-06T06:00:27.832607+00:00,157,4,468.65,Apple Store,Cupertino,CA,5732,Online Transaction,0
339e2c54-7380-499e-b1c3-16ecd40ab888,2026-07-08T22:56:27.832607+00:00,116,2,22.21,Home Depot,Atlanta,GA,5200,Online Transaction,0
52a5cf76-3737-4215-b3ef-013bcc91a336,2026-07-25T07:03:27.832607+00:00,71,3,57.82,Shell,Houston,TX,5541,Swipe Transaction,0
5c0c2ec4-51b3-46f7-8beb-34483507abda,2026-08-09T17:54:27.832607+00:00,36,1,14.61,Starbucks,Seattle,WA,5814,Chip Transaction,0
9916f1d7-8f95-4ee8-bd72-b543529ab8d7,2026-07-26T17:58:27.832607+00:00,139,3,34.49,Target,Minneapolis,MN,5411,Chip Transaction,0
171d0ee1-ebc4-4bfa-a0e6-0aed3aaa2141,2026-07-09T22:53:27.832607+00:00,179,0,6.72,Costco,Issaquah,WA,5411,Swipe Transaction,0
783b5dee-68cd-446e-b837-aa1f344a61ce,2026-06-25T09:33:27.832607+00:00,229,3,65.01,Amazon,Seattle,WA,5942,Chip Transaction,0
8f31d80f-3a1f-4ca9-848f-2bfc7fb028d8,2026-06-28T19:24:27.832607+00:00,100,2,23.93,Home Depot,Atlanta,GA,5200,Chip Transaction,0
c02a4afc-f47d-4433-97ea-8fea981cf0cf,2026-07-10T23:55:27.832607+00:00,7,3,23.16,Costco,Issaquah,WA,5411,Swipe Transaction,0
b534c609-ff28-491d-84d2-b08305763353,2026-06-23T22:09:27.832607+00:00,47,0,7.97,Amazon,Seattle,WA,5942,Online Transaction,0
d10f594f-cedf-49cf-9cd8-1c412ee136b1,2026-07-24T02:50:27.832607+00:00,72,3,22.07,Starbucks,Seattle,WA,5814,Online Transaction,0
31274875-5f2a-43d9-b851-62ed350ab61b,2026-07-24T20:04:27.832607+00:00,194,0,70.79,Apple Store,Cupertino,CA,5732,Swipe Transaction,0
16a71272-0cdd-4271-a01d-2d541a52a31b,2026-07-25T06:58:27.832607+00:00,30,4,31.38,Amazon,Seattle,WA,5942,Chip Transaction,0
ebc5c10e-14cf-440e-a97e-7d44fb46e922,2026-07-27T23:00:27.832607+00:00,192,0,40.25,Shell,Houston,TX,5541,Swipe Transaction,0
d50f6b9c-c76e-4f33-a3ee-c24a25f92f57,2026-08-01T21:24:27.832607+00:00,233,3,135.42,Walmart,Bentonville,AR,5411,Swipe Transaction,0
5141fb85-77a8-4a89-a140-ae71fce8b817,2026-07-11T16:39:27.832607+00:00,218,4,30.53,Starbucks,Seattle,WA,5814,Swipe Transaction,0
ca53ed33-49d6-452e-a2bf-0f5e8d1e5368,2026-08-05T18:43:27.832607+00:00,95,0,47.87,Best Buy,Richfield,MN,5732,Chip Transaction,0
7bb60a10-450b-41b4-a13b-5d8a0520abe5,2026-07-01T17:52:27.832607+00:00,112,1,83.27,Amazon,Seattle,WA,5942,Swipe Transaction,0
5ba62767-7002-4e32-8c20-6cb7ea606494,2026-06-30T07:23:27.832607+00:00,120,3,227.34,Shell,Houston,TX,5541,Swipe Transaction,0
a3c877df-f2f9-4503-baa1-ea9e1e8d8c33,2026-06-23T20:53:27.832607+00:00,146,4,13.18,Costco,Issaquah,WA,5411,Swipe Transaction,0
aa01d9f7-70a0-4715-b5a5-7c42949fbe0c,2026-07-13T07:15:27.832607+00:00,205,2,47.57,Apple Store,Cupertino,CA,5732,Chip Transaction,0
4bd689ad-47cb-487f-b07e-6cab64ae40f7,2026-07-16T19:41:27.832607+00:00,243,1,37.68,Best Buy,Richfield,MN,5732,Chip Transaction,0
cf8647d0-bd03-4dd8-add9-f05749c63625,2026-08-09T00:08:27.832607+00:00,166,3,22.81,Netflix,Los Gatos,CA,4899,Swipe Transaction,0
8e87b90e-b137-4630-a405-9d7b21a9950c,2026-07-07T00:06:27.832607+00:00,170,4,14.39,Walmart,Bentonville,AR,5411,Chip Transaction,0
cfaa1c36-355c-4836-b778-1f582db90088,2026-07-14T05:01:27.832607+00:00,79,2,27.66,Home Depot,Atlanta,GA,5200,Chip Transaction,0
4104f574-a2a9-40c1-b68c-ec9f762eb5ce,2026-07-26T19:32:27.832607+00:00,177,1,8.1,Starbucks,Seattle,WA,5814,Online Transaction,0
43e7c511-1138-44e0-85bb-f31cd940fd1d,2026-07-30T08:44:27.832607+00:00,153,2,10.58,Apple Store,Cupertino,CA,5732,Swipe Transaction,0
b7d8fbae-7f66-4131-939f-b8e2c577017a,2026-08-07T15:33:27.832607+00:00,137,1,14.69,Shell,Houston,TX,5541,Chip Transaction,0
642a75e2-2f19-4181-8759-b4a74c16b576,2026-07-22T19:55:27.832607+00:00,223,3,32.21,Amazon,Seattle,WA,5942,Chip Transaction,0
eaf1a161-d358-4337-b6ed-a1b26a472d13,2026-08-07T11:03:27.832607+00:00,248,0,12.95,Best Buy,Richfield,MN,5732,Chip Transaction,0
002f3241-f6d3-45d6-9b2a-bb2ba6a91fb3,2026-07-24T19:37:27.832607+00:00,39,1,23.8,Apple Store,Cupertino,CA,5732,Swipe Transaction,0
34a81252-07fa-4680-b679-9edbe355bf5a,2026-06-26T13:37:27.832607+00:00,58,4,69.21,Walmart,Bentonville,AR,5411,Swipe Transaction,0
b90cc94c-9328-40d8-9296-a5bd77b3d498,2026-07-13T04:13:27.832607+00:00,146,4,11.47,Apple Store,Cupertino,CA,5732,Chip Transaction,0
cc9e2afb-0fea-4b44-914f-d8c68fe44750,2026-08-11T07:35:27.832607+00:00,62,1,31.93,Delta Airlines,Atlanta,GA,4511,Chip Transaction,0
b3c0b87e-7399-495c-84e2-945864464f4a,2026-06-27T13:19:27.832607+00:00,9,1,15.57,Amazon,Seattle,WA,5942,Chip Transaction,0
f1f8a94f-f776-4811-b433-99f8228f07bf,2026-07-21T13:47:27.832607+00:00,151,1,14.02,Delta Airlines,Atlanta,GA,4511,Swipe Transaction,0
0b400818-2ca6-4b5b-8512-253b5e523a05,2026-07-09T02:26:27.832607+00:00,19,0,295.53,Starbucks,Seattle,WA,5814,Online Transaction,0
c3bf4c74-89c1-4c08-8aaf-17c462acbf6e,2026-08-01T16:42:27.832607+00:00,32,3,59.88,Best Buy,Richfield,MN,5732,Chip Transaction,0
6b94bd36-c832-43c6-be64-b82480da7c27,2026-07-20T02:52:27.832607+00:00,11,3,24.57,Shell,Houston,TX,5541,Chip Transaction,0
c3abd522-84d1-4971-80a6-475b0df6b96a,2026-07-18T11:02:27.832607+00:00,196,2,83.19,Amazon,Seattle,WA,5942,Online Transaction,0
877f2319-5f05-483a-a8f6-354c6b7afd07,2026-06-25T08:20:27.832607+00:00,72,1,8.65,CVS Pharmacy,Woonsocket,RI,5912,Chip Transaction,0
68530053-067d-44b4-97e1-1885c05656aa,2026-06-24T12:29:27.832607+00:00,86,2,24.19,Costco,Issaquah,WA,5411,Chip Transaction,0
727369a4-d7bd-4abd-9247-2b788d9921f4,2026-08-07T06:39:27.832607+00:00,103,4,18.72,Uber,San Francisco,CA,4121,Swipe Transaction,0
a801d18e-b3a3-4cc4-9dfa-618c60caf2bd,2026-08-13T11:00:27.832607+00:00,222,4,15.92,Uber,San Francisco,CA,4121,Swipe Transaction,0
7990ca0e-bb42-4f8f-aea9-48fcccaf9dd7,2026-08-16T16:39:27.832607+00:00,160,3,23.06,Home Depot,Atlanta,GA,5200,Chip Transaction,0
4da65d57-c3d2-4aa3-9ba0-806cec96101b,2026-06-20T20:56:27.832607+00:00,113,3,8.89,Amazon,Seattle,WA,5942,Online Transaction,0
f70a85a4-a4ec-413e-b4ce-b6969453a97e,2026-08-05T17:54:27.832607+00:00,4,4,5558.92,AnonymousGiftCards,Panama City,FOREIGN,5947,Online Transaction,1
9efb6f6a-f598-4c5f-8d91-2ccae59c77ae,2026-07-10T15:53:27.832607+00:00,214,1,80.14,Costco,Issaquah,WA,5411,Chip Transaction,0
003810f0-4d29-4ac3-880f-7e9126bfc0e5,2026-07-02T10:26:27.832607+00:00,121,1,25.0,Shell,Houston,TX,5541,Online Transaction,0
1de35a4d-ca1a-467d-8623-e5f0ce21fd4c,2026-07-06T05:18:27.832607+00:00,35,0,7.45,Netflix,Los Gatos,CA,4899,Swipe Transaction,0
1031c253-fd60-4eb9-89a8-632a9b42a322,2026-07-22T15:41:27.832607+00:00,211,0,3.33,Costco,Issaquah,WA,5411,Chip Transaction,0
25fe0230-02e1-42e9-ac62-f2d0d38a100d,2026-07-22T01:17:27.832607+00:00,89,2,24.08,Costco,Issaquah,WA,5411,Chip Transaction,0
96ae470e-64f1-49ec-beba-eadefa772305,2026-06-27T13:29:27.832607+00:00,179,1,22.16,Netflix,Los Gatos,CA,4899,Chip Transaction,0
97d09cc4-0c92-4fac-9e7a-b3d08c3a8d65,2026-06-25T18:03:27.832607+00:00,99,1,88.39,Costco,Issaquah,WA,5411,Online Transaction,0
3a077d2a-1ee0-46ef-ac1d-ca7b8b3a200f,2026-07-02T17:06:27.832607+00:00,224,3,24.75,Target,Minneapolis,MN,5411,Online Transaction,0
5eeb0a2f-b967-41b0-bff3-ce0fade8702b,2026-08-07T17:20:27.832607+00:00,21,2,9.37,Apple Store,Cupertino,CA,5732,Chip Transaction,0
ba727de6-3a58-49d6-a52d-5a4798cfa326,2026-06-29T05:27:27.832607+00:00,139,0,139.67,Uber,San Francisco,CA,4121,Chip Transaction,0
fef8cfcd-51a8-43b1-98c5-1ce990da92d3,2026-06-21T14:18:27.832607+00:00,24,3,36.58,McDonald's,Chicago,IL,5814,Chip Transaction,0
d0189d29-103d-4312-adef-24e5897313cc,2026-08-07T20:06:27.832607+00:00,232,0,68.99,Delta Airlines,Atlanta,GA,4511,Swipe Transaction,0
ec57c7d7-ca7a-41ba-95e2-c8ea45e961b2,2026-08-12T14:41:27.832607+00:00,136,3,14.73,Amazon,Seattle,WA,5942,Chip Transaction,0
683daf56-6f52-477e-95a4-c9a37c496d4f,2026-06-26T06:52:27.832607+00:00,234,4,110.57,Target,Minneapolis,MN,5411,Chip Transaction,0
4b93ca7b-beda-4cff-85a2-0b308fb28904,2026-08-03T18:31:27.832607+00:00,206,3,14.73,McDonald's,Chicago,IL,5814,Chip Transaction,0
56468968-8b72-4077-bb35-1525d4495d58,2026-07-21T14:49:27.832607+00:00,219,3,22.3,Target,Minneapolis,MN,5411,Online Transaction,0
8af85f83-dfe3-4c23-80eb-880d9b28c639,2026-08-07T02:10:27.832607+00:00,6,3,18.01,Best Buy,Richfield,MN,5732,Swipe Transaction,0
b2939137-4eb5-4dd0-a667-79d1521e9d4e,2026-07-22T19:33:27.832607+00:00,57,1,1390.36,CryptoExchange OU,Tallinn,FOREIGN,6051,Online Transaction,1
b80eb219-9dd0-43a0-8374-801eb7405212,2026-06-21T06:48:27.832607+00:00,161,0,66.74,CVS Pharmacy,Woonsocket,RI,5912,Online Transaction,0
3a87a16b-2cf4-48f9-a790-210e7e456aa1,2026-06-20T16:27:27.832607+00:00,84,3,19.29,Shell,Houston,TX,5541,Online Transaction,0
d08559c0-f979-4cf9-9022-6483a78f4716,2026-07-31T19:28:27.832607+00:00,234,2,207.29,CVS Pharmacy,Woonsocket,RI,5912,Chip Transaction,0
245aec1f-3131-40a9-b9e0-6bb98357b55b,2026-08-01T19:42:27.832607+00:00,120,0,2.14,Costco,Issaquah,WA,5411,Online Transaction,0
962b61da-91fa-45dc-b76b-ca7f10387e03,2026-08-03T23:40:27.832607+00:00,248,4,184.24,Starbucks,Seattle,WA,5814,Online Transaction,0
fa2a4147-bf83-45c0-a72a-84f9a8b7b285,2026-07-14T12:07:27.832607+00:00,150,3,19.82,Netflix,Los Gatos,CA,4899,Swipe Transaction,0
97a39c79-2518-4a2f-bc2e-e759a52adbd7,2026-06-19T16:14:27.832607+00:00,242,4,40.88,Walmart,Bentonville,AR,5411,Swipe Transaction,0
8add97ae-bb64-4d16-a45c-d9c56050fb29,2026-07-17T22:37:27.832607+00:00,180,2,45.85,Starbucks,Seattle,WA,5814,Chip Transaction,0
f49ef1b4-c87c-44da-84e9-175d8b746cc7,2026-06-18T16:52:27.832607+00:00,95,4,10.12,Target,Minneapolis,MN,5411,Chip Transaction,0
33d07c24-ce19-4047-a1a9-de2be295c4cd,2026-07-09T15:34:27.832607+00:00,126,4,9.86,Delta Airlines,Atlanta,GA,4511,Chip Transaction,0
ebe1fa9b-fda1-44f4-8697-e218340efb1a,2026-07-10T15:37:27.832607+00:00,244,1,7.8,Shell,Houston,TX,5541,Chip Transaction,0
cd31f475-f1e1-491d-911b-9d38eb8fbd08,2026-07-14T18:52:27.832607+00:00,16,3,3.05,McDonald's,Chicago,IL,5814,Swipe Transaction,0
f31b3420-4624-4d99-a4d6-afe2b16ee5fd,2026-07-22T16:29:27.832607+00:00,249,0,11.02,Walmart,Bentonville,AR,5411,Swipe Transaction,0
3032d528-01df-41df-ae08-6ae7d9ea79ca,2026-08-12T04:40:27.832607+00:00,60,2,30.03,Starbucks,Seattle,WA,5814,Online Transaction,0
6230a9b1-0e8d-4939-94f1-1b7c0f99e3db,2026-08-03T08:49:27.832607+00:00,45,0,13.06,Best Buy,Richfield,MN,5732,Chip Transaction,0
34d7ef1f-b81e-4853-a328-aaae74ce10b6,2026-08-14T10:50:27.832607+00:00,45,2,44.15,Uber,San Francisco,CA,4121,Chip Transaction,0
f4bd66a1-c657-42f6-99f3-95cbf94500cd,2026-08-12T00:41:27.832607+00:00,200,2,28.74,Netflix,Los Gatos,CA,4899,Chip Transaction,0
51a115bf-891f-4688-980b-1f52d1ba9d94,2026-07-01T01:58:27.832607+00:00,201,4,27.35,Apple Store,Cupertino,CA,5732,Chip Transaction,0
7dbb883f-d0e2-4e36-b9f6-0e764f3380c1,2026-07-20T08:14:27.832607+00:00,176,0,6.68,Amazon,Seattle,WA,5942,Chip Transaction,0
250bcc60-1c39-4bf4-b782-409f852684b8,2026-07-03T04:09:27.832607+00:00,163,4,29.34,Apple Store,Cupertino,CA,5732,Chip Transaction,0
f9e80545-8ceb-4d26-af13-c99fd66102d5,2026-06-27T21:15:27.832607+00:00,180,0,20.47,Netflix,Los Gatos,CA,4899,Chip Transaction,0
8fa3d19a-a2a1-4c15-8949-da804f41b287,2026-06-18T04:55:27.832607+00:00,228,1,44.22,CVS Pharmacy,Woonsocket,RI,5912,Chip Transaction,0
d4a965b1-a097-4603-a778-348e75b060a9,2026-07-10T03:10:27.832607+00:00,81,2,13.76,Apple Store,Cupertino,CA,5732,Chip Transaction,0
29a77320-180d-4285-a9fd-7165d6a2744a,2026-07-13T17:29:27.832607+00:00,144,4,72.61,McDonald's,Chicago,IL,5814,Swipe Transaction,0
040e6e8c-cc11-4bb2-812c-788ebc1be8b2,2026-07-17T19:02:27.832607+00:00,223,0,12.49,Netflix,Los Gatos,CA,4899,Swipe Transaction,0
30f5f5d4-56df-448b-984d-e8f3e1667fc1,2026-07-21T14:49:27.832607+00:00,124,1,7.08,Uber,San Francisco,CA,4121,Chip Transaction,0
7d377d29-88d1-49d5-855f-e969b9ad2ad8,2026-08-06T22:45:27.832607+00:00,207,3,10.37,Home Depot,Atlanta,GA,5200,Swipe Transaction,0
899e469b-0bfc-4183-b10a-439b82e590db,2026-06-26T17:43:27.832607+00:00,156,2,43.74,Costco,Issaquah,WA,5411,Swipe Transaction,0
34818d48-cb4e-4aa2-9cf3-06937cba9819,2026-08-14T03:55:27.832607+00:00,169,3,18.52,Delta Airlines,Atlanta,GA,4511,Chip Transaction,0
d68447c1-a2d2-48d6-bb25-75309385c638,2026-08-10T11:09:27.832607+00:00,41,2,26.46,McDonald's,Chicago,IL,5814,Chip Transaction,0
e0eacfd0-7672-435b-8870-1b409acce27c,2026-07-19T10:23:27.832607+00:00,40,1,132.67,CVS Pharmacy,Woonsocket,RI,5912,Online Transaction,0
37f74c8f-7f32-40fa-98d7-7cf9c780c1d2,2026-06-21T13:28:27.832607+00:00,114,3,8.66,Walmart,Bentonville,AR,5411,Chip Transaction,0
c394fb88-d0cd-4804-bb4d-0b7626024636,2026-07-22T22:25:27.832607+00:00,174,4,8.62,Home Depot,Atlanta,GA,5200,Chip Transaction,0
be10f39e-d5da-4b78-b8f4-faeecfb814cc,2026-07-03T12:06:27.832607+00:00,2,1,7.69,Shell,Houston,TX,5541,Swipe Transaction,0
477244ec-8e5d-49bd-b7f3-92fa58ae9a16,2026-07-20T08:42:27.832607+00:00,2,3,11.56,CVS Pharmacy,Woonsocket,RI,5912,Chip Transaction,0
280e2185-0736-46a2-ad26-ff55386f2a8a,2026-07-08T14:23:27.832607+00:00,172,2,26.19,Netflix,Los Gatos,CA,4899,Swipe Transaction,0
188324ec-2d41-4112-b68c-6514fa7242fb,2026-08-10T05:42:27.832607+00:00,107,2,32.27,Delta Airlines,Atlanta,GA,4511,Swipe Transaction,0
b4361cfb-ef9c-4e2d-aa1e-9aa530dfffb2,2026-08-06T07:33:27.832607+00:00,112,0,20.12,Uber,San Francisco,CA,4121,Chip Transaction,0
7800a784-005d-4afa-8ccd-5c3bcb76dcdb,2026-07-25T15:38:27.832607+00:00,87,1,26.08,Netflix,Los Gatos,CA,4899,Chip Transaction,0
eaf846cf-fdfe-4835-9531-4c3eddc570f7,2026-07-17T11:34:27.832607+00:00,232,2,24.98,Walmart,Bentonville,AR,5411,Chip Transaction,0
36f27d5d-1f69-47e4-82c7-e9e62e047029,2026-07-15T20:10:27.832607+00:00,66,1,31.93,Costco,Issaquah,WA,5411,Chip Transaction,0
20304c99-f991-491c-b03c-f1f37ffd55f7,2026-08-01T00:09:27.832607+00:00,161,3,37.82,CVS Pharmacy,Woonsocket,RI,5912,Online Transaction,0
3e50766f-f444-4ab8-8845-951e4ae1264d,2026-07-05T13:38:27.832607+00:00,165,4,36.05,CVS Pharmacy,Woonsocket,RI,5912,Online Transaction,0
c8cde85e-5c61-41fd-838d-d8cd3fe814b0,2026-07-18T09:06:27.832607+00:00,162,2,14.78,McDonald's,Chicago,IL,5814,Chip Transaction,0
4f99cf02-1f3a-48a0-88ab-7f0ef0b5d35c,2026-07-22T19:07:27.832607+00:00,15,2,24.94,Uber,San Francisco,CA,4121,Chip Transaction,0
319e26b0-b8f7-44b8-9f73-c180bb1c839d,2026-07-21T16:02:27.832607+00:00,245,0,31.06,Costco,Issaquah,WA,5411,Swipe Transaction,0
4bf93f0c-14ef-429a-9ee9-8daef3a2d48c,2026-07-06T20:42:27.832607+00:00,39,0,34.66,Best Buy,Richfield,MN,5732,Chip Transaction,0
bd86e4e3-3c8e-4774-b320-cb1e14137a55,2026-07-06T18:59:27.832607+00:00,182,3,4.0,Whole Foods,Austin,TX,5411,Chip Transaction,0
17b6e641-06d0-4491-b70f-e57f7df0f853,2026-07-07T19:14:27.832607+00:00,105,2,10.59,Best Buy,Richfield,MN,5732,Chip Transaction,0
17fe4f36-5f57-4f14-a7d9-c5e1d9ce6ee5,2026-06-23T09:03:27.832607+00:00,174,3,31.3,McDonald's,Chicago,IL,5814,Chip Transaction,0
9bd2025a-b9a8-46b4-a777-ac5024494eb4,2026-07-21T22:26:27.832607+00:00,86,0,324.09,Costco,Issaquah,WA,5411,Online Transaction,0
ede595aa-e305-4c1b-9dc0-9747b077e365,2026-06-24T18:09:27.832607+00:00,241,0,40.61,Whole Foods,Austin,TX,5411,Swipe Transaction,0
09c311b6-c306-4d5d-9d91-1b6d58ef0ce7,2026-07-19T14:52:27.832607+00:00,176,4,113.94,McDonald's,Chicago,IL,5814,Swipe Transaction,0
6eff9ad1-b7bd-45a9-8795-a6225a19d957,2026-08-08T07:00:27.832607+00:00,244,1,24.86,Netflix,Los Gatos,CA,4899,Chip Transaction,0
e93c2206-49e1-4d08-840e-e0d928363b24,2026-07-16T16:38:27.832607+00:00,130,4,11.51,Apple Store,Cupertino,CA,5732,Swipe Transaction,0
7eb1f696-99a4-4d9b-9775-501a6219a5a0,2026-06-29T20:56:27.832607+00:00,40,1,112.33,Uber,San Francisco,CA,4121,Swipe Transaction,0
a2f04ae0-f78d-4fb8-b085-59605d6c346e,2026-07-31T08:06:27.832607+00:00,12,3,177.42,CVS Pharmacy,Woonsocket,RI,5912,Swipe Transaction,0
8501e031-d032-44f4-89b0-d8de8aa984c0,2026-07-14T15:20:27.832607+00:00,62,2,148.77,Starbucks,Seattle,WA,5814,Chip Transaction,0
983bbe5f-6e1e-42da-8fd9-1f13b0599df3,2026-07-05T02:35:27.832607+00:00,98,4,98.44,Starbucks,Seattle,WA,5814,Chip Transaction,0
167760c7-d420-4cd3-891f-f46b261c15c6,2026-06-29T18:54:27.832607+00:00,224,2,11.65,Target,Minneapolis,MN,5411,Swipe Transaction,0
89056418-f435-4fc6-b7ef-47821da718fe,2026-06-27T07:45:27.832607+00:00,232,4,6.04,Delta Airlines,Atlanta,GA,4511,Chip Transaction,0
daee33c1-cf92-4e87-80cc-c7030d5ff85d,2026-08-03T09:16:27.832607+00:00,90,0,59.5,Walmart,Bentonville,AR,5411,Chip Transaction,0
1c4279b3-2347-44c1-a550-0c4fa85f0ca2,2026-07-10T00:48:27.832607+00:00,58,0,17.87,Home Depot,Atlanta,GA,5200,Chip Transaction,0
2ca69f57-c91d-4ee7-ab65-9b186ef2946c,2026-07-18T18:59:27.832607+00:00,10,2,40.4,Costco,Issaquah,WA,5411,Chip Transaction,0
64f87950-a5a3-49a7-a457-9b634e3b4e06,2026-07-04T19:04:27.832607+00:00,232,0,52.08,Target,Minneapolis,MN,5411,Swipe Transaction,0
ccfa3de7-6570-451f-b86e-03a245fa5852,2026-08-15T01:39:27.832607+00:00,61,2,32.83,Costco,Issaquah,WA,5411,Swipe Transaction,0
8626cdd9-e416-42f4-ab34-c105bdd0cce3,2026-08-05T16:59:27.832607+00:00,215,3,43.33,Netflix,Los Gatos,CA,4899,Chip Transaction,0
533d5ee3-ed38-4cc6-a8a1-cd9376326bbf,2026-06-23T11:34:27.832607+00:00,110,0,25.31,McDonald's,Chicago,IL,5814,Chip Transaction,0
e99f8722-0471-488c-995e-6cbcf42828af,2026-06-21T20:05:27.832607+00:00,250,2,16.71,Best Buy,Richfield,MN,5732,Chip Transaction,0
ef3d632d-e89b-4dfc-aaeb-b7432719d603,2026-08-10T15:19:27.832607+00:00,100,3,64.69,Home Depot,Atlanta,GA,5200,Swipe Transaction,0
a90f8faf-774b-472c-a1c6-52e45a384d5c,2026-08-12T20:03:27.832607+00:00,161,0,48.42,Uber,San Francisco,CA,4121,Swipe Transaction,0
f69eb38b-ca99-4ecd-8969-b029f79698d8,2026-06-24T19:58:27.832607+00:00,165,1,10.24,Uber,San Francisco,CA,4121,Chip Transaction,0
6101d3fb-df9d-4ddd-b1b7-3b95dde577e0,2026-07-05T12:10:27.832607+00:00,199,3,72.17,Apple Store,Cupertino,CA,5732,Chip Transaction,0
294e608e-ef90-4a7b-ac02-ffc3020c1e51,2026-08-13T10:22:27.832607+00:00,209,4,16.24,Amazon,Seattle,WA,5942,Chip Transaction,0
98eb577e-92b8-410a-9a13-0305ff066c89,2026-07-04T17:00:27.832607+00:00,13,2,33.71,CVS Pharmacy,Woonsocket,RI,5912,Online Transaction,0
c0de975d-6340-4c42-8694-02a8449d57e9,2026-07-22T22:18:27.832607+00:00,245,3,20.86,Uber,San Francisco,CA,4121,Chip Transaction,0
a36304c7-a972-4623-bc78-d8022c0cd509,2026-07-16T22:31:27.832607+00:00,69,0,39.2,Apple Store,Cupertino,CA,5732,Swipe Transaction,0
d7ead9b4-942a-444c-be37-d2da50f45c9b,2026-07-09T03:49:27.832607+00:00,76,2,17.2,Best Buy,Richfield,MN,5732,Chip Transaction,0
3144d674-3abe-4773-8f50-f7d7e61586b6,2026-07-07T05:02:27.832607+00:00,187,2,9.72,Netflix,Los Gatos,CA,4899,Chip Transaction,0
abf4d214-439b-431c-8d26-467d4d0910e3,2026-06-21T20:00:27.832607+00:00,172,3,68.9,Shell,Houston,TX,5541,Chip Transaction,0
79e18d00-bcd7-4265-888f-650569c453d8,2026-07-14T17:30:27.832607+00:00,9,1,6.02,Delta Airlines,Atlanta,GA,4511,Swipe Transaction,0
3dddc9d4-5ff8-44d4-8116-0146271149b8,2026-08-10T16:17:27.832607+00:00,155,1,17.56,McDonald's,Chicago,IL,5814,Swipe Transaction,0
087034a3-1de7-4030-80ce-455313dc7f7d,2026-07-06T20:17:27.832607+00:00,94,3,22.34,Uber,San Francisco,CA,4121,Chip Transaction,0
1aabde43-ecdd-402e-b175-a87ec39b2034,2026-07-19T04:22:27.832607+00:00,31,2,8.98,Starbucks,Seattle,WA,5814,Online Transaction,0
6eab558b-8bcc-4aca-9b3b-014df3dbb6ec,2026-07-24T02:33:27.832607+00:00,219,0,86.82,Starbucks,Seattle,WA,5814,Chip Transaction,0
d5d173e1-e7ac-4486-8076-fd34f31828b2,2026-07-06T15:39:27.832607+00:00,217,2,22.36,Delta Airlines,Atlanta,GA,4511,Swipe Transaction,0
d8a7e4a1-5ff1-4322-b99a-57e9dc3cfdd4,2026-07-16T04:12:27.832607+00:00,183,1,44.66,Home Depot,Atlanta,GA,5200,Online Transaction,0
0dac67b3-d8a0-4d87-af29-aa23e5b44e59,2026-07-14T21:28:27.832607+00:00,147,2,10.99,Walmart,Bentonville,AR,5411,Chip Transaction,0
4cb5a261-77f5-473d-93d6-9a6ba03c926d,2026-07-05T06:06:27.832607+00:00,123,4,8.05,Home Depot,Atlanta,GA,5200,Swipe Transaction,0
da1bd34c-6c6c-47b4-9b94-8c388c99a752,2026-07-10T09:46:27.832607+00:00,19,3,28.0,Costco,Issaquah,WA,5411,Chip Transaction,0
ef623c1a-522c-4228-bd55-b7a301ab7429,2026-07-05T09:32:27.832607+00:00,34,3,29.73,Uber,San Francisco,CA,4121,Swipe Transaction,0
c6e832e8-4224-4aea-8e29-08085ce252ed,2026-07-02T00:38:27.832607+00:00,42,2,70.93,Amazon,Seattle,WA,5942,Chip Transaction,0
f6f24feb-5fe7-42ed-9d6f-7afbe2354068,2026-07-27T06:37:27.832607+00:00,33,2,8.54,Home Depot,Atlanta,GA,5200,Swipe Transaction,0
47670452-a04e-48a2-b663-913158b7e17b,2026-06-21T20:55:27.832607+00:00,44,4,41.82,Home Depot,Atlanta,GA,5200,Swipe Transaction,0
27883356-5407-4614-a4e5-d43f8261fa22,2026-06-22T17:13:27.832607+00:00,12,4,43.04,Whole Foods,Austin,TX,5411,Chip Transaction,0
3a92f8ea-09be-4e86-b150-b72fd98bf77f,2026-07-23T17:01:27.832607+00:00,228,4,32.84,CVS Pharmacy,Woonsocket,RI,5912,Chip Transaction,0
f1413be5-917e-4147-b909-2b2f436e572d,2026-07-21T10:22:27.832607+00:00,77,3,21.44,Shell,Houston,TX,5541,Swipe Transaction,0
7de60462-a637-4c10-9a6c-ecde4e27b00f,2026-08-10T03:45:27.832607+00:00,156,1,20.47,Target,Minneapolis,MN,5411,Chip Transaction,0
43458351-62d0-4054-92c5-66eaf5b425c6,2026-07-19T08:19:27.832607+00:00,120,0,15.55,Uber,San Francisco,CA,4121,Chip Transaction,0
daa609ca-234a-4d58-9bd8-61f3ccc7b4e4,2026-07-23T10:51:27.832607+00:00,158,3,10.21,Target,Minneapolis,MN,5411,Chip Transaction,0
6eac6501-48aa-4d38-9a37-59c8cf1967f4,2026-07-25T04:48:27.832607+00:00,81,1,11.23,Whole Foods,Austin,TX,5411,Swipe Transaction,0
60166e95-c0e9-45b3-af6f-79309124d4f7,2026-08-02T07:04:27.832607+00:00,24,3,16.06,Home Depot,Atlanta,GA,5200,Chip Transaction,0
8710c737-ebbc-4465-9fe0-34e362a05347,2026-07-01T19:00:27.832607+00:00,127,4,12.43,Starbucks,Seattle,WA,5814,Chip Transaction,0
7ef71c26-e56c-4756-96d6-1cadde48f39a,2026-06-18T05:54:27.832607+00:00,226,2,35.54,Shell,Houston,TX,5541,Chip Transaction,0
a57480ec-1280-4fb0-9ca9-9fb35f61e43d,2026-07-14T12:06:27.832607+00:00,99,4,28.49,Uber,San Francisco,CA,4121,Chip Transaction,0
7740244a-25d4-455d-bca2-96d2010b0aee,2026-07-06T19:21:27.832607+00:00,33,0,93.05,Shell,Houston,TX,5541,Swipe Transaction,0
e5df3415-4170-4f92-a406-3bcc57523ecd,2026-07-11T22:40:27.832607+00:00,155,4,28.24,Uber,San Francisco,CA,4121,Chip Transaction,0
78d60426-fbc7-4d9c-86fe-f63a6a1eb39a,2026-07-11T06:19:27.832607+00:00,229,4,65.13,Amazon,Seattle,WA,5942,Chip Transaction,0
ec9e1a18-4c58-491a-abda-9d607384a581,2026-08-04T01:48:27.832607+00:00,216,2,15.46,Best Buy,Richfield,MN,5732,Swipe Transaction,0
aa8cede6-4458-40a3-be37-36240304243d,2026-06-23T18:09:27.832607+00:00,122,0,25.26,Costco,Issaquah,WA,5411,Swipe Transaction,0
c25e4cc6-3526-4721-8260-660e960ac351,2026-07-14T06:28:27.832607+00:00,7,4,130.07,Walmart,Bentonville,AR,5411,Swipe Transaction,0
c51c872a-d4db-4bd0-b47b-09602d3fcc29,2026-07-04T14:24:27.832607+00:00,185,0,172.67,McDonald's,Chicago,IL,5814,Swipe Transaction,0
e0ba953b-a4f0-43d0-954f-476c11819cc7,2026-06-24T16:26:27.832607+00:00,38,1,41.42,Home Depot,Atlanta,GA,5200,Online Transaction,0
07651c2a-bfd3-442d-8345-2965fe1ff224,2026-08-13T22:11:27.832607+00:00,106,4,17.48,Delta Airlines,Atlanta,GA,4511,Swipe Transaction,0
4fa49828-57c7-47a5-b778-05aafc75b436,2026-06-22T03:22:27.832607+00:00,133,1,176.48,Costco,Issaquah,WA,5411,Swipe Transaction,0
3b0436b8-3a36-4864-89cb-be96a9dbb1a6,2026-06-26T17:53:27.832607+00:00,118,4,23.25,McDonald's,Chicago,IL,5814,Online Transaction,0
e6585e31-adaa-4f00-9da6-c904a2b9ba17,2026-07-16T15:20:27.832607+00:00,178,2,110.47,McDonald's,Chicago,IL,5814,Swipe Transaction,0
ea6e89e3-35fd-4faa-aa50-46d5767a67fe,2026-06-22T06:26:27.832607+00:00,77,2,15.08,Starbucks,Seattle,WA,5814,Online Transaction,0
1f37cfca-6d9f-426b-bcf6-2736febf25fc,2026-07-28T22:21:27.832607+00:00,204,2,15.9,Apple Store,Cupertino,CA,5732,Online Transaction,0
ccbe3a74-2331-4f64-97df-1deb7a5026a9,2026-07-21T14:28:27.832607+00:00,89,1,46.51,McDonald's,Chicago,IL,5814,Chip Transaction,0
0892f57a-507f-4cf7-9060-96053f00f70b,2026-07-21T08:39:27.832607+00:00,212,4,63.63,Delta Airlines,Atlanta,GA,4511,Chip Transaction,0
25de2ca7-26a0-4baa-855f-6da56aef7ef4,2026-07-23T02:52:27.832607+00:00,62,1,16.51,Delta Airlines,Atlanta,GA,4511,Swipe Transaction,0
39225173-025f-4d80-bb7c-ed70d91cc137,2026-08-12T04:16:27.832607+00:00,85,3,14.12,Home Depot,Atlanta,GA,5200,Chip Transaction,0
3d887214-b5c9-428d-aa57-9c944ac04c13,2026-08-07T15:31:27.832607+00:00,225,3,74.97,Target,Minneapolis,MN,5411,Online Transaction,0
e95f3dcd-e1cf-4ff9-bc6f-0d94d198d2d9,2026-07-04T08:09:27.832607+00:00,233,0,70.47,CVS Pharmacy,Woonsocket,RI,5912,Swipe Transaction,0
5cb344ae-73aa-4fee-84f7-96b41b653e86,2026-06-18T10:11:27.832607+00:00,236,1,287.81,Home Depot,Atlanta,GA,5200,Chip Transaction,0
e925dc3b-d82a-42f6-81e9-a184aaeb06de,2026-07-09T18:16:27.832607+00:00,75,0,3.56,Target,Minneapolis,MN,5411,Online Transaction,0
01bd7ffe-5a38-4f14-8b07-21136fff9b67,2026-08-15T22:55:27.832607+00:00,218,4,28.0,Best Buy,Richfield,MN,5732,Online Transaction,0
6db56d72-915a-4712-9417-1c832e5a8407,2026-07-05T04:45:27.832607+00:00,66,1,12.01,CVS Pharmacy,Woonsocket,RI,5912,Chip Transaction,0
e0714874-4b40-4d9c-ac43-5bc4d4a2e0c5,2026-08-15T12:23:27.832607+00:00,157,3,9.28,CVS Pharmacy,Woonsocket,RI,5912,Chip Transaction,0
0a9224f2-ae96-471d-93a9-7be6937f8e75,2026-07-08T20:50:27.832607+00:00,123,2,20.71,Walmart,Bentonville,AR,5411,Online Transaction,0
31db03b6-2a55-4f60-abe1-5e258a5ffd94,2026-07-25T05:17:27.832607+00:00,78,4,72.89,OnlineElectronics,Shenzhen,FOREIGN,5732,Online Transaction,1
dae77ade-9e35-4f66-a805-faab7deab29d,2026-06-25T15:41:27.832607+00:00,79,1,1015.49,LuxuryGoods LLC,Miami,FL,5944,Swipe Transaction,1
0689a5bc-45db-4d02-8da6-0aca7a317d89,2026-07-10T21:31:27.832607+00:00,76,2,17.63,Whole Foods,Austin,TX,5411,Online Transaction,0
f08a1a41-3ef0-412e-9657-69ed44fd48f4,2026-06-21T20:29:27.832607+00:00,96,3,23.06,Target,Minneapolis,MN,5411,Online Transaction,0
7149840c-a172-47b7-9e97-ce33ea97c3f3,2026-06-27T19:20:27.832607+00:00,64,4,29.15,CVS Pharmacy,Woonsocket,RI,5912,Chip Transaction,0
cef867ed-65af-4a69-b113-442d32a086d3,2026-08-09T08:19:27.832607+00:00,16,4,34.51,Home Depot,Atlanta,GA,5200,Swipe Transaction,0
87663a60-4202-4f71-9936-099a582ebce5,2026-07-01T18:54:27.832607+00:00,30,1,10.97,Home Depot,Atlanta,GA,5200,Chip Transaction,0
fd472fd7-d25a-4129-8719-f5e6a0fd30d4,2026-06-24T17:15:27.832607+00:00,132,3,26.68,Whole Foods,Austin,TX,5411,Chip Transaction,0
8f406cf8-37a3-4645-a615-8d7e4ffc5ee7,2026-07-06T05:16:27.832607+00:00,102,2,18.16,Home Depot,Atlanta,GA,5200,Swipe Transaction,0
73d54203-24f6-474f-9e80-fa216889382f,2026-08-16T12:34:27.832607+00:00,139,0,7.82,Best Buy,Richfield,MN,5732,Swipe Transaction,0
3c5a34da-03fd-411b-9250-e1c5219fa73a,2026-08-10T12:23:27.832607+00:00,197,3,7.22,Apple Store,Cupertino,CA,5732,Swipe Transaction,0
3dcd2212-4f97-4f3a-824d-ea204f699774,2026-07-13T17:08:27.832607+00:00,21,4,9.41,Netflix,Los Gatos,CA,4899,Chip Transaction,0
20e23c9d-1052-418d-8c51-48fc83e30822,2026-08-04T16:38:27.832607+00:00,214,0,20.3,Uber,San Francisco,CA,4121,Online Transaction,0
ee8d6c13-7cd3-4c83-85a2-6de4a3334f37,2026-08-14T17:30:27.832607+00:00,211,1,44.17,Apple Store,Cupertino,CA,5732,Chip Transaction,0
f379dbd2-5aff-4e54-9fb1-e385c7dbcf43,2026-07-25T06:28:27.832607+00:00,108,4,36.29,Target,Minneapolis,MN,5411,Online Transaction,0
02e6e050-0916-48d0-b764-53093c53ab8b,2026-08-15T08:59:27.832607+00:00,190,0,40.81,Walmart,Bentonville,AR,5411,Chip Transaction,0
e4b00a88-94ed-411b-9048-11f4c66076f2,2026-07-11T04:24:27.832607+00:00,209,4,6.17,Home Depot,Atlanta,GA,5200,Chip Transaction,0
ecb5bf56-1c76-4876-b37d-e157043059df,2026-07-18T18:30:27.832607+00:00,37,4,36.31,CVS Pharmacy,Woonsocket,RI,5912,Chip Transaction,0
a4590358-ac6e-418b-af4d-0c12b8c7ab55,2026-07-27T16:17:27.832607+00:00,249,2,34.45,Shell,Houston,TX,5541,Chip Transaction,0
cdc23289-9e02-4123-95ea-77f9faffea58,2026-06-19T05:49:27.832607+00:00,77,3,27.78,CVS Pharmacy,Woonsocket,RI,5912,Chip Transaction,0
2e0c42bc-8d2b-41e3-bed6-951305de6b10,2026-07-31T01:28:27.832607+00:00,37,3,14.64,Apple Store,Cupertino,CA,5732,Online Transaction,0
c0751578-d1d5-4ed6-952e-2ee30738a8d6,2026-08-11T13:17:27.832607+00:00,53,2,27.17,Netflix,Los Gatos,CA,4899,Chip Transaction,0
56937c34-1d91-45b2-a92f-f68ffaa94469,2026-06-18T22:24:27.832607+00:00,173,4,37.65,Apple Store,Cupertino,CA,5732,Chip Transaction,0
59228840-b075-4087-a912-49de8528fcd3,2026-06-22T22:03:27.832607+00:00,144,1,3.25,Walmart,Bentonville,AR,5411,Swipe Transaction,0
17febe6a-d97e-4e81-8095-41c7413e370d,2026-07-04T03:54:27.832607+00:00,235,1,8.98,Whole Foods,Austin,TX,5411,Chip Transaction,0
05ded8c6-bda8-4eca-87fc-aab6a718f6ba,2026-06-27T13:07:27.832607+00:00,67,2,16.53,Shell,Houston,TX,5541,Chip Transaction,0
45cb97c9-debd-4495-8432-de8fc53f3244,2026-07-01T02:54:27.832607+00:00,95,2,18.29,Apple Store,Cupertino,CA,5732,Online Transaction,0
3366812d-ffda-41df-bdd6-0a0f3b28059a,2026-07-10T02:55:27.832607+00:00,240,4,14.82,Costco,Issaquah,WA,5411,Chip Transaction,0
d81e38fc-0c49-42cd-b36b-1f3d778cd6df,2026-06-25T02:00:27.832607+00:00,214,1,11.01,Shell,Houston,TX,5541,Chip Transaction,0
1dc4b45c-07f5-4162-a6c8-c44f54bc0083,2026-07-02T08:25:27.832607+00:00,186,3,8.5,McDonald's,Chicago,IL,5814,Chip Transaction,0
568e2867-0b87-4bb8-9eb8-94030c32e7da,2026-07-05T20:28:27.832607+00:00,48,4,18.81,CVS Pharmacy,Woonsocket,RI,5912,Chip Transaction,0
3748af92-3e4a-4385-a74e-441a4d8d4bdf,2026-06-19T09:06:27.832607+00:00,60,0,49.13,Home Depot,Atlanta,GA,5200,Online Transaction,0
751a7f5e-8d57-40c0-a137-d583f7fd976b,2026-08-03T01:14:27.832607+00:00,240,4,604.02,AnonymousGiftCards,Panama City,FOREIGN,5947,Online Transaction,1
ca956dfd-2316-4253-b595-59b7f04df1fe,2026-07-03T19:35:27.832607+00:00,28,0,98.13,Amazon,Seattle,WA,5942,Online Transaction,0
f5f1b2ba-6459-4ba6-ab43-db24d343c7c0,2026-06-30T01:37:27.832607+00:00,204,3,31.42,Starbucks,Seattle,WA,5814,Chip Transaction,0
5595f4b6-afe6-41e9-9364-6d8a91337212,2026-08-09T14:32:27.832607+00:00,77,0,22.56,Netflix,Los Gatos,CA,4899,Swipe Transaction,0
312099cf-89db-4274-833c-a595f170ee58,2026-06-18T07:03:27.832607+00:00,142,3,38.17,McDonald's,Chicago,IL,5814,Chip Transaction,0
ef50f8b8-d70d-4bf7-89d8-a66800f88c6f,2026-08-11T16:34:27.832607+00:00,201,2,8.9,Delta Airlines,Atlanta,GA,4511,Chip Transaction,0
56adb1ed-c7a1-4d2e-a516-dee416d3d2c4,2026-06-26T07:02:27.832607+00:00,237,0,48.68,Walmart,Bentonville,AR,5411,Chip Transaction,0
c0a29664-e679-4305-9ee8-850888a61e9d,2026-07-22T06:40:27.832607+00:00,5,1,33.03,Best Buy,Richfield,MN,5732,Online Transaction,0
29754708-c130-471a-969d-7687df846f8b,2026-06-24T08:46:27.832607+00:00,42,4,42.34,Costco,Issaquah,WA,5411,Chip Transaction,0
52377a7a-0379-46df-badc-16631d6173da,2026-07-25T21:50:27.832607+00:00,194,1,4.69,Costco,Issaquah,WA,5411,Chip Transaction,0
05bbaff9-0681-4d32-8e12-295f0414c34d,2026-08-09T15:50:27.832607+00:00,88,4,7.21,Uber,San Francisco,CA,4121,Online Transaction,0
33ce71c4-05aa-4554-8035-c6a8e071f618,2026-06-21T22:09:27.832607+00:00,201,3,71.86,Netflix,Los Gatos,CA,4899,Swipe Transaction,0
d0f073e5-2ca6-4753-858c-699504cb2a56,2026-07-03T03:25:27.832607+00:00,170,3,81.36,Home Depot,Atlanta,GA,5200,Swipe Transaction,0
e225349c-ac8b-4719-b2ac-beb3a2c76c03,2026-08-08T23:57:27.832607+00:00,40,3,122.0,Shell,Houston,TX,5541,Chip Transaction,0
9d4f68af-77a4-47a8-8d27-01b2e84cbc76,2026-06-20T02:23:27.832607+00:00,79,3,17.87,Netflix,Los Gatos,CA,4899,Chip Transaction,0
5bb01a0b-d477-426f-aea1-3a3ff60de7d2,2026-07-15T00:54:27.832607+00:00,143,4,12.2,Walmart,Bentonville,AR,5411,Chip Transaction,0
6b3faded-c351-46a4-ab33-94222351501c,2026-07-10T15:46:27.832607+00:00,84,3,19.13,Walmart,Bentonville,AR,5411,Swipe Transaction,0
8b0a6e21-f61f-4952-999b-a7aaeefacc2c,2026-08-15T16:12:27.832607+00:00,63,4,117.51,Netflix,Los Gatos,CA,4899,Swipe Transaction,0
f14fb0d9-4fe3-499e-a7e1-cc191906211d,2026-06-30T08:47:27.832607+00:00,38,0,12.21,Netflix,Los Gatos,CA,4899,Chip Transaction,0
6db8c159-243b-4ae6-9c29-2a28bdd6ffb6,2026-08-01T13:53:27.832607+00:00,242,1,5.91,Netflix,Los Gatos,CA,4899,Chip Transaction,0
46bfffcb-3581-4e14-9c12-409e735fabe6,2026-06-20T21:45:27.832607+00:00,243,3,14.49,Best Buy,Richfield,MN,5732,Chip Transaction,0
ad8d3d9a-e246-4164-ba98-75b9eae271e1,2026-07-17T13:25:27.832607+00:00,209,4,49.41,Netflix,Los Gatos,CA,4899,Chip Transaction,0
371abfdb-72ea-4f83-b464-529639669368,2026-08-04T09:47:27.832607+00:00,126,4,68.13,Best Buy,Richfield,MN,5732,Swipe Transaction,0
4bc25e18-b996-4c6b-9a72-a075e9252e05,2026-07-25T17:34:27.832607+00:00,145,1,54.87,Shell,Houston,TX,5541,Chip Transaction,0
8233cb21-1bee-4e97-bea1-e30878941006,2026-06-23T21:25:27.832607+00:00,119,1,45.77,Target,Minneapolis,MN,5411,Online Transaction,0
681480a5-48f3-414e-bc07-332307921ed0,2026-07-07T21:20:27.832607+00:00,105,3,127.05,Costco,Issaquah,WA,5411,Swipe Transaction,0
0efef9a6-9a5f-4026-9f72-df60359e88b7,2026-08-04T03:07:27.832607+00:00,97,0,15.62,Starbucks,Seattle,WA,5814,Chip Transaction,0
afec5212-ad70-449f-8795-49169f94667e,2026-07-06T22:09:27.832607+00:00,223,3,32.22,Apple Store,Cupertino,CA,5732,Online Transaction,0
a90dcdad-aa10-4c5b-aae9-865eb0c8d7f3,2026-06-28T07:33:27.832607+00:00,235,0,128.84,Uber,San Francisco,CA,4121,Swipe Transaction,0
d4efd025-9afd-45f2-bd40-5a570eb9bcd0,2026-08-06T20:14:27.832607+00:00,145,3,33.28,McDonald's,Chicago,IL,5814,Swipe Transaction,0
9f432b88-f25f-4614-ba92-4f6b9a3f282a,2026-07-17T14:46:27.832607+00:00,177,4,4.5,Netflix,Los Gatos,CA,4899,Swipe Transaction,0
4c095c34-868c-4e14-9290-7a9f602f700a,2026-07-27T16:18:27.832607+00:00,39,2,20.53,Netflix,Los Gatos,CA,4899,Swipe Transaction,0
fe677b72-f692-42d3-98ba-9aacd625cdd9,2026-08-14T13:30:27.832607+00:00,53,4,10.98,Shell,Houston,TX,5541,Chip Transaction,0
c9ec623c-24a6-4f84-b546-190be74b7ad7,2026-07-03T20:11:27.832607+00:00,77,0,17.91,Walmart,Bentonville,AR,5411,Chip Transaction,0
51100c18-2365-4675-85f3-a5cea8add14f,2026-08-06T07:45:27.832607+00:00,190,1,1708.7,LuxuryGoods LLC,Miami,FL,5944,Swipe Transaction,1
5e4fefec-8706-4b2f-bfb8-b17443989a44,2026-06-30T19:57:27.832607+00:00,205,3,15.57,Target,Minneapolis,MN,5411,Chip Transaction,0
1889bfce-f25e-420c-82ba-67ee189ddf26,2026-06-20T11:26:27.832607+00:00,227,1,36.67,McDonald's,Chicago,IL,5814,Swipe Transaction,0
7cbce415-818a-4899-a8c4-651ad8c749af,2026-07-06T21:03:27.832607+00:00,148,0,7.73,Netflix,Los Gatos,CA,4899,Swipe Transaction,0
67ff63c6-0232-4f45-8867-2b5b9cb3a892,2026-06-28T22:18:27.832607+00:00,126,4,14.47,Uber,San Francisco,CA,4121,Swipe Transaction,0
6446c2c3-b32c-4a46-8a72-b25a1e113441,2026-06-19T15:00:27.832607+00:00,217,3,37.19,Netflix,Los Gatos,CA,4899,Chip Transaction,0
1304a4ca-ec2e-4eb7-b25e-f94fe5fe41f0,2026-06-21T14:31:27.832607+00:00,22,1,38.58,McDonald's,Chicago,IL,5814,Swipe Transaction,0
5d2fbdff-a969-4a9e-9744-67e4287d9e7b,2026-07-19T07:00:27.832607+00:00,100,3,9.55,Shell,Houston,TX,5541,Chip Transaction,0
4b565728-9419-4cc5-963d-9fff8cb7f478,2026-06-23T12:15:27.832607+00:00,236,1,19.46,Netflix,Los Gatos,CA,4899,Chip Transaction,0
dc95cfb3-2fa9-4525-8e33-040ecfd326aa,2026-06-27T06:56:27.832607+00:00,14,2,10.91,Shell,Houston,TX,5541,Chip Transaction,0
b15be3e2-9e6b-41fe-96ee-9b3dce4cc65c,2026-08-15T22:13:27.832607+00:00,107,3,24.94,Starbucks,Seattle,WA,5814,Swipe Transaction,0
717037c0-100e-4176-a76a-ec237f4908d7,2026-07-03T07:35:27.832607+00:00,44,3,15.76,Best Buy,Richfield,MN,5732,Chip Transaction,0
b97ee428-8090-431e-a7c2-fe9f16291fb6,2026-06-26T07:29:27.832607+00:00,69,4,24.17,CVS Pharmacy,Woonsocket,RI,5912,Swipe Transaction,0
6ff2bc96-d149-4179-9c60-5534b87b284f,2026-07-14T09:44:27.832607+00:00,116,2,42.63,CVS Pharmacy,Woonsocket,RI,5912,Online Transaction,0
20fca2ef-b872-4488-a599-7400d08ae782,2026-07-16T01:41:27.832607+00:00,151,2,42.85,Walmart,Bentonville,AR,5411,Online Transaction,0
e9134e00-c75c-489b-a8c6-22f4f67012b3,2026-06-22T06:01:27.832607+00:00,207,0,56.46,Target,Minneapolis,MN,5411,Online Transaction,0
f5bb68bf-ace6-431a-9055-8dbb840cc5a0,2026-06-25T21:49:27.832607+00:00,75,2,29.37,Shell,Houston,TX,5541,Online Transaction,0
dd4d40ea-f10f-4bcf-aeb5-69985be39c18,2026-06-25T16:00:27.832607+00:00,35,3,30.66,Costco,Issaquah,WA,5411,Online Transaction,0
ac8a775d-ec99-4025-82de-8375b897efc1,2026-08-11T09:39:27.832607+00:00,38,2,54.94,Costco,Issaquah,WA,5411,Chip Transaction,0
0f51f5c4-0c57-4feb-8573-e84b25d9fbfa,2026-07-25T06:22:27.832607+00:00,161,3,20.22,McDonald's,Chicago,IL,5814,Swipe Transaction,0
1701c12b-d515-4846-8d86-c7e522c775fd,2026-07-13T15:35:27.832607+00:00,192,2,175.58,McDonald's,Chicago,IL,5814,Chip Transaction,0
ae5409e6-4102-481b-a4cb-c86f9dab72ec,2026-07-14T04:55:27.832607+00:00,118,2,119.53,Apple Store,Cupertino,CA,5732,Swipe Transaction,0
415e4029-bd6c-4724-9540-7c610c6f1d63,2026-08-11T00:49:27.832607+00:00,69,2,11.43,Netflix,Los Gatos,CA,4899,Chip Transaction,0
4242ef58-fee1-40fe-af86-05548aa28112,2026-07-21T23:38:27.832607+00:00,238,1,80.88,Best Buy,Richfield,MN,5732,Chip Transaction,0
ed90870c-ef9e-41a6-86ef-605e84a682d2,2026-07-07T15:09:27.832607+00:00,167,2,5.61,Netflix,Los Gatos,CA,4899,Chip Transaction,0
39c877a2-c269-4c08-8663-af44d39b8db1,2026-08-02T07:52:27.832607+00:00,96,1,8.93,Whole Foods,Austin,TX,5411,Chip Transaction,0
9c07ff93-906e-4ac6-a6d4-af1aa15f4b8f,2026-08-12T02:02:27.832607+00:00,24,0,102.06,Shell,Houston,TX,5541,Chip Transaction,0
a0dd505e-d52b-4542-892e-c92ce202900a,2026-08-16T16:47:27.832607+00:00,3,0,11.79,Walmart,Bentonville,AR,5411,Swipe Transaction,0
0a228ee9-2009-43b0-8b70-23e90eab8afb,2026-07-16T12:37:27.832607+00:00,99,0,21.37,Costco,Issaquah,WA,5411,Chip Transaction,0
f0a0adcb-ca8b-4479-9da4-9b81556e6ece,2026-08-07T11:24:27.832607+00:00,193,1,48.51,Uber,San Francisco,CA,4121,Swipe Transaction,0
c1c931cc-9f0a-46c3-bf46-1c9c97447830,2026-06-19T09:37:27.832607+00:00,43,3,5.33,Target,Minneapolis,MN,5411,Swipe Transaction,0
15ffe5c8-c332-4e09-95ce-b8d1b21fe91c,2026-07-15T19:59:27.832607+00:00,230,0,33.83,McDonald's,Chicago,IL,5814,Chip Transaction,0
da6d11e0-8570-470b-aa6c-02a568ea2e4c,2026-08-04T01:18:27.832607+00:00,203,1,42.42,Best Buy,Richfield,MN,5732,Chip Transaction,0
d397b531-911a-4245-a9db-546de8125dde,2026-07-25T05:52:27.832607+00:00,73,0,9.26,Walmart,Bentonville,AR,5411,Swipe Transaction,0
c0cccc55-52ef-4cf4-a40e-4c9b63483c7e,2026-06-17T20:51:27.832607+00:00,76,0,25.94,Starbucks,Seattle,WA,5814,Swipe Transaction,0
d0f171e1-3277-4d55-88b2-246b9c89f2ea,2026-07-26T00:19:27.832607+00:00,228,0,8.13,Walmart,Bentonville,AR,5411,Chip Transaction,0
5c6589f3-7f43-478d-9fbb-48b7157849e6,2026-07-14T22:20:27.832607+00:00,140,1,8.29,Target,Minneapolis,MN,5411,Chip Transaction,0
44ecc34f-0f52-426e-941b-0107d4f1dc20,2026-07-04T22:13:27.832607+00:00,56,0,4.96,CVS Pharmacy,Woonsocket,RI,5912,Chip Transaction,0
8b50ad9e-1e59-428c-8287-a06637007fb3,2026-08-11T07:04:27.832607+00:00,107,3,25.22,Netflix,Los Gatos,CA,4899,Chip Transaction,0
3b475911-ed2a-473a-8aab-5b8a308776c8,2026-07-11T04:22:27.832607+00:00,21,4,26.27,Home Depot,Atlanta,GA,5200,Chip Transaction,0
62e85011-a512-4f33-a4bd-fbcec9acd41c,2026-07-29T07:16:27.832607+00:00,214,0,26.9,Target,Minneapolis,MN,5411,Swipe Transaction,0
0e6b76a8-b4df-4ab1-b345-4df3583ba18e,2026-07-19T13:35:27.832607+00:00,237,3,61.53,Delta Airlines,Atlanta,GA,4511,Chip Transaction,0
c099ad0a-2012-40f1-9937-1ce006036737,2026-08-06T05:47:27.832607+00:00,36,0,32.98,Best Buy,Richfield,MN,5732,Chip Transaction,0
e43cf9be-1095-4c20-9502-9ae0acf9dc25,2026-08-01T21:16:27.832607+00:00,43,2,28.9,Uber,San Francisco,CA,4121,Swipe Transaction,0
48da5a98-6106-4d16-8730-d8fb639a3976,2026-08-05T05:52:27.832607+00:00,183,4,47.05,Costco,Issaquah,WA,5411,Chip Transaction,0
74d9b31e-2895-4794-93ca-f4cac49d533a,2026-06-20T16:18:27.832607+00:00,43,2,24.97,Apple Store,Cupertino,CA,5732,Online Transaction,0
4b33a22b-161f-4bfc-ac9c-d43b65d374a5,2026-08-02T11:31:27.832607+00:00,190,4,158.86,Walmart,Bentonville,AR,5411,Chip Transaction,0
12b17e63-4be3-49e2-afd2-bf662139497c,2026-08-16T13:33:27.832607+00:00,246,0,1.76,Costco,Issaquah,WA,5411,Chip Transaction,0
af0e065d-95b4-4c0d-ae7c-4fe4421a2300,2026-06-27T11:24:27.832607+00:00,107,2,46.52,Delta Airlines,Atlanta,GA,4511,Chip Transaction,0
932f9360-041f-48ec-a473-328f378556e1,2026-07-23T02:35:27.832607+00:00,46,1,16.54,Best Buy,Richfield,MN,5732,Online Transaction,0
a11a29e6-aac7-451d-b01e-eabc64eec18c,2026-06-30T20:26:27.832607+00:00,217,2,7.07,Netflix,Los Gatos,CA,4899,Chip Transaction,0
906ee907-4876-4c7b-9ac4-72586c9850fd,2026-07-18T00:10:27.832607+00:00,119,2,28.26,Apple Store,Cupertino,CA,5732,Swipe Transaction,0
93d01dd7-8fdc-41cc-95c3-0ce17bd6cdcc,2026-06-23T22:35:27.832607+00:00,204,1,120.56,CVS Pharmacy,Woonsocket,RI,5912,Chip Transaction,0
36457894-ed46-4677-acf6-910edb64469a,2026-08-03T02:14:27.832607+00:00,86,0,1657.31,OnlineElectronics,Shenzhen,FOREIGN,5732,Chip Transaction,1
8274d156-f6fb-48f8-ac55-9c4236ccd946,2026-06-17T23:15:27.832607+00:00,61,3,36.29,Delta Airlines,Atlanta,GA,4511,Chip Transaction,0
557293db-3c00-49e9-abdc-b738a6826441,2026-07-03T00:18:27.832607+00:00,230,4,35.17,Target,Minneapolis,MN,5411,Online Transaction,0
3ab49460-2755-4de2-8652-0fe711db72f7,2026-07-10T04:49:27.832607+00:00,130,1,19.02,Uber,San Francisco,CA,4121,Swipe Transaction,0
8d829e6c-3b3f-4119-bceb-969a80ef048a,2026-06-19T19:08:27.832607+00:00,34,1,28.54,Walmart,Bentonville,AR,5411,Swipe Transaction,0
c158d330-6e00-4396-93ee-a806c82037ad,2026-07-21T05:59:27.832607+00:00,84,2,72.5,Uber,San Francisco,CA,4121,Online Transaction,0
842675b0-e97a-4c61-b308-4db43d2353dd,2026-07-06T14:06:27.832607+00:00,116,3,39.18,Walmart,Bentonville,AR,5411,Chip Transaction,0
8633a8aa-a77b-44d6-a4c2-8cfae3aff6ea,2026-07-19T05:09:27.832607+00:00,119,2,9.46,Home Depot,Atlanta,GA,5200,Chip Transaction,0
38a0cf47-4665-40be-a872-64f8c7675a5d,2026-08-05T21:12:27.832607+00:00,11,1,128.33,CVS Pharmacy,Woonsocket,RI,5912,Swipe Transaction,0
53ead26f-8977-4b7e-9277-0adc4ec67c25,2026-07-17T23:05:27.832607+00:00,174,2,13.42,Delta Airlines,Atlanta,GA,4511,Chip Transaction,0
4106f580-e49f-4dac-aa77-d37242470ae3,2026-07-24T02:49:27.832607+00:00,192,4,7.27,Target,Minneapolis,MN,5411,Chip Transaction,0
7919f534-981d-40ee-b521-b383e3af583a,2026-07-25T01:21:27.832607+00:00,213,1,42.33,Walmart,Bentonville,AR,5411,Chip Transaction,0
f80cfa19-d5d7-41a6-9898-fe74208cdc55,2026-08-04T21:36:27.832607+00:00,150,4,14.39,Netflix,Los Gatos,CA,4899,Swipe Transaction,0
c966c256-b934-4302-9d37-e8f2be61f5d0,2026-07-24T05:45:27.832607+00:00,232,2,74.93,Walmart,Bentonville,AR,5411,Chip Transaction,0
3ed656c8-57e2-4731-a937-e20d50eb423b,2026-08-05T15:30:27.832607+00:00,98,3,16.87,Apple Store,Cupertino,CA,5732,Chip Transaction,0
0e692bb4-2333-44ad-9099-f4696030793d,2026-08-01T01:39:27.832607+00:00,9,4,12.54,Whole Foods,Austin,TX,5411,Online Transaction,0
a023e33f-f525-4ab4-a797-2ad8f8b0f158,2026-06-21T10:33:27.832607+00:00,16,0,14.32,McDonald's,Chicago,IL,5814,Swipe Transaction,0
eb4538ad-d8b1-4f2f-999a-4c98c4491e3c,2026-07-22T07:59:27.832607+00:00,204,0,27.33,Netflix,Los Gatos,CA,4899,Online Transaction,0
30a02c6a-4bbe-4ddb-b5f7-e7ce6d05236c,2026-07-12T23:35:27.832607+00:00,145,4,21.25,Uber,San Francisco,CA,4121,Chip Transaction,0
f7337d2a-77b7-4bcb-abbe-b53f9c4afe42,2026-07-18T12:36:27.832607+00:00,92,4,4.19,Target,Minneapolis,MN,5411,Chip Transaction,0
82ab3406-9251-4b76-85f4-f493df7fb3ef,2026-07-26T14:41:27.832607+00:00,203,0,14.69,Walmart,Bentonville,AR,5411,Chip Transaction,0
28d50e03-7f72-4f45-af93-6258b3c96fd6,2026-07-27T19:51:27.832607+00:00,45,1,1.72,CVS Pharmacy,Woonsocket,RI,5912,Online Transaction,0
64e5912d-3dfa-40fe-ac96-458b67266002,2026-07-26T06:24:27.832607+00:00,181,2,43.52,CVS Pharmacy,Woonsocket,RI,5912,Swipe Transaction,0
a004bdab-08bc-4048-80b7-55a0a6a05c59,2026-06-26T03:06:27.832607+00:00,15,1,26.55,Best Buy,Richfield,MN,5732,Chip Transaction,0
f6019588-f74c-4bd0-bedb-806f35d218cd,2026-06-23T00:48:27.832607+00:00,207,1,23.32,Home Depot,Atlanta,GA,5200,Swipe Transaction,0
b147281d-9e86-4576-8c0c-c6fecd8ee734,2026-07-16T18:46:27.832607+00:00,135,2,35.45,Whole Foods,Austin,TX,5411,Chip Transaction,0
1198a2d0-b049-43e1-8eab-da23d67fe41b,2026-08-10T04:43:27.832607+00:00,35,1,20.51,McDonald's,Chicago,IL,5814,Chip Transaction,0
f0882eaa-1247-4c89-8298-4f2cee139034,2026-07-08T00:48:27.832607+00:00,178,4,32.42,Apple Store,Cupertino,CA,5732,Online Transaction,0
9b2a9375-7b06-456a-abb4-9260e062e7cd,2026-07-15T07:40:27.832607+00:00,76,1,53.57,Best Buy,Richfield,MN,5732,Swipe Transaction,0
77ca801b-fd8b-4c1e-a2c5-9eca51533aa5,2026-07-31T14:57:27.832607+00:00,248,4,76.61,Delta Airlines,Atlanta,GA,4511,Online Transaction,0
4e0311e8-0436-4421-93ba-48b8ca445200,2026-08-13T20:25:27.832607+00:00,37,2,9.1,Uber,San Francisco,CA,4121,Online Transaction,0
eb9b0b26-95ea-4722-8d45-2f452a6ce49a,2026-08-09T17:11:27.832607+00:00,68,1,163.17,Uber,San Francisco,CA,4121,Chip Transaction,0
f6b2a83e-5771-4fbe-9bfd-3addd20c4465,2026-07-25T02:02:27.832607+00:00,99,3,16.1,Uber,San Francisco,CA,4121,Chip Transaction,0
0ffc6b33-daeb-42a5-b9d6-b5e4990ea5bf,2026-07-09T14:25:27.832607+00:00,97,0,7.98,Whole Foods,Austin,TX,5411,Chip Transaction,0
f6a7aaf2-8ce1-4cdd-aafa-9840f071b8e9,2026-07-04T03:42:27.832607+00:00,19,0,51.68,Best Buy,Richfield,MN,5732,Chip Transaction,0
4f41cf8f-10a5-49c6-af96-40406d002956,2026-07-20T22:55:27.832607+00:00,141,0,224.21,LuxuryGoods LLC,Miami,FL,5944,Online Transaction,1
d7e57a36-8e6b-4391-9b85-6a8d85f3cbc7,2026-07-17T00:54:27.832607+00:00,112,1,18.06,Best Buy,Richfield,MN,5732,Swipe Transaction,0
da63b09b-54db-40cd-aad5-1744d8541d1e,2026-08-11T22:10:27.832607+00:00,237,4,84.77,Starbucks,Seattle,WA,5814,Swipe Transaction,0
1e6ee4db-d6c5-48a6-81a9-103646b1e2c5,2026-07-23T15:41:27.832607+00:00,93,0,49.01,Shell,Houston,TX,5541,Chip Transaction,0
fd25fe3a-7274-4e19-913a-d8dd94ed54a1,2026-07-08T21:02:27.832607+00:00,7,1,45.87,Costco,Issaquah,WA,5411,Chip Transaction,0
05679caa-bbfb-4ce7-9a5b-cf6c9831b66b,2026-08-01T05:58:27.832607+00:00,121,3,23.43,Walmart,Bentonville,AR,5411,Swipe Transaction,0
9f05ad43-7878-421f-810d-a3d35e20533f,2026-07-23T16:15:27.832607+00:00,48,3,18.61,Home Depot,Atlanta,GA,5200,Chip Transaction,0
10f1f98e-87af-47b2-bf20-2cde17caf251,2026-08-12T17:41:27.832607+00:00,39,0,2.61,Apple Store,Cupertino,CA,5732,Swipe Transaction,0
15eac167-f0ca-4edb-ab0d-d2f3d42cd414,2026-08-08T23:56:27.832607+00:00,142,0,218.02,CVS Pharmacy,Woonsocket,RI,5912,Swipe Transaction,0
6ec627c7-0648-4d1b-a279-4d99adaf16a3,2026-07-12T13:31:27.832607+00:00,77,0,118.72,Netflix,Los Gatos,CA,4899,Chip Transaction,0
8d0ff417-bd4c-441f-963e-049bc7cd6253,2026-07-11T20:42:27.832607+00:00,38,0,26.07,Delta Airlines,Atlanta,GA,4511,Online Transaction,0
ac0db9eb-77b1-49db-82a2-da04ffc6d936,2026-07-06T22:13:27.832607+00:00,112,1,9.02,Target,Minneapolis,MN,5411,Online Transaction,0
ca523b95-8bd4-45a1-ade1-f5c60cc65039,2026-06-20T16:58:27.832607+00:00,71,4,18.42,Best Buy,Richfield,MN,5732,Chip Transaction,0
f78e83e5-a33a-4d38-9727-62919e402bba,2026-07-06T02:18:27.832607+00:00,108,0,79.34,Amazon,Seattle,WA,5942,Chip Transaction,0
3311d721-547e-4f2e-8d74-84484a98f101,2026-07-10T01:48:27.832607+00:00,237,0,43.03,Best Buy,Richfield,MN,5732,Online Transaction,0
569e5e86-63ba-43b5-9535-e39206977147,2026-06-26T13:57:27.832607+00:00,106,2,12.05,CVS Pharmacy,Woonsocket,RI,5912,Chip Transaction,0
44832159-630a-4501-8d49-c1ec529d3ca8,2026-07-12T22:23:27.832607+00:00,37,4,29.22,Best Buy,Richfield,MN,5732,Chip Transaction,0
c8d1f9fe-5e2a-4b20-8248-12b4aef58c0d,2026-06-22T09:32:27.832607+00:00,236,2,17.44,Netflix,Los Gatos,CA,4899,Swipe Transaction,0
e1a32298-e21d-4eb3-8b10-95c3ca22dae7,2026-07-13T21:33:27.832607+00:00,176,0,55.9,LuxuryGoods LLC,Miami,FL,5944,Online Transaction,1
a5f69f0e-d99e-42c3-a306-5ca8ade1216c,2026-07-27T01:11:27.832607+00:00,107,4,14.82,Delta Airlines,Atlanta,GA,4511,Chip Transaction,0
886205fd-64c3-4e43-af29-4ceee0744c64,2026-06-19T00:55:27.832607+00:00,211,0,115.21,Apple Store,Cupertino,CA,5732,Online Transaction,0
365ae293-f520-4a4f-a1fb-273a7f7b97ce,2026-06-30T21:32:27.832607+00:00,218,4,13.58,Walmart,Bentonville,AR,5411,Chip Transaction,0
70e23a4c-72e9-4ab6-b0a8-b22bdb002461,2026-06-26T00:52:27.832607+00:00,9,3,1748.17,QuickCash ATM,Unknown,NV,6011,Chip Transaction,1
1b359e15-ab76-45d7-8deb-ae94ec79b36e,2026-08-12T04:43:27.832607+00:00,102,0,11.76,Delta Airlines,Atlanta,GA,4511,Chip Transaction,0
43845995-bbec-4d01-918c-da599a2e96aa,2026-08-14T00:24:27.832607+00:00,151,4,29.27,Apple Store,Cupertino,CA,5732,Online Transaction,0
45684e35-0bf5-4b0b-a124-b7552961b442,2026-07-15T23:06:27.832607+00:00,42,4,36.89,Costco,Issaquah,WA,5411,Chip Transaction,0
deba17e1-4b13-4279-ad2a-873714ad7dda,2026-07-28T06:58:27.832607+00:00,132,0,14.37,McDonald's,Chicago,IL,5814,Swipe Transaction,0
832b39cd-da6e-4307-add4-54115edd209d,2026-08-15T23:43:27.832607+00:00,65,4,43.4,Target,Minneapolis,MN,5411,Chip Transaction,0
5bf9ddc8-f114-4bbc-b7c5-2cbbbf84a779,2026-07-19T23:52:27.832607+00:00,90,3,35.96,Delta Airlines,Atlanta,GA,4511,Chip Transaction,0
370c4b52-d16c-4dd7-b711-2a717c188b91,2026-07-24T20:40:27.832607+00:00,27,0,116.42,Shell,Houston,TX,5541,Chip Transaction,0
b369b7a0-8f13-474e-9711-c333f2b7d55b,2026-07-01T05:44:27.832607+00:00,73,2,81.03,Costco,Issaquah,WA,5411,Swipe Transaction,0
705a7943-6084-4dca-ae59-c072d4565457,2026-08-06T23:00:27.832607+00:00,229,2,52.22,Uber,San Francisco,CA,4121,Swipe Transaction,0
c0c5261a-ae37-4041-abe0-dadffe1d4629,2026-07-30T15:41:27.832607+00:00,208,4,16.04,CVS Pharmacy,Woonsocket,RI,5912,Online Transaction,0
bb5f7bcb-bbbd-4eb9-bd1d-2edb6e54bc15,2026-07-11T00:24:27.832607+00:00,104,3,24.39,McDonald's,Chicago,IL,5814,Online Transaction,0
0b7f882e-ec0e-4e7c-b436-137879096675,2026-08-13T14:00:27.832607+00:00,176,4,51.56,Best Buy,Richfield,MN,5732,Swipe Transaction,0
d164c981-bd81-460d-bddd-2c0c39521825,2026-06-19T16:44:27.832607+00:00,44,4,70.85,Whole Foods,Austin,TX,5411,Chip Transaction,0
8eb0ece4-b523-4a43-b626-8f5411ccbaa0,2026-07-31T07:28:27.832607+00:00,196,1,11.3,Apple Store,Cupertino,CA,5732,Online Transaction,0
38152eff-9a48-42dc-bed5-d7c3125b82c8,2026-07-17T05:57:27.832607+00:00,202,2,10.24,Starbucks,Seattle,WA,5814,Chip Transaction,0
4a7bb62d-06b2-4811-98c6-cd795b20fe95,2026-07-13T23:12:27.832607+00:00,163,4,23.02,Shell,Houston,TX,5541,Chip Transaction,0
3da8500b-1e83-4992-8685-901a51313864,2026-06-24T23:27:27.832607+00:00,175,3,23.26,Walmart,Bentonville,AR,5411,Chip Transaction,0
0719b330-4163-44da-89ae-119c82a03037,2026-06-29T13:43:27.832607+00:00,88,3,48.15,Amazon,Seattle,WA,5942,Online Transaction,0
24824ee0-179a-4675-954a-68a83ab5fde6,2026-06-25T23:17:27.832607+00:00,54,1,18.07,Apple Store,Cupertino,CA,5732,Chip Transaction,0
eae1a944-7b2e-4934-b3d5-990af90e74e9,2026-06-25T08:15:27.832607+00:00,112,3,181.16,Apple Store,Cupertino,CA,5732,Chip Transaction,0
bb6693a5-9097-4685-8791-f8fbd73b750b,2026-07-11T01:56:27.832607+00:00,96,0,20.34,Apple Store,Cupertino,CA,5732,Chip Transaction,0
7f54f065-9247-4839-8e60-c1505156ae95,2026-07-18T11:16:27.832607+00:00,64,1,5.6,Home Depot,Atlanta,GA,5200,Swipe Transaction,0
7dc879d6-9716-492d-89e5-af74af3330dd,2026-07-16T10:55:27.832607+00:00,211,0,15.85,Walmart,Bentonville,AR,5411,Chip Transaction,0
ad5a8e8c-289e-4a7a-b03f-4ce2a5a33d07,2026-07-20T15:44:27.832607+00:00,228,1,58.65,Apple Store,Cupertino,CA,5732,Chip Transaction,0
7236e499-396a-42bf-8c03-1478066d54fb,2026-07-16T14:27:27.832607+00:00,236,3,18.77,Apple Store,Cupertino,CA,5732,Online Transaction,0
ae3effbf-914b-4a8c-b3c2-b3854579ba67,2026-08-15T01:23:27.832607+00:00,183,0,5.53,Delta Airlines,Atlanta,GA,4511,Chip Transaction,0
7bd04ebb-d7a1-4f99-aa32-374f9ffeec96,2026-07-13T15:32:27.832607+00:00,13,0,74.54,Shell,Houston,TX,5541,Swipe Transaction,0
65c4d2ea-7976-4ea5-b839-ce7c9263e2a2,2026-06-18T07:25:27.832607+00:00,141,2,40.54,Amazon,Seattle,WA,5942,Chip Transaction,0
24076227-cba1-43b2-bce7-10dcebbafaf6,2026-07-04T14:49:27.832607+00:00,170,0,55.43,Starbucks,Seattle,WA,5814,Chip Transaction,0
8eccf00c-0f9d-4d19-aa15-f7cd63fef9b4,2026-06-30T10:32:27.832607+00:00,131,4,41.82,Best Buy,Richfield,MN,5732,Online Transaction,0
c76ecce0-4d0a-40b9-9082-0a1d3e6af90b,2026-08-06T01:58:27.832607+00:00,68,4,11.49,CVS Pharmacy,Woonsocket,RI,5912,Chip Transaction,0
8f4e478b-7183-49db-8040-9ddd0071c5c4,2026-07-29T10:36:27.832607+00:00,54,3,17.66,Netflix,Los Gatos,CA,4899,Chip Transaction,0
ee85716b-e105-4070-8d05-97d70421e23d,2026-07-17T16:57:27.832607+00:00,24,4,117.19,Amazon,Seattle,WA,5942,Chip Transaction,0
02ba46b9-19f6-40cb-be9b-9417de3da6d3,2026-08-09T23:13:27.832607+00:00,76,2,142.19,Walmart,Bentonville,AR,5411,Chip Transaction,0
0c4fe75b-c36f-4ce8-8c66-135e5c30438c,2026-07-05T12:56:27.832607+00:00,190,0,4.81,Costco,Issaquah,WA,5411,Chip Transaction,0
8f79feba-905a-4f85-9c23-64dee3c856a2,2026-08-08T03:38:27.832607+00:00,113,4,33.25,Whole Foods,Austin,TX,5411,Chip Transaction,0
bfd6feb7-627d-4bd3-8f9f-f7cdc0db697d,2026-07-23T09:02:27.832607+00:00,103,3,18.19,Walmart,Bentonville,AR,5411,Chip Transaction,0
70758403-c0e6-45e3-9bfd-9f32111707a3,2026-07-23T01:20:27.832607+00:00,179,0,76.07,Delta Airlines,Atlanta,GA,4511,Chip Transaction,0
cf937e72-1757-4fb5-ba39-03a131580d57,2026-08-02T06:57:27.832607+00:00,47,4,49.83,Whole Foods,Austin,TX,5411,Swipe Transaction,0
c319ee38-0a6d-4998-a2fd-7ace1d4e6ca6,2026-07-13T05:35:27.832607+00:00,67,2,8.89,Best Buy,Richfield,MN,5732,Chip Transaction,0
076e5392-6115-44de-b0f2-d8ece7f549cb,2026-08-15T16:09:27.832607+00:00,58,2,28.49,McDonald's,Chicago,IL,5814,Swipe Transaction,0
c538b5ef-34ab-4a1d-a212-a5cea4ca7ecc,2026-06-30T13:10:27.832607+00:00,124,2,33.85,Delta Airlines,Atlanta,GA,4511,Swipe Transaction,0
d34143d8-1d8d-400b-9e17-ecac33144979,2026-06-19T09:59:27.832607+00:00,130,3,29.26,Costco,Issaquah,WA,5411,Online Transaction,0
9df7b116-e059-469c-a996-0e5a1bcb7dc9,2026-07-02T15:59:27.832607+00:00,72,0,43.44,Walmart,Bentonville,AR,5411,Chip Transaction,0
d15c7f5b-2ace-476d-badf-eeb65dc27f1f,2026-07-01T15:45:27.832607+00:00,114,4,8.81,McDonald's,Chicago,IL,5814,Chip Transaction,0
6726815e-ea64-471a-bbc8-1d8c1e9239f6,2026-07-07T00:16:27.832607+00:00,168,0,22.36,Apple Store,Cupertino,CA,5732,Chip Transaction,0
25ba95ae-d92e-49ac-8563-0a3dff1108b6,2026-08-07T10:56:27.832607+00:00,78,4,4.97,Amazon,Seattle,WA,5942,Swipe Transaction,0
b9b4a691-b301-4fd9-b4e2-3473e9cffac4,2026-06-26T14:43:27.832607+00:00,210,1,22.14,McDonald's,Chicago,IL,5814,Online Transaction,0
82e39935-f7c2-49a3-9ff0-b1603126926d,2026-07-06T10:23:27.832607+00:00,184,3,34.85,CVS Pharmacy,Woonsocket,RI,5912,Swipe Transaction,0
60a44130-0009-433c-b2c1-b204f581778c,2026-08-06T10:04:27.832607+00:00,247,2,12.78,McDonald's,Chicago,IL,5814,Online Transaction,0
552382c4-0b74-4993-9571-acc995e062e3,2026-06-27T22:43:27.832607+00:00,105,0,22.97,Delta Airlines,Atlanta,GA,4511,Swipe Transaction,0
1523d45f-11d2-4b94-bb4e-2db478ef4a25,2026-07-24T15:39:27.832607+00:00,12,4,11.92,Starbucks,Seattle,WA,5814,Swipe Transaction,0
a5c15d10-d67f-401d-b321-e93f8dbdb83b,2026-08-05T13:59:27.832607+00:00,247,3,20.9,Apple Store,Cupertino,CA,5732,Chip Transaction,0
21f0b9cb-e20e-4262-9fbc-553ae6e5962a,2026-08-16T09:41:27.832607+00:00,237,4,28.36,Amazon,Seattle,WA,5942,Swipe Transaction,0
86862698-c714-4aa8-ad50-bf39e900dff0,2026-07-31T16:03:27.832607+00:00,154,4,36.9,Target,Minneapolis,MN,5411,Chip Transaction,0
1eb28f6a-6202-4500-8956-b4f9c1fc2f3b,2026-07-18T12:05:27.832607+00:00,64,2,17.79,Netflix,Los Gatos,CA,4899,Swipe Transaction,0
5a3d8fc1-152b-496c-9dfb-2c45580adafc,2026-07-11T14:00:27.832607+00:00,180,4,22.56,Shell,Houston,TX,5541,Chip Transaction,0
26af300c-42d3-4b46-b5fc-085a56c9c1bb,2026-07-20T14:10:27.832607+00:00,162,1,169.51,Home Depot,Atlanta,GA,5200,Online Transaction,0
46dc607a-2634-42c9-b606-0595630eb169,2026-07-29T12:19:27.832607+00:00,182,1,14.97,Delta Airlines,Atlanta,GA,4511,Swipe Transaction,0
5cbce51b-5284-4b56-a755-8b075f460fed,2026-07-01T22:23:27.832607+00:00,123,4,17.99,McDonald's,Chicago,IL,5814,Chip Transaction,0
ff36cd94-c9fa-4f6a-8ef4-37cbc41094e4,2026-06-25T20:35:27.832607+00:00,74,3,14.8,Delta Airlines,Atlanta,GA,4511,Online Transaction,0
3361913b-bc36-4c41-9d83-6d2a7763b491,2026-08-15T15:16:27.832607+00:00,69,1,20.2,Amazon,Seattle,WA,5942,Chip Transaction,0
28fe7cbb-9be3-47e8-9d6f-d8932fc716f7,2026-07-21T17:02:27.832607+00:00,193,4,133.43,Target,Minneapolis,MN,5411,Chip Transaction,0
cd97773c-269e-42bd-a914-e8e472f9b29f,2026-08-13T20:35:27.832607+00:00,201,2,57.58,Apple Store,Cupertino,CA,5732,Chip Transaction,0
c9ede3ac-5740-4b00-9951-7cd5d7fc1518,2026-08-12T12:32:27.832607+00:00,248,4,13.36,Netflix,Los Gatos,CA,4899,Swipe Transaction,0
6aa5de84-5ea3-4361-9524-04fc158293ee,2026-08-11T21:38:27.832607+00:00,163,2,2520.8,LuxuryGoods LLC,Miami,FL,5944,Swipe Transaction,1
644fe1bf-194b-4b71-a9bd-e42a2669df11,2026-06-24T05:49:27.832607+00:00,115,1,4.47,Best Buy,Richfield,MN,5732,Chip Transaction,0
fec4d78b-8919-4522-98ad-2f2f52d3036a,2026-08-10T00:29:27.832607+00:00,72,4,37.05,Target,Minneapolis,MN,5411,Chip Transaction,0
850f9363-f629-40fb-b2f8-5969985482c8,2026-07-23T17:55:27.832607+00:00,238,2,10.68,Best Buy,Richfield,MN,5732,Chip Transaction,0
c4771cae-0aa1-41e1-828f-c93a8531c8cb,2026-06-23T11:15:27.832607+00:00,203,4,84.27,Whole Foods,Austin,TX,5411,Chip Transaction,0
20cfd633-b600-4a92-a8af-2a78bc925e3a,2026-06-27T17:19:27.832607+00:00,134,0,48.21,CVS Pharmacy,Woonsocket,RI,5912,Online Transaction,0
6d1eb95c-c7a5-40b1-85e7-5d3c6e0bebbe,2026-07-01T19:40:27.832607+00:00,55,2,26.13,Home Depot,Atlanta,GA,5200,Chip Transaction,0
1eb854b3-624f-4024-9486-e5ecb77ff480,2026-07-17T15:56:27.832607+00:00,167,0,22.45,Starbucks,Seattle,WA,5814,Swipe Transaction,0
1fcf9dcc-9ece-4920-a135-5a3c4227e63a,2026-08-06T08:33:27.832607+00:00,63,0,8.0,Apple Store,Cupertino,CA,5732,Online Transaction,0
1e0bebf8-1c84-4624-a603-28d678b38343,2026-07-18T14:04:27.832607+00:00,73,0,75.09,CVS Pharmacy,Woonsocket,RI,5912,Chip Transaction,0
38224d6c-3156-4084-9641-1ecba739b1cb,2026-06-30T18:03:27.832607+00:00,76,1,25.66,Uber,San Francisco,CA,4121,Chip Transaction,0
c4d17325-84df-40e6-95df-3b7d465374df,2026-07-18T15:25:27.832607+00:00,172,1,26.03,Walmart,Bentonville,AR,5411,Chip Transaction,0
a7d1ecaa-7a69-4ccc-bf1f-df863a89ce56,2026-07-09T04:28:27.832607+00:00,199,3,29.85,Starbucks,Seattle,WA,5814,Online Transaction,0
046bedf8-a80f-455c-aaf8-e6b7f7b575d8,2026-06-18T22:43:27.832607+00:00,85,0,38.49,Walmart,Bentonville,AR,5411,Chip Transaction,0
8d44ce97-63fd-4a46-8720-86b1279600cb,2026-08-08T19:58:27.832607+00:00,59,2,68.58,Target,Minneapolis,MN,5411,Swipe Transaction,0
de357b24-0bc6-43d9-8541-266d18f8c571,2026-07-10T16:40:27.832607+00:00,31,4,19.77,McDonald's,Chicago,IL,5814,Chip Transaction,0
fc19ef39-f2fe-4465-a081-65266b4ad236,2026-08-16T06:16:27.832607+00:00,176,2,15.77,Best Buy,Richfield,MN,5732,Chip Transaction,0
be5a928d-7094-468a-961f-6c132c1814f1,2026-06-22T14:06:27.832607+00:00,8,3,71.17,CVS Pharmacy,Woonsocket,RI,5912,Online Transaction,0
9676df06-eb8f-454c-98ef-3de6dafc1b90,2026-08-02T13:40:27.832607+00:00,76,1,159.91,Target,Minneapolis,MN,5411,Online Transaction,0
dc2d719b-7338-4a95-9bbb-d135d9f96c29,2026-07-20T16:03:27.832607+00:00,22,2,29.53,Whole Foods,Austin,TX,5411,Chip Transaction,0
1594abb1-ce97-4f56-9fd2-691daec17216,2026-07-28T16:17:27.832607+00:00,218,4,38.19,Whole Foods,Austin,TX,5411,Online Transaction,0
0997d2c8-61d9-4422-b8d7-523f9e2b7a75,2026-08-03T19:58:27.832607+00:00,172,4,31.23,Starbucks,Seattle,WA,5814,Chip Transaction,0
3f90d146-5c23-47a7-8b25-efd3a5042ef2,2026-08-11T20:21:27.832607+00:00,65,0,31.22,Whole Foods,Austin,TX,5411,Swipe Transaction,0
e34848d1-ccf3-4b02-bc10-25f3a7b207e9,2026-07-29T19:54:27.832607+00:00,61,0,72.56,Apple Store,Cupertino,CA,5732,Swipe Transaction,0
ecf48cd8-2058-4ce3-be2a-9c87dab82411,2026-07-21T20:16:27.832607+00:00,169,2,9.77,Whole Foods,Austin,TX,5411,Chip Transaction,0
bc8960ad-076b-4ea4-a4e5-eaf51834f499,2026-06-24T15:01:27.832607+00:00,2,2,18.06,Best Buy,Richfield,MN,5732,Chip Transaction,0
45d074e8-2fbb-4f68-83c5-8fc3fb65b03c,2026-07-25T09:23:27.832607+00:00,35,2,47.31,Delta Airlines,Atlanta,GA,4511,Online Transaction,0
b90d4a4d-c679-42ba-b03f-ade9e042234e,2026-07-04T02:41:27.832607+00:00,166,4,56.09,Uber,San Francisco,CA,4121,Chip Transaction,0
caca31b6-7780-4532-9338-a80ce1d03430,2026-08-09T08:05:27.832607+00:00,187,0,4.22,Costco,Issaquah,WA,5411,Swipe Transaction,0
94f62793-d830-46e5-b938-9d13bbc174df,2026-08-15T02:28:27.832607+00:00,142,2,17.16,McDonald's,Chicago,IL,5814,Online Transaction,0
1523f458-2c7d-49c4-8ff9-5c982c7a0f92,2026-06-28T07:56:27.832607+00:00,58,4,20.26,Home Depot,Atlanta,GA,5200,Chip Transaction,0
f5609093-64a6-46c2-8b0d-9cc84c9c2f43,2026-07-21T07:28:27.832607+00:00,170,1,25.2,Home Depot,Atlanta,GA,5200,Chip Transaction,0
805b2c75-5cb6-4488-81b8-15137fe6b003,2026-06-21T21:47:27.832607+00:00,243,4,25.52,CVS Pharmacy,Woonsocket,RI,5912,Chip Transaction,0
8d6b2a01-15b5-4563-a8e7-20f698926435,2026-08-03T11:47:27.832607+00:00,60,0,41.49,Apple Store,Cupertino,CA,5732,Chip Transaction,0
b285d6e8-1289-40b2-b053-7cc42ded0f07,2026-07-28T23:27:27.832607+00:00,12,0,16.38,CVS Pharmacy,Woonsocket,RI,5912,Chip Transaction,0
4e4518ee-b166-4070-b567-ce2daac0fb06,2026-06-18T18:26:27.832607+00:00,146,1,6.33,Delta Airlines,Atlanta,GA,4511,Swipe Transaction,0
8655ac57-4813-4686-9e69-b3f7e66ed9f2,2026-07-13T12:20:27.832607+00:00,65,3,92.77,Uber,San Francisco,CA,4121,Chip Transaction,0
ae6d5276-c9ba-4be9-a740-b7323e6cf4af,2026-07-27T12:14:27.832607+00:00,228,4,51.82,Uber,San Francisco,CA,4121,Swipe Transaction,0
1fd3b70c-03b9-434c-8a7a-7d3d8c840d68,2026-08-16T04:45:27.832607+00:00,72,1,21.75,Target,Minneapolis,MN,5411,Chip Transaction,0
38e77fc5-6284-4b67-a141-5ea948b045bb,2026-08-03T02:57:27.832607+00:00,107,2,58.01,Uber,San Francisco,CA,4121,Swipe Transaction,0
76c4819c-43d1-4617-a218-8bbba1c1e819,2026-08-06T11:34:27.832607+00:00,106,0,22.67,Apple Store,Cupertino,CA,5732,Swipe Transaction,0
22d8363b-d6fd-4787-9ad1-803489464c85,2026-07-25T14:51:27.832607+00:00,229,4,28.93,Best Buy,Richfield,MN,5732,Chip Transaction,0
63ce5775-b55f-447c-a216-a9c73687f9d5,2026-08-03T10:20:27.832607+00:00,249,4,94.58,Shell,Houston,TX,5541,Chip Transaction,0
49e1bbe3-6338-4129-a2ee-538048605479,2026-06-19T18:15:27.832607+00:00,121,3,2154.45,LuxuryGoods LLC,Miami,FL,5944,Online Transaction,1
1f0fb31b-1001-4b81-b384-0b9c737f7901,2026-08-01T06:33:27.832607+00:00,47,4,52.36,Netflix,Los Gatos,CA,4899,Online Transaction,0
96141930-16e3-4549-a6e8-d59314bbc74f,2026-07-01T07:17:27.832607+00:00,34,0,28.79,Delta Airlines,Atlanta,GA,4511,Chip Transaction,0
72d218cf-fbc4-422d-adc4-5164f6325262,2026-08-15T06:59:27.832607+00:00,231,4,88.05,Costco,Issaquah,WA,5411,Chip Transaction,0
758f9a8d-6917-4d26-abe4-8279c3e715f1,2026-06-23T04:51:27.832607+00:00,169,1,29.84,CVS Pharmacy,Woonsocket,RI,5912,Chip Transaction,0
912c9ef4-639d-4043-ab8f-0ef508acaab9,2026-06-22T20:51:27.832607+00:00,12,4,39.73,Amazon,Seattle,WA,5942,Chip Transaction,0
6831aa8c-e4d0-4a47-b74b-c89f512b5710,2026-07-08T18:05:27.832607+00:00,206,4,21.77,CVS Pharmacy,Woonsocket,RI,5912,Chip Transaction,0
e9af9f82-7a8f-4756-b560-ff22349e2f57,2026-08-07T21:42:27.832607+00:00,73,4,23.43,Shell,Houston,TX,5541,Online Transaction,0
707706c9-e08f-4ebe-b1c0-04affc461405,2026-06-28T07:22:27.832607+00:00,206,2,25.76,Starbucks,Seattle,WA,5814,Chip Transaction,0
7e34edcd-5517-4818-babd-79e8b142c084,2026-07-10T14:01:27.832607+00:00,138,3,18.63,Target,Minneapolis,MN,5411,Chip Transaction,0
5502104e-51b7-44f6-8a77-c9de83e50e9e,2026-06-26T09:37:27.832607+00:00,142,4,86.5,Shell,Houston,TX,5541,Chip Transaction,0
a3b95484-15ee-4dd2-94e8-702a2861c6ac,2026-07-03T21:11:27.832607+00:00,89,3,27.48,Home Depot,Atlanta,GA,5200,Chip Transaction,0
6315fe18-e927-4593-815e-4c7098bfe2fd,2026-08-04T05:33:27.832607+00:00,244,1,11.43,McDonald's,Chicago,IL,5814,Swipe Transaction,0
b7470297-9c87-41a6-bbc5-449c8acfae01,2026-08-07T16:06:27.832607+00:00,176,0,225.42,Netflix,Los Gatos,CA,4899,Swipe Transaction,0
c77419b7-9ac9-4888-a04e-13d146976aa7,2026-08-02T04:01:27.832607+00:00,21,4,22.05,McDonald's,Chicago,IL,5814,Chip Transaction,0
b0f7efe6-94ff-4c5b-adca-f01c21115411,2026-08-13T08:41:27.832607+00:00,243,1,27.45,Whole Foods,Austin,TX,5411,Swipe Transaction,0
83a364e8-c712-4c91-a600-2796f2854fa0,2026-06-19T12:25:27.832607+00:00,74,1,6.41,Amazon,Seattle,WA,5942,Online Transaction,0
12072c4e-cf3f-4c8a-95fb-b7068a17796c,2026-08-13T17:44:27.832607+00:00,10,2,25.32,Home Depot,Atlanta,GA,5200,Chip Transaction,0
9ebdd33e-7227-4374-afe3-5f906b838969,2026-07-26T00:30:27.832607+00:00,172,3,10.17,Target,Minneapolis,MN,5411,Chip Transaction,0
2e049abf-5719-4ec1-bf60-050d9b661f4c,2026-07-10T21:26:27.832607+00:00,144,4,103.23,Home Depot,Atlanta,GA,5200,Swipe Transaction,0
eca7a182-e426-4bab-862f-7b4515cec0e0,2026-07-16T02:44:27.832607+00:00,239,3,10.21,Costco,Issaquah,WA,5411,Chip Transaction,0
db1fc1a6-4b7e-41da-82c6-57e60fd838be,2026-06-25T11:15:27.832607+00:00,76,2,537.03,QuickCash ATM,Unknown,NV,6011,Chip Transaction,1
5b7bfe2b-0426-44c3-8ac1-b5ce9966f45d,2026-08-06T03:33:27.832607+00:00,145,3,35.81,Shell,Houston,TX,5541,Online Transaction,0
fd3c962c-4ad7-4f80-a2aa-3480b794080b,2026-07-25T15:43:27.832607+00:00,8,3,21.81,CVS Pharmacy,Woonsocket,RI,5912,Swipe Transaction,0
cfbcb1cb-d2e8-4bb2-b2d9-9fdf692dc624,2026-08-06T05:10:27.832607+00:00,245,2,34.98,Netflix,Los Gatos,CA,4899,Chip Transaction,0
05c05999-3781-4e62-bf48-2e07331cde4d,2026-06-30T18:50:27.832607+00:00,173,2,48.53,Delta Airlines,Atlanta,GA,4511,Chip Transaction,0
650e4d18-87bd-4d09-b104-ee19b23bd184,2026-08-09T21:04:27.832607+00:00,69,1,23.2,Target,Minneapolis,MN,5411,Online Transaction,0
5dce87a7-f64c-40f9-98d2-edbd27076b37,2026-07-30T11:44:27.832607+00:00,59,1,14.29,Starbucks,Seattle,WA,5814,Chip Transaction,0
298bcec0-7355-479c-9fad-ce24981d3088,2026-07-25T01:41:27.832607+00:00,174,3,13.54,Uber,San Francisco,CA,4121,Online Transaction,0
13551c32-380b-4b08-a4d9-4c9d7f9d5c30,2026-06-21T22:14:27.832607+00:00,226,4,451.54,AnonymousGiftCards,Panama City,FOREIGN,5947,Online Transaction,1
14c9a192-4d58-4951-b0b9-4edbf53a9060,2026-07-22T19:00:27.832607+00:00,148,1,59.88,CVS Pharmacy,Woonsocket,RI,5912,Chip Transaction,0
2bdebe7a-b255-4ec0-a767-bd6582b05dc6,2026-08-11T20:52:27.832607+00:00,101,1,22.81,Netflix,Los Gatos,CA,4899,Chip Transaction,0
92809ace-667a-4113-b9c5-1a290cfcebe6,2026-07-06T04:24:27.832607+00:00,173,1,25.56,Delta Airlines,Atlanta,GA,4511,Chip Transaction,0
26b3fe2d-8390-4d85-9783-94094d09ec58,2026-07-13T06:17:27.832607+00:00,68,1,5.22,Uber,San Francisco,CA,4121,Chip Transaction,0
5ffae9e1-7e90-4dd1-9d3b-c4c6aad9ad76,2026-07-23T06:38:27.832607+00:00,108,2,18.23,Best Buy,Richfield,MN,5732,Chip Transaction,0
b3bf574a-109c-4531-b9db-5acbae99339d,2026-07-14T13:38:27.832607+00:00,176,1,20.54,Shell,Houston,TX,5541,Online Transaction,0
3fea869e-f44c-4fa3-9980-1fb911b5664f,2026-08-07T16:59:27.832607+00:00,38,1,11.96,CVS Pharmacy,Woonsocket,RI,5912,Chip Transaction,0
ba4ce138-bb22-4d0b-a1c5-0ea9a575dd16,2026-07-04T17:54:27.832607+00:00,162,4,21.33,Target,Minneapolis,MN,5411,Online Transaction,0
91da9702-767d-4ddf-8269-1c1ec9ea96f0,2026-06-29T04:39:27.832607+00:00,13,3,23.87,CVS Pharmacy,Woonsocket,RI,5912,Online Transaction,0
9414e512-8205-4915-9a60-9985fbc26b6c,2026-08-07T18:57:27.832607+00:00,25,3,13.61,Amazon,Seattle,WA,5942,Online Transaction,0
ba6b3780-ce63-4558-86b0-3afc07cc8970,2026-07-17T08:05:27.832607+00:00,6,3,96.27,Uber,San Francisco,CA,4121,Chip Transaction,0
91c25359-7234-4405-bd2d-a4d736d55784,2026-08-05T18:19:27.832607+00:00,200,2,34.26,McDonald's,Chicago,IL,5814,Chip Transaction,0
0423f38c-507f-4f9d-88d0-bc2a2043f9ca,2026-07-15T11:25:27.832607+00:00,98,4,22.8,Home Depot,Atlanta,GA,5200,Online Transaction,0
b920108d-c7ca-407b-b96c-66abbf5a402e,2026-07-21T17:14:27.832607+00:00,108,4,119.34,Target,Minneapolis,MN,5411,Online Transaction,0
2673a4d7-737d-4aea-be82-eafd16d63827,2026-06-25T18:24:27.832607+00:00,69,4,13.27,Whole Foods,Austin,TX,5411,Chip Transaction,0
53894ba7-704e-4ed8-a8b7-e9697fbb0bbf,2026-06-19T02:55:27.832607+00:00,151,4,13.2,Whole Foods,Austin,TX,5411,Chip Transaction,0
69f4f513-7e22-4ae0-bcc4-9a79184cb9eb,2026-07-06T19:29:27.832607+00:00,65,0,45.84,Target,Minneapolis,MN,5411,Chip Transaction,0
2f877d21-642f-4fb3-b778-e6db16b01bd2,2026-07-28T15:09:27.832607+00:00,135,0,23.48,Walmart,Bentonville,AR,5411,Swipe Transaction,0
a0c2cb98-ff0f-4942-8001-00116030db85,2026-08-07T08:07:27.832607+00:00,114,1,19.67,Target,Minneapolis,MN,5411,Swipe Transaction,0
cf36c5df-c287-4c57-89c3-224f9de93371,2026-08-04T20:23:27.832607+00:00,250,4,55.95,Target,Minneapolis,MN,5411,Chip Transaction,0
247e58ef-09f5-43f0-8fdf-1e42eeee03ce,2026-07-23T00:04:27.832607+00:00,163,4,7.11,Target,Minneapolis,MN,5411,Swipe Transaction,0
b4bfcb70-a31f-44fe-b25c-a65fba978133,2026-07-08T04:56:27.832607+00:00,59,0,43.5,McDonald's,Chicago,IL,5814,Chip Transaction,0
f5f61f0d-1016-4af8-8b1b-1dc77b930365,2026-07-07T13:54:27.832607+00:00,209,1,14.4,Netflix,Los Gatos,CA,4899,Chip Transaction,0
b2c3ba7e-2196-4700-92d4-b39025b3ee64,2026-07-16T11:56:27.832607+00:00,111,2,91.8,Home Depot,Atlanta,GA,5200,Chip Transaction,0
081e7e97-478a-4571-b909-08c56046b1a4,2026-06-23T10:59:27.832607+00:00,112,3,26.89,Amazon,Seattle,WA,5942,Online Transaction,0
0c10be2b-cfc2-485c-a495-619fbb267f2a,2026-07-25T01:15:27.832607+00:00,21,3,91.26,Delta Airlines,Atlanta,GA,4511,Chip Transaction,0
24169f11-8265-4617-8de1-28c673da52a3,2026-06-20T21:07:27.832607+00:00,70,2,81.24,CVS Pharmacy,Woonsocket,RI,5912,Swipe Transaction,0
148380cf-5f20-4e35-8606-035df98efb42,2026-06-18T18:35:27.832607+00:00,35,2,15.81,CVS Pharmacy,Woonsocket,RI,5912,Chip Transaction,0
77979501-427a-4cdb-98ec-1d6f9621fe9b,2026-08-06T18:05:27.832607+00:00,83,0,19.23,Best Buy,Richfield,MN,5732,Chip Transaction,0
d74ec38a-53ec-4960-8cb3-d8f0b88ac5bc,2026-08-02T22:47:27.832607+00:00,3,1,16.7,Home Depot,Atlanta,GA,5200,Chip Transaction,0
70c3faca-7385-463a-87b0-5fa7b2a34526,2026-08-08T14:07:27.832607+00:00,128,2,11.55,Apple Store,Cupertino,CA,5732,Swipe Transaction,0
aeb56738-f6dc-49ac-83b2-5405c79a6893,2026-07-05T14:13:27.832607+00:00,15,2,4.59,Amazon,Seattle,WA,5942,Online Transaction,0
d95485e2-64b0-4be5-af01-8447fe5d0b16,2026-07-12T01:54:27.832607+00:00,250,1,13.14,Apple Store,Cupertino,CA,5732,Chip Transaction,0
486ed028-5318-450e-b0b8-3729bd51a67a,2026-07-12T18:33:27.832607+00:00,171,1,4.24,Apple Store,Cupertino,CA,5732,Chip Transaction,0
a451612f-e000-408f-9f7a-f18e6e788f91,2026-07-04T18:15:27.832607+00:00,32,2,97.56,Shell,Houston,TX,5541,Chip Transaction,0
0027d0f5-0fd0-41cb-b4e8-aaac005d538c,2026-07-03T23:54:27.832607+00:00,250,0,19.54,Starbucks,Seattle,WA,5814,Swipe Transaction,0
588c6c26-8cbf-4f14-9d32-d06ef9d80f88,2026-07-26T07:41:27.832607+00:00,249,0,30.46,Uber,San Francisco,CA,4121,Chip Transaction,0
59038e05-3f56-4d22-a337-7fde55f053dc,2026-06-24T21:47:27.832607+00:00,64,1,34.61,Apple Store,Cupertino,CA,5732,Swipe Transaction,0
de19b8b8-5064-4d12-8331-b57672127beb,2026-07-02T07:04:27.832607+00:00,40,4,37.58,Best Buy,Richfield,MN,5732,Chip Transaction,0
b30a01e4-1fc9-4ec3-af50-69a8559ba9ae,2026-08-07T00:33:27.832607+00:00,89,3,12.93,Starbucks,Seattle,WA,5814,Swipe Transaction,0
76734689-8e82-4d8a-8add-1431fd804348,2026-07-30T05:37:27.832607+00:00,125,3,474.64,OnlineElectronics,Shenzhen,FOREIGN,5732,Online Transaction,1
303418d1-8b40-4c93-a87b-eae1a15bf55d,2026-06-26T21:57:27.832607+00:00,83,3,23.68,Delta Airlines,Atlanta,GA,4511,Chip Transaction,0
5ee8a26c-d645-4b8e-ae45-1678ec4a5f0d,2026-07-22T17:42:27.832607+00:00,40,3,103.18,Best Buy,Richfield,MN,5732,Chip Transaction,0
34067f27-31d7-412e-ab24-eaeef6b47e07,2026-07-20T21:15:27.832607+00:00,5,4,34.58,Home Depot,Atlanta,GA,5200,Chip Transaction,0
a66d70a5-d709-478f-bbff-e729bfd0e9a1,2026-07-14T15:49:27.832607+00:00,210,3,18.25,Starbucks,Seattle,WA,5814,Online Transaction,0
7bbeaa41-bade-4feb-b878-07d9c0114b62,2026-07-30T12:23:27.832607+00:00,105,2,39.85,Apple Store,Cupertino,CA,5732,Chip Transaction,0
1d0b4225-5ffd-450c-9039-d64a8f3bb510,2026-08-06T17:51:27.832607+00:00,147,3,10.04,McDonald's,Chicago,IL,5814,Chip Transaction,0
cacb8530-a1d5-401d-99f4-de49796f6399,2026-06-17T21:54:27.832607+00:00,156,0,37.25,Best Buy,Richfield,MN,5732,Chip Transaction,0
6b214fae-5328-427e-91cd-bddb6e03ca55,2026-08-15T14:34:27.832607+00:00,93,4,64.32,Starbucks,Seattle,WA,5814,Swipe Transaction,0
91fe5e71-f104-4791-8316-06d3c08429fd,2026-07-09T22:30:27.832607+00:00,11,0,152.14,CVS Pharmacy,Woonsocket,RI,5912,Chip Transaction,0
520ac526-3010-437f-a4d4-d47ceddec87b,2026-07-20T03:16:27.832607+00:00,135,1,51.54,Starbucks,Seattle,WA,5814,Chip Transaction,0
f104abac-c72a-4f7e-910b-15cfcc22d827,2026-06-25T21:55:27.832607+00:00,197,4,30.09,Target,Minneapolis,MN,5411,Swipe Transaction,0
0c8be2d4-bf76-4637-9b9b-1d28668d04ab,2026-07-15T05:11:27.832607+00:00,47,4,216.44,Delta Airlines,Atlanta,GA,4511,Chip Transaction,0
85a18949-757f-4665-8308-59fdb2850777,2026-07-11T05:57:27.832607+00:00,84,2,21.42,McDonald's,Chicago,IL,5814,Chip Transaction,0
c4f19d8a-d844-4473-a008-584ae4182444,2026-07-10T06:23:27.832607+00:00,140,1,51.64,Netflix,Los Gatos,CA,4899,Chip Transaction,0
5c49f026-6859-4f85-a9ab-e3b6e7115a37,2026-07-13T15:49:27.832607+00:00,246,3,44.26,Whole Foods,Austin,TX,5411,Chip Transaction,0
d8c6e16c-3982-45e1-b2b5-cfe2e2ca8758,2026-08-16T18:44:27.832607+00:00,78,0,33.33,Shell,Houston,TX,5541,Online Transaction,0
fc49810b-b0fa-4b1d-8d70-08581db9f667,2026-07-20T11:04:27.832607+00:00,142,4,121.75,Starbucks,Seattle,WA,5814,Chip Transaction,0
747e5752-2f09-452e-a207-49f2d52ec70c,2026-06-27T03:51:27.832607+00:00,150,1,18.94,Best Buy,Richfield,MN,5732,Chip Transaction,0
833e6762-9117-4f00-addf-dde4f432e87c,2026-07-26T14:10:27.832607+00:00,188,0,8.59,Shell,Houston,TX,5541,Online Transaction,0
2914613c-cc79-4911-ad10-5b597ac29bcd,2026-07-18T05:51:27.832607+00:00,210,0,20.51,Target,Minneapolis,MN,5411,Swipe Transaction,0
e00d0c05-8394-401e-80d6-0fe702c553e7,2026-06-23T14:51:27.832607+00:00,15,2,56.88,Amazon,Seattle,WA,5942,Chip Transaction,0
d82ed297-f8f1-4eb4-921d-fb83e2a08898,2026-07-16T03:06:27.832607+00:00,59,4,9.25,Netflix,Los Gatos,CA,4899,Online Transaction,0
9e3dbe1a-2b80-4f26-8d97-f70408ec1f07,2026-08-15T18:11:27.832607+00:00,139,4,18.9,McDonald's,Chicago,IL,5814,Chip Transaction,0
ae7c5413-acb2-4536-988c-eb481e972238,2026-08-03T04:24:27.832607+00:00,153,4,44.21,Delta Airlines,Atlanta,GA,4511,Chip Transaction,0
a4673f23-f5fe-47fc-b7fd-b33484c33c25,2026-07-01T20:34:27.832607+00:00,22,3,14.36,Netflix,Los Gatos,CA,4899,Chip Transaction,0
5636fa5e-f6ea-4acd-b6cf-2c107f2f5875,2026-06-25T18:50:27.832607+00:00,199,1,20.69,Home Depot,Atlanta,GA,5200,Chip Transaction,0
a04784fa-982c-44a3-96c3-6f50d57c638b,2026-08-04T12:32:27.832607+00:00,158,4,23.25,Starbucks,Seattle,WA,5814,Chip Transaction,0
61138b78-c010-4ba3-94ac-49c44a45de49,2026-07-25T09:14:27.832607+00:00,23,0,46.14,Shell,Houston,TX,5541,Online Transaction,0
b3682ab8-abc8-4306-95d2-c7418cdee05d,2026-07-10T03:40:27.832607+00:00,198,2,11.83,Uber,San Francisco,CA,4121,Swipe Transaction,0
e96bcc7f-1e7a-4a18-8c57-423239bb99a8,2026-08-01T09:25:27.832607+00:00,60,1,34.46,Best Buy,Richfield,MN,5732,Online Transaction,0
df5c2fd8-68ec-4acf-94dd-f505c01f97df,2026-07-13T18:32:27.832607+00:00,243,4,45.31,Delta Airlines,Atlanta,GA,4511,Chip Transaction,0
7c669cf8-edad-45d9-9903-11fb249e20e8,2026-08-03T08:33:27.832607+00:00,79,3,14.89,Costco,Issaquah,WA,5411,Online Transaction,0
810c5b17-4087-4f02-b08b-e1cd996ed0f1,2026-07-04T21:50:27.832607+00:00,193,2,1245.05,QuickCash ATM,Unknown,NV,6011,Online Transaction,1
c9010992-b1a9-4933-9ed1-47dc53d42949,2026-06-27T20:17:27.832607+00:00,135,0,37.22,Delta Airlines,Atlanta,GA,4511,Online Transaction,0
80aee560-117d-483a-9ae8-8df47824cfe2,2026-07-24T13:06:27.832607+00:00,120,0,5.35,Shell,Houston,TX,5541,Chip Transaction,0
5b15e54c-03b0-4b5b-9000-543a9d71c057,2026-08-10T17:40:27.832607+00:00,227,3,19.26,Shell,Houston,TX,5541,Chip Transaction,0
d2977086-c4b3-418f-b0ef-4d14882e9695,2026-07-26T18:10:27.832607+00:00,48,1,2.89,Home Depot,Atlanta,GA,5200,Chip Transaction,0
a5fb05e7-0a68-46b3-a173-4ffc0183e5c7,2026-07-02T05:28:27.832607+00:00,101,1,10.71,Home Depot,Atlanta,GA,5200,Chip Transaction,0
c9097b9d-63c6-4f96-8cfb-c9b737e66d8e,2026-08-15T03:01:27.832607+00:00,129,2,17.81,Uber,San Francisco,CA,4121,Online Transaction,0
5b3c76f2-2d8b-40ac-97d2-d96cc13c5789,2026-08-11T03:42:27.832607+00:00,101,1,60.06,Whole Foods,Austin,TX,5411,Chip Transaction,0
f9ff88a0-54c7-42c4-9af6-0474496dc69a,2026-08-08T19:22:27.832607+00:00,40,3,31.53,Home Depot,Atlanta,GA,5200,Chip Transaction,0
db2d9162-9c22-413c-84d7-6f8564fb3178,2026-07-19T08:45:27.832607+00:00,149,4,22.41,Uber,San Francisco,CA,4121,Swipe Transaction,0
c7c5b3e8-a7ce-4f20-9a77-885162dc78d5,2026-07-29T09:12:27.832607+00:00,198,1,74.4,Shell,Houston,TX,5541,Online Transaction,0
eae6ef5c-5785-4a67-b3b0-1839cd7be151,2026-06-18T01:36:27.832607+00:00,215,1,29.41,Whole Foods,Austin,TX,5411,Chip Transaction,0
81137a5d-6ffd-4276-9b79-5c8f3ac3a2cd,2026-08-14T02:45:27.832607+00:00,164,2,7.44,Whole Foods,Austin,TX,5411,Online Transaction,0
11b4ea87-75e2-4bdd-adee-c3b6f432b545,2026-08-02T23:12:27.832607+00:00,60,0,37.36,Walmart,Bentonville,AR,5411,Swipe Transaction,0
aab89d7c-ca49-44a5-947e-14a30b300562,2026-07-15T02:20:27.832607+00:00,183,2,22.81,CVS Pharmacy,Woonsocket,RI,5912,Swipe Transaction,0
cfe53ef5-3701-4a97-99ed-66b4416fc27e,2026-07-31T01:15:27.832607+00:00,105,0,23.38,Apple Store,Cupertino,CA,5732,Chip Transaction,0
de2e6392-861e-4226-b80a-872bc7c23560,2026-07-23T05:39:27.832607+00:00,113,4,37.57,Starbucks,Seattle,WA,5814,Online Transaction,0
a02375bd-e79a-4dff-9fd0-9999452799fd,2026-07-03T04:52:27.832607+00:00,11,4,22.49,Costco,Issaquah,WA,5411,Chip Transaction,0
0cad0621-03bb-4454-a5fd-78f36e6901b9,2026-07-13T04:13:27.832607+00:00,135,0,47.87,Netflix,Los Gatos,CA,4899,Swipe Transaction,0
9124fc73-bd69-4d68-bbd8-680869984e0b,2026-06-30T09:47:27.832607+00:00,133,0,13.35,Apple Store,Cupertino,CA,5732,Swipe Transaction,0
1fd80224-abf8-4fad-bf41-17f0ec1ea337,2026-07-30T12:25:27.832607+00:00,236,0,16.5,Netflix,Los Gatos,CA,4899,Chip Transaction,0
6dd953e5-a25c-47ff-8f06-f5d11c7c081c,2026-06-30T17:49:27.832607+00:00,29,1,62.11,Apple Store,Cupertino,CA,5732,Swipe Transaction,0
f777bbfa-0090-4266-a0df-863f1972d587,2026-06-24T12:14:27.832607+00:00,7,1,27.61,Delta Airlines,Atlanta,GA,4511,Chip Transaction,0
59763f05-2015-4839-b117-76f731771ef9,2026-07-06T12:05:27.832607+00:00,183,1,9.62,Delta Airlines,Atlanta,GA,4511,Swipe Transaction,0
fe1bc430-101e-4cf6-be7a-ae4ff3e06ba6,2026-08-05T13:16:27.832607+00:00,99,4,21.7,Delta Airlines,Atlanta,GA,4511,Chip Transaction,0
58fd4914-7fb3-4fed-8c03-ca5bb8214be9,2026-06-22T02:04:27.832607+00:00,86,4,26.61,Netflix,Los Gatos,CA,4899,Chip Transaction,0
6112b114-aa97-4d21-81b2-e715937de3b0,2026-08-03T03:17:27.832607+00:00,80,3,4.38,Target,Minneapolis,MN,5411,Chip Transaction,0
e42360d9-55d4-4a85-843e-51e33f970996,2026-07-21T12:18:27.832607+00:00,127,1,24.27,Walmart,Bentonville,AR,5411,Swipe Transaction,0
7c79db08-5530-4f43-9e26-18f44cb06699,2026-07-28T01:23:27.832607+00:00,2,1,21.59,Apple Store,Cupertino,CA,5732,Swipe Transaction,0
5f07d3a7-ac1c-4447-ab48-ab5f27401a05,2026-06-27T23:28:27.832607+00:00,38,0,40.79,McDonald's,Chicago,IL,5814,Chip Transaction,0
3ab57979-4b02-4e2f-a9ba-ad310eb052aa,2026-06-18T08:03:27.832607+00:00,77,2,126.54,Target,Minneapolis,MN,5411,Online Transaction,0
d7d650e7-4aae-40a0-bf34-d9b94d816292,2026-08-08T19:34:27.832607+00:00,147,4,9.19,Netflix,Los Gatos,CA,4899,Swipe Transaction,0
913d0fa5-941f-460a-8557-e43f1ffa4917,2026-07-31T15:35:27.832607+00:00,77,2,145.38,Delta Airlines,Atlanta,GA,4511,Chip Transaction,0
3c6c12cc-e391-4896-bd33-729b68d5e4d1,2026-07-14T06:00:27.832607+00:00,75,3,7.65,Costco,Issaquah,WA,5411,Swipe Transaction,0
e6080de9-bd14-4195-8655-6ed4780f7f59,2026-08-04T13:14:27.832607+00:00,179,1,11.75,Costco,Issaquah,WA,5411,Chip Transaction,0
996d8c7a-b559-4ac4-9dfd-6c39c700307b,2026-06-22T02:06:27.832607+00:00,124,4,63.82,Best Buy,Richfield,MN,5732,Online Transaction,0
4e7dfa59-1554-43f8-8d8d-f11b2f81929f,2026-07-21T15:47:27.832607+00:00,91,1,13.5,Costco,Issaquah,WA,5411,Online Transaction,0
9e575785-5f83-4f93-ad5a-4b7f4ac15dfd,2026-06-21T21:13:27.832607+00:00,227,4,49.63,Home Depot,Atlanta,GA,5200,Online Transaction,0
70315ac6-61a8-43a0-a966-baede0027d29,2026-07-26T14:46:27.832607+00:00,205,4,30.56,Starbucks,Seattle,WA,5814,Online Transaction,0
6480e1df-9b4c-404c-a023-13c3cad0e7bc,2026-07-10T01:23:27.832607+00:00,164,1,7.41,Uber,San Francisco,CA,4121,Chip Transaction,0
cff66dc7-a74b-4a71-ba6b-5bbd72d3cd76,2026-07-22T03:56:27.832607+00:00,2,0,13.44,Walmart,Bentonville,AR,5411,Chip Transaction,0
80bae1c1-b085-4ef4-834a-5a7a03c436fb,2026-07-17T11:05:27.832607+00:00,50,2,353.49,Delta Airlines,Atlanta,GA,4511,Online Transaction,0
97aacc85-1807-4323-8690-317eb9e49df8,2026-07-17T00:55:27.832607+00:00,229,4,37.85,Apple Store,Cupertino,CA,5732,Swipe Transaction,0
52460a08-e1a8-4213-b77f-d9a5a59d249a,2026-07-17T07:06:27.832607+00:00,77,4,14.64,Costco,Issaquah,WA,5411,Online Transaction,0
53737037-c92d-44f2-abdb-e75b06fae87a,2026-07-19T01:56:27.832607+00:00,228,2,5.86,Amazon,Seattle,WA,5942,Swipe Transaction,0
dd75ad21-8f39-464f-92af-5b0324cec915,2026-08-10T18:31:27.832607+00:00,137,1,54.38,Shell,Houston,TX,5541,Chip Transaction,0
c319c113-b7b0-4c0f-ad12-caddb95f0897,2026-06-25T19:50:27.832607+00:00,181,2,72.63,Target,Minneapolis,MN,5411,Swipe Transaction,0
75477ff4-6b77-4489-9aaa-159850985f22,2026-08-13T22:04:27.832607+00:00,244,2,24.39,Walmart,Bentonville,AR,5411,Chip Transaction,0
87d3e41b-5ca4-4774-82a2-cf773df2b20d,2026-07-28T03:00:27.832607+00:00,129,1,22.44,Target,Minneapolis,MN,5411,Chip Transaction,0
62197069-9c6a-4337-b470-9cbf611c2c7c,2026-07-30T11:38:27.832607+00:00,37,0,52.11,Apple Store,Cupertino,CA,5732,Swipe Transaction,0
953c1cd7-8d60-455d-8666-f6269f3ada6a,2026-06-30T19:37:27.832607+00:00,80,0,6.79,Target,Minneapolis,MN,5411,Chip Transaction,0
c14a6f7d-39e4-47bc-ba7e-b2c3904c7f64,2026-06-23T16:55:27.832607+00:00,169,2,23.25,Uber,San Francisco,CA,4121,Chip Transaction,0
655c462d-fd28-4573-8251-c4366a89f35a,2026-08-14T18:03:27.832607+00:00,74,2,32.18,Shell,Houston,TX,5541,Chip Transaction,0
961a8ba3-4a79-4e18-ac5e-b7ece3376d8d,2026-06-29T08:23:27.832607+00:00,30,0,35.28,Apple Store,Cupertino,CA,5732,Chip Transaction,0
e1582ff3-3d4b-430f-8e3a-4dbb9dd40edf,2026-06-21T02:19:27.832607+00:00,37,2,12.22,Walmart,Bentonville,AR,5411,Chip Transaction,0
59ce6e6a-2f73-4f6d-bfb0-4299dc3d4ded,2026-06-25T13:03:27.832607+00:00,232,0,26.21,Walmart,Bentonville,AR,5411,Chip Transaction,0
cb8e0627-bd18-4a26-951e-614703fce253,2026-08-07T03:45:27.832607+00:00,152,3,21.36,Walmart,Bentonville,AR,5411,Swipe Transaction,0
85f407c5-1082-47f1-8d7d-4b9595a7806a,2026-06-21T16:48:27.832607+00:00,137,0,135.25,Uber,San Francisco,CA,4121,Swipe Transaction,0
5da6c462-8eeb-4e6b-a6f4-46cc3efe27ec,2026-07-05T09:50:27.832607+00:00,182,3,22.42,Walmart,Bentonville,AR,5411,Swipe Transaction,0
82205e89-ee33-441f-b18f-7387417affb8,2026-07-04T23:14:27.832607+00:00,235,2,13.64,Starbucks,Seattle,WA,5814,Chip Transaction,0
9118ec9c-0575-405c-b543-31be49617d98,2026-07-18T05:42:27.832607+00:00,90,4,19.81,Amazon,Seattle,WA,5942,Chip Transaction,0
1d6d4972-0d82-464d-963a-c85964afb579,2026-06-25T11:45:27.832607+00:00,143,0,14.74,Walmart,Bentonville,AR,5411,Chip Transaction,0
56bf534d-a484-4e7b-b392-bebbde8516d2,2026-07-20T07:10:27.832607+00:00,41,3,29.48,Netflix,Los Gatos,CA,4899,Chip Transaction,0
6c64d1f1-a013-4212-8592-834dff1d904f,2026-07-12T20:42:27.832607+00:00,112,4,80.23,Starbucks,Seattle,WA,5814,Swipe Transaction,0
78c8d6a2-5f62-4f0f-851e-75094f62fa19,2026-07-16T15:37:27.832607+00:00,183,4,5.32,Starbucks,Seattle,WA,5814,Swipe Transaction,0
c23eec8c-e3dd-4527-b376-205d4b46b54a,2026-07-03T12:06:27.832607+00:00,46,2,21.57,Best Buy,Richfield,MN,5732,Online Transaction,0
70274a1d-dc27-45f1-b080-4890f416b034,2026-07-10T20:41:27.832607+00:00,84,3,49.88,Walmart,Bentonville,AR,5411,Online Transaction,0
02bc43d4-9260-43c3-99ec-2a86a1cef1d8,2026-06-19T02:09:27.832607+00:00,194,0,14.79,Walmart,Bentonville,AR,5411,Swipe Transaction,0
8c119e21-796f-427b-b3ac-8be52be574b9,2026-08-03T10:38:27.832607+00:00,51,1,26.55,Apple Store,Cupertino,CA,5732,Swipe Transaction,0
7e6e0478-64e2-42e0-9325-c851f9601ff5,2026-07-18T23:32:27.832607+00:00,112,2,61.4,CVS Pharmacy,Woonsocket,RI,5912,Online Transaction,0
ace4f6c7-f05f-4ef5-9312-b31858c42579,2026-08-08T16:06:27.832607+00:00,76,0,86.53,Best Buy,Richfield,MN,5732,Chip Transaction,0
dc9b07ea-f4ca-4894-bc25-26d027b7864c,2026-07-14T04:35:27.832607+00:00,183,3,18.97,Amazon,Seattle,WA,5942,Swipe Transaction,0
9acff62b-29d9-454e-8d53-3489aeff5aae,2026-07-10T20:10:27.832607+00:00,143,3,14.3,Home Depot,Atlanta,GA,5200,Chip Transaction,0
198930b1-5c0f-4ac7-b095-c72be07666db,2026-07-15T00:06:27.832607+00:00,3,0,1.88,Target,Minneapolis,MN,5411,Chip Transaction,0
b31952f5-6cfb-421f-8d7b-b1c232a43cfb,2026-06-18T18:44:27.832607+00:00,221,3,278.93,OnlineElectronics,Shenzhen,FOREIGN,5732,Online Transaction,1
cd163638-d987-48dc-836e-24df4292ae4c,2026-06-22T18:46:27.832607+00:00,116,3,8.96,Best Buy,Richfield,MN,5732,Swipe Transaction,0
c06609bd-85bf-4803-adf5-db9ed792480e,2026-07-15T10:59:27.832607+00:00,61,4,35.97,Netflix,Los Gatos,CA,4899,Online Transaction,0
dd67a8ac-58e8-48bf-b0be-4600318fa3bb,2026-07-23T06:58:27.832607+00:00,124,2,27.71,Home Depot,Atlanta,GA,5200,Chip Transaction,0
a43d0fd3-8eb0-44ac-a1b5-1a851112728a,2026-08-06T11:57:27.832607+00:00,72,3,32.78,Delta Airlines,Atlanta,GA,4511,Swipe Transaction,0
b12e8b01-3aed-4d33-922b-656e4b09962a,2026-06-30T17:52:27.832607+00:00,170,0,30.73,Whole Foods,Austin,TX,5411,Swipe Transaction,0
020addb1-b56b-445f-9400-645781599535,2026-06-20T02:51:27.832607+00:00,200,0,18.07,Best Buy,Richfield,MN,5732,Chip Transaction,0
ddf19d8f-f9b4-4676-9a0c-512d74d58475,2026-07-05T02:54:27.832607+00:00,246,2,20.52,Whole Foods,Austin,TX,5411,Chip Transaction,0
3072a4f6-5da6-44ab-bd33-19b3024f137e,2026-07-21T11:22:27.832607+00:00,122,4,54.77,Delta Airlines,Atlanta,GA,4511,Chip Transaction,0
c3a76f22-189f-4faa-b5e1-ccd10dfdd0dc,2026-08-01T09:48:27.832607+00:00,130,0,32.11,McDonald's,Chicago,IL,5814,Chip Transaction,0
49ce973c-822a-4063-9633-1b463aca45f1,2026-07-22T12:11:27.832607+00:00,29,4,2.27,Best Buy,Richfield,MN,5732,Chip Transaction,0
8445e7da-aa41-495f-9831-4e7fcde21aef,2026-07-31T21:43:27.832607+00:00,67,1,9.27,Delta Airlines,Atlanta,GA,4511,Online Transaction,0
8e266d5a-62a4-4722-9e98-2450181a52bc,2026-07-03T15:50:27.832607+00:00,38,4,57.43,Home Depot,Atlanta,GA,5200,Chip Transaction,0
8f312cdd-7afa-4104-846a-01d65756e322,2026-08-02T18:25:27.832607+00:00,54,4,11.91,CVS Pharmacy,Woonsocket,RI,5912,Swipe Transaction,0
35718a18-acf4-4426-9744-e05f58b4cf28,2026-07-16T09:20:27.832607+00:00,103,3,38.33,Shell,Houston,TX,5541,Chip Transaction,0
5147dfe9-201f-4090-b5f4-2bc9297ab5b3,2026-07-20T08:49:27.832607+00:00,100,3,57.46,CVS Pharmacy,Woonsocket,RI,5912,Swipe Transaction,0
ee381735-e21d-4e3e-ba21-1f735ae02be7,2026-07-23T21:27:27.832607+00:00,98,2,21.29,Costco,Issaquah,WA,5411,Swipe Transaction,0
7d3e959d-9410-4f74-91c3-45a66366abfd,2026-06-29T12:48:27.832607+00:00,217,3,6.51,Amazon,Seattle,WA,5942,Chip Transaction,0
4a3b909f-1f80-470d-ac33-c655055c07ae,2026-06-22T05:32:27.832607+00:00,66,4,15.16,Costco,Issaquah,WA,5411,Online Transaction,0
20ff47f7-4a22-4c97-89d8-2513b7b261e1,2026-07-12T04:40:27.832607+00:00,50,4,104.33,McDonald's,Chicago,IL,5814,Swipe Transaction,0
6a41255f-8bfb-4190-a88c-8306b493c73a,2026-07-17T02:05:27.832607+00:00,90,1,18.38,Target,Minneapolis,MN,5411,Swipe Transaction,0
8dc01dc5-dbe1-49ee-9a20-1533cd0b5c92,2026-07-22T00:17:27.832607+00:00,220,4,50.92,Amazon,Seattle,WA,5942,Chip Transaction,0
88f0320f-bcb1-41e8-a889-60350eef2d37,2026-08-04T23:22:27.832607+00:00,230,0,101.79,CVS Pharmacy,Woonsocket,RI,5912,Online Transaction,0
f1123bcf-405b-4cbc-a5c7-aeff34b80544,2026-07-31T00:38:27.832607+00:00,71,3,32.07,Apple Store,Cupertino,CA,5732,Chip Transaction,0
85f0fc3c-7116-4ffa-b754-51b887c240c9,2026-07-18T08:40:27.832607+00:00,245,2,18.71,CVS Pharmacy,Woonsocket,RI,5912,Chip Transaction,0
791570ce-4f64-4c83-a1cd-1a8322039e09,2026-07-31T14:28:27.832607+00:00,139,3,15.37,Apple Store,Cupertino,CA,5732,Chip Transaction,0
aeaf43a9-cdef-4c69-b7bd-3272f4d1c509,2026-07-27T22:05:27.832607+00:00,230,3,28.42,Walmart,Bentonville,AR,5411,Chip Transaction,0
8a243315-4b06-4db7-81b3-b53c504f26e1,2026-08-03T05:59:27.832607+00:00,148,0,7.37,Amazon,Seattle,WA,5942,Online Transaction,0
f6b57ed1-9c74-48db-9e08-f69462cf7592,2026-06-30T21:17:27.832607+00:00,200,0,23.91,CVS Pharmacy,Woonsocket,RI,5912,Online Transaction,0
9c36e113-0732-4c80-b6b0-a590e4593769,2026-06-28T15:14:27.832607+00:00,92,2,23.01,Netflix,Los Gatos,CA,4899,Online Transaction,0
c0fc0beb-ea96-49ba-a95c-baf810a9de72,2026-07-20T05:37:27.832607+00:00,216,3,5.94,McDonald's,Chicago,IL,5814,Chip Transaction,0
72679bc6-7a4d-45e2-b243-aa1f88a2e726,2026-07-21T09:44:27.832607+00:00,77,3,326.68,Target,Minneapolis,MN,5411,Swipe Transaction,0
ba1ce3a9-b851-405e-b6ac-9eb2aeeb221d,2026-08-07T01:55:27.832607+00:00,49,1,20.46,Uber,San Francisco,CA,4121,Chip Transaction,0
0d61a455-0c9d-4412-aa7f-a243744c506f,2026-08-13T13:10:27.832607+00:00,128,4,10.71,Delta Airlines,Atlanta,GA,4511,Swipe Transaction,0
78e9ad09-f253-4442-9cfc-07a5f3869e88,2026-07-06T21:38:27.832607+00:00,224,4,39.53,Amazon,Seattle,WA,5942,Swipe Transaction,0
608de6b1-fd54-4833-be61-b0c9379eceb6,2026-08-03T05:46:27.832607+00:00,236,4,4.96,Starbucks,Seattle,WA,5814,Chip Transaction,0
67bdc0c1-5ac0-40e3-b371-35198eb43fc0,2026-08-12T15:06:27.832607+00:00,79,0,12.32,McDonald's,Chicago,IL,5814,Chip Transaction,0
45d310c0-4624-4b83-8404-f8409ba1ab45,2026-07-06T06:36:27.832607+00:00,128,4,53.06,Costco,Issaquah,WA,5411,Chip Transaction,0
360a9891-33be-435f-9f0e-204e32fe170f,2026-06-21T18:18:27.832607+00:00,189,3,12.27,CVS Pharmacy,Woonsocket,RI,5912,Online Transaction,0
30e23d87-e816-47eb-b155-105748d80851,2026-07-18T06:51:27.832607+00:00,204,1,28.11,McDonald's,Chicago,IL,5814,Online Transaction,0
794a5491-e509-4774-a085-af3962b21806,2026-08-12T15:34:27.832607+00:00,44,2,9.69,Uber,San Francisco,CA,4121,Swipe Transaction,0
2505102b-c758-4c9d-8d4b-d092cfff3080,2026-06-27T10:13:27.832607+00:00,125,0,53.56,Starbucks,Seattle,WA,5814,Chip Transaction,0
add9063e-5f6e-41bb-9170-5e5dba061100,2026-08-16T05:17:27.832607+00:00,178,3,1896.17,CryptoExchange OU,Tallinn,FOREIGN,6051,Online Transaction,1
21fb9416-b109-4035-b989-6633346e445b,2026-08-05T05:57:27.832607+00:00,45,4,12.89,McDonald's,Chicago,IL,5814,Chip Transaction,0
3fa89ce7-715a-4f51-b0d9-5d82891a02df,2026-08-13T08:58:27.832607+00:00,201,2,24.45,Delta Airlines,Atlanta,GA,4511,Swipe Transaction,0
6c975084-258c-49e1-ad36-a95b309a61f0,2026-07-16T03:16:27.832607+00:00,25,4,15.45,Home Depot,Atlanta,GA,5200,Chip Transaction,0
94e9becc-944b-4bff-8fc0-f265303c4566,2026-07-14T20:34:27.832607+00:00,54,2,25.07,Home Depot,Atlanta,GA,5200,Swipe Transaction,0
e67baf5f-ed34-4f40-b234-6c73920db4d7,2026-08-11T23:14:27.832607+00:00,237,0,86.87,CVS Pharmacy,Woonsocket,RI,5912,Chip Transaction,0
e1d70e8d-b724-4bf3-b2f1-8d212943b1d8,2026-08-11T21:08:27.832607+00:00,228,3,13.48,Shell,Houston,TX,5541,Swipe Transaction,0
1dab9d2c-a2e7-470b-bbd3-306adf800c0b,2026-08-12T20:32:27.832607+00:00,230,1,57.74,Amazon,Seattle,WA,5942,Chip Transaction,0
e4f3ac4e-c506-4497-8463-f53d1d55cd9e,2026-07-07T07:26:27.832607+00:00,59,0,14.97,Uber,San Francisco,CA,4121,Online Transaction,0
d6eb21bc-4a31-4cc6-9801-c83677c8c593,2026-07-18T02:43:27.832607+00:00,125,0,19.17,Starbucks,Seattle,WA,5814,Chip Transaction,0
3657b05e-5b84-4331-9cd1-8ca50937e690,2026-07-08T03:00:27.832607+00:00,118,1,30.13,Whole Foods,Austin,TX,5411,Chip Transaction,0
28b78a26-ac78-4522-825f-13afa5b4a3a9,2026-06-20T06:29:27.832607+00:00,16,2,14.49,Shell,Houston,TX,5541,Swipe Transaction,0
246121b1-81ae-4245-b647-bf7d892c150b,2026-08-04T08:58:27.832607+00:00,227,2,22.71,Apple Store,Cupertino,CA,5732,Chip Transaction,0
04937cf1-4929-4040-8fc0-10f00c7b8cd5,2026-06-22T20:30:27.832607+00:00,249,4,42.46,CVS Pharmacy,Woonsocket,RI,5912,Chip Transaction,0
1cf46f20-2a86-45b3-ba0a-bc2ddbc0c1e6,2026-07-26T21:22:27.832607+00:00,122,3,31.31,Costco,Issaquah,WA,5411,Chip Transaction,0
ccd2eefd-a1d3-4901-8442-2195e4105ffb,2026-07-22T09:18:27.832607+00:00,149,1,1268.25,OnlineElectronics,Shenzhen,FOREIGN,5732,Online Transaction,1
17eaf514-20db-4707-b473-6116d4183b29,2026-06-23T22:25:27.832607+00:00,11,3,27.51,Whole Foods,Austin,TX,5411,Online Transaction,0
7b903c3a-c323-4985-82fe-293b73570e98,2026-07-01T21:41:27.832607+00:00,26,3,10.41,Home Depot,Atlanta,GA,5200,Swipe Transaction,0
84bb42e9-52de-4ade-91d8-d692a3868197,2026-07-02T17:11:27.832607+00:00,56,1,87.66,Home Depot,Atlanta,GA,5200,Chip Transaction,0
9475aa3b-534d-498a-9bb6-2d6289d08dea,2026-07-15T04:13:27.832607+00:00,147,4,33.49,McDonald's,Chicago,IL,5814,Chip Transaction,0
86339296-393d-48ad-a616-140a7c6d3300,2026-08-14T13:50:27.832607+00:00,119,0,12.24,Apple Store,Cupertino,CA,5732,Chip Transaction,0
111acffa-491e-4ee2-a6eb-d69c307cd66a,2026-06-20T16:47:27.832607+00:00,193,2,45.96,Whole Foods,Austin,TX,5411,Chip Transaction,0
f32f1206-a22d-4823-87c4-03e30145bdf1,2026-06-22T01:08:27.832607+00:00,86,0,5.85,CVS Pharmacy,Woonsocket,RI,5912,Swipe Transaction,0
833017dd-5fe5-4abc-8bac-49ad868a79df,2026-06-30T22:42:27.832607+00:00,120,4,19.66,McDonald's,Chicago,IL,5814,Chip Transaction,0
4be175e3-34df-4a49-be90-7b9deaa39198,2026-08-13T01:52:27.832607+00:00,199,1,53.26,Target,Minneapolis,MN,5411,Swipe Transaction,0
a6cab726-bccd-4f76-a178-a774bdea01c1,2026-08-04T04:48:27.832607+00:00,193,4,29.21,Starbucks,Seattle,WA,5814,Swipe Transaction,0
5ca78f44-4770-4082-8037-f4a5bc1bff13,2026-07-28T16:51:27.832607+00:00,175,3,12.74,CVS Pharmacy,Woonsocket,RI,5912,Chip Transaction,0
018889ad-c271-455a-b0c4-3cc3cdea146e,2026-07-22T13:44:27.832607+00:00,32,3,15.41,Uber,San Francisco,CA,4121,Chip Transaction,0
b9abfb49-3b4d-40d1-befc-edcd124759eb,2026-06-29T09:12:27.832607+00:00,173,0,75.6,Home Depot,Atlanta,GA,5200,Chip Transaction,0
7df4033d-a3de-4f46-856a-5e22ed5cc728,2026-07-30T15:42:27.832607+00:00,246,0,8.62,Apple Store,Cupertino,CA,5732,Chip Transaction,0
b485fc0f-3d50-4d9c-9a2f-2142534fc9f2,2026-08-06T20:15:27.832607+00:00,134,0,44.89,Walmart,Bentonville,AR,5411,Online Transaction,0
3001f0d7-9389-4644-88b5-462e63ba5121,2026-07-21T02:43:27.832607+00:00,114,0,26.41,McDonald's,Chicago,IL,5814,Chip Transaction,0
4fdd9369-c1e3-4bc5-a319-bc470a972778,2026-07-21T06:20:27.832607+00:00,166,2,51.82,Amazon,Seattle,WA,5942,Online Transaction,0
6a74bac6-0ed5-458e-b691-f9609b55e197,2026-07-10T07:48:27.832607+00:00,179,4,34.29,McDonald's,Chicago,IL,5814,Swipe Transaction,0
b06d209d-2c91-4467-902f-6390ac431002,2026-06-27T21:01:27.832607+00:00,203,2,68.09,Shell,Houston,TX,5541,Chip Transaction,0
8a771fe2-c6fb-4fd1-a15b-a952044cddbc,2026-07-27T03:45:27.832607+00:00,237,1,16.17,Shell,Houston,TX,5541,Chip Transaction,0
75e5e677-d60c-45d0-a040-8b5151a5ff2b,2026-06-29T01:44:27.832607+00:00,40,1,135.07,Target,Minneapolis,MN,5411,Swipe Transaction,0
3954abce-6efa-4fbb-b09a-0387033df5cf,2026-07-26T03:27:27.832607+00:00,53,4,30.14,Uber,San Francisco,CA,4121,Chip Transaction,0
67988091-0735-4327-b109-7a84225e0f62,2026-08-13T15:23:27.832607+00:00,137,2,9.16,Uber,San Francisco,CA,4121,Online Transaction,0
ace7058a-2de3-4639-b122-d9f864cb50a3,2026-08-05T17:46:27.832607+00:00,76,3,28.35,Netflix,Los Gatos,CA,4899,Swipe Transaction,0
9a5a1d58-9a0d-457b-87e9-9e3c08453cd4,2026-07-21T10:01:27.832607+00:00,114,2,7.01,CVS Pharmacy,Woonsocket,RI,5912,Online Transaction,0
233c6bd0-42ae-496f-81bf-f2a08c583e1a,2026-08-06T13:48:27.832607+00:00,84,0,30.96,Whole Foods,Austin,TX,5411,Chip Transaction,0
52110ec9-4495-44bc-bd8c-39054e55af8c,2026-06-22T10:38:27.832607+00:00,51,0,29.57,Best Buy,Richfield,MN,5732,Swipe Transaction,0
baa5c29c-81ad-4801-97b4-4a694a874388,2026-08-09T04:33:27.832607+00:00,155,4,82.53,Apple Store,Cupertino,CA,5732,Chip Transaction,0
719692e5-2491-4cd1-9d06-2761edb126a5,2026-07-01T05:39:27.832607+00:00,110,2,37.61,Whole Foods,Austin,TX,5411,Swipe Transaction,0
b604c71b-79af-4021-a154-ee9654eecce4,2026-07-12T15:41:27.832607+00:00,144,0,17.36,Shell,Houston,TX,5541,Chip Transaction,0
40237fb0-12a8-41d4-a8e8-273954d7217c,2026-07-28T03:58:27.832607+00:00,42,3,46.44,Apple Store,Cupertino,CA,5732,Chip Transaction,0
1bee9be2-2b7c-4435-96f3-441815700011,2026-07-10T02:20:27.832607+00:00,223,4,29.27,Best Buy,Richfield,MN,5732,Chip Transaction,0
43616cf7-99fd-4075-a859-3f6f5cd83fd3,2026-07-17T06:26:27.832607+00:00,235,2,37.86,Best Buy,Richfield,MN,5732,Chip Transaction,0
28b2acae-ba1b-4bc5-8bd3-d1779ad67907,2026-07-10T01:38:27.832607+00:00,48,3,92.41,Apple Store,Cupertino,CA,5732,Chip Transaction,0
dc5299b0-626e-48bf-8723-8e06ee247a25,2026-07-21T10:49:27.832607+00:00,127,4,50.1,Amazon,Seattle,WA,5942,Swipe Transaction,0
3273278d-972a-4f4e-b255-0d951a1b03ce,2026-07-05T14:44:27.832607+00:00,107,1,21.7,CVS Pharmacy,Woonsocket,RI,5912,Online Transaction,0
76ec8ba2-b980-40f5-8a6a-b12707784cae,2026-07-03T00:37:27.832607+00:00,249,0,15.68,McDonald's,Chicago,IL,5814,Chip Transaction,0
75307578-b33b-49bc-9163-bd3d3a7dde23,2026-06-23T06:52:27.832607+00:00,176,3,23.26,Best Buy,Richfield,MN,5732,Chip Transaction,0
09fc7c19-c8e9-4d1e-b402-96fe17bcecb7,2026-08-05T21:55:27.832607+00:00,15,1,51.99,Delta Airlines,Atlanta,GA,4511,Chip Transaction,0
f651d394-459f-4bb6-aba1-0a93c7453f98,2026-07-18T16:48:27.832607+00:00,108,2,12.52,Delta Airlines,Atlanta,GA,4511,Chip Transaction,0
ecb6dec2-f240-4a39-8dd9-8a70f8759aa7,2026-08-12T08:44:27.832607+00:00,161,1,30.95,Home Depot,Atlanta,GA,5200,Chip Transaction,0
106621c1-dff6-491c-abe7-02b5dbf8ec5d,2026-08-08T04:42:27.832607+00:00,176,2,41.64,Target,Minneapolis,MN,5411,Online Transaction,0
988102ad-ac50-4b86-a104-87ddc3012ca5,2026-07-23T02:09:27.832607+00:00,37,0,15.55,Delta Airlines,Atlanta,GA,4511,Chip Transaction,0
3495bd3d-e85b-4189-b541-e0f7d19d32a5,2026-08-04T07:59:27.832607+00:00,42,0,51.01,Uber,San Francisco,CA,4121,Online Transaction,0
779fb566-30c3-4dcb-9cf0-8b84a2252ca7,2026-07-27T23:12:27.832607+00:00,217,4,32.85,Starbucks,Seattle,WA,5814,Online Transaction,0
d59fbae5-9b8c-422c-b2ac-a42fcb3f43dc,2026-06-27T15:14:27.832607+00:00,210,1,8.13,CVS Pharmacy,Woonsocket,RI,5912,Chip Transaction,0
032e5f2e-8d96-4ef3-a4d0-6dfdcf8a7073,2026-08-15T05:12:27.832607+00:00,153,4,34.56,Shell,Houston,TX,5541,Chip Transaction,0
9ea3c255-4179-4a5c-9f5e-282d514a817f,2026-07-16T15:57:27.832607+00:00,34,0,12.01,Shell,Houston,TX,5541,Chip Transaction,0
ac83e9e2-9389-497e-8211-ba1a15ff1d2b,2026-07-09T03:09:27.832607+00:00,9,4,23.51,CVS Pharmacy,Woonsocket,RI,5912,Chip Transaction,0
fdea4614-840e-4309-bf24-1741334a6bc2,2026-06-23T19:21:27.832607+00:00,172,2,35.91,Walmart,Bentonville,AR,5411,Chip Transaction,0
1e1c94d1-4ab9-4a1e-9e9c-47bf9f110041,2026-08-14T03:14:27.832607+00:00,91,1,41.51,Costco,Issaquah,WA,5411,Swipe Transaction,0
dfac741c-9f31-4929-a65e-02a1cd945736,2026-07-02T05:30:27.832607+00:00,149,0,9.7,Best Buy,Richfield,MN,5732,Chip Transaction,0
1f90a6e5-eda6-4c55-9c65-e4c949f36d08,2026-06-29T15:54:27.832607+00:00,173,0,21.56,Starbucks,Seattle,WA,5814,Chip Transaction,0
b4865b89-7b5c-4a48-9b8a-ffdefbbae8e7,2026-07-31T08:05:27.832607+00:00,195,2,19.27,Netflix,Los Gatos,CA,4899,Chip Transaction,0
1b4b806c-7ac5-4801-9873-4e7513c7134a,2026-08-05T13:07:27.832607+00:00,84,3,50.09,Home Depot,Atlanta,GA,5200,Chip Transaction,0
c033f5e6-410e-47ba-986a-b8db7b7dead9,2026-08-06T06:22:27.832607+00:00,114,1,30.73,Apple Store,Cupertino,CA,5732,Online Transaction,0
a6e98f54-7f5b-4902-a94d-9f09f13a8a5d,2026-06-27T09:07:27.832607+00:00,206,3,11.28,Costco,Issaquah,WA,5411,Online Transaction,0
8740e851-1847-4f2b-a334-bfecff60bd55,2026-07-14T08:28:27.832607+00:00,169,0,24.18,McDonald's,Chicago,IL,5814,Chip Transaction,0
c3f63a3e-9c98-4341-89d7-b56d27acc218,2026-08-05T22:43:27.832607+00:00,52,4,10.98,Netflix,Los Gatos,CA,4899,Chip Transaction,0
31a91915-e272-4858-ab49-8212dd238e2f,2026-07-10T23:59:27.832607+00:00,197,4,19.45,Costco,Issaquah,WA,5411,Swipe Transaction,0
99b6294c-cc7c-4b53-9412-0752efa2f6a5,2026-06-23T18:19:27.832607+00:00,125,4,12.6,CVS Pharmacy,Woonsocket,RI,5912,Online Transaction,0
6e8a02b7-f5d8-402e-a4f6-24e35b563f03,2026-07-22T09:55:27.832607+00:00,161,1,10.94,Apple Store,Cupertino,CA,5732,Chip Transaction,0
41e0910f-b028-4aef-b34f-d12e90dca34b,2026-08-14T02:14:27.832607+00:00,46,3,67.78,Amazon,Seattle,WA,5942,Chip Transaction,0
92e05720-4c93-44d5-9967-45f61ec237df,2026-06-22T18:25:27.832607+00:00,170,4,10.93,Target,Minneapolis,MN,5411,Swipe Transaction,0
cda3cbc5-ad1c-4831-a032-fd5f489c0d30,2026-07-02T23:57:27.832607+00:00,139,2,13.0,Starbucks,Seattle,WA,5814,Chip Transaction,0
17403fa8-817d-49a9-8dfc-75791c8e1572,2026-06-28T14:21:27.832607+00:00,99,3,6.89,CVS Pharmacy,Woonsocket,RI,5912,Online Transaction,0
2e9f9b26-5aa4-4685-8461-2e38a6dca59b,2026-07-19T04:00:27.832607+00:00,221,2,23.0,Apple Store,Cupertino,CA,5732,Swipe Transaction,0
a363804c-97df-4b0b-b6f2-88640dc725a2,2026-08-01T20:35:27.832607+00:00,146,3,15.27,Target,Minneapolis,MN,5411,Swipe Transaction,0
bf76dafc-7cc3-42fb-9ad3-4688c9f88ef8,2026-06-27T09:24:27.832607+00:00,15,3,22.06,Best Buy,Richfield,MN,5732,Chip Transaction,0
3fe1ab19-7781-4eb8-89de-f368c42dbba8,2026-07-23T19:46:27.832607+00:00,83,0,32.43,Netflix,Los Gatos,CA,4899,Online Transaction,0
eab5676b-c28d-465d-a38d-38069f73643f,2026-08-14T05:40:27.832607+00:00,7,2,54.54,Target,Minneapolis,MN,5411,Swipe Transaction,0
fdbbc296-254b-4da5-871b-9b5b31d57467,2026-07-13T03:47:27.832607+00:00,63,1,89.26,Uber,San Francisco,CA,4121,Chip Transaction,0
eb576d77-c405-4446-bf00-d6f79b7086bc,2026-07-26T10:37:27.832607+00:00,169,3,8.13,Best Buy,Richfield,MN,5732,Chip Transaction,0
183b9a17-5293-4fca-9a2f-881f0dfc268b,2026-06-26T02:14:27.832607+00:00,82,3,7.5,Netflix,Los Gatos,CA,4899,Swipe Transaction,0
62ef5a66-ecf3-4d6e-b4b1-8d28cb103e49,2026-06-25T21:12:27.832607+00:00,53,2,7.29,Best Buy,Richfield,MN,5732,Swipe Transaction,0
99c8e7bc-5434-469d-a776-e456de3d4541,2026-07-02T14:02:27.832607+00:00,249,3,33.45,CVS Pharmacy,Woonsocket,RI,5912,Chip Transaction,0
a20c0737-d834-4041-b8ee-afa755e9dbf8,2026-07-29T10:25:27.832607+00:00,77,4,48.83,Costco,Issaquah,WA,5411,Chip Transaction,0
c3dbb295-ee8a-4626-be25-3a0d253c8311,2026-07-11T04:55:27.832607+00:00,25,4,37.08,Best Buy,Richfield,MN,5732,Online Transaction,0
e26cc1d9-6472-4f42-becd-b126d2d050a2,2026-07-17T03:19:27.832607+00:00,204,0,59.51,Best Buy,Richfield,MN,5732,Chip Transaction,0
ccdb7374-e7ae-41fd-a2bd-8cb0a10c48b8,2026-06-18T11:51:27.832607+00:00,52,3,56.15,Home Depot,Atlanta,GA,5200,Chip Transaction,0
54af115b-6ca5-4925-8d89-dc6b8d248e1f,2026-07-11T04:19:27.832607+00:00,5,4,18.08,Home Depot,Atlanta,GA,5200,Chip Transaction,0
74ef44c0-16cd-4223-8852-7aa3db3ba50e,2026-07-30T19:39:27.832607+00:00,69,4,100.48,Starbucks,Seattle,WA,5814,Online Transaction,0
72df4e57-4195-4bbd-a745-a5db9459a38b,2026-06-21T20:56:27.832607+00:00,134,1,19.38,Whole Foods,Austin,TX,5411,Swipe Transaction,0
055d9ff5-9023-4e44-a0f2-b51393ec002e,2026-07-14T15:23:27.832607+00:00,112,3,4.42,Starbucks,Seattle,WA,5814,Chip Transaction,0
e8e21922-4ae5-4d0f-90eb-4b357b77e7f7,2026-07-18T19:03:27.832607+00:00,211,2,10.54,Whole Foods,Austin,TX,5411,Chip Transaction,0
37249abd-8245-4de8-862a-222bcd4d337d,2026-06-18T23:51:27.832607+00:00,50,0,31.91,McDonald's,Chicago,IL,5814,Chip Transaction,0
48d3d44d-7e19-4fab-8f7a-129f8297257d,2026-07-25T10:40:27.832607+00:00,166,0,21.63,Shell,Houston,TX,5541,Chip Transaction,0
87889ffa-b7a1-4c7e-9079-66bd2c1b20d4,2026-07-29T09:54:27.832607+00:00,11,3,11.43,Target,Minneapolis,MN,5411,Swipe Transaction,0
2f42f52f-ba0e-4165-83b4-a67b4987464e,2026-08-14T23:40:27.832607+00:00,231,3,4.89,Whole Foods,Austin,TX,5411,Online Transaction,0
278eb21e-8481-4c34-9800-9825d9a28bf3,2026-07-14T17:13:27.832607+00:00,189,4,36.7,Whole Foods,Austin,TX,5411,Chip Transaction,0
4a4b4d1d-ccd0-4c1a-9409-556959030ca6,2026-08-05T19:37:27.832607+00:00,128,0,42.61,Costco,Issaquah,WA,5411,Chip Transaction,0
85d897ff-1eeb-4fa0-a2ab-ee1ae3241c43,2026-07-26T03:04:27.832607+00:00,100,1,49.7,CVS Pharmacy,Woonsocket,RI,5912,Swipe Transaction,0
8ffa47db-beb9-4d9a-9690-c58e08cdf5b6,2026-07-09T07:23:27.832607+00:00,126,4,21.64,Walmart,Bentonville,AR,5411,Swipe Transaction,0
5f9683b3-871b-43bd-9a6e-9509b28c5f8e,2026-07-13T16:36:27.832607+00:00,247,2,15.0,Walmart,Bentonville,AR,5411,Swipe Transaction,0
a3fc3187-81c3-40db-afe6-fbd90e890006,2026-08-03T14:36:27.832607+00:00,232,4,18.26,Delta Airlines,Atlanta,GA,4511,Swipe Transaction,0
988f1463-795f-4320-a7cd-d85af2767ec3,2026-08-13T15:07:27.832607+00:00,180,2,13.2,McDonald's,Chicago,IL,5814,Swipe Transaction,0
ac676b11-4758-4049-9578-cc6c3e69bf11,2026-08-05T16:32:27.832607+00:00,101,2,60.52,Starbucks,Seattle,WA,5814,Online Transaction,0
2c81457c-e2c1-4ff1-8b8e-42eb73822856,2026-07-20T09:51:27.832607+00:00,42,3,43.12,Costco,Issaquah,WA,5411,Online Transaction,0
d88ae85e-acc5-4e65-827d-8c5d0e2cd580,2026-06-20T07:57:27.832607+00:00,222,0,49.09,CVS Pharmacy,Woonsocket,RI,5912,Chip Transaction,0
7f1eede4-4e45-4f3c-a8d3-c84d3299c799,2026-07-03T01:02:27.832607+00:00,236,0,65.81,Netflix,Los Gatos,CA,4899,Chip Transaction,0
99b2e72b-e671-4ce7-b47e-6decf585c325,2026-08-02T04:53:27.832607+00:00,141,2,7.72,Home Depot,Atlanta,GA,5200,Swipe Transaction,0
6102fdc9-41e1-4ece-8fa1-7e5047e8bdb1,2026-07-06T13:00:27.832607+00:00,103,1,64.17,CVS Pharmacy,Woonsocket,RI,5912,Chip Transaction,0
29dc72a9-15ea-419b-97be-fff58a714c0c,2026-06-20T14:37:27.832607+00:00,196,1,56.43,Best Buy,Richfield,MN,5732,Online Transaction,0
0541cf21-576f-40e5-9770-3446421f4f5c,2026-06-23T17:31:27.832607+00:00,35,2,84.51,CVS Pharmacy,Woonsocket,RI,5912,Online Transaction,0
cdf10e73-7e12-42dd-80a5-06c7dafcc773,2026-08-01T00:11:27.832607+00:00,95,1,16.93,Costco,Issaquah,WA,5411,Chip Transaction,0
93d8e4a0-7f1e-4f4b-bfba-8c1b5f75b31c,2026-07-11T23:33:27.832607+00:00,237,4,52.73,Costco,Issaquah,WA,5411,Online Transaction,0
75ac6c38-dff3-4425-b98d-9ed02ef77c7a,2026-06-18T21:32:27.832607+00:00,103,4,5.16,Starbucks,Seattle,WA,5814,Chip Transaction,0
ad251f59-c914-47e9-9fc7-f97b224be962,2026-07-08T18:12:27.832607+00:00,31,0,8.99,Target,Minneapolis,MN,5411,Online Transaction,0
64569380-d358-4ede-851c-95b11fd82ea2,2026-06-29T22:27:27.832607+00:00,243,2,24.25,Whole Foods,Austin,TX,5411,Chip Transaction,0
c1e8b478-acf9-495b-8a54-c0fd0abd2568,2026-07-21T14:06:27.832607+00:00,105,1,8.69,Netflix,Los Gatos,CA,4899,Chip Transaction,0
8e60742b-0159-4271-9e68-f3040f162cd7,2026-08-14T04:18:27.832607+00:00,150,3,11.66,Shell,Houston,TX,5541,Chip Transaction,0
1671da9f-31ab-4c89-b976-19b5fb64cd01,2026-08-08T23:52:27.832607+00:00,109,4,508.92,QuickCash ATM,Unknown,NV,6011,Online Transaction,1
55ba1890-a02a-4cd3-a395-bf1af8f4efc8,2026-07-24T11:25:27.832607+00:00,233,2,8.84,Home Depot,Atlanta,GA,5200,Chip Transaction,0
49d6e006-8a53-4ac2-8e80-039eb2a0e0b9,2026-06-22T14:31:27.832607+00:00,65,4,44.81,CVS Pharmacy,Woonsocket,RI,5912,Chip Transaction,0
f401b80f-b98d-44a7-86ed-0f21a46d0c42,2026-06-21T09:30:27.832607+00:00,11,4,33.27,Netflix,Los Gatos,CA,4899,Online Transaction,0
db90e1fd-a615-4c25-92b3-c3123b5f4664,2026-07-31T11:19:27.832607+00:00,23,2,24.13,Home Depot,Atlanta,GA,5200,Chip Transaction,0
4a3b6ced-8d36-4e32-9d92-7058d9c723ac,2026-06-29T12:26:27.832607+00:00,73,2,190.54,Shell,Houston,TX,5541,Online Transaction,0
145b535d-3e9c-49ff-9605-1ec11d993cd7,2026-06-22T00:11:27.832607+00:00,81,3,14.43,Whole Foods,Austin,TX,5411,Online Transaction,0
15cee955-378c-458d-90cb-93f80208762c,2026-08-03T00:43:27.832607+00:00,39,0,81.82,Whole Foods,Austin,TX,5411,Chip Transaction,0
92129ac9-4c75-4d03-9c24-6b61b567a0aa,2026-07-26T21:01:27.832607+00:00,230,3,6.97,Apple Store,Cupertino,CA,5732,Chip Transaction,0
cdbe5b00-e7b8-44e6-8a46-1cf38688d593,2026-08-13T02:03:27.832607+00:00,185,1,29.17,Delta Airlines,Atlanta,GA,4511,Chip Transaction,0
155f7b29-408c-43f0-9494-ca5517ba103a,2026-08-05T13:02:27.832607+00:00,131,2,49.1,Starbucks,Seattle,WA,5814,Chip Transaction,0
dd526b18-8551-4b81-92a1-20558eb76702,2026-06-26T12:44:27.832607+00:00,85,0,11.24,Best Buy,Richfield,MN,5732,Chip Transaction,0
792f0c9d-848a-49f9-8f64-e464a6c90778,2026-07-21T22:08:27.832607+00:00,28,2,9.66,McDonald's,Chicago,IL,5814,Online Transaction,0
8ad65c7c-88fc-45c9-b13f-5ebc4bb50a48,2026-08-02T19:14:27.832607+00:00,245,2,4912.85,OnlineElectronics,Shenzhen,FOREIGN,5732,Online Transaction,1
3f2b6aa4-7332-467e-8f08-98f20e053daa,2026-06-23T17:06:27.832607+00:00,188,4,68.8,Uber,San Francisco,CA,4121,Swipe Transaction,0
a76fadf4-a826-444d-a7b6-a96ca29de664,2026-08-05T00:39:27.832607+00:00,191,0,46.96,Amazon,Seattle,WA,5942,Swipe Transaction,0
fc640bd9-8978-408c-812a-4d2dab3f33cb,2026-06-27T23:53:27.832607+00:00,198,3,10.54,Netflix,Los Gatos,CA,4899,Chip Transaction,0
2f4b90f2-1a2f-4646-a872-2872653dd0e2,2026-08-08T16:19:27.832607+00:00,31,2,111.13,QuickCash ATM,Unknown,NV,6011,Online Transaction,1
65692cb9-c61b-4958-b256-00b3f946ca6b,2026-07-03T02:53:27.832607+00:00,34,2,48.7,Delta Airlines,Atlanta,GA,4511,Swipe Transaction,0
f9c8c09e-6c32-4b00-ba46-3af121a16264,2026-08-08T01:12:27.832607+00:00,69,4,10.64,Home Depot,Atlanta,GA,5200,Chip Transaction,0
31178eef-ade3-4dfe-ad6c-4a8d18136d13,2026-06-23T03:42:27.832607+00:00,162,3,20.3,CVS Pharmacy,Woonsocket,RI,5912,Chip Transaction,0
63d0edc9-e9ce-4254-9724-4b258bf83119,2026-08-08T08:07:27.832607+00:00,135,4,54.37,Uber,San Francisco,CA,4121,Online Transaction,0
66129e10-4ecd-4226-9c99-177bb42de8fb,2026-08-09T03:43:27.832607+00:00,110,2,36.85,Netflix,Los Gatos,CA,4899,Chip Transaction,0
b5d78bf9-dbfb-4c37-b3b1-7e64f24a1911,2026-06-26T01:10:27.832607+00:00,106,0,92.22,Walmart,Bentonville,AR,5411,Chip Transaction,0
cc379820-d331-4237-b408-e941fcc34965,2026-07-05T12:06:27.832607+00:00,197,4,51.9,Best Buy,Richfield,MN,5732,Swipe Transaction,0
83a59c91-cfe4-4ab4-97d0-08e72b0fdcb4,2026-08-15T07:37:27.832607+00:00,12,0,18.76,McDonald's,Chicago,IL,5814,Online Transaction,0
3c2ed6ce-048c-4987-8377-103df209e7d9,2026-07-09T21:51:27.832607+00:00,116,4,8.66,Shell,Houston,TX,5541,Swipe Transaction,0
7862f2d0-6b19-4062-8e0f-b455133b4588,2026-07-23T16:06:27.832607+00:00,192,4,49.67,Whole Foods,Austin,TX,5411,Chip Transaction,0
a9197fc8-1820-4b7c-ad7e-1d88823d1aca,2026-07-24T04:40:27.832607+00:00,4,1,22.11,Walmart,Bentonville,AR,5411,Chip Transaction,0
e3ddf12e-7d92-47cd-9887-12a20f4d721e,2026-06-18T02:32:27.832607+00:00,186,3,15.99,Delta Airlines,Atlanta,GA,4511,Swipe Transaction,0
aabaeedb-eb60-4474-8160-5eb4c84c8d1b,2026-07-20T05:41:27.832607+00:00,102,2,12.69,Best Buy,Richfield,MN,5732,Swipe Transaction,0
63e34306-d7ce-4624-82a5-9a39cf8c2c03,2026-08-08T19:43:27.832607+00:00,124,1,35.62,Amazon,Seattle,WA,5942,Chip Transaction,0
731cd39a-ea82-4e5e-b04c-dd5bc21d6a22,2026-06-18T15:47:27.832607+00:00,78,3,61.98,Costco,Issaquah,WA,5411,Chip Transaction,0
c7f934d5-a472-442f-b267-c5794696e2d3,2026-08-03T07:29:27.832607+00:00,6,3,47.68,Amazon,Seattle,WA,5942,Chip Transaction,0
049a2bdf-1b41-4b92-b7d0-28f3bf0fbeaa,2026-06-24T12:43:27.832607+00:00,3,0,46.77,Shell,Houston,TX,5541,Chip Transaction,0
799c31ba-1f90-459c-96d9-199bf99c1d79,2026-06-20T10:00:27.832607+00:00,75,0,60.68,Netflix,Los Gatos,CA,4899,Swipe Transaction,0
5516566b-5db1-4be0-8ec7-509a48a7c00e,2026-07-03T10:12:27.832607+00:00,210,3,35.23,Home Depot,Atlanta,GA,5200,Swipe Transaction,0
974ce0df-75e5-4384-aff7-7171a1e1d185,2026-07-26T16:33:27.832607+00:00,228,3,27.45,Home Depot,Atlanta,GA,5200,Swipe Transaction,0
9c40dc0b-54fc-42bf-ba8b-453a39baf4c8,2026-08-06T03:42:27.832607+00:00,74,1,11.22,McDonald's,Chicago,IL,5814,Chip Transaction,0
c6dc629a-f5ed-4f14-ac4b-1bcf8e98b733,2026-07-05T02:05:27.832607+00:00,236,4,25.24,Starbucks,Seattle,WA,5814,Swipe Transaction,0
e7b1412c-ba9b-45a2-83a8-bc811b07bf6d,2026-06-18T00:01:27.832607+00:00,214,2,8.12,Whole Foods,Austin,TX,5411,Online Transaction,0
c548fc3c-b6eb-4156-97b3-5959b1d56058,2026-07-04T19:21:27.832607+00:00,23,3,12.7,Costco,Issaquah,WA,5411,Swipe Transaction,0
849ec2cb-bf13-4d1f-b184-b109bed863a5,2026-08-05T01:09:27.832607+00:00,127,2,29.42,Target,Minneapolis,MN,5411,Chip Transaction,0
4805969a-1359-437d-bff0-41881fed5e45,2026-07-26T10:24:27.832607+00:00,221,4,7.82,Amazon,Seattle,WA,5942,Chip Transaction,0
e3c75479-b5b5-40a2-a1ff-6c46d1ab4b32,2026-08-13T21:19:27.832607+00:00,58,3,18.54,Uber,San Francisco,CA,4121,Chip Transaction,0
ac46f9f0-7e4d-4532-b247-777d9458b7a1,2026-07-24T07:56:27.832607+00:00,69,1,19.41,CVS Pharmacy,Woonsocket,RI,5912,Online Transaction,0
4fb29545-1433-4ea7-a013-9d0e9fef26f4,2026-06-30T21:17:27.832607+00:00,29,0,20.56,Walmart,Bentonville,AR,5411,Online Transaction,0
f679d398-199e-46ee-bf47-1cf4ef193fd9,2026-06-22T05:21:27.832607+00:00,41,2,115.99,Costco,Issaquah,WA,5411,Online Transaction,0
e6effb71-103c-42f6-965c-a41d047f75d8,2026-07-07T14:39:27.832607+00:00,86,1,36.55,Apple Store,Cupertino,CA,5732,Swipe Transaction,0
9ef16495-8c74-4db8-a52a-98fa1f0074d6,2026-08-05T14:30:27.832607+00:00,69,2,23.17,Apple Store,Cupertino,CA,5732,Chip Transaction,0
f6b0e205-982b-4898-a797-ee5e28c87e70,2026-07-10T00:33:27.832607+00:00,202,1,4.99,McDonald's,Chicago,IL,5814,Chip Transaction,0
5d184e08-84a0-4572-ad5c-c9ef3bf5b72e,2026-08-04T05:42:27.832607+00:00,242,0,103.74,Netflix,Los Gatos,CA,4899,Swipe Transaction,0
4f95c7f9-5a43-4ee8-9644-ef10177c8ec7,2026-07-07T12:20:27.832607+00:00,87,2,49.21,Amazon,Seattle,WA,5942,Chip Transaction,0
0a0eabce-bd46-4cf2-b9a2-98d246fcb05b,2026-07-11T05:44:27.832607+00:00,237,1,20.74,Target,Minneapolis,MN,5411,Chip Transaction,0
b4e5a3e0-9f44-4f06-83b6-ff5b26f9cd20,2026-06-25T12:01:27.832607+00:00,224,2,8.24,McDonald's,Chicago,IL,5814,Swipe Transaction,0
65dd4190-12fe-4c1d-be3c-be12c5cb5954,2026-07-19T05:53:27.832607+00:00,165,1,29.96,Amazon,Seattle,WA,5942,Chip Transaction,0
b3e782c3-7d47-42f3-8534-bbb61749e94f,2026-06-28T05:51:27.832607+00:00,201,3,53.3,Best Buy,Richfield,MN,5732,Online Transaction,0
9c50fde0-68d7-4f80-ab4e-f616782b2e25,2026-07-29T20:10:27.832607+00:00,190,1,8.38,Walmart,Bentonville,AR,5411,Swipe Transaction,0
c692fdb3-f4cf-4151-95e1-b7e1c493d474,2026-06-30T10:10:27.832607+00:00,88,1,9.92,Shell,Houston,TX,5541,Chip Transaction,0
dd3e0fed-ba0f-47d7-a147-ebdc34a6e0fb,2026-08-14T16:00:27.832607+00:00,186,3,854.92,AnonymousGiftCards,Panama City,FOREIGN,5947,Online Transaction,1
b0b52ae8-a562-48f8-9b7f-dd53d7dbddfb,2026-07-01T19:22:27.832607+00:00,32,0,50.02,Amazon,Seattle,WA,5942,Chip Transaction,0
05998c81-b043-4b14-be62-2490f4010171,2026-06-18T13:07:27.832607+00:00,61,4,7.5,Apple Store,Cupertino,CA,5732,Chip Transaction,0
227291e9-305f-4e9f-935d-2edf76f49c4f,2026-06-26T07:36:27.832607+00:00,77,2,126.9,McDonald's,Chicago,IL,5814,Chip Transaction,0
14c470fb-a136-481d-944b-11a34aadafe1,2026-06-25T15:56:27.832607+00:00,133,4,11.95,Delta Airlines,Atlanta,GA,4511,Chip Transaction,0
8b3ba81e-7cdf-4d03-b93f-2f366826434f,2026-07-30T06:31:27.832607+00:00,106,0,22.59,Uber,San Francisco,CA,4121,Chip Transaction,0
eebe7394-a461-48f5-ba26-2e9acc5f5218,2026-08-08T09:38:27.832607+00:00,174,4,11.85,Whole Foods,Austin,TX,5411,Chip Transaction,0
347758d6-d5c1-49c5-8385-197116e84baa,2026-07-11T03:20:27.832607+00:00,177,3,35.09,Home Depot,Atlanta,GA,5200,Online Transaction,0
6bb8e538-1638-4e7c-a557-1e0bb8858304,2026-07-09T20:23:27.832607+00:00,248,4,24.96,Target,Minneapolis,MN,5411,Chip Transaction,0
8884029d-ceaf-47c6-816c-d635a212b004,2026-06-29T15:14:27.832607+00:00,144,2,22.85,Starbucks,Seattle,WA,5814,Chip Transaction,0
121e4cc2-a7b4-4f4c-9dce-b3914c795390,2026-08-05T23:43:27.832607+00:00,134,1,9.45,Netflix,Los Gatos,CA,4899,Chip Transaction,0
be756857-c05e-4157-bff9-939942de7b19,2026-08-06T01:57:27.832607+00:00,37,4,13.59,Uber,San Francisco,CA,4121,Swipe Transaction,0
bd1f1a24-5190-43d0-8b8a-f00955404259,2026-07-09T09:49:27.832607+00:00,190,3,16.12,Whole Foods,Austin,TX,5411,Chip Transaction,0
5126cbb2-c5c7-4996-9dea-d0816d5c1edd,2026-08-16T14:36:27.832607+00:00,87,3,23.52,Uber,San Francisco,CA,4121,Chip Transaction,0
fc3eb7e8-421d-4c65-a1f8-de9a58797658,2026-07-04T13:00:27.832607+00:00,118,3,48.7,Costco,Issaquah,WA,5411,Chip Transaction,0
61006cc1-adb8-4b20-b811-d447a4926b1b,2026-07-06T22:08:27.832607+00:00,105,3,6.37,Delta Airlines,Atlanta,GA,4511,Swipe Transaction,0
74a5bc32-7559-4143-9755-5d0684ff3329,2026-07-26T14:33:27.832607+00:00,189,2,111.04,Uber,San Francisco,CA,4121,Online Transaction,0
fff6b919-c654-406c-8959-a621c8c909e0,2026-06-19T00:08:27.832607+00:00,182,2,51.8,Target,Minneapolis,MN,5411,Swipe Transaction,0
a387746b-6689-4b9b-81e6-976a0cd3c474,2026-06-26T17:32:27.832607+00:00,148,0,27.48,McDonald's,Chicago,IL,5814,Swipe Transaction,0
80efdeb3-b929-4a31-9017-32b878428f17,2026-06-25T21:26:27.832607+00:00,240,4,17.09,CVS Pharmacy,Woonsocket,RI,5912,Chip Transaction,0
41f2c804-defb-4b43-b5a4-41e8985cc503,2026-07-31T10:30:27.832607+00:00,228,4,44.11,Shell,Houston,TX,5541,Swipe Transaction,0
5f3248a5-68d8-46c5-9db2-9826d1475724,2026-07-07T08:43:27.832607+00:00,221,0,32.32,Home Depot,Atlanta,GA,5200,Chip Transaction,0
a27bcc96-abf7-4cb2-8bbe-ee145d89ac16,2026-07-16T20:31:27.832607+00:00,24,0,5.17,Netflix,Los Gatos,CA,4899,Chip Transaction,0
9e6ef049-6745-469c-a7f4-4c1dcb642319,2026-08-07T18:10:27.832607+00:00,79,3,11.73,Shell,Houston,TX,5541,Chip Transaction,0
148f195c-6555-4b07-b108-e49979c35192,2026-08-01T09:33:27.832607+00:00,26,2,4.41,Uber,San Francisco,CA,4121,Chip Transaction,0
4d0c8526-1973-41da-82b3-5c17e252580b,2026-08-03T19:57:27.832607+00:00,131,4,9.05,Uber,San Francisco,CA,4121,Chip Transaction,0
b4f83b91-490c-495e-ab6e-ed424a486923,2026-07-12T18:00:27.832607+00:00,124,0,6.91,Shell,Houston,TX,5541,Chip Transaction,0
2178a9a8-cebf-403c-ad11-3a183610e716,2026-07-10T16:58:27.832607+00:00,173,0,55.47,Whole Foods,Austin,TX,5411,Online Transaction,0
93235384-33c1-4a18-83f6-53ef42d79876,2026-07-25T09:04:27.832607+00:00,22,4,46.21,McDonald's,Chicago,IL,5814,Chip Transaction,0
fc7f9dc6-2135-4a1e-b138-38ccbd1d3152,2026-07-29T06:42:27.832607+00:00,234,4,62.9,Target,Minneapolis,MN,5411,Chip Transaction,0
9c86ebb7-48e1-4a8f-a4f1-1738bc41ebc2,2026-07-06T16:19:27.832607+00:00,249,1,17.82,Costco,Issaquah,WA,5411,Chip Transaction,0
b5a2dad9-3fc8-45c5-83f1-9c4019b1c22d,2026-08-16T17:58:27.832607+00:00,98,2,22.91,Whole Foods,Austin,TX,5411,Online Transaction,0
f6cd9153-135b-498c-8616-495635eb8fd1,2026-06-20T06:05:27.832607+00:00,145,0,24.95,Costco,Issaquah,WA,5411,Swipe Transaction,0
2f34f268-a843-439c-a016-ce928a6eeb03,2026-07-20T10:24:27.832607+00:00,72,3,12.47,Delta Airlines,Atlanta,GA,4511,Swipe Transaction,0
e81051bd-7a51-4471-96ba-4b7c9041f490,2026-07-28T14:33:27.832607+00:00,67,3,10.15,CVS Pharmacy,Woonsocket,RI,5912,Chip Transaction,0
8c13c526-a1a0-4245-8066-9e34b85d8114,2026-07-22T22:45:27.832607+00:00,5,1,15.6,Uber,San Francisco,CA,4121,Swipe Transaction,0
31839a68-cebe-4df4-858c-e17fef0d9884,2026-06-18T22:59:27.832607+00:00,106,4,16.98,Best Buy,Richfield,MN,5732,Swipe Transaction,0
07c4125a-aeff-4093-aa9c-44c0d7a9e5f8,2026-07-03T06:58:27.832607+00:00,209,3,40.7,Home Depot,Atlanta,GA,5200,Online Transaction,0
4def2a68-fb33-4de0-8797-509282d632cc,2026-08-05T13:33:27.832607+00:00,215,0,15.2,Costco,Issaquah,WA,5411,Chip Transaction,0
7c6e4082-a8a5-4a59-a59e-5f0dde308501,2026-08-05T10:36:27.832607+00:00,182,2,116.05,Whole Foods,Austin,TX,5411,Swipe Transaction,0
5eba8ea0-3b39-4852-bacf-166d2d83f51c,2026-07-30T08:48:27.832607+00:00,127,2,67.31,Best Buy,Richfield,MN,5732,Chip Transaction,0
934d197e-7079-491a-9f16-a2477b561aad,2026-08-13T10:47:27.832607+00:00,211,3,54.58,Whole Foods,Austin,TX,5411,Chip Transaction,0
7c1f2900-78fb-4090-9c00-10fed64959bc,2026-08-06T16:48:27.832607+00:00,190,4,24.55,Best Buy,Richfield,MN,5732,Chip Transaction,0
35354a4b-bd33-4127-8606-1b22a2a450cc,2026-06-22T21:57:27.832607+00:00,239,4,41.92,Walmart,Bentonville,AR,5411,Chip Transaction,0
77d7c19a-d49c-4e63-8c11-120e3f9f490e,2026-07-27T01:10:27.832607+00:00,249,4,42.07,Delta Airlines,Atlanta,GA,4511,Swipe Transaction,0
fe6e9a04-4ad1-47c6-a25e-4ccaf0585165,2026-06-21T20:51:27.832607+00:00,219,2,17.39,Home Depot,Atlanta,GA,5200,Swipe Transaction,0
5d5f4c3f-e30e-49e9-ba6f-d8091227423e,2026-07-08T10:15:27.832607+00:00,93,4,8.24,Netflix,Los Gatos,CA,4899,Chip Transaction,0
a7742b65-ad1a-4b59-9844-24882f37f3d0,2026-08-12T20:12:27.832607+00:00,86,0,26.4,Starbucks,Seattle,WA,5814,Chip Transaction,0
a0d2cf76-1916-46ef-8471-c2fb8ec5f64c,2026-06-25T18:00:27.832607+00:00,235,1,6.27,Delta Airlines,Atlanta,GA,4511,Online Transaction,0
7c5175c9-6a29-4461-9ad3-6468226a55ee,2026-07-29T21:04:27.832607+00:00,205,2,6.8,Shell,Houston,TX,5541,Chip Transaction,0
f04d7d3d-cbed-4d1e-899d-486fcb8fed4e,2026-07-25T00:08:27.832607+00:00,86,4,13.29,Apple Store,Cupertino,CA,5732,Chip Transaction,0
98e54b6b-3162-49c9-b52f-379239e0d777,2026-07-26T05:59:27.832607+00:00,115,4,32.29,CVS Pharmacy,Woonsocket,RI,5912,Chip Transaction,0
47b8267c-7fca-4132-8651-377ba788bb4f,2026-08-05T10:28:27.832607+00:00,178,0,68.95,Amazon,Seattle,WA,5942,Online Transaction,0
02e55b50-43d1-44e1-91fe-7244dbe0e573,2026-08-05T04:33:27.832607+00:00,17,0,21.58,CVS Pharmacy,Woonsocket,RI,5912,Swipe Transaction,0
90e7fe56-883b-4949-a69b-78f6376682e9,2026-08-11T17:17:27.832607+00:00,106,1,60.52,Shell,Houston,TX,5541,Swipe Transaction,0
94153332-49d7-4872-b572-f63caa7e54b3,2026-06-23T05:22:27.832607+00:00,226,4,7.2,Best Buy,Richfield,MN,5732,Swipe Transaction,0
ee83b5cc-a5f0-4d77-84b3-8ff1c7266c48,2026-06-21T10:26:27.832607+00:00,27,0,22.08,McDonald's,Chicago,IL,5814,Chip Transaction,0
a1adfcc7-9991-404a-a264-91e17f5a0429,2026-06-23T14:59:27.832607+00:00,164,4,42.7,Best Buy,Richfield,MN,5732,Swipe Transaction,0
23077951-1a73-472c-b925-80d58754c18b,2026-07-24T11:18:27.832607+00:00,205,0,45.81,Apple Store,Cupertino,CA,5732,Chip Transaction,0
c7fc0c67-e566-442f-ae8c-05046fb3ccee,2026-08-11T07:01:27.832607+00:00,80,4,2.1,Best Buy,Richfield,MN,5732,Swipe Transaction,0
07a22fdf-b70f-4f90-b0d4-11de6c7d56b6,2026-06-28T13:01:27.832607+00:00,249,0,21.79,Target,Minneapolis,MN,5411,Chip Transaction,0
8fe066d4-6870-419b-a6b6-70d89f0e29fc,2026-06-30T16:16:27.832607+00:00,144,0,11.95,McDonald's,Chicago,IL,5814,Online Transaction,0
4f8e7add-e590-4aae-9f58-6c50628c765b,2026-07-09T09:09:27.832607+00:00,49,3,32.19,Starbucks,Seattle,WA,5814,Chip Transaction,0
224e4adc-7cda-4358-a9fc-60502fe9ffcf,2026-07-05T06:06:27.832607+00:00,77,3,85.85,Uber,San Francisco,CA,4121,Chip Transaction,0
48529a2d-395e-4a67-bb95-ef490b7bd5db,2026-07-17T21:17:27.832607+00:00,178,1,22.68,Apple Store,Cupertino,CA,5732,Swipe Transaction,0
8385fb02-2255-41fe-a650-76bdf52aeb97,2026-07-05T08:00:27.832607+00:00,207,3,21.58,Starbucks,Seattle,WA,5814,Online Transaction,0
9a8b04c8-bf91-4c3f-9487-03ab226f9861,2026-07-29T02:38:27.832607+00:00,8,4,80.4,Costco,Issaquah,WA,5411,Chip Transaction,0
ba54ae40-f725-4520-9346-9eecceb9ac75,2026-08-06T07:31:27.832607+00:00,12,0,7.86,Apple Store,Cupertino,CA,5732,Swipe Transaction,0
3d29cf7a-6490-471d-b6f7-d82408fdc962,2026-07-29T16:10:27.832607+00:00,217,4,13.63,Target,Minneapolis,MN,5411,Chip Transaction,0
1d97264c-eed2-4768-9b75-f563398c4f21,2026-07-25T09:50:27.832607+00:00,213,1,12.46,Amazon,Seattle,WA,5942,Chip Transaction,0
7f875c6c-c554-47a3-a842-6f26f903e3ef,2026-07-13T07:23:27.832607+00:00,170,1,16.51,Whole Foods,Austin,TX,5411,Online Transaction,0
a67b1475-172c-4a9b-b827-76d90d43d9bf,2026-06-29T20:04:27.832607+00:00,154,3,11.41,Best Buy,Richfield,MN,5732,Chip Transaction,0
7803cd2d-117e-43cc-8095-0abd74efd95b,2026-06-19T21:29:27.832607+00:00,76,1,65.65,Amazon,Seattle,WA,5942,Online Transaction,0
71f09143-4235-4c85-a5e2-8eb52ab0788b,2026-07-17T23:20:27.832607+00:00,121,4,52.11,McDonald's,Chicago,IL,5814,Chip Transaction,0
8b5802a0-6bba-4897-a196-6199a42edb05,2026-08-10T21:26:27.832607+00:00,128,4,73.2,Netflix,Los Gatos,CA,4899,Chip Transaction,0
35737e12-c09f-4793-ab28-915ed9e41218,2026-07-05T12:57:27.832607+00:00,127,3,12.97,Delta Airlines,Atlanta,GA,4511,Swipe Transaction,0
300588b9-179f-4ef5-9e71-457d807e80c6,2026-07-23T08:58:27.832607+00:00,57,1,117.11,McDonald's,Chicago,IL,5814,Chip Transaction,0
8e5a9cdb-356f-4d28-aa4b-8e10a3bb6bbe,2026-07-06T15:34:27.832607+00:00,41,2,11.52,Netflix,Los Gatos,CA,4899,Chip Transaction,0
cbd5c6b2-b827-410f-8023-706c9f3536d4,2026-07-24T15:08:27.832607+00:00,59,4,42.57,Target,Minneapolis,MN,5411,Chip Transaction,0
8a7d1315-dbad-4236-b9aa-35662decb459,2026-08-13T01:17:27.832607+00:00,95,3,15.48,Best Buy,Richfield,MN,5732,Chip Transaction,0
bb67d367-4efe-47f6-b23f-112ecc5834a3,2026-07-18T22:37:27.832607+00:00,92,0,12.86,Amazon,Seattle,WA,5942,Swipe Transaction,0
1cdf477a-a0ef-42d7-acc9-9f6e44ae6440,2026-07-20T23:46:27.832607+00:00,59,0,26.53,Home Depot,Atlanta,GA,5200,Chip Transaction,0
5e4e7d9c-9508-4114-bf98-76753e121de8,2026-08-06T00:06:27.832607+00:00,65,2,27.29,Amazon,Seattle,WA,5942,Swipe Transaction,0
ad209a1d-06d2-415f-97e5-fc2d61476d84,2026-07-22T19:35:27.832607+00:00,3,2,109.7,Best Buy,Richfield,MN,5732,Online Transaction,0
76ac164b-e53e-43b3-adc1-66efdc4a4784,2026-07-22T03:27:27.832607+00:00,168,4,190.92,CVS Pharmacy,Woonsocket,RI,5912,Chip Transaction,0
5b1b0c75-8962-4f3f-9e52-b0c5b39755fb,2026-08-03T05:03:27.832607+00:00,133,4,4.57,Starbucks,Seattle,WA,5814,Chip Transaction,0
d1e008eb-b277-4fff-adc3-aa0c4ca3d64f,2026-06-27T11:57:27.832607+00:00,217,1,51.22,Delta Airlines,Atlanta,GA,4511,Chip Transaction,0
b265a2d9-bd46-41ca-a8c2-6153ff31abd0,2026-07-08T18:27:27.832607+00:00,8,2,19.56,Delta Airlines,Atlanta,GA,4511,Online Transaction,0
01594cdd-dc39-4731-9b8e-3cb61237d3b4,2026-08-04T03:37:27.832607+00:00,169,2,7.81,Target,Minneapolis,MN,5411,Chip Transaction,0
0ed989f1-0722-4be1-aedd-3a18b9bf8140,2026-07-16T20:48:27.832607+00:00,138,2,39.67,Netflix,Los Gatos,CA,4899,Swipe Transaction,0
03820ead-68ce-4df3-8799-3f3ed8d06060,2026-07-18T02:50:27.832607+00:00,156,4,12.08,Best Buy,Richfield,MN,5732,Swipe Transaction,0
d2b02ae7-6be6-45d8-ac4a-c80feac0839d,2026-07-12T05:15:27.832607+00:00,247,3,17.57,Starbucks,Seattle,WA,5814,Chip Transaction,0
4a60c611-1bce-46c6-98db-0e23b4ff3355,2026-06-19T15:14:27.832607+00:00,212,4,5.15,Walmart,Bentonville,AR,5411,Chip Transaction,0
5f4ad851-dde6-4d76-a1f9-c9fc51603b19,2026-07-03T07:46:27.832607+00:00,18,3,372.31,QuickCash ATM,Unknown,NV,6011,Online Transaction,1
e24a2861-86c1-4458-997b-3561ab86c972,2026-08-11T13:39:27.832607+00:00,138,3,20.84,Amazon,Seattle,WA,5942,Chip Transaction,0
bcf7ad83-7f47-4418-90ca-b034f8b613ae,2026-07-04T06:24:27.832607+00:00,182,3,11.95,Netflix,Los Gatos,CA,4899,Chip Transaction,0
2d2dc739-4239-4b67-a8b3-dd4486fec535,2026-08-02T08:18:27.832607+00:00,71,1,32.19,Shell,Houston,TX,5541,Swipe Transaction,0
5d67d324-9fbe-4817-be72-dea009c222b3,2026-08-16T02:54:27.832607+00:00,135,2,8.0,Apple Store,Cupertino,CA,5732,Online Transaction,0
7038bfd9-54c5-4b31-be62-a712955ed733,2026-06-25T23:40:27.832607+00:00,166,3,23.11,Apple Store,Cupertino,CA,5732,Chip Transaction,0
b103c368-5fd0-4170-bf04-e8b281252335,2026-07-16T05:36:27.832607+00:00,218,1,51.48,Delta Airlines,Atlanta,GA,4511,Online Transaction,0
b9baf4cc-8fab-469a-83aa-0516a40f3e50,2026-07-10T00:28:27.832607+00:00,169,1,33.79,Whole Foods,Austin,TX,5411,Chip Transaction,0
62f8dc1c-abdc-4791-b87c-70bc92db963e,2026-06-26T01:00:27.832607+00:00,71,4,60.65,Delta Airlines,Atlanta,GA,4511,Online Transaction,0
532c3c9a-89b7-4be3-8411-5ed49cdafefc,2026-07-21T05:31:27.832607+00:00,127,3,73.81,Walmart,Bentonville,AR,5411,Chip Transaction,0
f3d8fdf2-cc8f-4692-aaa7-63fc2daff6ef,2026-06-27T11:30:27.832607+00:00,65,1,45.18,Uber,San Francisco,CA,4121,Chip Transaction,0
7a06e894-51dd-42ed-9b15-a65c6f02a1f4,2026-07-01T17:39:27.832607+00:00,220,1,45.74,Amazon,Seattle,WA,5942,Swipe Transaction,0
23b44764-4ae9-4e4e-aef5-b7da2af867f2,2026-07-11T16:37:27.832607+00:00,18,0,8.48,Shell,Houston,TX,5541,Chip Transaction,0
0ef9481a-4815-4dab-b21c-daa4f41310d6,2026-06-27T21:06:27.832607+00:00,101,1,10.24,Delta Airlines,Atlanta,GA,4511,Chip Transaction,0
7de9047c-c913-4c6e-87e1-03abe9e926c6,2026-08-09T17:40:27.832607+00:00,56,0,33.9,Amazon,Seattle,WA,5942,Chip Transaction,0
79132623-9156-4a59-ad7b-404a186bd53c,2026-06-29T08:20:27.832607+00:00,27,3,27.24,Delta Airlines,Atlanta,GA,4511,Swipe Transaction,0
b8c4d08d-a2f1-4d0e-bb6e-3dcb330279a4,2026-07-19T17:37:27.832607+00:00,108,0,19.03,Best Buy,Richfield,MN,5732,Chip Transaction,0
671419d2-2a94-4fb5-b1e6-c981eddeb453,2026-08-15T11:21:27.832607+00:00,25,1,33.0,Starbucks,Seattle,WA,5814,Online Transaction,0
8760f4af-d580-4bcc-b8fe-9316afb5f616,2026-08-01T14:14:27.832607+00:00,49,4,9.97,Home Depot,Atlanta,GA,5200,Swipe Transaction,0
13863918-bf91-4181-9926-9517a9d61dd8,2026-07-28T22:42:27.832607+00:00,103,2,12.34,Netflix,Los Gatos,CA,4899,Chip Transaction,0
89414da4-4a4f-431d-8518-37d4fd17f036,2026-08-15T16:59:27.832607+00:00,160,2,6.93,Apple Store,Cupertino,CA,5732,Chip Transaction,0
a22ef0e0-f5da-4c45-915b-5c243d19fbc9,2026-08-12T19:10:27.832607+00:00,27,4,13.59,Starbucks,Seattle,WA,5814,Chip Transaction,0
a9f5cd35-f4c3-4f19-aa13-2c7f77119e66,2026-06-25T23:43:27.832607+00:00,178,1,62.87,Walmart,Bentonville,AR,5411,Online Transaction,0
0f56cf10-9595-4347-bdcd-289906eb0366,2026-07-17T13:47:27.832607+00:00,124,0,58.51,CVS Pharmacy,Woonsocket,RI,5912,Online Transaction,0
f3761bff-6369-43ca-90c3-83004234df4a,2026-07-17T07:07:27.832607+00:00,129,4,536.42,AnonymousGiftCards,Panama City,FOREIGN,5947,Online Transaction,1
1225991d-2613-45d1-a833-7ebda11e24e6,2026-08-15T14:07:27.832607+00:00,110,1,38.72,Best Buy,Richfield,MN,5732,Chip Transaction,0
84cd9ae7-287a-4c5d-bc87-164bf7160821,2026-06-21T09:16:27.832607+00:00,53,0,18.63,Target,Minneapolis,MN,5411,Chip Transaction,0
4099aa70-4f0d-4297-a39a-cfb0d51cf1ac,2026-07-26T03:06:27.832607+00:00,35,2,95.2,Best Buy,Richfield,MN,5732,Online Transaction,0
5cbab56f-72eb-497b-973b-7241c991685d,2026-07-18T21:29:27.832607+00:00,59,2,12.16,CVS Pharmacy,Woonsocket,RI,5912,Swipe Transaction,0
eca6d151-95b2-417a-92df-a78e057e4c99,2026-07-16T14:27:27.832607+00:00,134,2,36.22,Home Depot,Atlanta,GA,5200,Online Transaction,0
2248c45f-5526-462f-a029-490676af8cea,2026-07-31T02:12:27.832607+00:00,14,1,6.54,Amazon,Seattle,WA,5942,Online Transaction,0
30fdadf3-de67-4024-b2a8-da0dc1298b2c,2026-07-29T05:02:27.832607+00:00,61,4,57.25,Target,Minneapolis,MN,5411,Online Transaction,0
5d8ee114-0320-421a-ab95-befdc049ec20,2026-08-09T16:24:27.832607+00:00,46,4,8.62,Apple Store,Cupertino,CA,5732,Chip Transaction,0
1afa15a5-3dda-484b-9979-dc0d68d24749,2026-07-25T03:17:27.832607+00:00,201,3,19.7,Best Buy,Richfield,MN,5732,Chip Transaction,0
dc8c131e-d5d2-4e02-a09d-431971925420,2026-08-09T12:22:27.832607+00:00,130,4,20.31,Uber,San Francisco,CA,4121,Chip Transaction,0
180e724e-3ba8-481e-939a-133a0f406ef8,2026-07-08T08:19:27.832607+00:00,110,0,94.87,Costco,Issaquah,WA,5411,Swipe Transaction,0
fa3bef6a-43a3-419a-a157-8b049c57af08,2026-07-20T11:18:27.832607+00:00,79,3,27.09,Target,Minneapolis,MN,5411,Chip Transaction,0
25738616-5203-4dd7-8025-25f484104866,2026-07-22T00:27:27.832607+00:00,51,1,23.47,Best Buy,Richfield,MN,5732,Swipe Transaction,0
fec7b1e4-1c28-4d96-8704-6cfc2e4daaab,2026-07-30T12:55:27.832607+00:00,107,3,1419.26,AnonymousGiftCards,Panama City,FOREIGN,5947,Online Transaction,1
e638c338-b708-44f7-bfd8-60338f743337,2026-07-13T20:01:27.832607+00:00,10,0,41.64,Shell,Houston,TX,5541,Chip Transaction,0
aed33603-0ecd-4289-b7ad-01bffc372657,2026-07-12T18:30:27.832607+00:00,234,2,10.62,Target,Minneapolis,MN,5411,Chip Transaction,0
e8a213cd-c563-4cc5-9238-07eb3ea4375e,2026-07-01T09:54:27.832607+00:00,238,3,63.99,McDonald's,Chicago,IL,5814,Swipe Transaction,0
7800ae75-d007-4252-95d5-687986189b49,2026-07-25T08:02:27.832607+00:00,8,1,67.97,Amazon,Seattle,WA,5942,Swipe Transaction,0
dcc68952-aade-45d3-a98e-c92a26dc02d1,2026-07-24T00:16:27.832607+00:00,170,1,11.9,McDonald's,Chicago,IL,5814,Swipe Transaction,0
7f9a4828-1519-4c2b-972e-00c4329effbb,2026-08-15T16:12:27.832607+00:00,151,0,358.64,Walmart,Bentonville,AR,5411,Chip Transaction,0
1c068944-169a-4c32-a641-ad5f03a78bd2,2026-06-30T14:24:27.832607+00:00,78,4,12.2,Whole Foods,Austin,TX,5411,Chip Transaction,0
7327dc25-dfa9-4059-b34f-bf0e5c92ea67,2026-06-29T06:22:27.832607+00:00,237,0,40.43,Netflix,Los Gatos,CA,4899,Swipe Transaction,0
c5bc8955-ab28-4a4e-9ef2-6b00abbfb405,2026-08-06T20:27:27.832607+00:00,179,2,15.62,CVS Pharmacy,Woonsocket,RI,5912,Swipe Transaction,0
3bfee989-0537-441e-af1e-3adec862ba2d,2026-08-16T05:08:27.832607+00:00,107,4,24.19,Costco,Issaquah,WA,5411,Swipe Transaction,0
64811ede-89ea-450a-940b-5d9e0293d500,2026-07-09T20:33:27.832607+00:00,35,1,21.55,Delta Airlines,Atlanta,GA,4511,Chip Transaction,0
7d1a593d-a098-499c-8434-0899bb802325,2026-07-03T12:27:27.832607+00:00,16,1,16.27,Walmart,Bentonville,AR,5411,Chip Transaction,0
c1e96785-f9b1-4651-89ee-d1e9f4833cb5,2026-07-30T07:59:27.832607+00:00,28,1,68.44,Whole Foods,Austin,TX,5411,Online Transaction,0
b50fe2cd-ee42-4873-91fa-e438a61fc24d,2026-08-09T12:49:27.832607+00:00,69,0,22.3,Netflix,Los Gatos,CA,4899,Chip Transaction,0
4be2b485-02ea-48a2-9a4c-21997c7aca79,2026-06-24T18:47:27.832607+00:00,155,4,6.66,Amazon,Seattle,WA,5942,Chip Transaction,0
422d1d61-8f7e-43ce-8c1f-c4fef9f86d67,2026-07-23T14:26:27.832607+00:00,175,2,66.86,Apple Store,Cupertino,CA,5732,Chip Transaction,0
75a7d30b-b57c-4ad5-9da6-28e149181108,2026-07-19T02:32:27.832607+00:00,92,2,36.97,Uber,San Francisco,CA,4121,Chip Transaction,0
fdb72ae8-1257-4450-a44a-fdc209af7889,2026-08-07T16:19:27.832607+00:00,72,1,102.77,OnlineElectronics,Shenzhen,FOREIGN,5732,Online Transaction,1
1b73797b-a35e-400c-b249-db1c3cde18d2,2026-07-14T06:19:27.832607+00:00,49,0,39.15,McDonald's,Chicago,IL,5814,Chip Transaction,0
b1217dde-812a-4261-8868-9ecabfea98cd,2026-06-19T17:16:27.832607+00:00,249,2,11.59,Costco,Issaquah,WA,5411,Online Transaction,0
7706d8de-96e6-4a40-8d51-acc4440315b5,2026-07-07T08:33:27.832607+00:00,110,3,16.48,Apple Store,Cupertino,CA,5732,Chip Transaction,0
9ee19735-583e-413b-8c13-613ebfa9666c,2026-06-17T21:00:27.832607+00:00,183,1,9.0,Whole Foods,Austin,TX,5411,Swipe Transaction,0
0e6d4703-e45a-4174-a4d9-124e014e3b18,2026-06-30T11:05:27.832607+00:00,204,0,74.6,CVS Pharmacy,Woonsocket,RI,5912,Chip Transaction,0
de87e260-d886-4567-92c5-e665ff9985a3,2026-07-20T08:51:27.832607+00:00,245,0,100.57,Home Depot,Atlanta,GA,5200,Online Transaction,0
e46fc15a-8ef7-4a5b-b0da-3dd78a97e2a3,2026-07-03T21:51:27.832607+00:00,180,0,15.22,Starbucks,Seattle,WA,5814,Online Transaction,0
f942c1ff-6d0a-433e-9503-9ff344007ae5,2026-08-07T04:45:27.832607+00:00,185,2,15.89,Delta Airlines,Atlanta,GA,4511,Chip Transaction,0
e9236635-2af7-4897-9fcc-73aca23f5167,2026-07-04T10:40:27.832607+00:00,186,3,12.51,McDonald's,Chicago,IL,5814,Chip Transaction,0
98be3c7a-498a-457c-af8b-65f45888fbe3,2026-08-08T13:35:27.832607+00:00,97,3,68.7,Uber,San Francisco,CA,4121,Swipe Transaction,0
039290a1-c48b-4ea4-9376-7e16515f8699,2026-06-18T06:39:27.832607+00:00,67,0,88.11,Home Depot,Atlanta,GA,5200,Chip Transaction,0
3f79a82d-ff91-4416-b30c-53aa0046cf84,2026-07-21T07:31:27.832607+00:00,242,0,13.4,Walmart,Bentonville,AR,5411,Chip Transaction,0
88127619-ff53-439a-9049-50c61759e295,2026-06-25T15:46:27.832607+00:00,80,0,15.41,Costco,Issaquah,WA,5411,Swipe Transaction,0
e916d890-1cfd-4efb-8165-49f3797a3d92,2026-06-24T02:09:27.832607+00:00,205,1,18.18,Costco,Issaquah,WA,5411,Swipe Transaction,0
08bb6504-12e4-4cb0-bbe3-4dff586af9a8,2026-06-30T11:45:27.832607+00:00,118,2,12.07,Best Buy,Richfield,MN,5732,Chip Transaction,0
2a5ffff9-fc48-48ff-b636-b266451d76d0,2026-08-03T15:03:27.832607+00:00,154,2,69.47,Shell,Houston,TX,5541,Chip Transaction,0
7a58d8a1-5856-4553-8635-1c8cb70cd247,2026-08-03T12:30:27.832607+00:00,80,4,117.46,Costco,Issaquah,WA,5411,Swipe Transaction,0
146311af-0301-4247-bf62-0d080f59a1b4,2026-08-05T13:27:27.832607+00:00,127,2,45.2,Costco,Issaquah,WA,5411,Online Transaction,0
122518ad-0b54-4121-b73f-071d364189d4,2026-07-13T12:14:27.832607+00:00,188,1,5.49,CVS Pharmacy,Woonsocket,RI,5912,Chip Transaction,0
8061d745-6187-441b-9dfc-3acb53df7c9e,2026-08-12T00:20:27.832607+00:00,209,1,9.33,CVS Pharmacy,Woonsocket,RI,5912,Chip Transaction,0
d5a3f937-2c70-42c6-816e-657762cef1a7,2026-08-14T20:03:27.832607+00:00,101,3,19.54,Uber,San Francisco,CA,4121,Chip Transaction,0
40f77e9e-7229-414c-908b-3f74c2fce62b,2026-08-10T06:15:27.832607+00:00,83,4,48.76,Shell,Houston,TX,5541,Chip Transaction,0
ee762162-65bc-4703-b6a1-cd1fa9a13d07,2026-08-11T20:55:27.832607+00:00,114,3,10.22,Delta Airlines,Atlanta,GA,4511,Swipe Transaction,0
f3680800-ab13-4ae1-8e90-b9986c0539fa,2026-07-21T07:17:27.832607+00:00,3,2,4.35,Starbucks,Seattle,WA,5814,Swipe Transaction,0
3f87bb0f-38de-4549-aedc-c7fd85f93e44,2026-06-25T09:34:27.832607+00:00,238,0,82.59,CVS Pharmacy,Woonsocket,RI,5912,Online Transaction,0
1aba2567-d070-4b8d-8973-599c9744dbad,2026-08-08T01:20:27.832607+00:00,62,3,34.09,Apple Store,Cupertino,CA,5732,Chip Transaction,0
776ab0a9-d604-4b6e-a66c-1b7c7e8272c2,2026-07-03T07:44:27.832607+00:00,169,0,13.14,Best Buy,Richfield,MN,5732,Swipe Transaction,0
8c5a1c09-5e57-42c2-9555-32cf43430954,2026-07-05T14:15:27.832607+00:00,3,0,14.95,McDonald's,Chicago,IL,5814,Chip Transaction,0
2c595081-0be4-4ac5-bd16-891e25b7c7a5,2026-08-06T04:23:27.832607+00:00,151,4,266.56,Apple Store,Cupertino,CA,5732,Chip Transaction,0
604a932a-d04f-4e44-a0e3-ba3a0e33d395,2026-06-25T16:14:27.832607+00:00,124,3,154.79,Delta Airlines,Atlanta,GA,4511,Chip Transaction,0
51a8edc3-5e57-4a61-9021-98e0927daa17,2026-07-20T15:22:27.832607+00:00,138,1,9.56,Walmart,Bentonville,AR,5411,Online Transaction,0
72b0d6d0-52ad-4fe8-a315-7624f153c100,2026-07-10T21:42:27.832607+00:00,136,3,9.99,Amazon,Seattle,WA,5942,Swipe Transaction,0
b79a8bf5-0ab0-4939-b113-bf5c6209c336,2026-08-10T23:30:27.832607+00:00,193,1,34.2,Best Buy,Richfield,MN,5732,Swipe Transaction,0
01edfa8b-bb6b-49d9-a63a-d4d2d9ecf575,2026-06-17T20:28:27.832607+00:00,115,2,153.52,Target,Minneapolis,MN,5411,Chip Transaction,0
0670c3c0-2b5b-4375-bf6c-78f326f49a1c,2026-08-05T14:22:27.832607+00:00,218,0,14.29,Best Buy,Richfield,MN,5732,Swipe Transaction,0
333fe6fc-14e1-4f3a-864b-a41e3750644c,2026-08-09T02:19:27.832607+00:00,243,4,33.95,Home Depot,Atlanta,GA,5200,Chip Transaction,0
e67f0d53-573e-4592-a188-c947e49d9d5c,2026-07-21T02:13:27.832607+00:00,234,2,8.24,Apple Store,Cupertino,CA,5732,Chip Transaction,0
b45b152b-b5cd-4e3b-b0a2-df8d3db7730f,2026-06-22T14:57:27.832607+00:00,10,1,57.98,Starbucks,Seattle,WA,5814,Chip Transaction,0
7e56ae6b-a2ea-4bf8-b6c8-923100c27217,2026-08-03T21:41:27.832607+00:00,152,2,14.76,Costco,Issaquah,WA,5411,Swipe Transaction,0
afac460c-2d97-4f53-b9ee-e13b7cf9a7e0,2026-07-22T13:11:27.832607+00:00,167,1,18.77,Best Buy,Richfield,MN,5732,Chip Transaction,0
da2a1c51-ad66-405f-976e-7f8fb589c9ce,2026-07-11T09:13:27.832607+00:00,69,1,12.28,Shell,Houston,TX,5541,Swipe Transaction,0
df30da22-388d-4f24-8927-1641a2f63fb1,2026-07-13T22:12:27.832607+00:00,40,2,85.85,McDonald's,Chicago,IL,5814,Chip Transaction,0
60c76846-f9c5-4754-8a32-2ea67e45d34c,2026-07-08T07:53:27.832607+00:00,176,4,14.38,Best Buy,Richfield,MN,5732,Chip Transaction,0
e63a5ef9-ed67-4ff7-be75-76354c0a8f41,2026-07-10T18:32:27.832607+00:00,71,0,40.57,McDonald's,Chicago,IL,5814,Swipe Transaction,0
0b769ecb-3f85-4d65-ac7f-a0f9ea341e85,2026-08-07T21:11:27.832607+00:00,45,4,19.9,Starbucks,Seattle,WA,5814,Online Transaction,0
ed9d3f08-ac65-4c7b-9914-09efc75239b6,2026-07-19T21:29:27.832607+00:00,222,2,23.71,CVS Pharmacy,Woonsocket,RI,5912,Swipe Transaction,0
27ac673a-3d92-4044-8cdd-9b284b3bf46f,2026-06-27T14:18:27.832607+00:00,100,1,51.33,Walmart,Bentonville,AR,5411,Online Transaction,0
dafcaf25-8c14-4963-8a53-c3bf02a4aebc,2026-07-16T09:07:27.832607+00:00,218,3,114.77,McDonald's,Chicago,IL,5814,Swipe Transaction,0
91642c4b-fe57-44a3-9dfc-2aae8c5b84da,2026-07-04T09:26:27.832607+00:00,189,2,13.35,Shell,Houston,TX,5541,Chip Transaction,0
742dc73a-bfaf-4db6-8108-6b2c14d9e377,2026-08-11T23:40:27.832607+00:00,47,3,9.12,McDonald's,Chicago,IL,5814,Swipe Transaction,0
88c196be-d9fa-4766-b2f0-cc70c067504a,2026-07-15T13:50:27.832607+00:00,59,2,27.47,Home Depot,Atlanta,GA,5200,Online Transaction,0
e4b31aa9-d070-45e7-ac47-829942c304ec,2026-06-19T22:36:27.832607+00:00,21,0,19.89,Shell,Houston,TX,5541,Chip Transaction,0
268b22a3-6a64-4f1a-9a36-f6e6a8bdbc71,2026-07-25T22:47:27.832607+00:00,238,3,27.86,Target,Minneapolis,MN,5411,Chip Transaction,0
b4d9b46d-be59-45e7-baf6-2c2f6a9df64a,2026-08-15T19:48:27.832607+00:00,174,4,8.02,Netflix,Los Gatos,CA,4899,Swipe Transaction,0
4c249684-64bf-4b13-95c5-00698db704e2,2026-08-05T10:46:27.832607+00:00,89,1,6.53,Best Buy,Richfield,MN,5732,Chip Transaction,0
94bff729-6cba-4d1d-af45-7df1714516c2,2026-06-29T17:29:27.832607+00:00,58,1,240.37,Amazon,Seattle,WA,5942,Chip Transaction,0
42b5cd94-a595-43f1-87ac-fa8a82b3078b,2026-08-09T23:03:27.832607+00:00,98,1,38.27,Target,Minneapolis,MN,5411,Chip Transaction,0
61e82579-8a33-4784-9c74-809e808f56bb,2026-07-13T19:42:27.832607+00:00,197,0,57.52,Uber,San Francisco,CA,4121,Chip Transaction,0
6b5a9056-32c2-430f-8306-e2b88b743cb1,2026-07-21T09:30:27.832607+00:00,238,4,34.26,Shell,Houston,TX,5541,Online Transaction,0
9eedfeab-5515-4cf0-bbbd-482c8b70c6a9,2026-08-13T13:46:27.832607+00:00,158,3,35.0,Whole Foods,Austin,TX,5411,Chip Transaction,0
1e193431-dcb4-4bab-be4c-2b6bc2cfe9ef,2026-07-17T21:26:27.832607+00:00,126,1,11.58,Walmart,Bentonville,AR,5411,Chip Transaction,0
c8b39504-ef07-4b00-8dde-e2774e8ecefe,2026-08-09T02:02:27.832607+00:00,40,2,13.33,Whole Foods,Austin,TX,5411,Chip Transaction,0
f082bfce-14b4-4331-a86b-e1fde64b9433,2026-07-27T05:15:27.832607+00:00,208,2,14.27,Uber,San Francisco,CA,4121,Chip Transaction,0
8ef90ee3-591a-4336-b483-8e3ac55441d7,2026-08-06T21:43:27.832607+00:00,112,0,45.84,McDonald's,Chicago,IL,5814,Chip Transaction,0
ee104b62-cb0c-474f-bc3f-f0628da00bf0,2026-07-15T02:24:27.832607+00:00,102,3,13.81,Delta Airlines,Atlanta,GA,4511,Chip Transaction,0
00cac862-0979-4b1c-9c9d-65ded19e33d0,2026-07-17T15:37:27.832607+00:00,175,1,7.75,Target,Minneapolis,MN,5411,Chip Transaction,0
f68643fc-72f1-42eb-8b3f-a07eb6541900,2026-07-18T05:26:27.832607+00:00,216,3,80.1,CVS Pharmacy,Woonsocket,RI,5912,Online Transaction,0
74c16221-a4e4-4d27-a4e6-9adcabafa1ff,2026-08-04T20:04:27.832607+00:00,4,1,41.15,Walmart,Bentonville,AR,5411,Chip Transaction,0
9109600d-d24c-46c3-914a-5edac6a5e38f,2026-08-12T01:29:27.832607+00:00,123,2,18.74,Uber,San Francisco,CA,4121,Chip Transaction,0
499c1427-4100-4380-b942-3506cf25121a,2026-07-22T02:38:27.832607+00:00,48,1,18.41,CVS Pharmacy,Woonsocket,RI,5912,Swipe Transaction,0
90605908-32b8-424f-9a28-a453c71dc9d7,2026-07-22T05:00:27.832607+00:00,110,1,7.24,Costco,Issaquah,WA,5411,Swipe Transaction,0
23b4c121-2a21-469c-ae7c-f15c7e38237e,2026-07-04T15:55:27.832607+00:00,162,1,30.31,CVS Pharmacy,Woonsocket,RI,5912,Online Transaction,0
3579b434-3cbd-4c72-a27b-af3d34f7c9e7,2026-07-26T22:04:27.832607+00:00,24,0,77.85,Netflix,Los Gatos,CA,4899,Swipe Transaction,0
296dba66-64f8-437d-9b2f-ffa365876e07,2026-07-13T04:16:27.832607+00:00,110,0,11.61,Shell,Houston,TX,5541,Chip Transaction,0
5d0a4a9f-e4b2-4d18-a4fb-2f465803fb1e,2026-07-20T02:26:27.832607+00:00,82,0,14.55,Uber,San Francisco,CA,4121,Chip Transaction,0
7417df40-601f-4ff4-bfcf-d9b1ea3984db,2026-07-31T06:07:27.832607+00:00,72,4,35.34,Amazon,Seattle,WA,5942,Chip Transaction,0
df3b915e-858c-41d9-8ea0-7b5e490fc91d,2026-08-07T15:02:27.832607+00:00,25,0,72.8,Shell,Houston,TX,5541,Chip Transaction,0
1290ad19-6e17-464c-9eb5-8bcc86a856a4,2026-06-27T13:48:27.832607+00:00,200,4,8.96,Target,Minneapolis,MN,5411,Chip Transaction,0
a85c5dfc-ee28-488d-8e78-38e3807a6856,2026-06-29T15:50:27.832607+00:00,228,0,32.91,Starbucks,Seattle,WA,5814,Chip Transaction,0
56028e81-16b4-49f7-819a-3101c2ce0feb,2026-08-04T22:07:27.832607+00:00,168,1,5.94,Best Buy,Richfield,MN,5732,Online Transaction,0
3b30932c-33d5-4297-b4a4-c27f08414e06,2026-07-30T05:42:27.832607+00:00,195,1,31.91,Whole Foods,Austin,TX,5411,Chip Transaction,0
67cfabad-5329-467a-a2cd-e58eb63ec229,2026-06-29T05:35:27.832607+00:00,229,4,9.14,Amazon,Seattle,WA,5942,Swipe Transaction,0
f5cd94bd-cba2-479b-b762-d061b3afbb30,2026-07-16T04:23:27.832607+00:00,124,3,30.79,Apple Store,Cupertino,CA,5732,Chip Transaction,0
b5ab0d25-995e-49ce-8f6c-bcf322a095fc,2026-06-30T02:59:27.832607+00:00,248,1,42.06,Home Depot,Atlanta,GA,5200,Chip Transaction,0
2db451cc-844f-4736-ac95-77f401ea2780,2026-07-21T10:24:27.832607+00:00,20,1,24.13,Best Buy,Richfield,MN,5732,Chip Transaction,0
c458d721-1b2b-47a3-89d6-1e6235324158,2026-07-07T22:53:27.832607+00:00,53,1,28.74,Netflix,Los Gatos,CA,4899,Swipe Transaction,0
7e6e1b50-1951-4d07-b62f-d5ecbabcb26f,2026-08-16T11:18:27.832607+00:00,132,3,28.32,Starbucks,Seattle,WA,5814,Online Transaction,0
a5345974-554a-4fc5-b5a8-3d0b7357386a,2026-07-01T22:33:27.832607+00:00,58,0,15.96,Home Depot,Atlanta,GA,5200,Chip Transaction,0
7bf7b205-85f0-4a13-83aa-54ab3741783d,2026-06-29T05:34:27.832607+00:00,14,1,16.51,Amazon,Seattle,WA,5942,Online Transaction,0
c177328b-6a6d-4546-a2ca-368a4ce88a2c,2026-07-28T16:28:27.832607+00:00,84,0,45.82,Amazon,Seattle,WA,5942,Online Transaction,0
5580bc20-9a47-4590-bd95-56407e135fbd,2026-06-27T19:15:27.832607+00:00,15,0,17.04,Target,Minneapolis,MN,5411,Chip Transaction,0
3e962e7f-8038-4401-ba36-0bcf19ef21be,2026-07-15T10:36:27.832607+00:00,200,4,371.73,Shell,Houston,TX,5541,Swipe Transaction,0
dddcd2ea-c052-45d1-9fd1-0f107afb137b,2026-08-07T02:38:27.832607+00:00,163,4,14.49,Delta Airlines,Atlanta,GA,4511,Online Transaction,0
cb1fe21a-51f4-417a-9df6-cce330b30068,2026-06-27T15:45:27.832607+00:00,207,3,13.6,Apple Store,Cupertino,CA,5732,Swipe Transaction,0
9d412a6c-0d1e-486b-ad3f-32604a563eaa,2026-08-02T15:09:27.832607+00:00,24,3,42.66,Delta Airlines,Atlanta,GA,4511,Online Transaction,0
ebfce19e-9187-4203-bed0-51c489d785b7,2026-07-31T06:38:27.832607+00:00,187,1,48.9,Costco,Issaquah,WA,5411,Chip Transaction,0
befb6b6a-907c-449c-bce7-d2ac660c1fe5,2026-06-18T20:32:27.832607+00:00,156,1,13.03,Shell,Houston,TX,5541,Chip Transaction,0
c3d4b283-a6ba-443d-835a-cc7dd6d709b2,2026-08-10T11:26:27.832607+00:00,155,0,28.54,Netflix,Los Gatos,CA,4899,Online Transaction,0
403a0489-eec1-4306-a6b5-6334f6c4bfdb,2026-07-13T09:41:27.832607+00:00,12,1,206.74,Walmart,Bentonville,AR,5411,Swipe Transaction,0
b7c90661-ea73-4c50-a507-d674275623b6,2026-07-25T04:39:27.832607+00:00,248,0,5.58,Shell,Houston,TX,5541,Chip Transaction,0
d9044d2b-fee7-45a6-9de9-ee238feaffa9,2026-08-07T02:51:27.832607+00:00,123,4,10.45,Costco,Issaquah,WA,5411,Chip Transaction,0
c878f75c-4032-41d8-aef2-fd6b4e4df4b9,2026-07-07T08:31:27.832607+00:00,178,2,18.04,Shell,Houston,TX,5541,Chip Transaction,0
5da6b22f-1fb9-4915-af83-b865008ecea2,2026-06-20T16:24:27.832607+00:00,131,3,42.91,Amazon,Seattle,WA,5942,Chip Transaction,0
1a6cd9ae-6695-46a3-abbe-fbbfa16d3f95,2026-08-03T21:19:27.832607+00:00,168,2,120.24,QuickCash ATM,Unknown,NV,6011,Swipe Transaction,1
0472b579-44d6-4869-9b16-cf15a7122534,2026-07-27T05:42:27.832607+00:00,29,3,5.27,McDonald's,Chicago,IL,5814,Online Transaction,0
a5d23c99-a4b8-4353-8be7-134eecd9d975,2026-08-01T08:45:27.832607+00:00,237,0,13.83,Starbucks,Seattle,WA,5814,Chip Transaction,0
bc159652-5d14-4638-bbb7-ea09ec799154,2026-08-12T20:28:27.832607+00:00,109,1,20.79,Target,Minneapolis,MN,5411,Chip Transaction,0
0fc1302d-c4ce-4b9c-90d3-ccc8374c39ba,2026-07-20T08:23:27.832607+00:00,170,2,18.89,Shell,Houston,TX,5541,Online Transaction,0
4befbfa4-de4b-4b57-8fd1-84e6f6521ca8,2026-07-23T15:23:27.832607+00:00,39,1,217.91,Delta Airlines,Atlanta,GA,4511,Online Transaction,0
ede16a8d-e709-4703-a0be-ecc41986b3cd,2026-07-18T15:33:27.832607+00:00,18,0,120.73,Apple Store,Cupertino,CA,5732,Chip Transaction,0
9d701013-02a6-4a56-8a69-65d94f0c4d56,2026-06-25T04:50:27.832607+00:00,47,3,16.84,Delta Airlines,Atlanta,GA,4511,Online Transaction,0
32986aa2-3428-4865-b0d2-eee1ff20ad0d,2026-07-15T16:52:27.832607+00:00,163,2,8.47,Netflix,Los Gatos,CA,4899,Swipe Transaction,0
c9ba314e-54a5-42cf-bf73-c1654c5e125b,2026-08-04T05:13:27.832607+00:00,138,4,70.48,McDonald's,Chicago,IL,5814,Chip Transaction,0
2c6ff415-8b51-4c76-873f-3dd71cd1f7ea,2026-07-02T23:03:27.832607+00:00,135,4,15.57,Costco,Issaquah,WA,5411,Swipe Transaction,0
e3a39326-28e1-45c1-8dd9-f3876384b376,2026-07-27T20:01:27.832607+00:00,93,4,18.77,Starbucks,Seattle,WA,5814,Online Transaction,0
102a81d9-cf9f-4c74-a66b-4b992b303fbe,2026-07-04T15:51:27.832607+00:00,36,2,5.9,Whole Foods,Austin,TX,5411,Swipe Transaction,0
e6654cbf-6e33-46ff-9a57-6934612463e2,2026-07-05T21:25:27.832607+00:00,54,1,78.11,Costco,Issaquah,WA,5411,Chip Transaction,0
ae95562b-f063-443d-98d7-e2f025d3a4fe,2026-08-11T17:07:27.832607+00:00,96,0,20.2,Walmart,Bentonville,AR,5411,Online Transaction,0
966fe35c-9669-4015-8dca-c92d7a8b34c1,2026-08-07T03:35:27.832607+00:00,38,2,22.46,Walmart,Bentonville,AR,5411,Chip Transaction,0
e4312b44-c045-4ad1-8fea-4706a0b0729b,2026-08-03T22:32:27.832607+00:00,36,4,14.16,Walmart,Bentonville,AR,5411,Chip Transaction,0
477a429a-3a58-4b57-92c0-4c7b63802318,2026-07-20T12:52:27.832607+00:00,74,0,7.78,Delta Airlines,Atlanta,GA,4511,Swipe Transaction,0
5c20d9d9-b892-44cb-b530-0d83d2e3b104,2026-08-02T14:37:27.832607+00:00,175,3,24.66,McDonald's,Chicago,IL,5814,Online Transaction,0
8d8e423d-173c-4e7e-9832-b39d4704fbcc,2026-06-27T08:35:27.832607+00:00,109,1,89.94,Shell,Houston,TX,5541,Swipe Transaction,0
25aac69b-c5c6-4481-9b6b-57b1f4ed7fba,2026-07-23T01:21:27.832607+00:00,101,1,45.88,Home Depot,Atlanta,GA,5200,Chip Transaction,0
8d4707cc-ff1b-4293-b0e3-6414b0cd6668,2026-06-26T21:22:27.832607+00:00,165,3,61.53,Walmart,Bentonville,AR,5411,Chip Transaction,0
0e558529-0419-4402-84f4-d999c77876ef,2026-07-13T04:01:27.832607+00:00,27,0,17.38,CVS Pharmacy,Woonsocket,RI,5912,Chip Transaction,0
8fd6bbc9-7ad3-47d5-8eea-796c9ca6d981,2026-07-14T18:49:27.832607+00:00,28,0,17.57,Costco,Issaquah,WA,5411,Chip Transaction,0
f99b1bee-a302-483a-8ac6-5cd4ffc03e74,2026-07-28T12:14:27.832607+00:00,238,0,53.45,CVS Pharmacy,Woonsocket,RI,5912,Chip Transaction,0
0290405d-6ca2-4abd-a06e-d6f17e21660d,2026-07-25T22:08:27.832607+00:00,12,0,30.86,Best Buy,Richfield,MN,5732,Swipe Transaction,0
4e4e16f9-f573-48ff-b3c0-f115be02cf85,2026-07-19T03:57:27.832607+00:00,102,4,7.54,Shell,Houston,TX,5541,Chip Transaction,0
7b935d13-5bfa-4de3-a052-9c91c63cb268,2026-07-30T01:26:27.832607+00:00,190,4,34.7,Netflix,Los Gatos,CA,4899,Chip Transaction,0
7432bd00-3eee-4028-8d95-713daaafb2f8,2026-08-07T14:31:27.832607+00:00,151,0,6.63,CVS Pharmacy,Woonsocket,RI,5912,Chip Transaction,0
63d54083-9f1d-4d2d-8e7e-42b0eb1def47,2026-07-21T09:23:27.832607+00:00,184,1,14.94,McDonald's,Chicago,IL,5814,Chip Transaction,0
0b26eb2f-f33d-42da-8045-22b189dd0040,2026-07-28T04:04:27.832607+00:00,129,4,3.42,McDonald's,Chicago,IL,5814,Online Transaction,0
c8f9ec20-6761-4c3e-9585-41fb4bdfeae6,2026-06-22T09:21:27.832607+00:00,75,2,51.97,Whole Foods,Austin,TX,5411,Chip Transaction,0
872e5ac4-8425-4c65-8a3f-bb69c97717bb,2026-06-21T01:10:27.832607+00:00,156,0,35.56,Netflix,Los Gatos,CA,4899,Online Transaction,0
ab7245f2-b173-4a38-804f-80b0950be125,2026-08-02T22:14:27.832607+00:00,205,0,44.5,Apple Store,Cupertino,CA,5732,Online Transaction,0
788b6d70-a50a-4fe8-a8da-7da26164014f,2026-07-02T09:16:27.832607+00:00,148,2,11.89,Uber,San Francisco,CA,4121,Chip Transaction,0
a16d0273-28a9-4283-baaf-814cec930806,2026-07-15T15:13:27.832607+00:00,66,3,44.84,Target,Minneapolis,MN,5411,Online Transaction,0
ba91c621-2071-4414-91ea-ba44ed1a25d7,2026-06-18T14:34:27.832607+00:00,74,3,101.81,Walmart,Bentonville,AR,5411,Chip Transaction,0
32439079-4870-445b-a74b-5eb03c6f1aac,2026-07-10T13:37:27.832607+00:00,160,2,40.39,Whole Foods,Austin,TX,5411,Chip Transaction,0
9b9be7bf-86bf-43c0-b08f-5153be2c8082,2026-07-13T18:50:27.832607+00:00,175,0,24.84,Netflix,Los Gatos,CA,4899,Online Transaction,0
5d9cf906-bf5a-447d-a58d-6e441e54a737,2026-06-21T07:24:27.832607+00:00,3,1,40.16,Amazon,Seattle,WA,5942,Online Transaction,0
d041dd2b-9a69-43d8-8870-842cc5644e54,2026-08-07T05:08:27.832607+00:00,224,3,51.46,Target,Minneapolis,MN,5411,Chip Transaction,0
9c776bfc-1ed4-46ff-9983-e431f59aab05,2026-08-08T06:54:27.832607+00:00,22,1,222.01,Apple Store,Cupertino,CA,5732,Chip Transaction,0
ef2317fe-be91-4a31-a378-37117cec41f8,2026-08-06T22:28:27.832607+00:00,17,2,18.53,Whole Foods,Austin,TX,5411,Chip Transaction,0
8469dee5-018c-4954-a33b-f5dd99d8f557,2026-07-16T15:07:27.832607+00:00,117,0,4.42,Apple Store,Cupertino,CA,5732,Chip Transaction,0
dc556548-d969-4e3b-af70-808ae97dbdf6,2026-06-28T04:25:27.832607+00:00,154,3,12.23,Apple Store,Cupertino,CA,5732,Swipe Transaction,0
6de461b0-ddc5-44a6-9b6e-48aa9d9d4bc0,2026-08-11T02:51:27.832607+00:00,195,3,14.0,Uber,San Francisco,CA,4121,Chip Transaction,0
2010a0d3-0b4f-495d-844d-966edfdafaa4,2026-07-23T05:40:27.832607+00:00,224,3,19.91,Target,Minneapolis,MN,5411,Swipe Transaction,0
a5de21a0-bd28-401f-b4af-cf1be3fe4970,2026-06-30T00:46:27.832607+00:00,231,3,2.74,Whole Foods,Austin,TX,5411,Chip Transaction,0
202af19e-5fbd-4d05-b95e-3c2f1413ce0c,2026-07-16T16:00:27.832607+00:00,122,4,11.07,Shell,Houston,TX,5541,Chip Transaction,0
f3aa05bf-f67b-4f14-bc55-0d4f76bd952a,2026-08-02T04:08:27.832607+00:00,3,4,11.82,Netflix,Los Gatos,CA,4899,Chip Transaction,0
5342787e-a05a-4078-99ae-afb2cd7e5ff7,2026-06-23T10:43:27.832607+00:00,211,2,48.24,Delta Airlines,Atlanta,GA,4511,Chip Transaction,0
d16d48eb-5703-46ed-a44e-70c16aa1b15e,2026-08-15T12:10:27.832607+00:00,203,3,93.52,Apple Store,Cupertino,CA,5732,Chip Transaction,0
b4609ba2-fc34-428d-9e23-11a7cdefc7cf,2026-07-23T21:03:27.832607+00:00,149,0,110.87,Amazon,Seattle,WA,5942,Swipe Transaction,0
f2c2c36e-dbc5-46f3-b2cf-282edfde320c,2026-08-13T11:27:27.832607+00:00,97,1,18.7,Starbucks,Seattle,WA,5814,Chip Transaction,0
037abe3b-4ba4-43e5-b26e-a2387b334abc,2026-07-16T02:45:27.832607+00:00,167,3,25.14,Starbucks,Seattle,WA,5814,Swipe Transaction,0
768c2339-dd40-400a-bc57-5aa3ffaa839e,2026-07-10T02:39:27.832607+00:00,86,0,59.3,Uber,San Francisco,CA,4121,Online Transaction,0
ee6e8140-23d8-4aee-ac13-959eb54244b2,2026-07-31T19:05:27.832607+00:00,98,2,7.16,Uber,San Francisco,CA,4121,Chip Transaction,0
d43ad30d-2790-4584-b95f-c167f1a5bea3,2026-07-07T23:26:27.832607+00:00,23,0,293.71,Delta Airlines,Atlanta,GA,4511,Online Transaction,0
55d43f8a-e7bb-4b41-b420-fec1188cd3c3,2026-08-08T15:20:27.832607+00:00,163,3,68.43,Best Buy,Richfield,MN,5732,Chip Transaction,0
a6e09961-634d-4834-84c8-ddd678daf153,2026-07-01T23:33:27.832607+00:00,199,3,140.63,Amazon,Seattle,WA,5942,Chip Transaction,0
f18b34fa-bf40-4e36-9df5-a6edb0534fa0,2026-06-27T14:12:27.832607+00:00,233,3,8.02,Starbucks,Seattle,WA,5814,Chip Transaction,0
9dfe54b8-d59a-4106-9850-9a655c99f970,2026-08-16T02:33:27.832607+00:00,68,2,13.53,CVS Pharmacy,Woonsocket,RI,5912,Online Transaction,0
23cfec17-6b87-4afa-a9bd-0ff94db4c325,2026-07-10T01:12:27.832607+00:00,40,2,70.49,Amazon,Seattle,WA,5942,Chip Transaction,0
a377f809-e83e-4f99-ad09-e1b5731394db,2026-06-30T13:28:27.832607+00:00,111,1,17.47,Best Buy,Richfield,MN,5732,Swipe Transaction,0
697bc825-3e95-4820-b476-b626be778421,2026-06-27T05:08:27.832607+00:00,239,4,32.98,Starbucks,Seattle,WA,5814,Chip Transaction,0
eac23a96-27ba-4ef5-838d-13e8711e3202,2026-07-08T17:46:27.832607+00:00,82,4,13.17,McDonald's,Chicago,IL,5814,Chip Transaction,0
88c0a789-383d-4a41-9fdc-1229379749fb,2026-08-02T09:02:27.832607+00:00,148,3,35.56,Walmart,Bentonville,AR,5411,Chip Transaction,0
18a977b7-d505-4356-8b02-3c6c4e4d520a,2026-06-20T16:46:27.832607+00:00,24,0,120.58,Costco,Issaquah,WA,5411,Chip Transaction,0
25c23561-baab-43b8-9ba0-31d4a06f4b96,2026-07-07T23:36:27.832607+00:00,249,0,102.49,AnonymousGiftCards,Panama City,FOREIGN,5947,Online Transaction,1
3123dbda-99f5-450c-8f9a-ef8979d72d7e,2026-06-25T18:03:27.832607+00:00,168,1,62.39,Delta Airlines,Atlanta,GA,4511,Chip Transaction,0
a0dcf1af-8c2c-493e-82de-1af022a843f7,2026-07-20T18:31:27.832607+00:00,198,2,4.1,Costco,Issaquah,WA,5411,Swipe Transaction,0
5d714403-a16c-4861-8e79-8cc1b34fde04,2026-08-12T02:07:27.832607+00:00,47,0,12.44,Whole Foods,Austin,TX,5411,Chip Transaction,0
993bd908-1a4a-43db-aa62-92d55e94c031,2026-08-09T18:07:27.832607+00:00,204,0,54.85,Uber,San Francisco,CA,4121,Chip Transaction,0
6e8c21d1-96ce-47e8-b757-a8e92b213ddd,2026-07-10T03:19:27.832607+00:00,207,1,18.53,McDonald's,Chicago,IL,5814,Online Transaction,0
a3f2be64-155b-459e-a6a3-3977564945b9,2026-07-31T10:22:27.832607+00:00,9,0,7.79,Whole Foods,Austin,TX,5411,Swipe Transaction,0
4e55b5f1-5b7d-4678-9f60-26162a599999,2026-07-16T14:17:27.832607+00:00,138,0,15.93,Apple Store,Cupertino,CA,5732,Swipe Transaction,0
acdb4fc6-4366-43ec-86ec-ad57d2528b18,2026-06-30T15:35:27.832607+00:00,8,2,12.31,Target,Minneapolis,MN,5411,Online Transaction,0
05dec7f3-9143-4626-be0e-e0a217b6785d,2026-08-04T04:28:27.832607+00:00,52,0,34.42,Delta Airlines,Atlanta,GA,4511,Chip Transaction,0
e79b67ad-faf1-4b92-bb9a-d6780e96ddff,2026-07-16T01:44:27.832607+00:00,132,3,7.05,McDonald's,Chicago,IL,5814,Chip Transaction,0
c5e40429-93a7-48ba-9709-2bf4235dea7d,2026-07-30T05:25:27.832607+00:00,101,0,318.3,Starbucks,Seattle,WA,5814,Chip Transaction,0
9b339d00-b78c-4961-bbef-c14e122658e5,2026-06-24T16:10:27.832607+00:00,125,3,5.97,Best Buy,Richfield,MN,5732,Online Transaction,0
c790b7b5-3221-4a43-8e0c-268a90368bdd,2026-07-07T04:31:27.832607+00:00,99,3,14.62,Delta Airlines,Atlanta,GA,4511,Chip Transaction,0
c4b6ba67-a2e7-409c-acaa-fd05f01dabf4,2026-07-29T14:52:27.832607+00:00,65,4,12.1,Uber,San Francisco,CA,4121,Online Transaction,0
6786f753-7893-4be8-a703-a69d6f71c6d5,2026-07-10T11:55:27.832607+00:00,208,2,26.53,Costco,Issaquah,WA,5411,Chip Transaction,0
b0a919da-3922-42cf-8023-c1c864c17c39,2026-07-08T17:09:27.832607+00:00,38,2,14.86,Uber,San Francisco,CA,4121,Chip Transaction,0
e4808771-35ed-4394-bb5d-81d106c3dcc3,2026-08-05T15:59:27.832607+00:00,83,1,1173.41,CryptoExchange OU,Tallinn,FOREIGN,6051,Online Transaction,1
883e671a-dcf9-4015-9c72-8f50f2ca346e,2026-06-26T16:14:27.832607+00:00,72,4,34.21,Shell,Houston,TX,5541,Chip Transaction,0
b2e1300b-0aa7-4ef7-9736-24b8028644b6,2026-08-09T23:42:27.832607+00:00,82,1,14.95,McDonald's,Chicago,IL,5814,Chip Transaction,0
44c8e8eb-ed24-4ead-b9a3-cd5eaa9ae65b,2026-07-29T20:32:27.832607+00:00,32,3,19.81,Apple Store,Cupertino,CA,5732,Chip Transaction,0
d478cc68-11ee-4762-a8b3-f3dd80c82f3c,2026-08-01T05:18:27.832607+00:00,165,4,16.01,Best Buy,Richfield,MN,5732,Chip Transaction,0
07ee2195-986a-4290-83e3-2ac395b44ed8,2026-08-16T09:00:27.832607+00:00,87,0,5.3,Shell,Houston,TX,5541,Chip Transaction,0
bd095bb4-b3ec-420f-b1f2-6b1018ec75cd,2026-08-10T11:26:27.832607+00:00,193,2,132.65,Costco,Issaquah,WA,5411,Chip Transaction,0
a0c1473f-ed5d-4b53-920a-fd5edac2833e,2026-07-11T08:36:27.832607+00:00,179,3,11.66,CVS Pharmacy,Woonsocket,RI,5912,Chip Transaction,0
32e48f21-f398-4ff5-950b-f3a56075d0fe,2026-07-02T21:27:27.832607+00:00,8,1,9.64,Whole Foods,Austin,TX,5411,Swipe Transaction,0
d1a14819-427d-4889-95da-f697f55e3a4e,2026-08-12T10:40:27.832607+00:00,112,1,9.97,Target,Minneapolis,MN,5411,Swipe Transaction,0
f89802a8-12a5-4ec9-9ee9-6c6b6118e74a,2026-08-01T07:22:27.832607+00:00,2,0,65.64,Delta Airlines,Atlanta,GA,4511,Online Transaction,0
78db2262-02f4-4f53-89ac-f201a42f0a9d,2026-07-24T03:52:27.832607+00:00,208,3,9.22,Amazon,Seattle,WA,5942,Swipe Transaction,0
41d4c559-bed7-4fba-b8c0-3188b87d4abf,2026-07-23T05:32:27.832607+00:00,221,1,8.7,Whole Foods,Austin,TX,5411,Chip Transaction,0
3b0ba034-402c-415b-b71b-f269008c4d63,2026-06-24T15:06:27.832607+00:00,136,1,19.26,Whole Foods,Austin,TX,5411,Chip Transaction,0
517f0fda-2b5a-4842-b890-6b6ed2cf9054,2026-06-25T04:45:27.832607+00:00,58,0,72.58,Apple Store,Cupertino,CA,5732,Swipe Transaction,0
b3e52f4c-b591-4fc8-a104-99cd0094bc15,2026-07-23T18:51:27.832607+00:00,169,1,5.7,Delta Airlines,Atlanta,GA,4511,Online Transaction,0
e8fe156e-5d55-4a26-ab8c-a2415a1a9a1e,2026-08-09T16:44:27.832607+00:00,152,4,14.32,Apple Store,Cupertino,CA,5732,Chip Transaction,0
f68b1218-b2ee-4eff-84c0-75da38afad76,2026-07-01T00:28:27.832607+00:00,34,1,118.56,CVS Pharmacy,Woonsocket,RI,5912,Chip Transaction,0
65c64beb-9e5a-4010-8591-7e3b3dfdde59,2026-07-14T16:46:27.832607+00:00,49,0,78.84,Apple Store,Cupertino,CA,5732,Swipe Transaction,0
afcd4ce8-5426-45f4-a89b-318fe0a7c352,2026-07-22T12:13:27.832607+00:00,38,3,2.49,McDonald's,Chicago,IL,5814,Swipe Transaction,0
912d08b8-b316-43f9-a257-31ff36e0450f,2026-08-07T01:02:27.832607+00:00,122,4,6.15,Starbucks,Seattle,WA,5814,Chip Transaction,0
9a987b57-be8a-4af4-b556-b454008925b1,2026-07-06T14:21:27.832607+00:00,131,2,21.66,Walmart,Bentonville,AR,5411,Chip Transaction,0
61236e8c-8093-4a7e-a004-3e8b970a43b3,2026-08-11T23:02:27.832607+00:00,109,1,4.19,Uber,San Francisco,CA,4121,Swipe Transaction,0
d5307d95-4bb9-4cc4-ac85-e402f26176cc,2026-07-21T00:54:27.832607+00:00,111,0,33.4,Target,Minneapolis,MN,5411,Chip Transaction,0
f8036484-8ccf-4c4b-a545-4cbaed7abdd4,2026-08-12T06:13:27.832607+00:00,26,2,9.24,Walmart,Bentonville,AR,5411,Chip Transaction,0
3b11464b-7a56-4cef-af23-a054676c078e,2026-07-27T04:26:27.832607+00:00,188,2,42.44,Delta Airlines,Atlanta,GA,4511,Chip Transaction,0
2c2e6201-8c61-47a2-9faf-9e2a37703d73,2026-07-02T17:26:27.832607+00:00,74,0,6.96,CVS Pharmacy,Woonsocket,RI,5912,Swipe Transaction,0
5d35364d-a82e-416a-9ed2-bc9f0ac93457,2026-08-08T05:17:27.832607+00:00,233,1,44.32,Whole Foods,Austin,TX,5411,Chip Transaction,0
93842b08-1472-46f0-a4cc-36c9bc45983b,2026-08-01T07:17:27.832607+00:00,247,0,11.35,Walmart,Bentonville,AR,5411,Chip Transaction,0
3c458e8b-e143-417a-9432-4a321cb5a421,2026-07-04T14:23:27.832607+00:00,174,0,12.47,Amazon,Seattle,WA,5942,Chip Transaction,0
3afca541-d9d9-4653-bfae-d8e16b5d9fd7,2026-06-23T17:32:27.832607+00:00,29,0,31.53,Apple Store,Cupertino,CA,5732,Chip Transaction,0
8826a581-0813-4bbc-bf78-62c6d3fc6c3e,2026-08-15T05:10:27.832607+00:00,38,0,73.02,Shell,Houston,TX,5541,Chip Transaction,0
5294f335-da3a-41d5-aded-f2e8c7019bb0,2026-08-07T16:43:27.832607+00:00,140,2,14.91,Delta Airlines,Atlanta,GA,4511,Chip Transaction,0
2a447c5e-119c-4c90-bc3d-bc217ec0e49f,2026-07-03T12:24:27.832607+00:00,229,4,7.69,Apple Store,Cupertino,CA,5732,Swipe Transaction,0
9470c21f-f6e3-48c6-89f2-840a3fa1488f,2026-06-23T13:44:27.832607+00:00,106,1,70.49,Shell,Houston,TX,5541,Chip Transaction,0
e28099ef-b59c-41d9-a432-7c8377a51a4e,2026-08-03T21:45:27.832607+00:00,93,1,5.34,Amazon,Seattle,WA,5942,Online Transaction,0
022c234e-c275-4c96-a443-a284f036db6e,2026-08-08T16:08:27.832607+00:00,116,4,150.34,Netflix,Los Gatos,CA,4899,Online Transaction,0
9e16841a-6dfd-47fa-a716-d8f78827f80f,2026-07-31T20:58:27.832607+00:00,242,2,17.31,McDonald's,Chicago,IL,5814,Swipe Transaction,0
6eb1a94d-f891-4452-8996-9080df3ae7c4,2026-07-19T15:26:27.832607+00:00,111,3,25.72,Best Buy,Richfield,MN,5732,Swipe Transaction,0
2d5d09a7-2827-488c-93cc-715282931f6e,2026-06-26T05:16:27.832607+00:00,238,1,18.81,CVS Pharmacy,Woonsocket,RI,5912,Chip Transaction,0
f0a255a5-71ff-41b4-aa6e-7c8f60a9c99a,2026-07-05T08:28:27.832607+00:00,205,2,35.32,Home Depot,Atlanta,GA,5200,Chip Transaction,0
3bd890c6-de32-4dad-a747-8860655583fd,2026-08-15T09:06:27.832607+00:00,79,0,10.77,Starbucks,Seattle,WA,5814,Chip Transaction,0
2883de3b-dc8c-4b0d-9c9b-830b0dd9bf2c,2026-07-08T15:06:27.832607+00:00,171,4,17.77,Costco,Issaquah,WA,5411,Online Transaction,0
64aa1583-3510-4e87-9d19-889af94945f9,2026-08-02T16:28:27.832607+00:00,57,0,7.93,Delta Airlines,Atlanta,GA,4511,Chip Transaction,0
5a1f7ac1-021a-43bd-8a04-ae46c8dc25c6,2026-07-04T17:29:27.832607+00:00,248,0,92.39,Starbucks,Seattle,WA,5814,Chip Transaction,0
54f3bc66-9ef8-4696-92bd-548ae36635e3,2026-07-24T00:26:27.832607+00:00,83,4,12.55,Best Buy,Richfield,MN,5732,Swipe Transaction,0
cf4e1764-cc35-4d5a-a761-fb956a1c16dd,2026-08-04T03:07:27.832607+00:00,79,0,12.66,Starbucks,Seattle,WA,5814,Chip Transaction,0
0c014162-2ba2-4b34-81bd-153908715b95,2026-07-20T17:37:27.832607+00:00,214,3,22.8,McDonald's,Chicago,IL,5814,Swipe Transaction,0
af7d85dd-a675-41b1-830f-8db7a7bee860,2026-08-08T01:21:27.832607+00:00,92,3,44.88,Apple Store,Cupertino,CA,5732,Swipe Transaction,0
bc5a34b7-8bc8-4f05-9092-621c34e16ebb,2026-07-15T13:25:27.832607+00:00,7,3,92.07,Netflix,Los Gatos,CA,4899,Online Transaction,0
809c95a7-768a-435b-9be3-c90929716e91,2026-08-08T17:59:27.832607+00:00,231,4,29.9,Best Buy,Richfield,MN,5732,Swipe Transaction,0
630d935c-6c7a-45ca-9891-12450a08f6b2,2026-07-21T02:20:27.832607+00:00,207,4,18.59,Costco,Issaquah,WA,5411,Chip Transaction,0
d665ab38-e249-4076-b812-455fde2e2167,2026-07-05T21:47:27.832607+00:00,75,4,34.72,Walmart,Bentonville,AR,5411,Chip Transaction,0
9d01aad5-0222-46dd-9968-3b3cb5ad635f,2026-07-03T23:23:27.832607+00:00,53,4,68.94,Costco,Issaquah,WA,5411,Chip Transaction,0
38cf02b1-06ee-4da9-bbbf-9b6282367ba2,2026-08-03T16:15:27.832607+00:00,185,0,31.66,Apple Store,Cupertino,CA,5732,Swipe Transaction,0
277941d6-e324-45e8-bc9b-79db08920541,2026-07-03T15:45:27.832607+00:00,53,0,29.44,Starbucks,Seattle,WA,5814,Chip Transaction,0
d6816384-f1da-4dbc-8e4b-8d05e646da3f,2026-07-04T16:15:27.832607+00:00,104,3,588.47,AnonymousGiftCards,Panama City,FOREIGN,5947,Swipe Transaction,1
00b3485a-4a52-4269-8c1b-2751b74a1c57,2026-07-31T01:06:27.832607+00:00,113,4,50.69,Costco,Issaquah,WA,5411,Swipe Transaction,0
2b6578e3-3a8c-4a7c-87be-1e824fea26df,2026-08-05T14:02:27.832607+00:00,180,4,40.34,McDonald's,Chicago,IL,5814,Chip Transaction,0
039b7d49-87b0-4354-980d-3abf8d1a19d4,2026-07-29T13:29:27.832607+00:00,95,2,17.1,Shell,Houston,TX,5541,Swipe Transaction,0
6c419d39-d871-4364-a6d9-09ca830cb07a,2026-07-12T04:36:27.832607+00:00,8,2,8.67,CVS Pharmacy,Woonsocket,RI,5912,Chip Transaction,0
566c5bb1-b050-495a-b6c9-974eeca53cc9,2026-07-06T04:39:27.832607+00:00,11,2,199.98,Netflix,Los Gatos,CA,4899,Swipe Transaction,0
765576fc-da73-4b21-8dab-9ef69444d2d7,2026-08-04T02:51:27.832607+00:00,129,4,22.99,Delta Airlines,Atlanta,GA,4511,Chip Transaction,0
ce5a8e99-d341-4bf9-acb7-6bdf3bc53cd4,2026-07-28T14:42:27.832607+00:00,39,2,26.56,Delta Airlines,Atlanta,GA,4511,Chip Transaction,0
ff4d1ed5-67a1-47a5-8d4f-3fbce632e610,2026-06-18T02:15:27.832607+00:00,201,2,15.76,Uber,San Francisco,CA,4121,Chip Transaction,0
ee15d5fa-f71f-4ff8-96f8-ddcb609719a3,2026-07-11T22:36:27.832607+00:00,169,1,35.14,Costco,Issaquah,WA,5411,Chip Transaction,0
7d90dc46-961a-4ff1-801c-fd22f9619bfd,2026-06-25T08:47:27.832607+00:00,83,4,60.1,Home Depot,Atlanta,GA,5200,Chip Transaction,0
5f1eecf2-7cdb-4233-8282-91adc991786c,2026-06-24T22:33:27.832607+00:00,174,3,7.12,Best Buy,Richfield,MN,5732,Chip Transaction,0
8291e0d6-80c9-4a98-bb4a-c326c0ed9246,2026-07-18T08:07:27.832607+00:00,231,1,145.75,CVS Pharmacy,Woonsocket,RI,5912,Chip Transaction,0
8b80842b-6857-44d3-871d-101c3b148302,2026-07-12T20:07:27.832607+00:00,162,0,48.96,Netflix,Los Gatos,CA,4899,Chip Transaction,0
c53f025a-ed1a-4a1e-a9f7-d93c14a06acc,2026-07-31T22:54:27.832607+00:00,143,1,22.42,Delta Airlines,Atlanta,GA,4511,Swipe Transaction,0
6fdf9882-a354-4048-853c-f3e065dc29e0,2026-07-29T23:36:27.832607+00:00,112,4,35.04,Apple Store,Cupertino,CA,5732,Swipe Transaction,0
ea912bf9-f7fd-4eba-b85d-62c446811e9e,2026-07-30T07:05:27.832607+00:00,208,1,44.77,Amazon,Seattle,WA,5942,Chip Transaction,0
31524d7f-79ae-4116-9070-a4c228ca09f5,2026-08-16T07:43:27.832607+00:00,175,4,53.42,Netflix,Los Gatos,CA,4899,Chip Transaction,0
37e40ab6-f41a-43d5-b515-e8b722764217,2026-07-02T15:15:27.832607+00:00,159,4,30.16,Starbucks,Seattle,WA,5814,Chip Transaction,0
5900b78b-58f2-4c98-9046-336bc78a2014,2026-08-04T05:58:27.832607+00:00,21,1,20.5,Apple Store,Cupertino,CA,5732,Chip Transaction,0
71693aff-433a-4df4-ac66-d3e47a989675,2026-06-30T17:13:27.832607+00:00,6,1,24.48,Walmart,Bentonville,AR,5411,Chip Transaction,0
d1342c1d-2a96-4ae3-b60b-a8ca502d4b29,2026-07-21T09:52:27.832607+00:00,41,2,18.85,Shell,Houston,TX,5541,Online Transaction,0
bc10991c-72f9-4214-bb19-c62eb9bee519,2026-08-09T23:48:27.832607+00:00,179,0,24.54,Starbucks,Seattle,WA,5814,Chip Transaction,0
7caa1fa1-5c34-4174-a46b-fa4f1b8ec406,2026-06-24T18:04:27.832607+00:00,228,0,7.04,Whole Foods,Austin,TX,5411,Chip Transaction,0
195b4f65-df0b-4ad8-b680-feced5f69a35,2026-08-04T02:53:27.832607+00:00,19,4,194.75,Costco,Issaquah,WA,5411,Chip Transaction,0
d1dcade9-2f83-4736-bbf0-9a4302499cd5,2026-06-22T06:35:27.832607+00:00,107,4,50.69,CVS Pharmacy,Woonsocket,RI,5912,Chip Transaction,0
6da5605f-cc91-4016-8412-7d1574eec7d9,2026-06-22T01:17:27.832607+00:00,11,0,108.52,Whole Foods,Austin,TX,5411,Chip Transaction,0
8f9261d5-370e-404b-a8fa-8fd6d81eebec,2026-08-13T13:23:27.832607+00:00,218,1,36.9,Starbucks,Seattle,WA,5814,Chip Transaction,0
f7ae8914-3bee-48bf-adee-dbae65100d02,2026-08-14T20:19:27.832607+00:00,221,3,230.33,Amazon,Seattle,WA,5942,Chip Transaction,0
1627d6ac-5311-49b5-8e1d-7be88960642e,2026-08-15T03:38:27.832607+00:00,180,3,18.54,Amazon,Seattle,WA,5942,Chip Transaction,0
f4ad9bc2-86c6-4198-adc0-deb445ff26ef,2026-06-27T18:40:27.832607+00:00,91,1,5.29,Apple Store,Cupertino,CA,5732,Online Transaction,0
e10f65e5-f112-4eed-bc1e-644185b7bf03,2026-07-16T13:35:27.832607+00:00,106,4,15.72,Amazon,Seattle,WA,5942,Chip Transaction,0
11c2d6e5-acaa-4310-81ea-329e11c8bc7b,2026-06-26T02:14:27.832607+00:00,90,4,12.14,CVS Pharmacy,Woonsocket,RI,5912,Chip Transaction,0
3ccf89a4-be44-4cf6-a197-2b293871ee3d,2026-06-18T03:50:27.832607+00:00,169,0,9.49,Shell,Houston,TX,5541,Swipe Transaction,0
775e4e6a-dd4e-443f-b4bf-d630cdd67e17,2026-08-09T20:18:27.832607+00:00,230,1,5.26,Home Depot,Atlanta,GA,5200,Online Transaction,0
050ed750-f55c-40f5-a215-9eb0051570ae,2026-07-07T10:14:27.832607+00:00,135,2,45.23,Uber,San Francisco,CA,4121,Swipe Transaction,0
2a221ea9-7963-4ddd-9cee-81756ddb2bd9,2026-07-18T18:36:27.832607+00:00,244,4,9.63,Home Depot,Atlanta,GA,5200,Chip Transaction,0
f1e9aa5c-b0fa-4ffb-a009-63165f2e54dc,2026-07-03T13:01:27.832607+00:00,32,2,25.7,Starbucks,Seattle,WA,5814,Swipe Transaction,0
095808a8-da27-4dd6-985d-86131ad62580,2026-08-03T21:02:27.832607+00:00,30,0,58.83,Starbucks,Seattle,WA,5814,Chip Transaction,0
e24359cb-a534-4066-90aa-ae90d6797d72,2026-07-02T09:17:27.832607+00:00,22,0,14.06,Shell,Houston,TX,5541,Online Transaction,0
180f4458-5cc0-4e4e-a673-4af90aef4ad1,2026-07-22T09:28:27.832607+00:00,12,1,23.28,Netflix,Los Gatos,CA,4899,Chip Transaction,0
47ef5295-164d-45bc-9b3f-d0302a06f9b8,2026-07-29T01:44:27.832607+00:00,139,2,21.93,McDonald's,Chicago,IL,5814,Chip Transaction,0
3d2cd34a-09a0-4442-8296-42ab8b28161e,2026-08-14T10:23:27.832607+00:00,213,4,43.75,CVS Pharmacy,Woonsocket,RI,5912,Chip Transaction,0
139096b8-a6ff-4de8-b49f-2d615f91f8bd,2026-07-08T06:54:27.832607+00:00,28,4,93.47,CVS Pharmacy,Woonsocket,RI,5912,Chip Transaction,0
c0044785-6d8b-412d-9e29-ab4ff233cedb,2026-07-12T11:19:27.832607+00:00,119,3,171.08,Whole Foods,Austin,TX,5411,Online Transaction,0
af1598e9-9373-4d67-83bc-11bf4121b72a,2026-06-25T16:17:27.832607+00:00,191,1,25.4,CVS Pharmacy,Woonsocket,RI,5912,Chip Transaction,0
25f86950-b91a-4e7a-ab2a-49cc4074e69d,2026-08-04T19:05:27.832607+00:00,87,4,10.45,Shell,Houston,TX,5541,Chip Transaction,0
433b22bb-f666-4b66-bee3-29f6b9111149,2026-07-11T21:08:27.832607+00:00,208,4,13.11,Shell,Houston,TX,5541,Swipe Transaction,0
b9566dc9-8301-4a14-81ae-31094786fb21,2026-08-15T16:12:27.832607+00:00,114,3,111.46,Best Buy,Richfield,MN,5732,Online Transaction,0
1d8b250c-18fe-4850-bb6e-6e3a84665fd0,2026-08-15T05:26:27.832607+00:00,143,1,8.05,Apple Store,Cupertino,CA,5732,Swipe Transaction,0
5bd3619e-dccb-4d44-982e-a801f16f15a3,2026-07-10T14:32:27.832607+00:00,17,3,10.12,Walmart,Bentonville,AR,5411,Chip Transaction,0
67348f98-522d-4d9a-bcec-5bf3326bcb4e,2026-07-31T10:22:27.832607+00:00,159,0,5.17,CVS Pharmacy,Woonsocket,RI,5912,Chip Transaction,0
09f2f51e-3ae1-4845-9666-b02805476c6b,2026-07-26T14:53:27.832607+00:00,82,0,9.13,Amazon,Seattle,WA,5942,Chip Transaction,0
f2cc70e3-0108-4e28-a61d-9d8e3078bd2f,2026-06-27T10:13:27.832607+00:00,28,0,26.19,Amazon,Seattle,WA,5942,Chip Transaction,0
8b74f453-42e5-4a22-ba64-0f018364838c,2026-07-01T15:44:27.832607+00:00,213,3,10.81,Home Depot,Atlanta,GA,5200,Swipe Transaction,0
09921d72-5607-4732-ba0f-af7d04b22d02,2026-08-10T07:12:27.832607+00:00,230,2,31.76,Whole Foods,Austin,TX,5411,Online Transaction,0
5139cf77-e2ce-4c3e-a420-ef7d946d9e06,2026-07-04T22:56:27.832607+00:00,239,1,30.7,Shell,Houston,TX,5541,Chip Transaction,0
dbcc19b3-2bea-46d4-8b75-43d29f786efc,2026-06-23T23:36:27.832607+00:00,190,4,280.14,AnonymousGiftCards,Panama City,FOREIGN,5947,Online Transaction,1
c60d6689-c19b-4f6d-80a1-ae93a21033e5,2026-06-24T20:53:27.832607+00:00,39,3,15.67,Starbucks,Seattle,WA,5814,Swipe Transaction,0
20ef5d62-14cb-4aa6-a9fa-06ee07eda5ee,2026-06-18T16:56:27.832607+00:00,32,4,52.26,Walmart,Bentonville,AR,5411,Chip Transaction,0
37daca0c-b486-46c6-beec-f05b6227bba8,2026-08-12T02:48:27.832607+00:00,215,4,26.25,McDonald's,Chicago,IL,5814,Chip Transaction,0
ad7317cf-3f6f-4238-a08e-0a2b92dbb66b,2026-07-21T02:57:27.832607+00:00,117,2,4.45,Uber,San Francisco,CA,4121,Chip Transaction,0
eccfdec6-aee7-4602-929c-1585bcbf34bc,2026-08-06T07:02:27.832607+00:00,235,2,17.65,Apple Store,Cupertino,CA,5732,Chip Transaction,0
421be4f6-fa44-41dc-a276-d01388fd59fc,2026-06-18T07:56:27.832607+00:00,212,1,21.42,Starbucks,Seattle,WA,5814,Swipe Transaction,0
dc7d0e25-75bf-4f42-8340-49a1861485fa,2026-06-28T20:43:27.832607+00:00,67,2,17.4,Whole Foods,Austin,TX,5411,Chip Transaction,0
d620dc4b-74f9-4074-9a8c-1190e7a2e329,2026-07-16T16:59:27.832607+00:00,127,1,18.44,Walmart,Bentonville,AR,5411,Chip Transaction,0
ae034a01-c6c5-4039-b036-a59c793c8891,2026-07-31T10:08:27.832607+00:00,183,3,10.13,Amazon,Seattle,WA,5942,Swipe Transaction,0
bb29aee4-bd4f-412e-ac95-603487acef72,2026-08-07T14:32:27.832607+00:00,109,2,25.76,Amazon,Seattle,WA,5942,Chip Transaction,0
152d046d-8cc5-454d-9ccd-4d8b9d85e4c4,2026-08-05T04:44:27.832607+00:00,212,2,13.94,Home Depot,Atlanta,GA,5200,Chip Transaction,0
b330e32e-d1b6-4297-b327-03a2e56651b7,2026-06-23T23:03:27.832607+00:00,105,3,43.44,Walmart,Bentonville,AR,5411,Chip Transaction,0
ab87afa7-0f56-4645-8fd8-6038b83ff446,2026-07-08T03:23:27.832607+00:00,151,4,78.19,Apple Store,Cupertino,CA,5732,Swipe Transaction,0
e13217f5-8991-4c25-b3b4-5a12fd0da92d,2026-08-09T04:07:27.832607+00:00,98,2,30.85,Amazon,Seattle,WA,5942,Swipe Transaction,0
a7cafa54-891a-4669-b61e-1db370eb75cb,2026-07-07T21:03:27.832607+00:00,77,3,287.8,Delta Airlines,Atlanta,GA,4511,Chip Transaction,0
2c57626c-836e-403f-8782-5530d43eb04a,2026-07-16T17:59:27.832607+00:00,110,2,105.63,Home Depot,Atlanta,GA,5200,Online Transaction,0
f06ceab4-f93d-4a4b-8f57-3578c7bbd9f6,2026-07-18T09:59:27.832607+00:00,189,1,13.74,CVS Pharmacy,Woonsocket,RI,5912,Online Transaction,0
f5327230-a3ad-49bf-a313-51d135aa0206,2026-07-08T14:38:27.832607+00:00,43,0,57.67,Best Buy,Richfield,MN,5732,Chip Transaction,0
e8f0864c-b999-4ef7-8070-c997f9103fd0,2026-07-21T14:21:27.832607+00:00,67,4,14.68,Apple Store,Cupertino,CA,5732,Online Transaction,0
1c880d89-bcad-4f07-884e-eda42091a72f,2026-08-07T03:20:27.832607+00:00,131,1,16.81,McDonald's,Chicago,IL,5814,Swipe Transaction,0
2ed24ff3-4f6e-43e9-95bf-15747eb7ed06,2026-08-14T07:25:27.832607+00:00,2,3,114.77,Amazon,Seattle,WA,5942,Swipe Transaction,0
fd614f84-2aad-4850-96db-161dd597507f,2026-08-14T10:51:27.832607+00:00,134,1,120.38,Shell,Houston,TX,5541,Swipe Transaction,0
d1828f6d-0283-423a-9b6d-e275cae6b687,2026-07-06T11:43:27.832607+00:00,72,0,24.25,Walmart,Bentonville,AR,5411,Chip Transaction,0
8ccd085d-064c-47cd-bdd7-31a9b9d7fe1a,2026-07-15T14:27:27.832607+00:00,130,2,129.17,Delta Airlines,Atlanta,GA,4511,Chip Transaction,0
9736fb3b-e902-48dd-8ec8-de82ad169b60,2026-07-22T15:59:27.832607+00:00,81,0,26.81,Delta Airlines,Atlanta,GA,4511,Swipe Transaction,0
ce63f9a5-044d-4fc6-913d-bc1f7f863767,2026-07-08T08:26:27.832607+00:00,170,0,47.73,Delta Airlines,Atlanta,GA,4511,Online Transaction,0
b83dbe9c-b807-430c-b319-8926ace68756,2026-06-20T01:05:27.832607+00:00,173,1,9.99,Starbucks,Seattle,WA,5814,Online Transaction,0
e558d773-260d-40a1-b63c-738f9d114fdb,2026-07-23T15:38:27.832607+00:00,51,0,151.23,Apple Store,Cupertino,CA,5732,Chip Transaction,0
236a950a-151a-4f39-83d5-78ec487d3a90,2026-06-30T19:16:27.832607+00:00,157,1,11.24,Delta Airlines,Atlanta,GA,4511,Chip Transaction,0
465769f7-781b-4db7-ae55-3d9af98d1256,2026-07-31T14:04:27.832607+00:00,164,2,13.6,Delta Airlines,Atlanta,GA,4511,Swipe Transaction,0
1474718f-2b0c-4d7b-8c7a-3d2aff758127,2026-07-03T17:20:27.832607+00:00,162,3,140.33,Target,Minneapolis,MN,5411,Chip Transaction,0
3a2df451-4140-467c-98ef-1a85b381cfe0,2026-06-23T09:09:27.832607+00:00,230,2,16.37,Apple Store,Cupertino,CA,5732,Online Transaction,0
b738abef-aabe-4fbc-a307-aeac1c737c83,2026-07-09T14:32:27.832607+00:00,245,2,12.45,Uber,San Francisco,CA,4121,Chip Transaction,0
a9e474f2-6fec-4a13-85b0-c34995c09986,2026-08-06T11:08:27.832607+00:00,207,3,99.22,Netflix,Los Gatos,CA,4899,Chip Transaction,0
6f8dc5a5-3816-43cb-b3b1-6dffa91f8b80,2026-06-23T02:08:27.832607+00:00,218,3,9.08,Starbucks,Seattle,WA,5814,Chip Transaction,0
298c9913-8867-4240-a747-9f7ef55abd7f,2026-08-11T06:20:27.832607+00:00,114,3,14.3,Uber,San Francisco,CA,4121,Chip Transaction,0
1f9782da-c065-41d0-9f33-28eedc595ddb,2026-07-11T12:14:27.832607+00:00,210,0,6.58,Amazon,Seattle,WA,5942,Chip Transaction,0
71979198-eada-491a-9dfd-6708e69e30c6,2026-07-19T17:12:27.832607+00:00,161,0,28.06,Starbucks,Seattle,WA,5814,Chip Transaction,0
495f3f53-84e3-475b-b836-22539f5a635f,2026-06-21T23:23:27.832607+00:00,206,3,28.94,Target,Minneapolis,MN,5411,Swipe Transaction,0
c990031e-6b73-44b7-b53a-da07eff1b9f5,2026-08-08T14:00:27.832607+00:00,93,4,31.08,Uber,San Francisco,CA,4121,Chip Transaction,0
0aa39982-759a-4ec0-bf8a-d3a1103c7cc3,2026-07-29T17:40:27.832607+00:00,206,1,36.34,Costco,Issaquah,WA,5411,Chip Transaction,0
2459766c-625b-4425-abe7-2fbe964dc386,2026-07-13T18:24:27.832607+00:00,217,0,27.35,Starbucks,Seattle,WA,5814,Chip Transaction,0
c6465232-e563-473c-9495-a890c97df4f4,2026-06-29T20:53:27.832607+00:00,192,0,47.05,Netflix,Los Gatos,CA,4899,Chip Transaction,0
432cdf5c-4572-4719-b454-cc8f6a6fd3dd,2026-07-13T09:43:27.832607+00:00,6,0,25.12,Target,Minneapolis,MN,5411,Swipe Transaction,0
ffb4d5c6-d051-4d95-91d2-7ac078fcca59,2026-06-28T11:48:27.832607+00:00,213,4,5.39,Target,Minneapolis,MN,5411,Chip Transaction,0
fe5ade23-e3b7-4d12-b917-96f4cca8908b,2026-07-19T09:10:27.832607+00:00,52,0,25.02,Netflix,Los Gatos,CA,4899,Chip Transaction,0
e99b3002-5f28-4b88-b5f0-25b96644179f,2026-07-23T17:51:27.832607+00:00,248,3,23.05,Best Buy,Richfield,MN,5732,Chip Transaction,0
e3c4f6cb-1d82-4fb3-bea0-6a63a8fc84f4,2026-06-26T17:39:27.832607+00:00,5,3,94.48,Shell,Houston,TX,5541,Chip Transaction,0
4ac9fde1-0c3b-4697-86a7-22cf8a6db065,2026-07-11T23:14:27.832607+00:00,250,0,26.59,CVS Pharmacy,Woonsocket,RI,5912,Chip Transaction,0
de11cdcf-511e-4270-a5bf-475c34b1bfb0,2026-07-11T15:08:27.832607+00:00,86,1,15.49,Apple Store,Cupertino,CA,5732,Swipe Transaction,0
8f2d639b-7b3d-454c-b41b-2c4e7f858cd7,2026-06-20T11:05:27.832607+00:00,152,1,27.62,Walmart,Bentonville,AR,5411,Online Transaction,0
97b1628f-8fc6-4be8-aa9a-49268675f25b,2026-08-09T03:54:27.832607+00:00,195,1,73.35,Best Buy,Richfield,MN,5732,Online Transaction,0
46c50496-2a8a-4574-a5d7-327eb35d3397,2026-08-11T10:25:27.832607+00:00,10,2,14.52,Shell,Houston,TX,5541,Online Transaction,0
17fa3b87-76ed-4936-a418-4100ef847ce8,2026-06-26T08:13:27.832607+00:00,81,1,167.0,Costco,Issaquah,WA,5411,Chip Transaction,0
ec63a105-bfd8-4eea-90b6-460d5948877b,2026-07-18T12:06:27.832607+00:00,21,0,28.72,Apple Store,Cupertino,CA,5732,Online Transaction,0
95026901-4153-44de-b9e7-9b598a7a0c51,2026-07-09T01:12:27.832607+00:00,223,0,25.41,Netflix,Los Gatos,CA,4899,Chip Transaction,0
1d3b04f4-441a-4366-b790-6131119b17bd,2026-08-13T05:50:27.832607+00:00,103,0,22.67,Apple Store,Cupertino,CA,5732,Chip Transaction,0
34792976-64aa-4be9-abe4-bde6c956d249,2026-07-20T18:54:27.832607+00:00,145,1,14.56,Shell,Houston,TX,5541,Online Transaction,0
8f090474-8925-4832-bc02-32fe29e20ade,2026-08-03T22:01:27.832607+00:00,133,4,7.52,McDonald's,Chicago,IL,5814,Swipe Transaction,0
07c78a82-2af7-4295-93a3-6f3f7f45241c,2026-07-24T22:19:27.832607+00:00,135,3,245.33,Starbucks,Seattle,WA,5814,Chip Transaction,0
83e4a506-a514-431f-b2e6-566993a84551,2026-08-15T21:42:27.832607+00:00,178,0,71.53,Target,Minneapolis,MN,5411,Chip Transaction,0
e11504e7-ee20-4484-99f1-8c789adb4d5d,2026-06-28T20:28:27.832607+00:00,90,4,6.85,Walmart,Bentonville,AR,5411,Chip Transaction,0
e4a30338-80e2-4a1b-bb4c-d99ae4e5f797,2026-07-27T05:23:27.832607+00:00,223,3,60.99,Amazon,Seattle,WA,5942,Online Transaction,0
675fa74a-d075-4052-80f4-7fbde26c758e,2026-06-24T14:22:27.832607+00:00,139,1,33.86,Uber,San Francisco,CA,4121,Chip Transaction,0
77524c9c-5885-470f-8001-20671c0868bf,2026-08-09T17:55:27.832607+00:00,27,1,40.23,Walmart,Bentonville,AR,5411,Chip Transaction,0
028dac1d-a066-40ff-bd6d-626d6b709df9,2026-06-30T06:08:27.832607+00:00,155,2,16.02,CVS Pharmacy,Woonsocket,RI,5912,Online Transaction,0
6b190ccb-ee24-4e2c-9d94-016e7fbd3e2f,2026-06-21T17:44:27.832607+00:00,158,1,14.46,Apple Store,Cupertino,CA,5732,Online Transaction,0
fbeff987-d85a-4af6-bdba-3646729305fd,2026-08-03T18:03:27.832607+00:00,78,4,56.01,Costco,Issaquah,WA,5411,Chip Transaction,0
6eec518f-27e7-49e7-8c01-107d3a14218e,2026-08-06T02:55:27.832607+00:00,80,4,18.02,Netflix,Los Gatos,CA,4899,Chip Transaction,0
16ca5e84-eead-4644-aa94-ea5217a3264d,2026-07-18T22:43:27.832607+00:00,163,2,30.17,Whole Foods,Austin,TX,5411,Chip Transaction,0
4d76d95c-f0b0-4aeb-abc4-bbbb9890d09f,2026-08-03T19:01:27.832607+00:00,31,4,18.26,Home Depot,Atlanta,GA,5200,Chip Transaction,0
b4aa6e5d-cd21-43b1-b2bb-82e131f09b70,2026-07-08T03:59:27.832607+00:00,172,2,7.73,Target,Minneapolis,MN,5411,Chip Transaction,0
bd282d16-5b5b-48b0-9d3f-832c2acd3714,2026-07-09T04:45:27.832607+00:00,3,1,11.45,Home Depot,Atlanta,GA,5200,Online Transaction,0
d4849c6b-b768-4836-884b-3638ab210554,2026-07-07T13:25:27.832607+00:00,236,0,9.09,Starbucks,Seattle,WA,5814,Chip Transaction,0
71a8c9a3-eca4-4a90-820a-5e25b86f4af2,2026-06-22T13:38:27.832607+00:00,179,2,12.6,McDonald's,Chicago,IL,5814,Chip Transaction,0
1ffa144b-bf34-4a22-bbc4-1d243c8ca579,2026-07-22T20:13:27.832607+00:00,224,4,36.62,Best Buy,Richfield,MN,5732,Chip Transaction,0
e811991a-3afa-41a3-a3c9-fb9d10ed9c86,2026-08-07T08:13:27.832607+00:00,46,1,45.07,Amazon,Seattle,WA,5942,Swipe Transaction,0
02ffbe9c-1045-42bc-8b78-67fdb93a3297,2026-08-09T06:14:27.832607+00:00,81,0,8.54,Costco,Issaquah,WA,5411,Swipe Transaction,0
b6af24bf-6f62-43fb-a3ce-b56ad418a948,2026-06-28T06:35:27.832607+00:00,215,2,7.22,Costco,Issaquah,WA,5411,Chip Transaction,0
b5a515bc-94c7-496a-a849-9918ff3ab6d7,2026-08-01T09:30:27.832607+00:00,171,3,42.15,Best Buy,Richfield,MN,5732,Chip Transaction,0
666c5e25-4660-4c4f-9854-431fa0758654,2026-07-09T21:34:27.832607+00:00,45,3,39.38,McDonald's,Chicago,IL,5814,Chip Transaction,0
21837e94-c663-4e65-91fd-96d9f8e5cf23,2026-08-12T17:56:27.832607+00:00,216,0,40.17,Starbucks,Seattle,WA,5814,Swipe Transaction,0
9c7125e1-345d-40ef-bc28-3cde8d8446bb,2026-07-19T11:25:27.832607+00:00,23,4,8.12,Uber,San Francisco,CA,4121,Online Transaction,0
95754e41-83e8-4103-b801-5e7d55faf657,2026-07-05T15:42:27.832607+00:00,197,1,7.49,Whole Foods,Austin,TX,5411,Online Transaction,0
b0feb139-83ab-41e6-8e44-ef11ace82d41,2026-08-15T20:21:27.832607+00:00,79,1,14.9,Uber,San Francisco,CA,4121,Online Transaction,0
ee02f794-b302-4674-b88c-6560d0e0ce2f,2026-08-04T17:12:27.832607+00:00,81,3,36.12,Netflix,Los Gatos,CA,4899,Chip Transaction,0
2b2da3cd-78cd-44d3-a25d-bda480f85ed6,2026-07-27T05:32:27.832607+00:00,179,3,50.38,Shell,Houston,TX,5541,Chip Transaction,0
837f4cf3-533a-49fb-933d-0d32705dd1ea,2026-07-23T17:15:27.832607+00:00,116,1,29.57,Uber,San Francisco,CA,4121,Swipe Transaction,0
07cec7a9-ed45-4b97-b759-7bba65dfaf91,2026-08-13T10:55:27.832607+00:00,180,3,16.74,Best Buy,Richfield,MN,5732,Chip Transaction,0
db2e314e-7275-4139-aa26-a3e025b93b5a,2026-07-16T05:18:27.832607+00:00,129,4,43.69,McDonald's,Chicago,IL,5814,Swipe Transaction,0
3892a1b0-5149-4b43-8b3f-f86c5f586ecf,2026-07-23T07:38:27.832607+00:00,237,0,13.86,CVS Pharmacy,Woonsocket,RI,5912,Chip Transaction,0
1b94f023-abd7-4843-bbeb-24b4d09b8786,2026-06-30T17:41:27.832607+00:00,145,3,22.83,Target,Minneapolis,MN,5411,Chip Transaction,0
cf002071-b2fd-4f06-b8eb-d6d6681d2a0d,2026-06-17T21:04:27.832607+00:00,231,0,18.06,Amazon,Seattle,WA,5942,Chip Transaction,0
879ec5fa-ec65-4f36-b87e-1b980fb3870e,2026-08-02T08:22:27.832607+00:00,92,2,1.82,Uber,San Francisco,CA,4121,Chip Transaction,0
2c02c143-5349-402f-8d92-ec078379bd82,2026-08-01T23:38:27.832607+00:00,152,4,49.09,Target,Minneapolis,MN,5411,Swipe Transaction,0
45c1d6f7-d421-49d2-8412-6916276512c9,2026-07-08T04:57:27.832607+00:00,87,3,48.92,Apple Store,Cupertino,CA,5732,Chip Transaction,0
15aa6a71-81af-476f-830f-8cd709e66aad,2026-07-11T06:50:27.832607+00:00,199,2,86.08,Whole Foods,Austin,TX,5411,Chip Transaction,0
6bcd4be1-85e6-4d4c-b947-42373d1212d1,2026-06-25T05:37:27.832607+00:00,153,4,13.17,Amazon,Seattle,WA,5942,Chip Transaction,0
81988ed2-874d-48e7-a0d5-ab272bf77413,2026-07-29T17:37:27.832607+00:00,246,0,38.36,Best Buy,Richfield,MN,5732,Chip Transaction,0
f72cd5a5-12c1-44c8-a32f-cdf23757c64e,2026-08-08T13:41:27.832607+00:00,118,0,10.52,CVS Pharmacy,Woonsocket,RI,5912,Chip Transaction,0
bb1f66d7-5884-477a-9fcd-dbb39ed60df6,2026-06-17T20:24:27.832607+00:00,220,1,11.81,Whole Foods,Austin,TX,5411,Chip Transaction,0
dd09311a-d84f-424d-b34c-22179dc73d27,2026-07-08T01:30:27.832607+00:00,2,3,7.38,Starbucks,Seattle,WA,5814,Swipe Transaction,0
f88df36d-6e47-452c-b774-e8f0a2c8ffbc,2026-08-02T07:06:27.832607+00:00,121,3,27.85,Apple Store,Cupertino,CA,5732,Chip Transaction,0
29bd2225-1e59-4e54-95a8-3344abf9fa63,2026-07-05T14:40:27.832607+00:00,240,1,70.19,CVS Pharmacy,Woonsocket,RI,5912,Chip Transaction,0
e93db457-481d-41a3-a27c-5ac7ca9933e0,2026-07-11T09:36:27.832607+00:00,153,3,8.77,Whole Foods,Austin,TX,5411,Online Transaction,0
ab442f71-50a2-48c0-96d2-559c241693a2,2026-06-29T04:22:27.832607+00:00,129,0,12.81,Apple Store,Cupertino,CA,5732,Chip Transaction,0
41d5b275-72c6-4780-8e36-6dc40db62b85,2026-06-22T05:21:27.832607+00:00,49,0,149.32,Netflix,Los Gatos,CA,4899,Chip Transaction,0
0fa042e9-8c3d-40f3-9b17-8bfb7c160b47,2026-07-28T13:43:27.832607+00:00,73,2,11.99,Walmart,Bentonville,AR,5411,Chip Transaction,0
14a71186-59fd-4dd8-8599-9241b68db090,2026-07-12T14:09:27.832607+00:00,214,0,21.23,Apple Store,Cupertino,CA,5732,Swipe Transaction,0
549f6ce2-ecca-41a0-ac2c-a617a5a36203,2026-07-05T11:31:27.832607+00:00,206,0,33.77,Uber,San Francisco,CA,4121,Online Transaction,0
1e8915e6-d48a-4e9b-b171-d042969399b1,2026-08-02T03:42:27.832607+00:00,168,3,25.39,Best Buy,Richfield,MN,5732,Chip Transaction,0
a796fa24-a671-4590-83e9-774c0173ecd7,2026-07-09T08:17:27.832607+00:00,207,3,15.66,Shell,Houston,TX,5541,Chip Transaction,0
3e02e5a4-9a49-437e-9cb7-2a771aa0fbec,2026-07-02T02:23:27.832607+00:00,29,1,200.48,Apple Store,Cupertino,CA,5732,Online Transaction,0
710ba977-78c8-496a-90aa-56f803ff70a7,2026-07-09T04:46:27.832607+00:00,158,3,37.78,Netflix,Los Gatos,CA,4899,Chip Transaction,0
ae634557-6094-4d29-bc84-da9de097436b,2026-07-08T05:08:27.832607+00:00,95,2,23.0,Shell,Houston,TX,5541,Swipe Transaction,0
71166cbd-aa29-443f-b871-f53e10535385,2026-07-09T01:12:27.832607+00:00,115,2,14.75,Shell,Houston,TX,5541,Chip Transaction,0
04853b4a-a900-488f-925c-3cab8d2448a7,2026-07-20T16:52:27.832607+00:00,137,0,26.57,Best Buy,Richfield,MN,5732,Chip Transaction,0
df58956b-a11b-4055-a500-37258b268920,2026-08-05T07:47:27.832607+00:00,118,4,22.33,McDonald's,Chicago,IL,5814,Chip Transaction,0
5d3d07c1-5e8b-42ae-be2d-cb84b1456cce,2026-07-25T13:55:27.832607+00:00,118,0,169.77,Whole Foods,Austin,TX,5411,Chip Transaction,0
d72868fc-fb48-4276-99aa-fffeec1fa412,2026-08-09T19:58:27.832607+00:00,186,0,148.98,Amazon,Seattle,WA,5942,Chip Transaction,0
c44a4c23-f521-4d1d-b27b-9a7f201ca84b,2026-07-17T01:17:27.832607+00:00,192,2,14.73,Delta Airlines,Atlanta,GA,4511,Chip Transaction,0
26a34ba3-cc64-478f-a140-63392868ad7b,2026-06-18T08:53:27.832607+00:00,50,4,61.43,Walmart,Bentonville,AR,5411,Chip Transaction,0
4626aae3-a665-43f2-b6f6-b8d0201b3ff9,2026-07-24T01:03:27.832607+00:00,205,0,28.47,Best Buy,Richfield,MN,5732,Chip Transaction,0
3f684e92-252c-4267-9e21-afb12be91793,2026-07-13T17:38:27.832607+00:00,200,1,50.15,Starbucks,Seattle,WA,5814,Swipe Transaction,0
80595634-b1b0-4a11-9d20-2f362d82ec3f,2026-07-22T14:22:27.832607+00:00,70,0,146.91,Amazon,Seattle,WA,5942,Swipe Transaction,0
634a8daa-ccbd-40ab-b0fd-21d90b3e33bf,2026-07-10T17:39:27.832607+00:00,154,2,21.07,CVS Pharmacy,Woonsocket,RI,5912,Chip Transaction,0
b8b58cc0-1a52-4908-8c6c-a0814f378e68,2026-08-07T22:56:27.832607+00:00,187,4,37.12,Amazon,Seattle,WA,5942,Swipe Transaction,0
7b525079-e12b-4e0f-b558-11d9a9b81754,2026-07-05T20:52:27.832607+00:00,143,0,33.81,McDonald's,Chicago,IL,5814,Chip Transaction,0
5ab7f1c5-b260-454d-933f-d108babb1b2f,2026-07-16T13:58:27.832607+00:00,128,1,44.14,Uber,San Francisco,CA,4121,Online Transaction,0
04cc7b74-f69b-46d7-a491-53d5cc685902,2026-06-29T08:28:27.832607+00:00,147,0,18.46,McDonald's,Chicago,IL,5814,Swipe Transaction,0
af889a5f-f5e8-4c0a-bc92-f05a821fbb29,2026-06-20T07:53:27.832607+00:00,116,3,26.2,Uber,San Francisco,CA,4121,Swipe Transaction,0
cc36ebd6-0f03-4477-aae5-9a253cffaa34,2026-08-14T02:34:27.832607+00:00,196,0,11.09,Best Buy,Richfield,MN,5732,Chip Transaction,0
a77a67b4-5bcc-4766-94a6-88f8baf9329a,2026-07-21T23:00:27.832607+00:00,97,4,82.29,Apple Store,Cupertino,CA,5732,Chip Transaction,0
9557b7c8-65f3-4898-ac92-9f4628968b63,2026-08-05T13:23:27.832607+00:00,222,1,14.86,Starbucks,Seattle,WA,5814,Chip Transaction,0
d8f0ecad-cc74-403c-b160-439fefaa9c85,2026-07-11T06:54:27.832607+00:00,82,2,47.79,Uber,San Francisco,CA,4121,Swipe Transaction,0
a95bed7e-1e6b-4502-b993-782b27cd6045,2026-06-20T10:18:27.832607+00:00,129,4,53.86,Whole Foods,Austin,TX,5411,Swipe Transaction,0
e7cfb0a5-032e-424a-b090-ae57dc146101,2026-06-29T07:53:27.832607+00:00,237,3,13.33,Costco,Issaquah,WA,5411,Chip Transaction,0
cbf5e793-46f3-4aba-91e7-eaf06749d26e,2026-08-02T12:15:27.832607+00:00,175,0,210.27,Target,Minneapolis,MN,5411,Swipe Transaction,0
130cc419-c0cf-4012-8cfb-edeafc7f19be,2026-07-12T21:43:27.832607+00:00,159,1,84.92,Netflix,Los Gatos,CA,4899,Swipe Transaction,0
e33f8e40-5de7-4da5-9c8a-23ca5ae3a32d,2026-08-04T04:27:27.832607+00:00,121,0,17.11,Home Depot,Atlanta,GA,5200,Swipe Transaction,0
bc89469e-aeff-4bdb-985d-47be91209929,2026-07-14T02:14:27.832607+00:00,222,1,6519.75,AnonymousGiftCards,Panama City,FOREIGN,5947,Online Transaction,1
463041d6-d1fb-4788-befc-5b2a6d52e6cd,2026-08-02T02:37:27.832607+00:00,236,1,49.47,Delta Airlines,Atlanta,GA,4511,Online Transaction,0
05ca7350-d443-4657-b5db-f6b3401abc80,2026-07-18T10:09:27.832607+00:00,63,4,52.88,Walmart,Bentonville,AR,5411,Chip Transaction,0
5bad5b79-a47d-40b7-9dd5-ec7c0939a532,2026-07-07T09:59:27.832607+00:00,206,4,9.72,CVS Pharmacy,Woonsocket,RI,5912,Swipe Transaction,0
a454527d-358f-4c79-a606-4d2bc1cb270f,2026-07-17T15:31:27.832607+00:00,2,0,9.22,Whole Foods,Austin,TX,5411,Online Transaction,0
feddf42f-c96e-4958-bf4d-7c0914d0223b,2026-07-10T19:29:27.832607+00:00,31,4,20.64,Apple Store,Cupertino,CA,5732,Swipe Transaction,0
681214d2-39c6-4838-a8e6-687d9f6b1111,2026-06-18T21:34:27.832607+00:00,75,3,5.95,Delta Airlines,Atlanta,GA,4511,Swipe Transaction,0
d11e3c4c-cd69-43d9-9eb0-49f99b751504,2026-08-13T03:59:27.832607+00:00,202,0,145.47,Delta Airlines,Atlanta,GA,4511,Chip Transaction,0
e5b03409-081a-4e44-b25b-2b27b3defed3,2026-08-07T08:47:27.832607+00:00,185,1,63.29,Shell,Houston,TX,5541,Swipe Transaction,0
1d81d66d-6f10-41b0-a839-2bfa5f463095,2026-07-14T10:36:27.832607+00:00,68,0,11.82,Uber,San Francisco,CA,4121,Chip Transaction,0
90f98386-057f-4c21-924a-ee0d29332390,2026-07-17T18:12:27.832607+00:00,194,2,19.66,Walmart,Bentonville,AR,5411,Swipe Transaction,0
f4624c3b-7d4f-4ef0-b859-8130a47bc010,2026-07-16T15:05:27.832607+00:00,71,4,15.25,Apple Store,Cupertino,CA,5732,Chip Transaction,0
77fae213-9e7b-4fb1-825c-4d8b42e0378c,2026-08-13T13:04:27.832607+00:00,145,2,25.39,Target,Minneapolis,MN,5411,Online Transaction,0
b7763ef5-32e1-4c0e-b91f-f722fc181e62,2026-07-21T06:59:27.832607+00:00,113,2,5.81,Delta Airlines,Atlanta,GA,4511,Chip Transaction,0
ce7603e2-bb9c-402a-a148-205dd5a65522,2026-08-02T17:47:27.832607+00:00,66,1,5.69,Delta Airlines,Atlanta,GA,4511,Online Transaction,0
f9513887-efba-4817-8df6-b9f632a86c43,2026-08-14T05:59:27.832607+00:00,185,4,11.8,Best Buy,Richfield,MN,5732,Chip Transaction,0
759f6911-0c3a-4ecb-adf5-59f44d5523e6,2026-06-30T18:09:27.832607+00:00,134,2,42.01,Best Buy,Richfield,MN,5732,Chip Transaction,0
7f216d9b-32a8-432a-82eb-f329d77c8878,2026-07-13T09:27:27.832607+00:00,124,3,144.44,Apple Store,Cupertino,CA,5732,Chip Transaction,0
717cfa28-29af-45de-a9df-5e90138abc5a,2026-08-15T12:04:27.832607+00:00,72,4,17.25,Walmart,Bentonville,AR,5411,Chip Transaction,0
8d9a9288-c501-4986-8d4b-2bda4006abe2,2026-08-05T21:54:27.832607+00:00,4,4,24.43,Uber,San Francisco,CA,4121,Swipe Transaction,0
53b81b43-879a-44c3-9bd6-4b97c9c1e948,2026-07-27T00:16:27.832607+00:00,85,4,37.4,Uber,San Francisco,CA,4121,Chip Transaction,0
48e2f25d-6713-48c1-8540-1ea0c76193e4,2026-08-10T16:22:27.832607+00:00,205,0,78.07,Home Depot,Atlanta,GA,5200,Chip Transaction,0
06afe9f5-a369-4d72-ab85-f39fb96082b2,2026-07-07T03:28:27.832607+00:00,240,1,3.51,Starbucks,Seattle,WA,5814,Chip Transaction,0
e8e33049-6689-425a-9beb-a79af1943235,2026-07-27T00:21:27.832607+00:00,188,0,14.87,Apple Store,Cupertino,CA,5732,Swipe Transaction,0
d453b875-e0c5-42fc-ac1e-757ea0bc34d6,2026-08-04T17:36:27.832607+00:00,123,3,13.51,Amazon,Seattle,WA,5942,Swipe Transaction,0
3570fef0-6847-4a23-97ce-ac71571f3e8d,2026-08-07T20:29:27.832607+00:00,122,1,6.93,CVS Pharmacy,Woonsocket,RI,5912,Chip Transaction,0
899e6c56-f4ac-4c21-803d-e15654ec9ceb,2026-08-07T16:59:27.832607+00:00,111,0,30.47,Starbucks,Seattle,WA,5814,Chip Transaction,0
a7ccbb7a-59df-4fca-b74d-67a448c15aaf,2026-07-07T12:12:27.832607+00:00,1,2,35.74,Starbucks,Seattle,WA,5814,Swipe Transaction,0
1818d8b8-a8d7-4670-910e-413850f6a75d,2026-07-10T17:41:27.832607+00:00,73,2,33.17,Apple Store,Cupertino,CA,5732,Chip Transaction,0
3a23c1f8-9849-438d-b96c-8d7029ba5440,2026-07-23T18:00:27.832607+00:00,161,3,11.46,Starbucks,Seattle,WA,5814,Chip Transaction,0
6a3e8bf5-57aa-4382-ade1-4245214d18b5,2026-08-06T15:39:27.832607+00:00,121,3,23.85,Target,Minneapolis,MN,5411,Online Transaction,0
9881ceac-9e7c-4900-b026-1ee004186c3a,2026-08-01T22:48:27.832607+00:00,114,2,21.1,CVS Pharmacy,Woonsocket,RI,5912,Online Transaction,0
43cb1111-ce8c-4420-8aba-7419a731e57b,2026-06-19T17:41:27.832607+00:00,82,4,41.09,Costco,Issaquah,WA,5411,Chip Transaction,0
d286ef57-3233-430a-b599-18ec99cc31d5,2026-07-04T20:20:27.832607+00:00,83,1,56.59,Shell,Houston,TX,5541,Swipe Transaction,0
36e4bf29-51dd-4b5f-a7f1-43c56813f8c5,2026-07-30T07:56:27.832607+00:00,84,4,13.44,CVS Pharmacy,Woonsocket,RI,5912,Swipe Transaction,0
eea6450e-9548-4c85-96cb-7ef65f6bcbee,2026-07-04T16:11:27.832607+00:00,68,3,15.35,CVS Pharmacy,Woonsocket,RI,5912,Chip Transaction,0
dedb458f-04cc-47d5-813b-1380db41c39a,2026-07-20T03:54:27.832607+00:00,116,2,16.49,Shell,Houston,TX,5541,Swipe Transaction,0
0edb6dad-9d91-4d8a-bfeb-5bf8c4d22d86,2026-07-09T02:05:27.832607+00:00,248,3,14.32,CVS Pharmacy,Woonsocket,RI,5912,Chip Transaction,0
1a11f555-c506-493e-a531-0a0006c8a817,2026-07-15T14:41:27.832607+00:00,96,0,5.01,Target,Minneapolis,MN,5411,Chip Transaction,0
150bc93f-9e2f-4d91-844f-fb15d0bb44fa,2026-07-18T12:05:27.832607+00:00,56,4,13.31,Netflix,Los Gatos,CA,4899,Chip Transaction,0
858c94d4-0741-4bc5-a2ad-e0d721b05b50,2026-07-02T00:28:27.832607+00:00,123,4,11.0,Shell,Houston,TX,5541,Chip Transaction,0
f8f811dd-0e64-4ac6-946a-a51a2869932a,2026-07-05T00:42:27.832607+00:00,181,3,49.99,Amazon,Seattle,WA,5942,Online Transaction,0
2789f42c-7f12-45fd-b50f-c97305c8ff3f,2026-07-25T01:22:27.832607+00:00,88,2,28.26,Best Buy,Richfield,MN,5732,Chip Transaction,0
b89baa15-aa4c-4ff1-9bc7-bcf4d53b0c91,2026-06-28T20:06:27.832607+00:00,19,2,13.06,Whole Foods,Austin,TX,5411,Online Transaction,0
96df890b-42b5-4905-a0d6-24dd324bd6a9,2026-07-10T03:15:27.832607+00:00,23,3,11.36,Costco,Issaquah,WA,5411,Chip Transaction,0
d26a5d94-ff71-459e-8207-51def231fa3d,2026-07-25T11:27:27.832607+00:00,75,0,42.47,Home Depot,Atlanta,GA,5200,Chip Transaction,0
3d4526ed-6df8-45e3-9e8d-46458f29d8f8,2026-08-04T00:18:27.832607+00:00,246,2,164.55,Walmart,Bentonville,AR,5411,Swipe Transaction,0
a3519bd3-6a70-451c-9729-f8db2b933a2e,2026-07-07T05:12:27.832607+00:00,86,1,9.8,Starbucks,Seattle,WA,5814,Chip Transaction,0
a77261a2-182a-4356-b199-939e6e3ebd7f,2026-07-24T05:18:27.832607+00:00,205,0,36.0,Delta Airlines,Atlanta,GA,4511,Online Transaction,0
6134ce9e-7a22-428e-a34c-3eb31a96e8d6,2026-06-29T16:51:27.832607+00:00,246,4,15.65,Home Depot,Atlanta,GA,5200,Online Transaction,0
704f1743-1b62-4afd-b09d-f589d89067e4,2026-07-18T00:40:27.832607+00:00,20,4,14.82,Apple Store,Cupertino,CA,5732,Chip Transaction,0
f6952720-bfc9-4dc1-93d4-0ede1a9254c3,2026-08-08T09:52:27.832607+00:00,218,0,12.05,CVS Pharmacy,Woonsocket,RI,5912,Chip Transaction,0
6450b47b-1e38-47d4-b681-cd39c8e9fb64,2026-06-25T13:24:27.832607+00:00,176,3,32.67,Best Buy,Richfield,MN,5732,Chip Transaction,0
bd697b42-f8e2-4692-809a-82474b9d13f3,2026-07-22T14:20:27.832607+00:00,87,3,31.52,Whole Foods,Austin,TX,5411,Swipe Transaction,0
d7921e79-1271-4d00-8b3a-9cdf56493b7c,2026-06-29T18:21:27.832607+00:00,148,2,58.62,Delta Airlines,Atlanta,GA,4511,Chip Transaction,0
36ea4b7f-fe1e-4ce6-9913-9c3e0ec91d4c,2026-08-16T05:17:27.832607+00:00,173,2,21.08,Netflix,Los Gatos,CA,4899,Chip Transaction,0
d36e423e-f4bc-42f7-a42b-c5e1a838c7d3,2026-06-29T08:11:27.832607+00:00,38,1,53.74,McDonald's,Chicago,IL,5814,Chip Transaction,0
29e33226-7ae7-4085-bfd0-109c6b53a11d,2026-07-19T17:16:27.832607+00:00,33,4,62.16,Amazon,Seattle,WA,5942,Chip Transaction,0
0344f3a7-0a55-454e-bf10-c0ef98883f93,2026-07-16T01:48:27.832607+00:00,70,1,33.31,Uber,San Francisco,CA,4121,Chip Transaction,0
e1c50900-373c-48f3-b85a-a396e0317c97,2026-07-28T00:36:27.832607+00:00,114,1,13.99,Amazon,Seattle,WA,5942,Chip Transaction,0
fd0cb441-86e0-462c-80a2-09ac7c55f0c7,2026-07-13T04:08:27.832607+00:00,209,0,20.17,Apple Store,Cupertino,CA,5732,Chip Transaction,0
2b109a43-6e68-4a4c-bd3d-298a82ceefce,2026-08-08T08:19:27.832607+00:00,192,2,7.79,Home Depot,Atlanta,GA,5200,Swipe Transaction,0
0c2f4cd5-90b8-446d-88b0-6996d1e2eb3f,2026-07-10T00:18:27.832607+00:00,29,3,50.56,Walmart,Bentonville,AR,5411,Chip Transaction,0
d4f69a91-3cd4-489f-9369-9ecdf1cab83b,2026-08-15T07:53:27.832607+00:00,243,2,157.57,OnlineElectronics,Shenzhen,FOREIGN,5732,Online Transaction,1
6d335a38-12dc-4630-b451-961d263235f1,2026-08-10T20:30:27.832607+00:00,167,3,33.27,Costco,Issaquah,WA,5411,Swipe Transaction,0
acde0d3f-167d-482c-bc2b-36532d3dda6c,2026-07-04T21:27:27.832607+00:00,10,0,695.47,LuxuryGoods LLC,Miami,FL,5944,Online Transaction,1
8df6933d-3ccc-4803-a466-0045986b04e5,2026-06-23T12:44:27.832607+00:00,211,1,41.42,Costco,Issaquah,WA,5411,Swipe Transaction,0
0bf9da6d-a211-4229-a5e4-accc19ece64f,2026-07-09T15:19:27.832607+00:00,172,1,25.38,Whole Foods,Austin,TX,5411,Online Transaction,0
1b331849-de81-4961-95a4-0f333655235d,2026-07-14T13:39:27.832607+00:00,216,2,11.4,Walmart,Bentonville,AR,5411,Chip Transaction,0
674c2ae4-bf23-405c-9325-ae280aa3ff9c,2026-06-21T04:34:27.832607+00:00,105,0,20.66,CVS Pharmacy,Woonsocket,RI,5912,Chip Transaction,0
ba1d2e7e-30fb-4290-bfc0-59358350e402,2026-06-28T16:39:27.832607+00:00,90,1,37.11,Best Buy,Richfield,MN,5732,Chip Transaction,0
8512260d-e062-44f7-b6ff-dec111f4cb0d,2026-08-08T09:55:27.832607+00:00,220,4,7.84,Walmart,Bentonville,AR,5411,Online Transaction,0
059c8cb6-ce1b-4e15-8b7f-c71b25e35ceb,2026-07-07T17:03:27.832607+00:00,83,4,17.03,Best Buy,Richfield,MN,5732,Chip Transaction,0
5fe74d6a-0183-421f-8dab-650117971bef,2026-07-14T12:32:27.832607+00:00,219,4,46.51,McDonald's,Chicago,IL,5814,Swipe Transaction,0
97404c47-2d14-43a2-8c9c-1561386ee5a9,2026-07-29T22:22:27.832607+00:00,104,2,15.46,Home Depot,Atlanta,GA,5200,Chip Transaction,0
40bd805a-db88-45ad-91cf-f36be0c20f6d,2026-06-21T19:38:27.832607+00:00,182,3,5.89,Starbucks,Seattle,WA,5814,Chip Transaction,0
6f3bb9b2-cc55-41f4-8241-d9d39d966fc3,2026-06-24T00:34:27.832607+00:00,38,4,61.43,Best Buy,Richfield,MN,5732,Chip Transaction,0
f77802e4-c6da-4fe7-8ad4-64b53c861f22,2026-08-13T16:24:27.832607+00:00,47,0,20.36,CVS Pharmacy,Woonsocket,RI,5912,Chip Transaction,0
4908e2f2-325f-41aa-9029-13ad78352023,2026-08-03T18:52:27.832607+00:00,147,3,42.23,Costco,Issaquah,WA,5411,Chip Transaction,0
95b9c02d-18a2-4411-830b-479886699eaf,2026-07-03T18:11:27.832607+00:00,116,1,72.67,Starbucks,Seattle,WA,5814,Swipe Transaction,0
1e50189b-72f4-4db4-a463-3dcb36eb31b7,2026-07-06T13:09:27.832607+00:00,132,2,17.05,Home Depot,Atlanta,GA,5200,Swipe Transaction,0
8cc93f60-2166-4007-b078-743e2ad7b823,2026-07-17T02:25:27.832607+00:00,141,3,3.46,Target,Minneapolis,MN,5411,Chip Transaction,0
637c2ebe-d1eb-4e99-ae67-dd1ac1509d4e,2026-08-08T00:21:27.832607+00:00,110,0,42.58,Uber,San Francisco,CA,4121,Swipe Transaction,0
87bcb8ee-6177-4bd2-8aa4-23ec817ca609,2026-06-28T08:16:27.832607+00:00,142,0,10.13,Starbucks,Seattle,WA,5814,Chip Transaction,0
bf34d2c8-c5a1-4b08-9bc2-e685a4f00b9f,2026-07-01T20:34:27.832607+00:00,39,4,42.85,Costco,Issaquah,WA,5411,Swipe Transaction,0
75058fc3-5761-477e-beb8-d73be643cb4e,2026-06-29T12:08:27.832607+00:00,136,1,27.42,CVS Pharmacy,Woonsocket,RI,5912,Swipe Transaction,0
88ca885f-9646-4635-8c1c-d9b88e47530a,2026-07-13T17:07:27.832607+00:00,216,1,5.98,McDonald's,Chicago,IL,5814,Swipe Transaction,0
cca3c0ff-ae85-4837-9c0e-2e7733a5c891,2026-06-28T13:43:27.832607+00:00,249,3,21.18,Best Buy,Richfield,MN,5732,Chip Transaction,0
36c38595-4ce2-4f4d-81cf-41553e9657da,2026-07-20T19:27:27.832607+00:00,1,0,23.17,Home Depot,Atlanta,GA,5200,Online Transaction,0
7f70b3c6-3685-431b-a159-d0ece5c7f155,2026-07-24T22:07:27.832607+00:00,211,1,7.74,McDonald's,Chicago,IL,5814,Chip Transaction,0
a63be49d-8171-4923-a2fb-cdbde3ec3a27,2026-07-25T17:29:27.832607+00:00,214,2,35.53,Target,Minneapolis,MN,5411,Chip Transaction,0
3a1b1c8e-fb30-4d5d-bb47-0f07fdf3e9ce,2026-08-10T09:05:27.832607+00:00,150,1,9.7,Shell,Houston,TX,5541,Swipe Transaction,0
137c56b9-c95b-48f8-b92e-c32ad861f834,2026-07-29T01:31:27.832607+00:00,134,2,14.65,McDonald's,Chicago,IL,5814,Swipe Transaction,0
7b0dce6b-1c0d-49f2-9dc6-0d721f991e0c,2026-06-30T01:56:27.832607+00:00,211,0,29.9,McDonald's,Chicago,IL,5814,Chip Transaction,0
4da9f54a-1b44-4d6c-8f83-c397018d62db,2026-06-28T12:46:27.832607+00:00,244,0,99.69,Apple Store,Cupertino,CA,5732,Online Transaction,0
d384ac6c-cb8c-48e2-a402-5a88e2420f58,2026-07-13T01:45:27.832607+00:00,225,3,8.0,Shell,Houston,TX,5541,Swipe Transaction,0
792241cb-0b59-432e-ac6f-0f6efe1ef4da,2026-07-21T07:14:27.832607+00:00,15,0,23.85,Walmart,Bentonville,AR,5411,Chip Transaction,0
ec26de13-050f-4f50-9f8c-c8c690c5b8c1,2026-07-22T07:03:27.832607+00:00,108,2,15.45,Delta Airlines,Atlanta,GA,4511,Chip Transaction,0
17cfaca0-9097-470e-82f3-614b16449f68,2026-07-15T08:01:27.832607+00:00,57,4,46.5,Walmart,Bentonville,AR,5411,Swipe Transaction,0
e3c7e231-a399-4b1e-b2df-84f7275f8272,2026-07-08T07:35:27.832607+00:00,156,4,23.39,Walmart,Bentonville,AR,5411,Swipe Transaction,0
c307f6fe-679b-4d43-a816-09838a8e4db8,2026-07-12T23:23:27.832607+00:00,148,0,48.22,Walmart,Bentonville,AR,5411,Online Transaction,0
d335ef55-1c0b-4218-b884-b1ba3ad66734,2026-08-06T02:32:27.832607+00:00,108,3,12.72,Starbucks,Seattle,WA,5814,Online Transaction,0
27cc0c2e-056c-47c0-a7eb-9a77c4b08e32,2026-08-13T04:04:27.832607+00:00,10,3,20.67,CVS Pharmacy,Woonsocket,RI,5912,Online Transaction,0
cc773045-5da7-45e5-98d4-fd1fed7165b1,2026-06-20T15:01:27.832607+00:00,7,2,32.07,Netflix,Los Gatos,CA,4899,Swipe Transaction,0
9bd93e07-7e59-49b0-bee2-0a724dfdc13c,2026-08-07T19:19:27.832607+00:00,65,2,137.05,Netflix,Los Gatos,CA,4899,Online Transaction,0
27eafbb2-6620-47b5-a31b-bfa258e732ac,2026-07-16T11:34:27.832607+00:00,179,2,4.98,Starbucks,Seattle,WA,5814,Chip Transaction,0
822f8d4e-fd60-4f52-99d2-5f9a856cbdea,2026-08-02T04:20:27.832607+00:00,193,2,120.98,CVS Pharmacy,Woonsocket,RI,5912,Swipe Transaction,0
961c5d7d-c9ad-46fb-aff2-90adb3d9ad8b,2026-08-01T03:18:27.832607+00:00,207,1,9.21,Costco,Issaquah,WA,5411,Chip Transaction,0
d87a6d46-3ca1-498b-9c52-a0d782200b02,2026-07-18T23:41:27.832607+00:00,194,3,16.72,Walmart,Bentonville,AR,5411,Swipe Transaction,0
cbc2516e-15b2-4d24-b08e-c6715d9e2932,2026-07-29T09:33:27.832607+00:00,93,1,23.71,Delta Airlines,Atlanta,GA,4511,Chip Transaction,0
195df5f2-0895-4e2a-a956-ae433d6b6fc7,2026-08-01T10:58:27.832607+00:00,165,4,12.25,Walmart,Bentonville,AR,5411,Chip Transaction,0
74e49840-a213-42fe-adee-b3353b9d5f21,2026-07-20T20:05:27.832607+00:00,24,0,6.66,Home Depot,Atlanta,GA,5200,Chip Transaction,0
7820fab4-5c98-4303-bdec-6e6aeaf3d6e4,2026-06-23T08:52:27.832607+00:00,137,2,20.09,McDonald's,Chicago,IL,5814,Swipe Transaction,0
6d5c7c3f-212e-4989-beba-fd2c488e4058,2026-07-11T16:26:27.832607+00:00,58,3,11.7,Netflix,Los Gatos,CA,4899,Chip Transaction,0
18d25834-e8e5-4a9d-b675-39416a4d1aef,2026-08-13T02:05:27.832607+00:00,214,1,35.03,Target,Minneapolis,MN,5411,Chip Transaction,0
280971c3-068b-4e35-b5e8-9645ac36ffc1,2026-07-25T11:11:27.832607+00:00,63,0,32.83,Apple Store,Cupertino,CA,5732,Chip Transaction,0
a5f4ede4-80d4-42e1-9de9-17274611a86b,2026-06-22T01:45:27.832607+00:00,106,1,18.28,Apple Store,Cupertino,CA,5732,Swipe Transaction,0
d135c796-ce0b-48d4-8962-49e5f6fb6fd8,2026-06-30T14:19:27.832607+00:00,67,2,80.88,McDonald's,Chicago,IL,5814,Chip Transaction,0
3e85f660-807d-4a3e-82d5-76d7cfdc3d5a,2026-07-23T19:25:27.832607+00:00,35,2,15.93,Uber,San Francisco,CA,4121,Online Transaction,0
48d1233e-e748-46b7-acfb-6ea172c0461d,2026-07-25T07:48:27.832607+00:00,81,0,59.8,Best Buy,Richfield,MN,5732,Chip Transaction,0
8c46c31c-bc48-4899-ba38-e6b1a8862a5a,2026-06-22T19:30:27.832607+00:00,58,3,63.19,Uber,San Francisco,CA,4121,Swipe Transaction,0
cc303875-aec3-45b5-a5ee-9d16c99988e4,2026-07-23T07:14:27.832607+00:00,17,1,21.99,Amazon,Seattle,WA,5942,Swipe Transaction,0
962378ca-2f42-4191-8cac-40ab2f9cd462,2026-08-14T18:51:27.832607+00:00,181,1,227.61,Home Depot,Atlanta,GA,5200,Chip Transaction,0
39b3fdbc-cf1f-47c0-a0d8-b1bf17ce6e5e,2026-08-10T23:50:27.832607+00:00,230,0,64.71,Walmart,Bentonville,AR,5411,Chip Transaction,0
67f4ab3f-3692-420b-8acb-7d7c12dc19fa,2026-06-23T09:23:27.832607+00:00,170,3,39.29,Delta Airlines,Atlanta,GA,4511,Chip Transaction,0
89fcfd9d-53cf-4bdd-9327-32a753251046,2026-07-19T14:20:27.832607+00:00,131,3,16.56,McDonald's,Chicago,IL,5814,Swipe Transaction,0
b3b8e35f-2e8c-4113-b089-366a2d5238fb,2026-08-03T16:05:27.832607+00:00,14,2,65.18,McDonald's,Chicago,IL,5814,Online Transaction,0
849fb087-03f2-4039-92ec-8fcf2a5b4e0e,2026-06-24T07:52:27.832607+00:00,188,1,35.65,Walmart,Bentonville,AR,5411,Swipe Transaction,0
90c4bcf0-4ff7-4f0e-8b9d-c2e6f50537d4,2026-07-25T03:39:27.832607+00:00,167,3,39.92,CVS Pharmacy,Woonsocket,RI,5912,Chip Transaction,0
834f0425-7a5c-4a6f-add0-a07cdea60abb,2026-08-05T22:06:27.832607+00:00,100,3,123.59,Walmart,Bentonville,AR,5411,Online Transaction,0
e7f67703-0acc-4e7d-b376-a52774fa9781,2026-07-13T02:13:27.832607+00:00,46,3,47.29,Target,Minneapolis,MN,5411,Chip Transaction,0
f0baaf3c-0dc8-42e1-9ee3-7dd72a4a7b76,2026-07-24T20:38:27.832607+00:00,166,0,15.45,Target,Minneapolis,MN,5411,Chip Transaction,0
4ca91de6-e027-4259-a296-7e381f341059,2026-07-16T21:02:27.832607+00:00,143,0,25.47,Walmart,Bentonville,AR,5411,Swipe Transaction,0
cc253f98-6d19-4663-a6ad-1ab2d0737f7c,2026-07-13T20:00:27.832607+00:00,99,2,112.18,Amazon,Seattle,WA,5942,Chip Transaction,0
de3affe9-2e76-44c8-9b43-b1d5a8bf07d3,2026-08-14T06:45:27.832607+00:00,49,4,49.19,Best Buy,Richfield,MN,5732,Online Transaction,0
03edcd82-dc2d-4f40-9e0a-77d06d0e2406,2026-07-02T10:49:27.832607+00:00,46,3,34.28,Starbucks,Seattle,WA,5814,Chip Transaction,0
295b07a7-5433-4178-bfde-d9c51905af95,2026-07-31T15:25:27.832607+00:00,241,0,5.26,Costco,Issaquah,WA,5411,Online Transaction,0
5eda50b2-1ae1-4dff-a3c6-2c0097af3138,2026-07-19T10:19:27.832607+00:00,231,0,18.46,Walmart,Bentonville,AR,5411,Chip Transaction,0
2d1e7b1a-cc63-4a76-a8d6-35e3346fbb0c,2026-07-02T12:01:27.832607+00:00,30,4,27.69,Target,Minneapolis,MN,5411,Chip Transaction,0
c67db3ba-7aee-4576-bcb2-58fdc4d31cb1,2026-08-10T20:09:27.832607+00:00,16,3,22.89,Uber,San Francisco,CA,4121,Chip Transaction,0
ee3554df-d548-4818-9f8b-03ba00c6da4d,2026-06-23T23:48:27.832607+00:00,145,4,3.94,Home Depot,Atlanta,GA,5200,Online Transaction,0
10f42bce-7461-444b-847e-ea35d93f1587,2026-06-29T09:09:27.832607+00:00,115,1,26.83,CVS Pharmacy,Woonsocket,RI,5912,Chip Transaction,0
f8621a13-c8bd-4f4c-9a79-bef59fbf87ee,2026-07-21T03:11:27.832607+00:00,126,0,19.35,Netflix,Los Gatos,CA,4899,Chip Transaction,0
163a5505-9373-4491-a918-67dfb29c951b,2026-07-18T12:48:27.832607+00:00,74,0,17.43,Best Buy,Richfield,MN,5732,Swipe Transaction,0
5e3be41a-76bb-4777-93cf-dc82dda24010,2026-06-29T18:42:27.832607+00:00,231,4,66.39,Starbucks,Seattle,WA,5814,Swipe Transaction,0
365adf45-b6aa-4418-a3b9-d1c730a41d1e,2026-06-28T09:25:27.832607+00:00,78,3,54.23,Uber,San Francisco,CA,4121,Chip Transaction,0
dfcd32c7-ca83-4641-aca9-54c6319ffc2b,2026-07-30T15:57:27.832607+00:00,179,0,25.66,Home Depot,Atlanta,GA,5200,Chip Transaction,0
b247be44-51f2-485d-815c-2b6ebee77038,2026-07-28T06:35:27.832607+00:00,164,4,10.72,Target,Minneapolis,MN,5411,Chip Transaction,0
88b5c51a-10ad-4c3d-8acb-44a9dc1288a0,2026-08-15T09:06:27.832607+00:00,2,1,5.69,Netflix,Los Gatos,CA,4899,Online Transaction,0
0de98534-98b4-4a86-85f5-d80eda53cb22,2026-07-17T16:37:27.832607+00:00,12,1,54.74,Netflix,Los Gatos,CA,4899,Online Transaction,0
201b829d-a5f3-4d73-9ea9-841d35e406e9,2026-08-03T21:41:27.832607+00:00,147,2,222.33,Best Buy,Richfield,MN,5732,Chip Transaction,0
1cc3c59a-07f5-48e3-a62b-8369ffff06d3,2026-07-29T03:36:27.832607+00:00,107,3,40.54,McDonald's,Chicago,IL,5814,Swipe Transaction,0
d3cca144-5202-4a98-b3a9-cbe7878d7133,2026-07-13T11:18:27.832607+00:00,3,3,2.8,Whole Foods,Austin,TX,5411,Chip Transaction,0
784935e4-ae37-4af9-a1c1-8a0d9c6b2afc,2026-08-12T23:51:27.832607+00:00,30,0,3.88,Apple Store,Cupertino,CA,5732,Chip Transaction,0
0682ca17-0c15-4d0a-850f-dfd68232c03f,2026-08-02T07:59:27.832607+00:00,190,2,5.78,Apple Store,Cupertino,CA,5732,Chip Transaction,0
4a8b3dc5-46b3-4359-8e9f-2a73e6ad574a,2026-07-11T13:16:27.832607+00:00,31,3,11.32,Shell,Houston,TX,5541,Chip Transaction,0
69b63025-2b97-4d96-9fd2-f2b26f318bf9,2026-07-29T09:36:27.832607+00:00,10,3,47.91,Home Depot,Atlanta,GA,5200,Chip Transaction,0
b1c9a2ff-8285-4063-95ec-53ad6df9a8a1,2026-07-04T05:10:27.832607+00:00,178,0,7.65,Starbucks,Seattle,WA,5814,Chip Transaction,0
80f1391b-550b-4433-a361-999cd6662c70,2026-07-25T19:03:27.832607+00:00,11,4,21.94,Uber,San Francisco,CA,4121,Swipe Transaction,0
6b367963-ae2f-4164-afd9-f4d44a3833fa,2026-07-30T14:21:27.832607+00:00,88,2,12.78,Delta Airlines,Atlanta,GA,4511,Online Transaction,0
4277c978-5d88-497e-a52a-5f1cf7629841,2026-07-31T19:43:27.832607+00:00,86,3,24.81,Starbucks,Seattle,WA,5814,Swipe Transaction,0
48f07167-0022-4489-a79b-8623e97fed35,2026-08-14T11:52:27.832607+00:00,42,1,92.86,Walmart,Bentonville,AR,5411,Chip Transaction,0
9b062e37-2804-4006-bd66-516866c7cbb3,2026-06-27T23:57:27.832607+00:00,186,2,25.24,Amazon,Seattle,WA,5942,Swipe Transaction,0
4da87ecf-231f-4cf9-9f65-36432c84b111,2026-07-14T02:04:27.832607+00:00,145,0,11.04,Whole Foods,Austin,TX,5411,Chip Transaction,0
4f2fe3bd-3901-467b-818a-b12a61317d47,2026-07-12T12:36:27.832607+00:00,211,3,5.06,Walmart,Bentonville,AR,5411,Chip Transaction,0
ed9e6b9c-28a5-461e-93e8-e11a0a8a4ecf,2026-06-25T18:43:27.832607+00:00,61,3,39.15,Shell,Houston,TX,5541,Online Transaction,0
6001547b-de69-4704-bd93-08bf3610ba33,2026-06-22T00:54:27.832607+00:00,138,2,10.35,McDonald's,Chicago,IL,5814,Chip Transaction,0
0da18ba8-a8e3-4df3-98d6-0bf2aeed604d,2026-07-27T10:10:27.832607+00:00,190,0,19.46,McDonald's,Chicago,IL,5814,Chip Transaction,0
dfd6d0e4-8aff-41a3-9865-e965f4ee45a6,2026-07-08T12:01:27.832607+00:00,219,1,7.4,Target,Minneapolis,MN,5411,Online Transaction,0
516eeaa6-c976-4215-9ab5-2549c7db1cb8,2026-07-11T04:28:27.832607+00:00,114,3,19.9,McDonald's,Chicago,IL,5814,Swipe Transaction,0
3e9abae7-c766-424d-8fc0-4ff8063b80ea,2026-07-05T14:35:27.832607+00:00,63,1,32.94,Uber,San Francisco,CA,4121,Chip Transaction,0
a462561b-560c-4889-add2-dc0b58362344,2026-07-30T09:59:27.832607+00:00,119,4,126.48,Costco,Issaquah,WA,5411,Chip Transaction,0
55b63018-d2b4-4cde-95c6-2fc477fc74d0,2026-07-10T15:25:27.832607+00:00,167,3,14.66,Shell,Houston,TX,5541,Chip Transaction,0
c873c8d5-7f1c-4080-bbf1-a5fcaff5dc26,2026-07-20T11:06:27.832607+00:00,87,4,64.85,CVS Pharmacy,Woonsocket,RI,5912,Chip Transaction,0
7bab8d43-e4a7-4b78-a0ce-34ef6e94f1cc,2026-08-02T12:48:27.832607+00:00,178,1,25.35,Whole Foods,Austin,TX,5411,Chip Transaction,0
18ddba26-6a7d-4c11-8390-d95949b0195a,2026-07-12T16:00:27.832607+00:00,40,3,6.19,Target,Minneapolis,MN,5411,Swipe Transaction,0
650623f6-5b70-4f7d-aa19-fed016fac5d2,2026-06-25T10:54:27.832607+00:00,190,1,11.14,Starbucks,Seattle,WA,5814,Chip Transaction,0
e6558ff0-20c0-4b90-ae5c-6caca0d508d4,2026-07-03T11:59:27.832607+00:00,10,0,58.34,Whole Foods,Austin,TX,5411,Swipe Transaction,0
5791a03f-e0f7-4665-b6a6-633d6856b14d,2026-08-10T20:23:27.832607+00:00,92,1,18.43,Amazon,Seattle,WA,5942,Online Transaction,0
362930fd-9cef-4ffc-a862-b350e07d0158,2026-08-03T02:10:27.832607+00:00,150,3,56.02,Shell,Houston,TX,5541,Online Transaction,0
0ee69a6b-9d84-45ca-9720-46a74855dccc,2026-07-04T13:19:27.832607+00:00,231,1,17.09,Target,Minneapolis,MN,5411,Swipe Transaction,0
d1cd8d9e-88ae-4753-9d1f-dae29923165e,2026-08-01T22:31:27.832607+00:00,161,3,71.73,Home Depot,Atlanta,GA,5200,Swipe Transaction,0
a1715da4-6bf8-456c-90e2-b119a7b9dd8a,2026-07-22T04:48:27.832607+00:00,233,3,15.86,Whole Foods,Austin,TX,5411,Online Transaction,0
dff7a042-4bfa-4c11-9637-23d824ab694f,2026-08-07T23:06:27.832607+00:00,197,0,74.71,Target,Minneapolis,MN,5411,Chip Transaction,0
98dcde06-adf7-4196-8e8c-bbdfa049fd14,2026-06-24T10:38:27.832607+00:00,115,0,16.78,Costco,Issaquah,WA,5411,Swipe Transaction,0
baf8e3f3-b32e-4cd7-967a-3670cd8abbbb,2026-07-03T00:53:27.832607+00:00,95,0,17.03,Best Buy,Richfield,MN,5732,Chip Transaction,0
3d33c500-1b1b-4702-8585-1328e23d5c16,2026-07-31T15:59:27.832607+00:00,202,0,32.88,Shell,Houston,TX,5541,Swipe Transaction,0
9f6fe251-481f-45c1-b380-8de341aa65c9,2026-07-15T12:17:27.832607+00:00,44,2,24.01,CVS Pharmacy,Woonsocket,RI,5912,Swipe Transaction,0
45cb24c7-df22-4912-b7e3-4e09041c1c33,2026-07-24T19:06:27.832607+00:00,167,1,8.33,Shell,Houston,TX,5541,Chip Transaction,0
1d5fa084-5777-4975-bf8a-b2983fe7afcc,2026-07-19T21:18:27.832607+00:00,169,3,17.37,Netflix,Los Gatos,CA,4899,Online Transaction,0
c2e28fbd-53d3-45b5-aa65-cadd87450c8c,2026-08-09T11:52:27.832607+00:00,98,1,50.53,Amazon,Seattle,WA,5942,Chip Transaction,0
9fec0f6f-8ab2-4839-bd73-7ebf8c96905c,2026-07-05T00:10:27.832607+00:00,94,4,37.08,Amazon,Seattle,WA,5942,Chip Transaction,0
476ea399-f4b9-495c-ada3-6d9be9f6dbc8,2026-07-09T03:48:27.832607+00:00,50,3,10.3,Uber,San Francisco,CA,4121,Chip Transaction,0
9bb3d02a-83fa-4777-a3c0-23f6d5b87c8f,2026-07-22T03:54:27.832607+00:00,234,2,19.38,Whole Foods,Austin,TX,5411,Online Transaction,0
089774e9-7dc7-4eca-8583-ff8c429b4dbc,2026-07-01T11:41:27.832607+00:00,200,0,19.47,Amazon,Seattle,WA,5942,Online Transaction,0
b2c0acd7-7caf-4349-acb9-96f632457a6e,2026-08-09T22:25:27.832607+00:00,19,1,1392.64,CryptoExchange OU,Tallinn,FOREIGN,6051,Online Transaction,1
697ab039-d86a-4a4f-a630-4290440b7008,2026-06-24T18:07:27.832607+00:00,15,1,11.25,Costco,Issaquah,WA,5411,Swipe Transaction,0
9349d5ad-7f3d-489e-88b8-776a4c67ec56,2026-07-29T15:18:27.832607+00:00,21,3,44.13,Whole Foods,Austin,TX,5411,Chip Transaction,0
2fbc23bb-e66a-40ef-ab4e-9a0d07a81405,2026-07-18T15:13:27.832607+00:00,155,1,23.43,Starbucks,Seattle,WA,5814,Online Transaction,0
6aec181a-d87f-4af9-8d43-f51014a3a430,2026-07-05T02:09:27.832607+00:00,130,0,67.97,McDonald's,Chicago,IL,5814,Chip Transaction,0
7433fbd6-79ec-474c-b348-cb341dac5205,2026-08-09T13:22:27.832607+00:00,195,0,28.32,Starbucks,Seattle,WA,5814,Chip Transaction,0
a96486a7-5b76-458c-a343-43552b8b57cf,2026-07-30T16:02:27.832607+00:00,215,4,40.95,Uber,San Francisco,CA,4121,Chip Transaction,0
b405324e-54a4-402b-a817-c55eb0948083,2026-07-20T18:58:27.832607+00:00,89,1,32.38,Home Depot,Atlanta,GA,5200,Chip Transaction,0
995038c0-794a-4226-a911-d98569c4fdac,2026-06-29T12:09:27.832607+00:00,127,2,389.0,LuxuryGoods LLC,Miami,FL,5944,Chip Transaction,1
c01d38ca-5f14-4d4c-bd06-b2c856ae97fe,2026-08-11T07:12:27.832607+00:00,115,0,17.62,Costco,Issaquah,WA,5411,Online Transaction,0
e14d8dbb-ec63-45b3-a805-c11d6b2e3239,2026-08-08T18:25:27.832607+00:00,174,0,67.14,CVS Pharmacy,Woonsocket,RI,5912,Swipe Transaction,0
cfc46673-16f1-416d-ab68-4667399d1eda,2026-06-25T23:43:27.832607+00:00,95,3,15.88,Costco,Issaquah,WA,5411,Online Transaction,0
8e4d9011-9040-48c9-9a8b-176823207de9,2026-07-20T11:16:27.832607+00:00,44,0,32.39,Uber,San Francisco,CA,4121,Chip Transaction,0
38efa3a2-d0bc-40d1-b287-6636aab0c1b0,2026-07-15T16:15:27.832607+00:00,249,3,11.32,Whole Foods,Austin,TX,5411,Online Transaction,0
a4bee1ab-6d8b-4d71-b234-99d2be096dad,2026-07-05T14:21:27.832607+00:00,108,0,22.51,Apple Store,Cupertino,CA,5732,Swipe Transaction,0
d0bb8f02-8a5d-449c-81ce-f0e58c01bf79,2026-08-04T02:34:27.832607+00:00,170,1,20.96,Netflix,Los Gatos,CA,4899,Swipe Transaction,0
e09614bf-a7a2-4f0e-9dfb-edab892e0436,2026-08-03T01:13:27.832607+00:00,128,3,23.13,Target,Minneapolis,MN,5411,Chip Transaction,0
ecd0ac06-58d0-4dd2-bb6e-259bbfb382ab,2026-08-02T09:19:27.832607+00:00,186,3,27.08,Costco,Issaquah,WA,5411,Chip Transaction,0
4b411484-3df4-4368-a6bf-940e7f0d6dc6,2026-07-08T09:34:27.832607+00:00,75,1,9.13,Costco,Issaquah,WA,5411,Chip Transaction,0
cc7940da-0c57-40c1-84f2-5af0ba1d84fb,2026-07-26T09:28:27.832607+00:00,79,1,54.77,Apple Store,Cupertino,CA,5732,Chip Transaction,0
1808ef2d-b75b-4e63-8510-2b74c001ba27,2026-07-16T23:31:27.832607+00:00,136,2,39.29,McDonald's,Chicago,IL,5814,Swipe Transaction,0
d073be7c-5769-4faa-98f2-95aba2c1a1f2,2026-07-16T18:01:27.832607+00:00,122,0,34.26,CVS Pharmacy,Woonsocket,RI,5912,Swipe Transaction,0
3f2e07c3-5aa7-4ee2-bf79-5f74325efffe,2026-08-15T04:28:27.832607+00:00,122,2,133.97,Netflix,Los Gatos,CA,4899,Online Transaction,0
57ffcc53-c889-4662-a2e3-4c35bcaa1fca,2026-06-27T06:45:27.832607+00:00,83,4,17.75,CVS Pharmacy,Woonsocket,RI,5912,Chip Transaction,0
7a5cc771-1132-4012-98ed-b71f10f9a288,2026-07-26T23:04:27.832607+00:00,121,0,2.58,Best Buy,Richfield,MN,5732,Chip Transaction,0
4cbefee2-4871-4676-a74d-ceb5484ac70b,2026-07-19T06:24:27.832607+00:00,136,3,19.88,Walmart,Bentonville,AR,5411,Chip Transaction,0
e8474375-7a26-483c-96da-4ee1fd86685e,2026-07-05T16:24:27.832607+00:00,198,2,8.2,Whole Foods,Austin,TX,5411,Chip Transaction,0
da3920e4-11cd-486f-8169-ba297a37f442,2026-08-03T18:35:27.832607+00:00,84,2,9.94,CVS Pharmacy,Woonsocket,RI,5912,Swipe Transaction,0
6e163503-cc40-4f3f-8bfb-6d1a9e028bfc,2026-06-21T07:19:27.832607+00:00,52,1,23.7,Target,Minneapolis,MN,5411,Online Transaction,0
3819c106-ee51-47ad-a60d-3838ec0e8d54,2026-06-23T09:43:27.832607+00:00,205,4,95.83,Shell,Houston,TX,5541,Chip Transaction,0
17a8aae2-352f-4739-a9ed-26e6cddd39ab,2026-07-22T02:07:27.832607+00:00,67,1,12.74,Netflix,Los Gatos,CA,4899,Chip Transaction,0
847262b0-126b-4a4b-bdb4-16c87c818d71,2026-08-03T16:27:27.832607+00:00,120,1,65.71,Amazon,Seattle,WA,5942,Chip Transaction,0
dba1b493-2dea-4409-bcdc-b83c9675a22e,2026-07-07T03:22:27.832607+00:00,240,2,9.46,Home Depot,Atlanta,GA,5200,Chip Transaction,0
3f97a72f-e486-4278-9e7e-d6afc0d24aaa,2026-07-06T07:08:27.832607+00:00,83,0,30.88,Delta Airlines,Atlanta,GA,4511,Swipe Transaction,0
bf5244a4-2ff5-4086-8dd3-f3343d1fd25a,2026-08-05T12:28:27.832607+00:00,185,3,27.9,Uber,San Francisco,CA,4121,Chip Transaction,0
7ba6633f-2808-4b5a-b5c8-87a5c347adc6,2026-06-27T17:23:27.832607+00:00,215,0,1094.83,OnlineElectronics,Shenzhen,FOREIGN,5732,Online Transaction,1
557019d5-8663-4ac4-92a8-ec15f3483c9c,2026-06-19T05:09:27.832607+00:00,128,0,26.19,Best Buy,Richfield,MN,5732,Swipe Transaction,0
6c42394b-361c-4c5c-904d-713e969f20ba,2026-08-10T14:50:27.832607+00:00,194,2,44.14,Walmart,Bentonville,AR,5411,Chip Transaction,0
9399e420-f372-4bd2-9a33-440cbdf98696,2026-07-15T07:06:27.832607+00:00,16,4,18.92,Netflix,Los Gatos,CA,4899,Chip Transaction,0
cb00af77-da4c-4f62-a7f3-9c40b46dfac7,2026-07-09T21:37:27.832607+00:00,54,3,47.7,Netflix,Los Gatos,CA,4899,Chip Transaction,0
0cefba4b-c3c2-45f4-ad35-b5432fc376aa,2026-08-02T07:41:27.832607+00:00,175,4,51.25,Whole Foods,Austin,TX,5411,Chip Transaction,0
6d861979-3a29-478d-b2ac-30a1de4f7ebd,2026-08-14T14:14:27.832607+00:00,195,1,44.01,Costco,Issaquah,WA,5411,Chip Transaction,0
e2bcbf19-e725-4410-9a46-47825272980a,2026-08-02T21:44:27.832607+00:00,172,3,24.57,Target,Minneapolis,MN,5411,Swipe Transaction,0
8a2a3e8a-ac9d-42db-ab62-61b00524f47a,2026-08-15T01:06:27.832607+00:00,141,0,23.66,Shell,Houston,TX,5541,Swipe Transaction,0
b1c1ebb9-b4ae-4d63-a046-96309d0a87f2,2026-08-13T03:30:27.832607+00:00,180,0,8.35,Amazon,Seattle,WA,5942,Chip Transaction,0
ab832832-eb3f-446a-8c43-4e7b030e2d7b,2026-06-24T20:40:27.832607+00:00,138,0,51.23,Home Depot,Atlanta,GA,5200,Chip Transaction,0
352d2938-f19f-43c7-ad5d-862da60212b2,2026-06-20T15:58:27.832607+00:00,214,1,13.76,Shell,Houston,TX,5541,Chip Transaction,0
f48716b6-b6d4-406f-95bc-d61fb74c975f,2026-06-22T11:48:27.832607+00:00,74,3,17.1,Starbucks,Seattle,WA,5814,Chip Transaction,0
19d44b7d-10e3-4046-9b48-df90ba9899c0,2026-08-14T04:12:27.832607+00:00,29,0,77.76,McDonald's,Chicago,IL,5814,Chip Transaction,0
55ac818b-f635-4693-85fb-36e293e41846,2026-07-12T12:45:27.832607+00:00,189,2,56.92,Delta Airlines,Atlanta,GA,4511,Swipe Transaction,0
2f3efa47-880d-415f-8b7a-ada8ce2a2790,2026-07-28T06:55:27.832607+00:00,59,4,13.93,Costco,Issaquah,WA,5411,Swipe Transaction,0
6f416c5e-3d4a-46c9-8ede-57cb59bdc6c3,2026-07-24T19:56:27.832607+00:00,86,1,16.87,Amazon,Seattle,WA,5942,Chip Transaction,0
b8ad542d-eb1f-4a4e-8251-fe4373d0e325,2026-07-02T07:47:27.832607+00:00,193,1,45.9,Netflix,Los Gatos,CA,4899,Chip Transaction,0
dd3beeb1-89fa-4edc-9d23-000f1e79a35c,2026-07-03T01:04:27.832607+00:00,227,0,51.12,Best Buy,Richfield,MN,5732,Swipe Transaction,0
afa17108-4bdd-48e6-b0c1-49fbe3fefd13,2026-08-13T23:00:27.832607+00:00,249,3,9.17,Costco,Issaquah,WA,5411,Swipe Transaction,0
9cd9c1b0-e2c0-4668-affc-28528b6c7c9f,2026-07-13T20:43:27.832607+00:00,31,2,34.39,Netflix,Los Gatos,CA,4899,Chip Transaction,0
a71825d9-ea0f-4a5a-a8bf-586a328417fc,2026-08-03T21:18:27.832607+00:00,70,2,13.35,Whole Foods,Austin,TX,5411,Swipe Transaction,0
35bed36d-9e5a-4ec5-b3b0-1b8d169c2c7c,2026-08-14T17:53:27.832607+00:00,10,3,11.83,Apple Store,Cupertino,CA,5732,Chip Transaction,0
a44fe406-0e26-4184-9948-2db224e6512d,2026-07-08T10:22:27.832607+00:00,225,2,146.48,Netflix,Los Gatos,CA,4899,Online Transaction,0
68f3b1cf-3b12-4581-afec-890c7e581e87,2026-07-22T04:04:27.832607+00:00,167,0,11.68,Starbucks,Seattle,WA,5814,Chip Transaction,0
b4aaf0d7-75cd-4085-8759-5a26562c38ca,2026-06-26T12:48:27.832607+00:00,184,0,33.33,Netflix,Los Gatos,CA,4899,Swipe Transaction,0
e45d4bea-1024-48f8-8859-286cb811984c,2026-07-21T17:15:27.832607+00:00,96,2,7.82,Best Buy,Richfield,MN,5732,Chip Transaction,0
6e87c691-82cb-4a35-bd01-7f8e2b30c4f4,2026-06-27T15:26:27.832607+00:00,103,2,42.77,Uber,San Francisco,CA,4121,Chip Transaction,0
431ebc63-315f-4342-af0b-a380d4226f8c,2026-07-05T05:55:27.832607+00:00,127,4,4.37,CVS Pharmacy,Woonsocket,RI,5912,Swipe Transaction,0
cff60bd6-d29a-4fb6-b945-fbc124c1122c,2026-07-10T16:15:27.832607+00:00,237,2,10.43,Netflix,Los Gatos,CA,4899,Chip Transaction,0
fb5b6d41-f68c-407e-b3ac-4595fbcc696b,2026-06-19T01:07:27.832607+00:00,88,4,29.65,CVS Pharmacy,Woonsocket,RI,5912,Online Transaction,0
9e14f5f0-b293-4a83-bf75-450ceb00e390,2026-06-20T21:41:27.832607+00:00,205,4,35.5,Uber,San Francisco,CA,4121,Chip Transaction,0
1bc7e867-2d96-4d1c-be9d-aab45cd5d6f7,2026-08-04T02:22:27.832607+00:00,108,0,5.58,CVS Pharmacy,Woonsocket,RI,5912,Chip Transaction,0
656c6bb9-eb3b-4145-8a68-60157489cd6b,2026-07-02T03:52:27.832607+00:00,86,3,12.56,Home Depot,Atlanta,GA,5200,Swipe Transaction,0
453e399d-c8e7-4028-b707-055ee35b0cfd,2026-08-06T03:44:27.832607+00:00,169,3,67.71,Costco,Issaquah,WA,5411,Chip Transaction,0
06d8e9d6-6ec7-45cb-9672-f8abbdb64f68,2026-07-27T20:35:27.832607+00:00,164,3,13.85,Delta Airlines,Atlanta,GA,4511,Chip Transaction,0
b9731966-d141-43fb-81d1-e6fc878c0dc7,2026-08-02T15:01:27.832607+00:00,249,4,97.33,Whole Foods,Austin,TX,5411,Online Transaction,0
c7c37fea-ddaa-4b50-a15a-84710e11416a,2026-08-06T23:40:27.832607+00:00,139,0,12.54,Whole Foods,Austin,TX,5411,Online Transaction,0
760683c4-d872-43ec-b412-080fe92e2463,2026-07-30T09:54:27.832607+00:00,175,0,391.43,CryptoExchange OU,Tallinn,FOREIGN,6051,Online Transaction,1
12bee3e4-e5fe-43ea-b763-d1e679a39e14,2026-08-10T16:45:27.832607+00:00,179,4,20.34,Walmart,Bentonville,AR,5411,Chip Transaction,0
f200a6ec-a1d5-4d66-9584-d83053082b40,2026-07-20T11:20:27.832607+00:00,123,4,11.16,Uber,San Francisco,CA,4121,Swipe Transaction,0
c2953df3-3188-4df8-9119-434a3fa93bf9,2026-06-23T19:00:27.832607+00:00,66,3,107.02,Apple Store,Cupertino,CA,5732,Chip Transaction,0
74cee524-bc33-4346-ba06-259d70337e18,2026-07-12T20:50:27.832607+00:00,126,0,32.66,CVS Pharmacy,Woonsocket,RI,5912,Online Transaction,0
716e4bd8-5ea7-4cb9-9781-6e8b2291f600,2026-07-13T05:06:27.832607+00:00,24,0,38.02,Apple Store,Cupertino,CA,5732,Chip Transaction,0
bf1c1375-7f2d-4ba3-8fd5-19d5cdb87dad,2026-07-25T11:06:27.832607+00:00,87,1,30.68,Delta Airlines,Atlanta,GA,4511,Chip Transaction,0
8017a968-ae4d-42fa-bf1f-db2d9b8b3de8,2026-06-22T20:33:27.832607+00:00,116,1,13.31,Amazon,Seattle,WA,5942,Swipe Transaction,0
92212fb6-2a84-4c7e-9d9b-1b3ad7cf5c18,2026-06-21T22:28:27.832607+00:00,8,4,49.31,Amazon,Seattle,WA,5942,Swipe Transaction,0
51eb2375-b67c-41cf-80c8-bca014a16d6b,2026-07-07T08:17:27.832607+00:00,237,4,20.33,Target,Minneapolis,MN,5411,Chip Transaction,0
4f1b1c4f-4da2-4793-a8d0-ee97088ab634,2026-06-18T07:07:27.832607+00:00,231,3,38.03,Shell,Houston,TX,5541,Chip Transaction,0
da00de60-de07-4c4c-b696-b57abe5a0de9,2026-07-21T02:14:27.832607+00:00,40,0,15.12,Amazon,Seattle,WA,5942,Chip Transaction,0
8c4c4ba5-c749-4b6d-8937-d9f946aef763,2026-07-29T16:10:27.832607+00:00,217,3,11.68,Starbucks,Seattle,WA,5814,Swipe Transaction,0
2b742cf1-bb36-47c2-9897-a5a5ec793a52,2026-07-26T23:29:27.832607+00:00,179,3,29.15,CVS Pharmacy,Woonsocket,RI,5912,Chip Transaction,0
1e28ca45-8c81-4f3c-b751-f85fa61a5ba9,2026-08-14T22:18:27.832607+00:00,122,0,55.67,Whole Foods,Austin,TX,5411,Chip Transaction,0
ac581c19-10be-472e-aec0-a0d1819babe3,2026-07-22T09:53:27.832607+00:00,243,2,21.58,Delta Airlines,Atlanta,GA,4511,Chip Transaction,0
2210c08c-b875-40a4-b729-dead4d18c13a,2026-07-04T14:19:27.832607+00:00,169,4,11.19,Whole Foods,Austin,TX,5411,Chip Transaction,0
8700beec-8f79-452f-bd7e-3c78ce94b0ef,2026-07-13T19:38:27.832607+00:00,60,1,10.72,Apple Store,Cupertino,CA,5732,Swipe Transaction,0
60ceb7c4-4b44-452c-a8aa-36150d5a5f1c,2026-08-03T09:11:27.832607+00:00,3,2,4.1,Delta Airlines,Atlanta,GA,4511,Swipe Transaction,0
cb071d3a-275e-47eb-8cd8-d6ae65d7d720,2026-08-04T07:45:27.832607+00:00,26,1,9.82,Starbucks,Seattle,WA,5814,Chip Transaction,0
518980a9-a2aa-4bde-b9cb-a1a691e589a9,2026-07-12T11:52:27.832607+00:00,33,4,33.99,McDonald's,Chicago,IL,5814,Chip Transaction,0
08110d2a-e136-4aa4-af1b-6d79a77121be,2026-08-03T13:31:27.832607+00:00,43,1,1.0,Walmart,Bentonville,AR,5411,Chip Transaction,0
f85226f4-4f1e-4c57-9404-7d5a50c9cfbe,2026-06-20T17:35:27.832607+00:00,11,2,57.57,Costco,Issaquah,WA,5411,Swipe Transaction,0
6b376130-adfb-48b8-a827-fe45cadf741a,2026-07-11T21:05:27.832607+00:00,192,1,375.66,LuxuryGoods LLC,Miami,FL,5944,Online Transaction,1
4ccb08b5-7abf-463a-94e3-09769e21c2a7,2026-07-04T03:58:27.832607+00:00,163,1,25.15,CVS Pharmacy,Woonsocket,RI,5912,Online Transaction,0
09e7c0eb-3c6f-429a-b231-fa804cc505a8,2026-07-25T19:57:27.832607+00:00,107,0,24.42,Shell,Houston,TX,5541,Swipe Transaction,0
eb383701-2f4a-4ebc-8a93-70dc595bd0b2,2026-06-26T16:08:27.832607+00:00,72,3,161.37,Whole Foods,Austin,TX,5411,Chip Transaction,0
765c45bb-f2c7-4e85-b4ae-70c17f9be5a6,2026-07-22T05:40:27.832607+00:00,155,2,76.79,CVS Pharmacy,Woonsocket,RI,5912,Online Transaction,0
fe9d2325-6af3-4640-90dd-dd679d17acd0,2026-07-19T18:01:27.832607+00:00,177,4,25.25,Apple Store,Cupertino,CA,5732,Online Transaction,0
fd719290-53e1-4554-be0c-db6a56b9a3bf,2026-06-26T19:25:27.832607+00:00,87,0,50.21,Best Buy,Richfield,MN,5732,Chip Transaction,0
c9724f08-98d1-4631-bb52-1e120b054468,2026-07-03T05:27:27.832607+00:00,69,2,26.34,Home Depot,Atlanta,GA,5200,Chip Transaction,0
6a58e7a8-bc49-4059-b7dd-336e363fa1a8,2026-07-21T11:57:27.832607+00:00,79,1,104.45,Starbucks,Seattle,WA,5814,Chip Transaction,0
e5f0cd63-f258-448b-9769-a348e51583ae,2026-07-17T07:21:27.832607+00:00,49,4,10.48,Netflix,Los Gatos,CA,4899,Swipe Transaction,0
779b2bd3-f658-4529-8250-f09b6a8e283a,2026-08-04T02:54:27.832607+00:00,139,4,8.92,Delta Airlines,Atlanta,GA,4511,Chip Transaction,0
45007a28-d8f5-40d5-b987-9a0e8ade3979,2026-07-18T13:37:27.832607+00:00,225,2,28.58,Apple Store,Cupertino,CA,5732,Swipe Transaction,0
470091ea-8209-43fe-b1a7-08c444b510aa,2026-06-19T16:08:27.832607+00:00,63,3,6.12,Best Buy,Richfield,MN,5732,Chip Transaction,0
68e84df5-19ee-45bb-91f6-4c17baa50d93,2026-07-03T17:06:27.832607+00:00,156,0,30.8,Whole Foods,Austin,TX,5411,Chip Transaction,0
d90a3178-c04f-4235-9458-6bd1845f41cc,2026-07-24T19:29:27.832607+00:00,51,2,29.33,Netflix,Los Gatos,CA,4899,Swipe Transaction,0
43179583-dfe7-45c7-895d-ec6bd2eac46c,2026-08-12T03:46:27.832607+00:00,47,0,23.12,McDonald's,Chicago,IL,5814,Chip Transaction,0
80c0a22f-143c-4420-a4f9-08bf031e3aea,2026-07-14T21:49:27.832607+00:00,25,3,6.66,Amazon,Seattle,WA,5942,Chip Transaction,0
addb2cc1-569b-4400-bbba-5a4ba111b052,2026-07-29T03:34:27.832607+00:00,160,2,27.22,McDonald's,Chicago,IL,5814,Chip Transaction,0
38253f33-f392-4d52-b711-7f9c46a62674,2026-07-21T22:20:27.832607+00:00,238,4,8.26,Starbucks,Seattle,WA,5814,Swipe Transaction,0
70d70fd9-6411-47fe-af03-b4cb5b332ad3,2026-07-15T14:49:27.832607+00:00,99,1,40.01,Target,Minneapolis,MN,5411,Online Transaction,0
eb279b69-5f93-4b53-8b9c-3b74b54f656f,2026-06-28T11:46:27.832607+00:00,57,1,23.96,Target,Minneapolis,MN,5411,Online Transaction,0
9128ed7c-63fe-40fc-9074-09ccb79e8538,2026-07-05T23:21:27.832607+00:00,62,2,12.85,Whole Foods,Austin,TX,5411,Chip Transaction,0
94a9ef76-c2f0-438b-99c8-d4edcfc2d497,2026-07-08T04:28:27.832607+00:00,217,0,65.01,Best Buy,Richfield,MN,5732,Chip Transaction,0
82bd28a9-f486-4b9e-b98e-2880a6586e92,2026-07-10T14:42:27.832607+00:00,225,4,6.09,Apple Store,Cupertino,CA,5732,Chip Transaction,0
c4c292b9-0626-4243-8aca-21f592b89a18,2026-07-16T15:25:27.832607+00:00,53,2,25.0,Apple Store,Cupertino,CA,5732,Chip Transaction,0
e2966e57-be74-4c83-a6bd-762918dc6408,2026-08-03T15:28:27.832607+00:00,104,1,126.79,Best Buy,Richfield,MN,5732,Chip Transaction,0
59ae0a86-a8a8-45c9-9948-a213249aca57,2026-07-27T23:05:27.832607+00:00,98,4,7.22,Netflix,Los Gatos,CA,4899,Online Transaction,0
d36eeb0c-f662-4969-8e61-04dbb74deb91,2026-07-05T01:03:27.832607+00:00,116,0,59.68,McDonald's,Chicago,IL,5814,Swipe Transaction,0
69acaca0-515f-47b9-a664-a50352943e2e,2026-07-12T09:40:27.832607+00:00,233,3,17.1,Uber,San Francisco,CA,4121,Swipe Transaction,0
9a07b8f5-ad09-4b02-b2d0-f4cf8a14e119,2026-08-08T15:44:27.832607+00:00,123,1,12.66,Uber,San Francisco,CA,4121,Online Transaction,0
30928f1d-d22a-4b43-883b-57ffc5c943ba,2026-08-01T10:58:27.832607+00:00,217,0,42.88,Best Buy,Richfield,MN,5732,Online Transaction,0
51901d4f-3f12-42e2-ab0e-d0f2cbb39413,2026-07-13T01:53:27.832607+00:00,158,4,5.87,CVS Pharmacy,Woonsocket,RI,5912,Chip Transaction,0
476094b7-956a-43f8-ab25-11ac859ffc28,2026-08-12T05:47:27.832607+00:00,220,3,83.07,Home Depot,Atlanta,GA,5200,Chip Transaction,0
fe285424-b7c2-423f-b2b6-418a7bdaff38,2026-07-22T10:44:27.832607+00:00,60,0,13.36,Target,Minneapolis,MN,5411,Chip Transaction,0
ec42b3cd-d9df-423f-87fa-e08c02b65236,2026-06-21T06:41:27.832607+00:00,43,1,13.23,McDonald's,Chicago,IL,5814,Chip Transaction,0
f6546dbb-686a-4a21-8667-77be667987f2,2026-08-15T05:37:27.832607+00:00,69,1,29.13,Starbucks,Seattle,WA,5814,Swipe Transaction,0
011c58f3-4c8d-474d-bda4-2626f2237b3c,2026-06-29T04:43:27.832607+00:00,137,1,27.96,Apple Store,Cupertino,CA,5732,Chip Transaction,0
397f0c87-beac-4675-8b81-4bbfd6f947a0,2026-07-25T10:32:27.832607+00:00,15,3,25.05,Uber,San Francisco,CA,4121,Chip Transaction,0
0a1b174a-02a3-4f6f-a2a4-2a2e273e2513,2026-08-04T12:21:27.832607+00:00,214,2,13.3,Apple Store,Cupertino,CA,5732,Online Transaction,0
690cadd0-b514-418c-91d0-41a6f28c0d64,2026-06-25T13:32:27.832607+00:00,64,1,15.24,Apple Store,Cupertino,CA,5732,Chip Transaction,0
7694a41f-7f80-488b-b20d-31ad754dd0f0,2026-06-19T12:46:27.832607+00:00,118,4,8.38,Amazon,Seattle,WA,5942,Chip Transaction,0
83722893-1e12-4644-8ac1-454ef3d9e835,2026-07-03T04:50:27.832607+00:00,120,4,32.58,Netflix,Los Gatos,CA,4899,Online Transaction,0
5dbf7f78-2664-4a34-9446-4c5c6445f007,2026-07-15T13:58:27.832607+00:00,135,3,94.16,Best Buy,Richfield,MN,5732,Swipe Transaction,0
1a25e46d-d0a8-47d9-aa5d-2d653c70a793,2026-08-01T14:34:27.832607+00:00,98,3,44.56,Apple Store,Cupertino,CA,5732,Online Transaction,0
ef39a058-9843-451b-a76b-bdd8ae072c60,2026-07-20T12:51:27.832607+00:00,199,1,22.67,Uber,San Francisco,CA,4121,Chip Transaction,0
5e0e8860-596c-4fa0-8f3e-d86d713f5040,2026-07-06T20:15:27.832607+00:00,102,1,39.04,CVS Pharmacy,Woonsocket,RI,5912,Swipe Transaction,0
46f32db3-7e19-4654-ae7d-1ab78e0d9afb,2026-08-03T20:16:27.832607+00:00,183,3,2022.98,QuickCash ATM,Unknown,NV,6011,Online Transaction,1
88be3207-c8a4-44a6-bc95-773d78adce37,2026-07-13T23:27:27.832607+00:00,26,2,15.49,Apple Store,Cupertino,CA,5732,Swipe Transaction,0
d9f20b93-e5e8-461c-a1dc-03f83e83fc95,2026-07-13T18:04:27.832607+00:00,11,3,4.14,Apple Store,Cupertino,CA,5732,Swipe Transaction,0
29926e22-e65b-4926-b608-c172631a209f,2026-08-10T15:09:27.832607+00:00,26,1,13.55,Starbucks,Seattle,WA,5814,Chip Transaction,0
af040a7a-89ed-47a9-aa0c-55a148555f87,2026-06-26T16:21:27.832607+00:00,115,3,25.53,Amazon,Seattle,WA,5942,Chip Transaction,0
f43a00a7-bcb6-46db-abe5-1a802a0369ed,2026-07-17T09:26:27.832607+00:00,206,4,17.27,Apple Store,Cupertino,CA,5732,Chip Transaction,0
fd2956bf-33c6-4f7c-ac11-1c481377ed09,2026-06-24T11:51:27.832607+00:00,171,4,49.62,Apple Store,Cupertino,CA,5732,Chip Transaction,0
585d15b9-0bca-41a3-8cc4-c0ef51f94103,2026-06-26T05:57:27.832607+00:00,113,2,71.85,Target,Minneapolis,MN,5411,Swipe Transaction,0
242b01fc-3def-484b-a2da-0ab68de6162e,2026-08-03T16:41:27.832607+00:00,57,0,7.22,Whole Foods,Austin,TX,5411,Chip Transaction,0
192ea757-adab-485d-a9a5-c2d76f949a40,2026-08-12T19:01:27.832607+00:00,212,1,8.21,Target,Minneapolis,MN,5411,Chip Transaction,0
94e22bd6-31ba-478a-bf00-cedd7572462e,2026-07-08T22:33:27.832607+00:00,43,3,43.27,Shell,Houston,TX,5541,Online Transaction,0
f7b2b8f0-7f13-4818-8c5a-c24156548140,2026-08-06T09:36:27.832607+00:00,96,3,51.02,Apple Store,Cupertino,CA,5732,Swipe Transaction,0
6233b0f8-cf6e-41e6-a0b2-c3b0c13bc7e3,2026-07-24T07:22:27.832607+00:00,171,4,11.24,Home Depot,Atlanta,GA,5200,Chip Transaction,0
2d71b210-8bf2-4db5-bb12-cb17505a21df,2026-06-30T11:06:27.832607+00:00,6,3,99.61,CVS Pharmacy,Woonsocket,RI,5912,Chip Transaction,0
94ec1ead-8f6a-498d-b898-d995c77e233e,2026-07-03T19:10:27.832607+00:00,211,1,50.09,Home Depot,Atlanta,GA,5200,Chip Transaction,0
52b43126-acbc-476c-8375-89ab278da382,2026-06-27T06:43:27.832607+00:00,139,4,22.99,CVS Pharmacy,Woonsocket,RI,5912,Chip Transaction,0
377d80be-3ac8-4f66-bd73-dc3ac4f805d7,2026-07-14T18:11:27.832607+00:00,42,4,20.36,Netflix,Los Gatos,CA,4899,Chip Transaction,0
1737ba0c-ed4d-4950-a413-e41d8f098994,2026-07-04T00:01:27.832607+00:00,112,3,9.24,McDonald's,Chicago,IL,5814,Online Transaction,0
f89fe539-2730-44a2-bf5e-f2c7251a8cbf,2026-07-08T11:04:27.832607+00:00,79,1,74.34,Apple Store,Cupertino,CA,5732,Chip Transaction,0
a40f2c64-2e9a-4153-80a4-906c23184e37,2026-07-03T12:20:27.832607+00:00,111,1,73.28,Apple Store,Cupertino,CA,5732,Chip Transaction,0
8ad2f31c-093e-4748-92ab-63f398fb75cb,2026-07-21T17:22:27.832607+00:00,97,0,13.26,CVS Pharmacy,Woonsocket,RI,5912,Chip Transaction,0
40714aef-d49e-48af-ab67-b844a13000e7,2026-08-07T15:16:27.832607+00:00,230,0,37.76,CVS Pharmacy,Woonsocket,RI,5912,Chip Transaction,0
ff38bd7e-14ab-4dca-acfc-f70448f202a8,2026-06-18T19:39:27.832607+00:00,92,4,12.75,Amazon,Seattle,WA,5942,Online Transaction,0
42f6a4d3-2241-4c2e-aed5-97e1beeecf28,2026-08-08T19:58:27.832607+00:00,22,0,17.7,Whole Foods,Austin,TX,5411,Online Transaction,0
d9b0b066-d1b3-47b7-a2b1-ed5e4a31dd28,2026-06-21T21:04:27.832607+00:00,75,4,2463.98,QuickCash ATM,Unknown,NV,6011,Online Transaction,1
4f472c77-eb29-41aa-a8af-ed854f94d3a1,2026-06-29T21:54:27.832607+00:00,67,1,17.19,Best Buy,Richfield,MN,5732,Swipe Transaction,0
ea11e5fe-64eb-4deb-bbc8-a76cbf3d762b,2026-06-19T05:29:27.832607+00:00,9,3,5.03,Home Depot,Atlanta,GA,5200,Swipe Transaction,0
3a4b0721-112a-4f6a-acdd-b2c96021a521,2026-07-16T23:21:27.832607+00:00,79,2,22.71,Delta Airlines,Atlanta,GA,4511,Online Transaction,0
9934b02e-71dd-4812-9826-5ecf80541d96,2026-06-18T07:35:27.832607+00:00,217,2,3.97,Netflix,Los Gatos,CA,4899,Swipe Transaction,0
1da2dcec-7584-4ad8-9083-0b7f6cf2ec99,2026-07-18T01:40:27.832607+00:00,151,0,12.91,Apple Store,Cupertino,CA,5732,Chip Transaction,0
aa3d2d4c-ec4e-46a7-96dd-f99b44a811af,2026-08-03T08:33:27.832607+00:00,62,3,14.83,Apple Store,Cupertino,CA,5732,Chip Transaction,0
679cfb37-23cd-481e-b221-da8dbc5fbd73,2026-07-08T04:09:27.832607+00:00,54,3,29.82,Whole Foods,Austin,TX,5411,Online Transaction,0
6c92484e-d39d-47b9-b500-eda3451a1517,2026-06-18T01:42:27.832607+00:00,216,2,18.96,Target,Minneapolis,MN,5411,Chip Transaction,0
85d9d47e-7bff-41ff-b7c6-6d3a197b0e69,2026-07-12T08:09:27.832607+00:00,221,2,4.55,Apple Store,Cupertino,CA,5732,Swipe Transaction,0
036ed34f-6913-48f8-b852-f8e84e211d4d,2026-07-06T20:58:27.832607+00:00,246,4,89.5,Uber,San Francisco,CA,4121,Swipe Transaction,0
68d1aaa3-57ff-41ff-8c59-48923ac6240c,2026-07-31T01:17:27.832607+00:00,86,1,3297.27,QuickCash ATM,Unknown,NV,6011,Online Transaction,1
2fe79b13-2170-4cc6-bf7d-a9258758bda5,2026-08-12T23:21:27.832607+00:00,52,1,25.51,Starbucks,Seattle,WA,5814,Chip Transaction,0
087af243-234e-4d41-87e9-9bb50a32996c,2026-07-09T18:18:27.832607+00:00,96,2,49.58,Amazon,Seattle,WA,5942,Online Transaction,0
284f698b-c503-4db7-a068-2d25a71c6ec8,2026-08-16T13:11:27.832607+00:00,86,4,66.93,CVS Pharmacy,Woonsocket,RI,5912,Chip Transaction,0
84322673-da2f-450a-b3b6-15b6a55158b1,2026-07-22T21:48:27.832607+00:00,51,3,27.34,Whole Foods,Austin,TX,5411,Online Transaction,0
bb8fa4ac-199b-4ffa-9c19-eb24da4c77fc,2026-08-13T05:02:27.832607+00:00,117,0,29.9,Delta Airlines,Atlanta,GA,4511,Online Transaction,0
2282f445-81ba-4ea6-8a40-0130b8eec9a2,2026-07-21T21:41:27.832607+00:00,147,1,19.33,Netflix,Los Gatos,CA,4899,Online Transaction,0
25a1e875-c7b6-4e90-a7ec-5d612f1a0193,2026-07-19T02:38:27.832607+00:00,10,1,21.93,Starbucks,Seattle,WA,5814,Swipe Transaction,0
e403e323-ada7-4e84-9a47-31444ce79fdc,2026-06-25T01:05:27.832607+00:00,241,3,67.19,Shell,Houston,TX,5541,Online Transaction,0
763ea0fc-e9c9-4650-89af-5af81c9ed4b4,2026-08-15T07:27:27.832607+00:00,154,0,86.81,Delta Airlines,Atlanta,GA,4511,Chip Transaction,0
19f5c1bf-eedb-429a-9c38-23bff72306e8,2026-07-02T14:14:27.832607+00:00,219,1,27.59,Starbucks,Seattle,WA,5814,Swipe Transaction,0
d79d775c-d9b9-4be3-9126-ccd1ea89e28e,2026-07-12T09:19:27.832607+00:00,110,0,5.76,Uber,San Francisco,CA,4121,Chip Transaction,0
17ce4529-8c80-4247-83b6-64f7b16d7eb5,2026-07-17T20:56:27.832607+00:00,172,2,41.23,Apple Store,Cupertino,CA,5732,Swipe Transaction,0
f99ad583-e4fd-40be-bc42-dea459ca781c,2026-07-09T23:19:27.832607+00:00,239,2,14.2,Netflix,Los Gatos,CA,4899,Chip Transaction,0
4fe2c787-5d43-4791-8a7b-420309d3d61e,2026-07-19T15:04:27.832607+00:00,224,0,26.59,Delta Airlines,Atlanta,GA,4511,Online Transaction,0
47370e58-670c-4b52-96af-2635ed4e578f,2026-08-16T11:53:27.832607+00:00,248,1,198.93,Walmart,Bentonville,AR,5411,Online Transaction,0
8a1bc2a9-d0db-4578-8920-e83dffa8ad5e,2026-08-06T11:30:27.832607+00:00,172,4,54.99,Uber,San Francisco,CA,4121,Chip Transaction,0
c27c4cf1-f9f3-4efc-9934-cc7ca273810a,2026-07-22T11:12:27.832607+00:00,49,4,48.91,Uber,San Francisco,CA,4121,Chip Transaction,0
8ffc0262-606b-48c4-8ff5-c916285ead92,2026-07-25T00:25:27.832607+00:00,38,2,40.27,Whole Foods,Austin,TX,5411,Chip Transaction,0
56b0e44d-b9cc-48c8-ab37-67599cf3798b,2026-08-02T04:53:27.832607+00:00,162,2,27.2,Delta Airlines,Atlanta,GA,4511,Online Transaction,0
cab114e9-c80e-4d70-9c43-ac033609c5a3,2026-08-14T02:05:27.832607+00:00,199,3,54.39,Netflix,Los Gatos,CA,4899,Online Transaction,0
15197a1e-b2ea-4401-a917-f5df2d3331e4,2026-07-28T11:15:27.832607+00:00,18,1,62.62,Best Buy,Richfield,MN,5732,Swipe Transaction,0
93ea016f-3ec2-46b3-bdb0-29cb13d89917,2026-06-17T23:52:27.832607+00:00,165,2,23.62,CVS Pharmacy,Woonsocket,RI,5912,Chip Transaction,0
ef108646-249b-4105-87d4-0bb49fa83f75,2026-07-29T16:11:27.832607+00:00,171,2,22.81,Amazon,Seattle,WA,5942,Chip Transaction,0
4ddbc4e7-6244-4b39-8148-66b5ed5ac91d,2026-06-18T18:01:27.832607+00:00,30,4,90.61,Delta Airlines,Atlanta,GA,4511,Swipe Transaction,0
6224d890-bf78-4e10-a556-aa72e9c30299,2026-08-04T10:34:27.832607+00:00,214,2,12.73,Home Depot,Atlanta,GA,5200,Chip Transaction,0
951d0659-ed87-40d4-a049-ca1c7f4575af,2026-07-25T09:41:27.832607+00:00,241,2,21.77,Costco,Issaquah,WA,5411,Chip Transaction,0
6a412aec-3aef-442e-81eb-6986597f445b,2026-08-04T08:03:27.832607+00:00,106,0,19.7,Costco,Issaquah,WA,5411,Chip Transaction,0
1a174b59-f8a5-4a5b-8199-42afd2a34a4a,2026-06-29T11:15:27.832607+00:00,73,2,16.08,Apple Store,Cupertino,CA,5732,Chip Transaction,0
d2a14efa-702e-437c-9a9f-4bbf181237bc,2026-07-30T23:31:27.832607+00:00,26,2,7.55,Costco,Issaquah,WA,5411,Swipe Transaction,0
002bca02-24ee-40b1-9936-42c7256deb28,2026-08-06T11:29:27.832607+00:00,148,1,45.02,Shell,Houston,TX,5541,Chip Transaction,0
ff88dbad-c9ee-4af4-a387-0f7cde430e44,2026-06-24T19:16:27.832607+00:00,194,4,8.92,Starbucks,Seattle,WA,5814,Swipe Transaction,0
f8008b75-47e5-4080-acb5-1031535e24a2,2026-08-09T13:08:27.832607+00:00,26,3,52.42,Home Depot,Atlanta,GA,5200,Swipe Transaction,0
1ecd05e6-088f-4fe1-b8e9-029091e9818b,2026-08-13T02:10:27.832607+00:00,14,1,17.11,Whole Foods,Austin,TX,5411,Chip Transaction,0
54646d27-d6cb-43b9-b588-ed06fbd337d8,2026-08-10T12:59:27.832607+00:00,241,4,20.85,Best Buy,Richfield,MN,5732,Chip Transaction,0
10e40f0b-41ff-4e0f-a0c8-128fee0e8023,2026-07-25T06:19:27.832607+00:00,121,1,34.67,Target,Minneapolis,MN,5411,Online Transaction,0
6b49c6b5-f31f-4b8f-850a-74aae8be5cec,2026-08-05T06:28:27.832607+00:00,2,4,77.14,Costco,Issaquah,WA,5411,Online Transaction,0
b46e9aab-d042-479b-a210-bb164eda9757,2026-07-22T22:06:27.832607+00:00,16,3,41.47,Delta Airlines,Atlanta,GA,4511,Chip Transaction,0
d2ad5af4-cf3f-4c8e-b31b-ec7b9827f462,2026-07-28T14:12:27.832607+00:00,104,4,8.98,Netflix,Los Gatos,CA,4899,Chip Transaction,0
61983c06-6dac-4fa5-a441-f96be123f45c,2026-07-10T08:08:27.832607+00:00,181,3,9.7,Shell,Houston,TX,5541,Online Transaction,0
884f6f94-463b-498a-b6dc-c195b6b15604,2026-07-24T14:06:27.832607+00:00,148,1,42.66,Apple Store,Cupertino,CA,5732,Swipe Transaction,0
abe97287-9d61-40a4-98be-e28b462aab8b,2026-06-19T11:16:27.832607+00:00,64,0,6.41,McDonald's,Chicago,IL,5814,Chip Transaction,0
4f81d2f5-62bf-45ab-9b00-a8876de0a179,2026-08-10T05:26:27.832607+00:00,1,1,66.21,Target,Minneapolis,MN,5411,Chip Transaction,0
f197754e-f6e5-4c18-890d-943d4eee23da,2026-08-06T17:10:27.832607+00:00,38,0,20.02,Amazon,Seattle,WA,5942,Chip Transaction,0
c716751e-e140-441d-bc52-ffbeaecc5712,2026-07-14T05:36:27.832607+00:00,170,1,16.62,Netflix,Los Gatos,CA,4899,Chip Transaction,0
c165465f-7b44-479d-87dc-f09743280f7a,2026-06-19T23:52:27.832607+00:00,170,1,4.29,Netflix,Los Gatos,CA,4899,Online Transaction,0
9a6eb85e-d5e9-4b05-8175-f73cd06ce7b8,2026-07-03T04:56:27.832607+00:00,41,0,21.56,Shell,Houston,TX,5541,Chip Transaction,0
b03550c9-a06f-415a-b11f-2af6356a63a2,2026-08-11T08:59:27.832607+00:00,37,2,14.08,Home Depot,Atlanta,GA,5200,Online Transaction,0
42d44a8b-98d9-4cde-a8c8-4f9f6a795046,2026-07-22T08:57:27.832607+00:00,165,1,27.4,CVS Pharmacy,Woonsocket,RI,5912,Chip Transaction,0
e7d3f806-ea9d-48a2-8aa7-ad50deac019e,2026-07-06T21:33:27.832607+00:00,42,3,12.65,Costco,Issaquah,WA,5411,Chip Transaction,0
b71b1fe6-f55a-4479-a877-c870599779dc,2026-07-27T17:20:27.832607+00:00,131,1,23.86,Target,Minneapolis,MN,5411,Online Transaction,0
fe207c23-b677-421b-a590-15d9d376357b,2026-08-06T19:15:27.832607+00:00,169,4,27.38,Uber,San Francisco,CA,4121,Chip Transaction,0
00f26910-5fc6-434c-84fc-cc84f63b4feb,2026-07-19T13:29:27.832607+00:00,239,4,14.78,Amazon,Seattle,WA,5942,Online Transaction,0
63fdc6b3-2a9c-4663-9b6e-b5b556ed352a,2026-06-21T22:44:27.832607+00:00,136,0,25.96,Whole Foods,Austin,TX,5411,Chip Transaction,0
c20e05ac-acad-428f-ad47-1b1a764729dd,2026-08-03T05:27:27.832607+00:00,88,0,148.4,Uber,San Francisco,CA,4121,Chip Transaction,0
bd99bcd7-9714-42e8-b8ca-c7c871c96fcf,2026-07-04T00:21:27.832607+00:00,179,2,88.83,Walmart,Bentonville,AR,5411,Chip Transaction,0
fa6a024d-2274-4a77-a1f2-ce7c9cab90e6,2026-06-24T10:36:27.832607+00:00,160,1,28.69,Netflix,Los Gatos,CA,4899,Chip Transaction,0
9cd8e860-1bbd-417f-878d-7a5a7d87ca9b,2026-07-25T12:12:27.832607+00:00,86,3,15.2,Costco,Issaquah,WA,5411,Chip Transaction,0
09267a41-b2ec-4a53-a3cb-3a0b67d25a71,2026-07-27T02:00:27.832607+00:00,12,1,27.57,Home Depot,Atlanta,GA,5200,Chip Transaction,0
d1c38c67-e634-477c-bb4c-04b6ace575ad,2026-07-05T06:48:27.832607+00:00,189,1,91.39,Delta Airlines,Atlanta,GA,4511,Chip Transaction,0
74d78528-bb60-480d-ab4a-f6609d7c5c15,2026-07-27T21:54:27.832607+00:00,24,2,181.97,Amazon,Seattle,WA,5942,Online Transaction,0
23491712-3a84-4968-b5e4-6415ecf1c071,2026-07-26T06:04:27.832607+00:00,12,3,28.6,Walmart,Bentonville,AR,5411,Swipe Transaction,0
bcc2cbbf-d70e-4e7d-8522-75e12d64ad69,2026-07-22T13:52:27.832607+00:00,126,1,106.09,McDonald's,Chicago,IL,5814,Online Transaction,0
7fa08980-d37d-4be5-9dc6-ec2dfcdeebea,2026-07-10T07:33:27.832607+00:00,72,0,5.35,Walmart,Bentonville,AR,5411,Online Transaction,0
3e7f4da3-d3d5-406e-b4d8-2c4f25018e7e,2026-07-08T22:08:27.832607+00:00,7,0,16.39,Whole Foods,Austin,TX,5411,Swipe Transaction,0
649b9b26-becd-487e-9ea6-f99f8586abc7,2026-06-20T17:00:27.832607+00:00,189,0,16.13,McDonald's,Chicago,IL,5814,Chip Transaction,0
c7ee2ced-eaaa-452f-939e-20874ca8bb12,2026-07-31T11:16:27.832607+00:00,116,1,12.65,Starbucks,Seattle,WA,5814,Chip Transaction,0
403bebab-cafb-4190-a385-2725332d74cd,2026-06-21T11:42:27.832607+00:00,194,2,86.76,Walmart,Bentonville,AR,5411,Chip Transaction,0
4fe1a028-72f1-41bf-872a-e529bd8709e2,2026-07-08T11:50:27.832607+00:00,44,2,45.27,Walmart,Bentonville,AR,5411,Chip Transaction,0
f5aaa07a-9e55-4cbf-bd01-bdedcf6c0eb4,2026-08-13T14:25:27.832607+00:00,41,1,61.15,McDonald's,Chicago,IL,5814,Chip Transaction,0
78444e7a-313f-4879-a0f5-28aed6353612,2026-08-10T03:13:27.832607+00:00,183,4,17.53,Walmart,Bentonville,AR,5411,Chip Transaction,0
63ccd35e-5d7b-47ab-904c-846156baf1ae,2026-06-27T06:45:27.832607+00:00,109,1,27.58,Home Depot,Atlanta,GA,5200,Online Transaction,0
43fad040-ea7e-451d-8c88-234d72d36e63,2026-06-22T04:31:27.832607+00:00,188,0,15.47,Apple Store,Cupertino,CA,5732,Chip Transaction,0
c848ae34-005f-40e5-8d38-c9752042ed69,2026-07-29T22:24:27.832607+00:00,149,0,53.86,Netflix,Los Gatos,CA,4899,Chip Transaction,0
ac4540ae-655b-45a1-a2dd-decb726a2a29,2026-08-05T06:12:27.832607+00:00,144,3,53.76,Starbucks,Seattle,WA,5814,Online Transaction,0
84276902-318a-4f35-bf3f-6bbbff977835,2026-07-11T21:08:27.832607+00:00,47,4,146.87,Best Buy,Richfield,MN,5732,Chip Transaction,0
4880b66e-e342-4918-9ba2-f60d988afebe,2026-07-26T16:47:27.832607+00:00,227,0,88.36,Starbucks,Seattle,WA,5814,Swipe Transaction,0
aa4d1868-bcbe-4d62-abda-5b630f17008a,2026-07-25T19:36:27.832607+00:00,86,4,14.34,Walmart,Bentonville,AR,5411,Chip Transaction,0
967db25f-e8a1-4386-8843-2886e4f63167,2026-08-04T09:40:27.832607+00:00,206,1,11.64,Amazon,Seattle,WA,5942,Chip Transaction,0
5873e8e0-5398-4044-9fb7-a17076e28be1,2026-06-19T21:15:27.832607+00:00,140,0,30.19,Target,Minneapolis,MN,5411,Swipe Transaction,0
4add35c3-e5fe-44c1-b572-d6fccc94c413,2026-07-18T12:05:27.832607+00:00,196,0,2.56,McDonald's,Chicago,IL,5814,Chip Transaction,0
8adacc52-5805-4da0-ab43-f06813dcd537,2026-08-14T07:28:27.832607+00:00,207,4,8.41,Delta Airlines,Atlanta,GA,4511,Swipe Transaction,0
b7677750-393d-46d9-9a05-567ed3b51fd7,2026-08-09T10:04:27.832607+00:00,229,4,21.06,Starbucks,Seattle,WA,5814,Chip Transaction,0
3da653d0-1449-431e-87f5-f03988c3c9df,2026-06-18T20:34:27.832607+00:00,235,4,17.04,CVS Pharmacy,Woonsocket,RI,5912,Chip Transaction,0
b6036aab-199f-494a-8c7b-09125553d929,2026-06-19T00:48:27.832607+00:00,154,4,16.38,Shell,Houston,TX,5541,Online Transaction,0
8ee3cdb8-249d-4d17-baad-83e6f963fcc1,2026-06-28T15:29:27.832607+00:00,212,2,28.44,Apple Store,Cupertino,CA,5732,Chip Transaction,0
ac2d8315-d510-4efa-81a8-f495489105a0,2026-07-02T03:48:27.832607+00:00,120,0,14.29,Amazon,Seattle,WA,5942,Chip Transaction,0
fc8f7171-8557-455e-86d5-88121b2898ca,2026-08-12T18:43:27.832607+00:00,163,2,219.33,Amazon,Seattle,WA,5942,Chip Transaction,0
56266512-bef8-48c2-b6a1-a9fb92ba270d,2026-08-08T17:25:27.832607+00:00,32,1,16.3,Home Depot,Atlanta,GA,5200,Chip Transaction,0
bbc9f2b6-e27d-4cb1-993a-b34529b0ee3f,2026-07-10T05:00:27.832607+00:00,13,2,169.49,Shell,Houston,TX,5541,Chip Transaction,0
5cdd50d9-e153-42e3-a331-9ee26e28909e,2026-07-19T13:41:27.832607+00:00,11,3,38.04,CVS Pharmacy,Woonsocket,RI,5912,Swipe Transaction,0
8602cb60-cede-4112-b96a-ba1d8aa58d65,2026-08-11T23:18:27.832607+00:00,159,2,9.36,Starbucks,Seattle,WA,5814,Swipe Transaction,0
920043fa-7d9f-455c-875a-364e69813088,2026-08-15T06:02:27.832607+00:00,69,0,54.83,CVS Pharmacy,Woonsocket,RI,5912,Chip Transaction,0
22ab6cca-46e3-44c0-ac3b-965c9597b820,2026-08-05T15:45:27.832607+00:00,136,0,44.28,Shell,Houston,TX,5541,Swipe Transaction,0
f5046a1a-003f-40f3-960c-7ee649542b18,2026-07-23T23:40:27.832607+00:00,64,4,28.2,Shell,Houston,TX,5541,Online Transaction,0
c4fe8da3-2c9a-4d7a-b770-b274fd78c144,2026-07-30T03:40:27.832607+00:00,63,1,6.24,CVS Pharmacy,Woonsocket,RI,5912,Chip Transaction,0
8fa58565-e541-4d6a-9dc4-01d7e0d04de2,2026-08-10T20:00:27.832607+00:00,147,2,31.84,Netflix,Los Gatos,CA,4899,Chip Transaction,0
91c29b2d-af88-4585-852d-984076b3a9d9,2026-07-10T16:39:27.832607+00:00,95,4,12.37,Amazon,Seattle,WA,5942,Swipe Transaction,0
299793e7-776d-4077-b3d1-207cc4bf489b,2026-07-08T13:52:27.832607+00:00,11,3,63.49,Shell,Houston,TX,5541,Chip Transaction,0
b0b9f408-df85-4d44-a3b3-0f578ffa54fe,2026-07-21T06:06:27.832607+00:00,194,2,18.85,McDonald's,Chicago,IL,5814,Swipe Transaction,0
fc8b9334-f0a6-4aa7-88c8-c613015edfbb,2026-08-12T22:43:27.832607+00:00,175,1,6.75,CVS Pharmacy,Woonsocket,RI,5912,Chip Transaction,0
9f79f68e-b085-408b-b71d-68c8a77e2c09,2026-07-21T01:16:27.832607+00:00,72,2,8.76,Costco,Issaquah,WA,5411,Chip Transaction,0
a35d85a7-eb0b-4e12-b7ec-9df8b9b4359e,2026-07-01T02:32:27.832607+00:00,58,0,42.94,Costco,Issaquah,WA,5411,Chip Transaction,0
35bb61b8-32dc-4f36-8f67-6cd88c6f9123,2026-07-14T06:26:27.832607+00:00,85,1,24.58,Delta Airlines,Atlanta,GA,4511,Online Transaction,0
55ec1651-d092-4c48-9a49-da47f1512529,2026-07-05T09:52:27.832607+00:00,213,4,3.62,Delta Airlines,Atlanta,GA,4511,Chip Transaction,0
ad4bf2f7-71a1-48c8-a043-03fc19b97a2a,2026-07-24T08:10:27.832607+00:00,37,0,41.8,Whole Foods,Austin,TX,5411,Chip Transaction,0
bf39b8d3-c77f-4ccf-bbc0-b7155637718d,2026-08-08T14:25:27.832607+00:00,32,4,21.52,Best Buy,Richfield,MN,5732,Online Transaction,0
2094f500-12ca-424a-b5fa-4004ba07e5dc,2026-08-12T09:35:27.832607+00:00,127,1,15.8,Starbucks,Seattle,WA,5814,Swipe Transaction,0
2b3b4bc9-f455-4fac-ab18-a903ce6dbc44,2026-08-04T12:53:27.832607+00:00,22,4,21.13,Uber,San Francisco,CA,4121,Chip Transaction,0
20b16fd6-c54a-4ad4-a4cf-b13302a4771b,2026-07-01T20:13:27.832607+00:00,3,0,114.38,Uber,San Francisco,CA,4121,Chip Transaction,0
9edbed38-a642-44ac-a61f-184a6059318e,2026-07-30T23:24:27.832607+00:00,97,2,178.24,Amazon,Seattle,WA,5942,Chip Transaction,0
c1bb3dee-0152-4bcd-8853-a224df4d9e9a,2026-07-04T19:28:27.832607+00:00,31,3,14.75,Apple Store,Cupertino,CA,5732,Online Transaction,0
0c13b795-6635-4ed1-a6b4-13c8a2bac5f0,2026-08-16T12:27:27.832607+00:00,35,0,12.19,McDonald's,Chicago,IL,5814,Swipe Transaction,0
8d7ecd62-d5fc-40ba-8a38-70f089309e21,2026-08-09T20:35:27.832607+00:00,75,1,40.69,Walmart,Bentonville,AR,5411,Chip Transaction,0
1ec4dc27-6b40-42de-93e6-47e1e8e5118b,2026-07-26T17:46:27.832607+00:00,105,1,19.12,Apple Store,Cupertino,CA,5732,Chip Transaction,0
42c45cd9-1d1e-451c-9f55-22991bc8b754,2026-08-01T06:29:27.832607+00:00,19,1,138.8,Target,Minneapolis,MN,5411,Chip Transaction,0
8170162c-2139-40dd-9532-daf21d917372,2026-07-06T17:18:27.832607+00:00,179,2,21.35,Uber,San Francisco,CA,4121,Online Transaction,0
23df1b0b-55bd-44c2-a476-8a94c4b78c2e,2026-08-04T23:03:27.832607+00:00,61,3,19.88,Netflix,Los Gatos,CA,4899,Swipe Transaction,0
095a4d00-870e-41bd-9873-15b560a6086b,2026-07-11T19:11:27.832607+00:00,192,1,53.68,CVS Pharmacy,Woonsocket,RI,5912,Chip Transaction,0
8299408d-45eb-481d-aad8-d070868177a1,2026-07-08T23:25:27.832607+00:00,156,0,62.21,Amazon,Seattle,WA,5942,Chip Transaction,0
d1fdaa1c-3216-4465-a012-21717401e73d,2026-08-14T07:35:27.832607+00:00,26,1,22.18,McDonald's,Chicago,IL,5814,Swipe Transaction,0
6be781f5-1c79-4bf8-80fb-7fcc73a2297e,2026-07-27T21:37:27.832607+00:00,47,3,7.25,Uber,San Francisco,CA,4121,Chip Transaction,0
a518e5cf-b50c-46d9-a8be-4b7308347d55,2026-06-25T17:31:27.832607+00:00,232,1,62.31,McDonald's,Chicago,IL,5814,Swipe Transaction,0
b14a095d-c393-41d3-a7ea-971047edf10c,2026-06-21T06:10:27.832607+00:00,30,1,50.45,Home Depot,Atlanta,GA,5200,Online Transaction,0
e488760b-1a84-4e3a-9a5d-8492b53a0ddf,2026-07-20T03:03:27.832607+00:00,221,4,47.38,Amazon,Seattle,WA,5942,Chip Transaction,0
33c50a66-55d6-411b-a5e9-20591ed092bf,2026-06-29T16:24:27.832607+00:00,32,0,7.01,Amazon,Seattle,WA,5942,Swipe Transaction,0
c307a9c8-6edb-43cd-8b84-752e3577f68e,2026-08-07T11:18:27.832607+00:00,149,0,67.36,Apple Store,Cupertino,CA,5732,Online Transaction,0
c2114d0d-86db-4a7c-817b-4f7cb362f734,2026-07-21T11:04:27.832607+00:00,104,4,22.26,Target,Minneapolis,MN,5411,Online Transaction,0
d99cf034-86dc-46f6-85c9-2dcfa34f4083,2026-06-25T15:53:27.832607+00:00,223,2,17.71,McDonald's,Chicago,IL,5814,Online Transaction,0
e4624024-6d3b-4911-aa2b-7f44d0e94300,2026-06-27T11:46:27.832607+00:00,219,3,43.52,CVS Pharmacy,Woonsocket,RI,5912,Swipe Transaction,0
3e66f816-d4b0-4020-9445-c9aa15b1359a,2026-08-08T15:18:27.832607+00:00,38,2,34.36,Shell,Houston,TX,5541,Swipe Transaction,0
6f67481b-3e23-4da0-84f7-07dfefd717cb,2026-06-26T08:09:27.832607+00:00,245,1,41.12,Amazon,Seattle,WA,5942,Online Transaction,0
5d5a9cbf-c792-4e51-a213-b77ed2deda17,2026-07-30T11:17:27.832607+00:00,104,4,16.95,Costco,Issaquah,WA,5411,Online Transaction,0
0605eb28-a63f-449f-9412-093266054b09,2026-06-26T20:09:27.832607+00:00,122,1,15.27,Amazon,Seattle,WA,5942,Online Transaction,0
973eb1c8-728a-42fb-8f34-6bd7c8305e75,2026-07-11T13:44:27.832607+00:00,80,4,6.69,Apple Store,Cupertino,CA,5732,Swipe Transaction,0
7f5de51e-1c38-4a3e-8a5a-964dde6edb1b,2026-07-27T00:51:27.832607+00:00,167,1,11.05,Starbucks,Seattle,WA,5814,Online Transaction,0
cb5ca23e-7f4b-49f1-b0d2-8f048935e88d,2026-06-30T10:45:27.832607+00:00,73,0,27.01,Whole Foods,Austin,TX,5411,Online Transaction,0
6cac1116-2944-4539-a3fa-24bd2cadff99,2026-07-16T10:11:27.832607+00:00,8,4,102.71,Whole Foods,Austin,TX,5411,Chip Transaction,0
0d86bcbe-33b0-426d-86f3-d83076bdc3c2,2026-08-03T09:30:27.832607+00:00,69,0,12.5,CVS Pharmacy,Woonsocket,RI,5912,Chip Transaction,0
66c0452b-5e18-4be9-bafd-1b3adbcfc2c0,2026-06-27T16:19:27.832607+00:00,56,0,12.83,Netflix,Los Gatos,CA,4899,Online Transaction,0
eb9c36ef-89c5-4687-98e1-8814757fdd1b,2026-06-26T15:54:27.832607+00:00,237,0,48.97,Netflix,Los Gatos,CA,4899,Chip Transaction,0
4b0a0f58-a6e2-465f-9049-584eb466af10,2026-07-24T20:48:27.832607+00:00,204,2,11.2,CVS Pharmacy,Woonsocket,RI,5912,Chip Transaction,0
c1e975cb-4111-42db-ab93-13bd4e0c2e9b,2026-07-01T11:10:27.832607+00:00,2,4,95.52,Whole Foods,Austin,TX,5411,Chip Transaction,0
bcf19f8b-1c09-4119-b3c7-aa8cc3f71f84,2026-07-08T06:32:27.832607+00:00,172,1,55.66,Whole Foods,Austin,TX,5411,Chip Transaction,0
85f71a2c-5d5e-4a25-94f2-d270d1c5b151,2026-06-22T02:28:27.832607+00:00,72,0,5.94,Costco,Issaquah,WA,5411,Swipe Transaction,0
793ecc2f-1ddf-4107-afe8-a660f83d2cc1,2026-07-21T03:01:27.832607+00:00,199,1,55.38,Walmart,Bentonville,AR,5411,Chip Transaction,0
2c7bd672-e0e7-46e0-a908-bb6240286fc3,2026-06-20T11:55:27.832607+00:00,37,0,30.84,Costco,Issaquah,WA,5411,Chip Transaction,0
b387d391-237b-4c47-973b-c46d89742406,2026-07-14T06:28:27.832607+00:00,15,3,19.52,Shell,Houston,TX,5541,Chip Transaction,0
465f2531-ab53-41b3-bbac-e463feb68601,2026-08-04T01:55:27.832607+00:00,89,0,135.05,CVS Pharmacy,Woonsocket,RI,5912,Swipe Transaction,0
8301ccca-a5dc-4d0c-94aa-0e07b625752c,2026-06-27T05:44:27.832607+00:00,200,2,109.52,Delta Airlines,Atlanta,GA,4511,Chip Transaction,0
2882c0b6-4358-4214-a4dc-51260464afcb,2026-08-14T17:30:27.832607+00:00,51,1,35.37,Home Depot,Atlanta,GA,5200,Online Transaction,0
13f57d6c-59f6-4a43-bd59-f40ab634f1fe,2026-07-06T11:40:27.832607+00:00,119,0,18.43,Whole Foods,Austin,TX,5411,Online Transaction,0
015c2717-1f89-452d-bc08-5757b39328b1,2026-07-29T03:31:27.832607+00:00,212,4,19.35,Whole Foods,Austin,TX,5411,Chip Transaction,0
685c8f8a-dd27-43d3-b836-fd52920f4eb0,2026-07-18T21:01:27.832607+00:00,49,1,503.24,Apple Store,Cupertino,CA,5732,Chip Transaction,0
71bd80c3-858d-464d-a4eb-3cdc68747654,2026-07-07T01:36:27.832607+00:00,186,1,27.13,McDonald's,Chicago,IL,5814,Swipe Transaction,0
57a9e5eb-cd4a-4469-911a-d4aa8f8c5da0,2026-06-25T02:44:27.832607+00:00,210,0,54.4,Target,Minneapolis,MN,5411,Chip Transaction,0
08004195-9eca-40e5-b3dc-383ec94eda73,2026-07-08T13:17:27.832607+00:00,27,3,14.71,Amazon,Seattle,WA,5942,Chip Transaction,0
43c94fd1-b0af-441e-a704-ec36e45ed9e3,2026-07-04T23:33:27.832607+00:00,171,4,8.76,Whole Foods,Austin,TX,5411,Swipe Transaction,0
399431bc-a6a1-40c2-b8ca-5649ae7af056,2026-08-01T07:06:27.832607+00:00,138,1,7.11,Walmart,Bentonville,AR,5411,Online Transaction,0
fda7ab69-d594-4f03-b29e-e99f61eb4770,2026-08-07T11:36:27.832607+00:00,140,2,76.66,Shell,Houston,TX,5541,Chip Transaction,0
3170e165-a51f-45f7-a0c5-5917ac7c3756,2026-07-03T01:53:27.832607+00:00,212,1,30.41,McDonald's,Chicago,IL,5814,Chip Transaction,0
3b2414b7-2db7-49db-a603-b9d2fd7e39dd,2026-06-28T16:55:27.832607+00:00,82,3,47.14,Walmart,Bentonville,AR,5411,Swipe Transaction,0
ba1eac0d-c328-43a7-9c4e-01fe7766e649,2026-08-14T03:28:27.832607+00:00,175,0,39.93,Best Buy,Richfield,MN,5732,Chip Transaction,0
ac2bdd16-6116-476e-9c08-90a039a53990,2026-07-06T12:19:27.832607+00:00,104,4,2.16,Amazon,Seattle,WA,5942,Chip Transaction,0
f9fb6357-6d56-405e-9b62-57dee178b377,2026-08-03T11:02:27.832607+00:00,47,1,26.27,Amazon,Seattle,WA,5942,Online Transaction,0
18b19c27-4993-448e-ac28-9a6c99abbf50,2026-06-20T12:42:27.832607+00:00,86,4,55.18,McDonald's,Chicago,IL,5814,Chip Transaction,0
73043927-9e6e-49e9-b429-e7084f9df331,2026-07-07T02:03:27.832607+00:00,134,1,10.56,McDonald's,Chicago,IL,5814,Swipe Transaction,0
5dfdc4ca-8523-4c52-9295-772f2c0b8e24,2026-08-10T04:14:27.832607+00:00,153,0,15.76,Target,Minneapolis,MN,5411,Chip Transaction,0
1672b444-f554-4c7d-b08d-bb402985b815,2026-06-27T01:13:27.832607+00:00,139,2,35.42,CVS Pharmacy,Woonsocket,RI,5912,Swipe Transaction,0
0245c1b1-5ab9-4391-b94e-f7ec423d0e17,2026-06-28T00:49:27.832607+00:00,65,4,16.99,Target,Minneapolis,MN,5411,Swipe Transaction,0
9369e91e-5b1f-4d2f-b651-84c454854564,2026-07-21T05:34:27.832607+00:00,132,4,59.84,Shell,Houston,TX,5541,Swipe Transaction,0
2e30ad38-8304-4c1f-8bfd-5012ad5ff3f2,2026-06-20T11:58:27.832607+00:00,118,0,13.33,Walmart,Bentonville,AR,5411,Chip Transaction,0
4a0060c8-81aa-41ea-9206-7924499fbb35,2026-06-18T04:39:27.832607+00:00,115,3,57.71,Uber,San Francisco,CA,4121,Chip Transaction,0
82123834-d1de-49fd-8f85-f8e2123ebb70,2026-07-04T07:49:27.832607+00:00,20,4,83.31,CVS Pharmacy,Woonsocket,RI,5912,Chip Transaction,0
a7ce97be-ecab-4bed-9e06-fbdcfefc942b,2026-08-11T00:29:27.832607+00:00,99,4,104.27,McDonald's,Chicago,IL,5814,Chip Transaction,0
8e4e6787-ddac-4ba9-8468-184a9b8e7f6c,2026-08-03T03:40:27.832607+00:00,40,1,89.8,Best Buy,Richfield,MN,5732,Swipe Transaction,0
9f205079-2bf7-4000-a3f1-ee6327f746d2,2026-07-18T15:51:27.832607+00:00,137,2,23.63,Starbucks,Seattle,WA,5814,Swipe Transaction,0
1b6a617c-a654-4c51-82ea-c42ab6fbc62f,2026-06-30T01:37:27.832607+00:00,179,2,4056.92,QuickCash ATM,Unknown,NV,6011,Online Transaction,1
976cbad4-7e31-4762-badc-c278f4a97704,2026-08-14T01:51:27.832607+00:00,146,0,15.13,Costco,Issaquah,WA,5411,Swipe Transaction,0
347149de-9eb8-4701-ace7-629a38e6c48a,2026-08-14T00:14:27.832607+00:00,88,2,11.67,Target,Minneapolis,MN,5411,Swipe Transaction,0
545718bb-1eae-4d1d-bdbe-c53590b20dfd,2026-07-23T09:00:27.832607+00:00,36,2,26.25,Whole Foods,Austin,TX,5411,Chip Transaction,0
3f10ecf3-cc71-450c-87f3-ee8f155648f4,2026-06-22T03:34:27.832607+00:00,203,3,72.76,McDonald's,Chicago,IL,5814,Online Transaction,0
f9815342-7926-456b-9d4f-ff504a5b6ec5,2026-07-27T13:46:27.832607+00:00,27,2,50.6,Starbucks,Seattle,WA,5814,Swipe Transaction,0
fef10ecd-5e4e-44a3-a907-d7f98a1432de,2026-07-10T22:38:27.832607+00:00,239,3,3.23,Walmart,Bentonville,AR,5411,Swipe Transaction,0
78c4ed03-4b65-4e7b-8e6b-a744a137be7b,2026-07-31T14:32:27.832607+00:00,156,2,6.01,Uber,San Francisco,CA,4121,Chip Transaction,0
7baa2625-97f0-40df-8e3d-471b01d2c41b,2026-08-07T11:51:27.832607+00:00,133,2,19.94,Home Depot,Atlanta,GA,5200,Swipe Transaction,0
f055594f-fc10-4d6e-bf01-f60be674c43f,2026-07-12T15:19:27.832607+00:00,198,2,12.24,Home Depot,Atlanta,GA,5200,Swipe Transaction,0
f717b919-edb1-4e5b-9344-e0d56c531e52,2026-07-23T23:27:27.832607+00:00,229,4,11.11,Starbucks,Seattle,WA,5814,Online Transaction,0
f039be8b-98d0-4122-83a5-3ed9f778ac7f,2026-06-25T06:46:27.832607+00:00,13,1,7.76,Costco,Issaquah,WA,5411,Chip Transaction,0
e93230c1-b638-472f-82ed-20e78497e757,2026-06-30T07:50:27.832607+00:00,215,2,29.17,Uber,San Francisco,CA,4121,Chip Transaction,0
54c2e463-7799-440b-ab72-b041762b9f01,2026-07-28T16:00:27.832607+00:00,84,1,14.97,Walmart,Bentonville,AR,5411,Chip Transaction,0
7cae6802-8bda-4e04-ad88-11e2653d76d4,2026-08-07T00:56:27.832607+00:00,122,4,4.0,Target,Minneapolis,MN,5411,Online Transaction,0
2a5fc312-f5e9-41a5-9618-ca13d13e74e3,2026-08-07T22:26:27.832607+00:00,159,2,21.78,Netflix,Los Gatos,CA,4899,Chip Transaction,0
4a0adb75-f615-4825-9345-f8304b3f99ec,2026-08-03T04:10:27.832607+00:00,23,0,47.07,McDonald's,Chicago,IL,5814,Swipe Transaction,0
0b1fc508-da6e-4982-8e74-13662f766c60,2026-07-15T14:08:27.832607+00:00,16,4,5.87,Netflix,Los Gatos,CA,4899,Chip Transaction,0
5f4b1079-0312-455d-a04a-44cbbb200a49,2026-08-04T19:36:27.832607+00:00,135,4,16.36,Amazon,Seattle,WA,5942,Online Transaction,0
5dd5ba52-aad3-436a-8cf9-76e637d42bd7,2026-07-16T02:15:27.832607+00:00,208,3,10.61,Whole Foods,Austin,TX,5411,Online Transaction,0
b2d46253-548f-4c32-9a5e-7fa2dc3aae3c,2026-07-09T22:13:27.832607+00:00,194,3,94.6,Uber,San Francisco,CA,4121,Chip Transaction,0
6d918ad6-8317-42b7-a85e-fb277159aca0,2026-06-28T17:53:27.832607+00:00,131,2,46.98,Shell,Houston,TX,5541,Swipe Transaction,0
148a975d-b2d6-40e5-b7ff-8856615934c1,2026-07-22T08:20:27.832607+00:00,222,2,45.7,Uber,San Francisco,CA,4121,Chip Transaction,0
a9a253b0-c756-4161-bd7d-ad4224fd6a27,2026-06-21T22:37:27.832607+00:00,35,0,57.02,Home Depot,Atlanta,GA,5200,Chip Transaction,0
cbba694d-fee7-41db-9129-2659fda49369,2026-08-13T05:05:27.832607+00:00,225,1,10.73,CVS Pharmacy,Woonsocket,RI,5912,Swipe Transaction,0
ff5a5267-af0e-4209-8933-c3908a2e5d6d,2026-08-10T04:14:27.832607+00:00,30,2,86.88,Target,Minneapolis,MN,5411,Online Transaction,0
c1d98fa4-cf19-40ee-803c-bd73479aa014,2026-07-18T21:50:27.832607+00:00,163,3,14.54,Amazon,Seattle,WA,5942,Chip Transaction,0
190b2439-8b76-47ac-bb55-009ade998312,2026-06-27T05:33:27.832607+00:00,135,4,10.12,McDonald's,Chicago,IL,5814,Online Transaction,0
d33afe32-302b-4faa-a8c3-967e59f190a6,2026-07-12T22:20:27.832607+00:00,57,3,24.43,Best Buy,Richfield,MN,5732,Online Transaction,0
1c317da0-963f-495a-a67d-7b8ca30234c2,2026-07-06T22:18:27.832607+00:00,39,0,4.05,CVS Pharmacy,Woonsocket,RI,5912,Swipe Transaction,0
3f6a03d2-03c0-4159-98e1-92a6d658801b,2026-08-04T23:45:27.832607+00:00,18,4,60.89,Home Depot,Atlanta,GA,5200,Online Transaction,0
e1c42734-6598-4d6c-8c47-536284c859d3,2026-07-27T21:58:27.832607+00:00,35,1,129.9,Target,Minneapolis,MN,5411,Chip Transaction,0
4541b7a5-08bd-4561-8b7d-b6cbc9ef5b4a,2026-08-11T01:43:27.832607+00:00,24,4,8.94,Best Buy,Richfield,MN,5732,Chip Transaction,0
36f0f543-a089-4136-a40a-c009030e5427,2026-07-25T12:30:27.832607+00:00,7,4,3.83,Apple Store,Cupertino,CA,5732,Chip Transaction,0
6c3d308f-fb8c-490d-bfe4-ea642ef23c58,2026-08-01T18:35:27.832607+00:00,202,1,25.32,Netflix,Los Gatos,CA,4899,Chip Transaction,0
c6b21a9e-7b57-4ade-bf31-fb5bd23a8e7e,2026-07-15T22:23:27.832607+00:00,40,4,27.95,Uber,San Francisco,CA,4121,Chip Transaction,0
2bdab429-ea54-4fb3-bde3-c88bd323d7ba,2026-08-13T19:44:27.832607+00:00,27,3,14.43,Best Buy,Richfield,MN,5732,Chip Transaction,0
e288e92e-9ece-42d5-a1ce-d67eb9d1e5d3,2026-08-11T23:10:27.832607+00:00,56,1,32.21,Target,Minneapolis,MN,5411,Chip Transaction,0
f3daf21f-2c42-4493-b558-9512d6dece8f,2026-07-07T11:38:27.832607+00:00,48,0,9.0,Delta Airlines,Atlanta,GA,4511,Swipe Transaction,0
f3ccfad8-6c61-4cde-840f-d8909140b0bf,2026-07-18T03:23:27.832607+00:00,190,3,32.24,Target,Minneapolis,MN,5411,Swipe Transaction,0
91b34531-f62c-431c-83f7-d63b219844ba,2026-08-01T05:11:27.832607+00:00,20,2,20.75,Delta Airlines,Atlanta,GA,4511,Online Transaction,0
f16691df-3e79-4da9-ae7c-be63e4736ccb,2026-07-26T07:01:27.832607+00:00,180,1,15.06,Target,Minneapolis,MN,5411,Swipe Transaction,0
0c4482c1-8176-4d37-9c44-fdf91fda7446,2026-06-25T05:22:27.832607+00:00,107,0,8.74,Home Depot,Atlanta,GA,5200,Chip Transaction,0
79a976e2-489e-4a32-83a3-a7bfa9f716e6,2026-07-03T06:42:27.832607+00:00,242,0,2.55,Apple Store,Cupertino,CA,5732,Chip Transaction,0
580d942b-7782-479b-ae77-762d24adadcc,2026-06-25T19:42:27.832607+00:00,157,0,3.29,Costco,Issaquah,WA,5411,Swipe Transaction,0
2708efaa-cf61-4cad-b6a0-b5eb4e16ef8a,2026-07-31T08:56:27.832607+00:00,18,1,21.84,Best Buy,Richfield,MN,5732,Chip Transaction,0
dfb1025a-4041-4c21-bb8c-bfe964a6cbf7,2026-08-11T18:03:27.832607+00:00,128,0,78.66,McDonald's,Chicago,IL,5814,Chip Transaction,0
ca9e39a4-5d94-4336-9a8f-ee94e1565acd,2026-07-28T07:09:27.832607+00:00,243,4,43.33,Whole Foods,Austin,TX,5411,Online Transaction,0
25538d32-fa1b-4e2c-a27a-a4e006a921a6,2026-07-25T16:15:27.832607+00:00,204,2,172.48,Amazon,Seattle,WA,5942,Chip Transaction,0
9d001997-e059-4d6c-aaff-bcafeef1e8b1,2026-07-11T15:37:27.832607+00:00,227,0,84.76,Delta Airlines,Atlanta,GA,4511,Chip Transaction,0
c707288f-b45d-45ca-b81b-57debc3c23ad,2026-07-23T15:35:27.832607+00:00,133,4,376.22,Apple Store,Cupertino,CA,5732,Online Transaction,0
ea6e2c7f-ec32-4fe2-9bcf-05ff5eb797ce,2026-07-01T17:58:27.832607+00:00,181,2,18.27,Apple Store,Cupertino,CA,5732,Swipe Transaction,0
f7f2e51b-94c6-46af-87f3-b3161cba3cba,2026-06-30T23:35:27.832607+00:00,215,0,34.83,Starbucks,Seattle,WA,5814,Chip Transaction,0
d66dbd4d-ae84-4122-86ba-775412d80228,2026-07-29T09:54:27.832607+00:00,147,4,274.0,LuxuryGoods LLC,Miami,FL,5944,Chip Transaction,1
2015bfa7-a3b0-424a-bf6d-c8b3d907ceb4,2026-07-18T14:30:27.832607+00:00,224,4,3.88,Walmart,Bentonville,AR,5411,Online Transaction,0
86012a9f-7d4c-4bff-8b06-0b83724fecce,2026-08-08T06:45:27.832607+00:00,242,4,947.08,QuickCash ATM,Unknown,NV,6011,Online Transaction,1
64f6faaa-e720-486d-81d4-724c07b45881,2026-07-16T02:24:27.832607+00:00,189,4,13.69,Walmart,Bentonville,AR,5411,Swipe Transaction,0
7242762c-fc9e-42e2-9770-7c85d1551653,2026-07-30T05:52:27.832607+00:00,152,3,19.18,Costco,Issaquah,WA,5411,Chip Transaction,0
b7b69f4c-4076-476f-8f41-2db68f1b2198,2026-08-08T08:09:27.832607+00:00,31,3,13.0,Walmart,Bentonville,AR,5411,Chip Transaction,0
8a1841b5-5b44-4cb9-96c9-4d56eafbf86d,2026-07-10T11:15:27.832607+00:00,173,0,13.08,McDonald's,Chicago,IL,5814,Swipe Transaction,0
3463b337-f9e7-4fad-b1f0-969fd688936b,2026-08-06T05:54:27.832607+00:00,113,1,9.56,Netflix,Los Gatos,CA,4899,Chip Transaction,0
ccad10e3-fd08-44d1-ae2a-7688c11a9efd,2026-07-29T18:44:27.832607+00:00,138,0,29.82,Delta Airlines,Atlanta,GA,4511,Chip Transaction,0
5d17bfd9-a3b7-401e-8899-eea99ea47683,2026-07-31T12:29:27.832607+00:00,39,2,35.34,Whole Foods,Austin,TX,5411,Chip Transaction,0
b10e4bfc-c228-4029-8e7d-5ac8b0c55555,2026-07-31T18:23:27.832607+00:00,221,0,17.43,Shell,Houston,TX,5541,Online Transaction,0
4eda7748-e4cd-40b1-9203-4fa62fecd133,2026-06-25T07:56:27.832607+00:00,216,4,11.5,Target,Minneapolis,MN,5411,Chip Transaction,0
61817918-7b7b-48e0-aae0-a2f6eb483367,2026-07-30T04:07:27.832607+00:00,203,0,79.42,Uber,San Francisco,CA,4121,Chip Transaction,0
11f14ba9-ea9a-453f-b143-a91941469d15,2026-06-18T03:57:27.832607+00:00,200,4,1862.8,QuickCash ATM,Unknown,NV,6011,Online Transaction,1
32277d70-14f7-488f-925a-1a40133c88b4,2026-07-02T14:25:27.832607+00:00,92,4,10.88,CVS Pharmacy,Woonsocket,RI,5912,Chip Transaction,0
d47b8984-407d-4c85-9bc4-12f242b69670,2026-07-18T01:36:27.832607+00:00,60,4,20.34,Netflix,Los Gatos,CA,4899,Chip Transaction,0
95d3aeab-f3d6-4fa5-b42a-ca82478a402d,2026-07-02T18:08:27.832607+00:00,247,0,28.88,Target,Minneapolis,MN,5411,Swipe Transaction,0
e3e412e9-eb35-458c-9166-82b7ad2e83a7,2026-07-08T13:08:27.832607+00:00,231,0,11.0,Best Buy,Richfield,MN,5732,Swipe Transaction,0
16dfee6f-04b9-404d-97a4-1a7e7e9e9248,2026-07-16T15:12:27.832607+00:00,16,0,251.18,Costco,Issaquah,WA,5411,Chip Transaction,0
260a45b0-1e79-4dd1-af11-565811e9ef94,2026-08-15T06:20:27.832607+00:00,109,2,37.7,Whole Foods,Austin,TX,5411,Chip Transaction,0
f4af373c-ad32-40c5-908f-5eb253a60e35,2026-06-21T02:24:27.832607+00:00,73,3,45.96,Apple Store,Cupertino,CA,5732,Chip Transaction,0
e7967d7f-ec01-46b7-ac9c-212fbb0d75ac,2026-08-01T02:22:27.832607+00:00,65,3,23.68,Shell,Houston,TX,5541,Online Transaction,0
1d7b7194-fd2f-4dd0-9eae-ffe50dd5169d,2026-07-08T06:40:27.832607+00:00,132,0,1085.68,CryptoExchange OU,Tallinn,FOREIGN,6051,Online Transaction,1
d0fc9d5a-2d2d-4823-99f4-ea604a7bd727,2026-08-13T06:33:27.832607+00:00,196,0,26.91,CVS Pharmacy,Woonsocket,RI,5912,Chip Transaction,0
4db54023-374a-48ad-8548-2d20d21c5882,2026-07-03T06:57:27.832607+00:00,223,0,19.47,Home Depot,Atlanta,GA,5200,Swipe Transaction,0
18a7c9ab-dfd1-4afe-a9a9-f2b55cf7c3cd,2026-07-16T14:29:27.832607+00:00,27,1,6.65,Apple Store,Cupertino,CA,5732,Chip Transaction,0
9f53db2f-7136-41a7-a491-f61426940e8b,2026-08-11T21:27:27.832607+00:00,245,2,48.35,Starbucks,Seattle,WA,5814,Online Transaction,0
2f918a1b-625b-4932-911b-2e7759b0b89a,2026-07-03T00:18:27.832607+00:00,5,4,20.63,CVS Pharmacy,Woonsocket,RI,5912,Chip Transaction,0
e2c56ee2-2ddd-484b-b694-a9825a2d634e,2026-07-08T04:41:27.832607+00:00,181,3,136.27,Home Depot,Atlanta,GA,5200,Chip Transaction,0
479e4a42-aaeb-4cb3-8351-7e8ecb1c3755,2026-06-23T12:50:27.832607+00:00,172,1,8.67,Amazon,Seattle,WA,5942,Chip Transaction,0
9cab1ae9-1b5f-4235-988e-9f721a1c2d6e,2026-06-22T13:14:27.832607+00:00,91,4,71.39,Costco,Issaquah,WA,5411,Chip Transaction,0
6f51cc9f-0fe0-4efe-a36f-cd069fb3872b,2026-08-10T23:11:27.832607+00:00,248,2,13.23,Costco,Issaquah,WA,5411,Chip Transaction,0
f32038f9-a8eb-41d7-95a2-280e63bf9939,2026-06-20T17:49:27.832607+00:00,234,2,20.92,CVS Pharmacy,Woonsocket,RI,5912,Chip Transaction,0
53241b68-fdbc-4a78-a419-c73785609d6a,2026-08-13T09:34:27.832607+00:00,18,4,978.66,LuxuryGoods LLC,Miami,FL,5944,Online Transaction,1
1ca17d3e-3d18-433f-8ff1-77a33e7a9185,2026-06-20T08:33:27.832607+00:00,77,4,34.56,Best Buy,Richfield,MN,5732,Online Transaction,0
fabd41f2-a0b9-4dd1-8f9f-80e606253f26,2026-07-02T13:39:27.832607+00:00,58,0,62.12,Netflix,Los Gatos,CA,4899,Chip Transaction,0
0653b47c-e9ff-45ac-903e-00801a621916,2026-07-29T17:10:27.832607+00:00,143,2,113.77,Apple Store,Cupertino,CA,5732,Chip Transaction,0
2f103019-8058-4683-bdd2-b9ad0e1b3f85,2026-08-07T12:13:27.832607+00:00,147,2,15.04,Netflix,Los Gatos,CA,4899,Chip Transaction,0
29617e45-438e-4431-8be2-8f3fc2030181,2026-07-25T04:52:27.832607+00:00,177,4,50.35,Target,Minneapolis,MN,5411,Chip Transaction,0
6c653bbc-7613-410a-823f-9ec4b21d1828,2026-06-24T00:09:27.832607+00:00,207,0,27.64,Best Buy,Richfield,MN,5732,Swipe Transaction,0
31cc2148-bc3a-44c4-8fd2-e76a5e81230a,2026-08-10T16:48:27.832607+00:00,118,4,12.08,Whole Foods,Austin,TX,5411,Chip Transaction,0
1e7a9284-a6f2-429c-9394-35f2cb8c7d5f,2026-08-01T04:27:27.832607+00:00,161,2,31.9,Netflix,Los Gatos,CA,4899,Online Transaction,0
b166975a-2e68-4986-a75b-1d23c3908ff5,2026-08-08T03:27:27.832607+00:00,193,4,44.88,Whole Foods,Austin,TX,5411,Swipe Transaction,0
4cdccf69-6a69-4ebf-8e4c-521909ee49c7,2026-06-25T18:34:27.832607+00:00,250,3,22.35,Home Depot,Atlanta,GA,5200,Chip Transaction,0
acb061fc-65c1-424a-981a-c2791c0281a6,2026-08-14T18:12:27.832607+00:00,170,4,24.87,Home Depot,Atlanta,GA,5200,Chip Transaction,0
e204b310-009a-4292-8f49-c8d5ba1858fe,2026-08-14T00:27:27.832607+00:00,67,2,5.68,Costco,Issaquah,WA,5411,Chip Transaction,0
5c4afbc8-5a33-4fca-bc11-1a25175f3fd7,2026-06-29T02:12:27.832607+00:00,60,4,84.64,CVS Pharmacy,Woonsocket,RI,5912,Swipe Transaction,0
38f12ff2-058e-49d8-888c-bd6263f341cb,2026-07-07T17:11:27.832607+00:00,208,0,22.26,Uber,San Francisco,CA,4121,Chip Transaction,0
27725d06-08ef-45c3-a225-1bb530b39200,2026-07-24T04:16:27.832607+00:00,216,1,22.75,Netflix,Los Gatos,CA,4899,Chip Transaction,0
a83fc48a-248b-46de-a6bb-ca38adb1ae6d,2026-07-30T14:28:27.832607+00:00,172,0,14.61,Walmart,Bentonville,AR,5411,Swipe Transaction,0
c4e22cf5-7f0a-45ff-9988-1c4462a6a474,2026-08-02T10:22:27.832607+00:00,154,3,47.33,Apple Store,Cupertino,CA,5732,Swipe Transaction,0
6be5aafd-9fed-476a-a7f2-dbf7a35978ab,2026-06-26T20:30:27.832607+00:00,172,3,19.53,Target,Minneapolis,MN,5411,Swipe Transaction,0
a96c0453-d21a-4349-8f97-0e9c7a38b1c4,2026-06-19T23:08:27.832607+00:00,232,0,29.31,Amazon,Seattle,WA,5942,Chip Transaction,0
e65df6b6-a3c7-46ba-8e33-94dbd69b3e6b,2026-06-24T22:00:27.832607+00:00,64,1,19.64,Uber,San Francisco,CA,4121,Swipe Transaction,0
977e0b8c-d157-4d51-a803-713c56ff2a39,2026-07-03T10:11:27.832607+00:00,186,3,71.24,Whole Foods,Austin,TX,5411,Chip Transaction,0
83670006-c5a9-4d41-afc4-f7c29d7511ef,2026-07-15T13:44:27.832607+00:00,172,3,18.11,Whole Foods,Austin,TX,5411,Online Transaction,0
a120549c-c5f4-49f3-83ab-b90576cdae40,2026-07-31T06:10:27.832607+00:00,99,4,37.9,Amazon,Seattle,WA,5942,Swipe Transaction,0
890c1b09-99ab-49b3-b229-054bf37919fa,2026-07-25T03:58:27.832607+00:00,80,1,29.29,Whole Foods,Austin,TX,5411,Chip Transaction,0
dc36ff46-2192-4773-a7a6-534120eb9256,2026-08-10T21:41:27.832607+00:00,239,2,27.24,Target,Minneapolis,MN,5411,Chip Transaction,0
1139d6e2-2ec0-4bc0-bf7f-5698ae6c84de,2026-06-25T00:08:27.832607+00:00,1,4,32.38,Costco,Issaquah,WA,5411,Chip Transaction,0
0e5fe940-1880-4803-b789-e60934f46a25,2026-06-25T13:31:27.832607+00:00,129,1,9.75,CVS Pharmacy,Woonsocket,RI,5912,Chip Transaction,0
20453d4b-2140-42de-93be-a1194a6ae61e,2026-06-21T21:41:27.832607+00:00,193,4,11.53,Netflix,Los Gatos,CA,4899,Chip Transaction,0
81ca4b51-510a-4871-b549-5512c2780a31,2026-07-07T06:40:27.832607+00:00,77,0,18.03,Walmart,Bentonville,AR,5411,Chip Transaction,0
3f36a5da-9064-4623-a27d-38c81e5ca6cd,2026-07-28T06:41:27.832607+00:00,92,4,42.47,Walmart,Bentonville,AR,5411,Swipe Transaction,0
3ec1e118-7140-4fe8-aee7-69ca00f8a5d4,2026-06-19T12:51:27.832607+00:00,229,0,11.37,Costco,Issaquah,WA,5411,Swipe Transaction,0
0475a728-f09c-4151-a6ff-4139975c1dc4,2026-07-16T16:38:27.832607+00:00,25,3,9.54,Starbucks,Seattle,WA,5814,Swipe Transaction,0
b37e8c46-8443-4cc7-9a77-30a19e7938eb,2026-07-17T12:55:27.832607+00:00,38,2,58.54,Delta Airlines,Atlanta,GA,4511,Chip Transaction,0
ed80e696-1e02-47f7-9ee3-66b51cb20132,2026-08-05T11:02:27.832607+00:00,75,2,18.35,Netflix,Los Gatos,CA,4899,Chip Transaction,0
9564ab21-d074-42b8-8ecc-7b8d111dcb5e,2026-08-14T05:26:27.832607+00:00,124,0,20.88,Netflix,Los Gatos,CA,4899,Swipe Transaction,0
dd7bd42b-3791-4c09-87e6-c776fda45ef6,2026-06-30T20:24:27.832607+00:00,11,4,34.54,Shell,Houston,TX,5541,Chip Transaction,0
573976d3-cbb3-475b-bdfb-27f31406107c,2026-06-28T13:14:27.832607+00:00,38,0,6.82,Delta Airlines,Atlanta,GA,4511,Online Transaction,0
6dc65d72-bf85-4606-8e51-0f9450058b1d,2026-07-23T02:04:27.832607+00:00,58,2,10.22,Shell,Houston,TX,5541,Chip Transaction,0
2125a26a-090f-49ea-870b-752d714090e8,2026-06-21T03:11:27.832607+00:00,207,1,29.51,Netflix,Los Gatos,CA,4899,Chip Transaction,0
b9c642e5-f15a-41fb-aa40-e228d7ad0b35,2026-06-24T20:16:27.832607+00:00,146,2,27.42,Best Buy,Richfield,MN,5732,Chip Transaction,0
61c75a2a-1de8-40ac-905c-188abe6711f6,2026-08-08T13:54:27.832607+00:00,29,0,14.34,Best Buy,Richfield,MN,5732,Swipe Transaction,0
7f1b4a8d-c269-4913-aa8e-3e128b197ff5,2026-06-21T22:31:27.832607+00:00,123,2,32.93,Best Buy,Richfield,MN,5732,Swipe Transaction,0
4d747d10-f6f7-44f0-b763-824b6f7b0004,2026-07-25T08:54:27.832607+00:00,187,0,7.88,Netflix,Los Gatos,CA,4899,Chip Transaction,0
cdea3491-4e01-4886-b362-009025bafa4d,2026-07-27T03:07:27.832607+00:00,108,2,58.98,Home Depot,Atlanta,GA,5200,Chip Transaction,0
c997cce8-0f88-41e5-872f-d6cdc5498a05,2026-07-25T04:11:27.832607+00:00,84,2,31.6,Delta Airlines,Atlanta,GA,4511,Swipe Transaction,0
e91ac5a1-0c78-4bfe-847b-fd84389f6203,2026-06-23T05:33:27.832607+00:00,77,4,43.1,Apple Store,Cupertino,CA,5732,Online Transaction,0
9aef5de9-6e2d-4fac-94b6-496752a4ecbe,2026-06-24T23:20:27.832607+00:00,222,2,14.71,Amazon,Seattle,WA,5942,Chip Transaction,0
f622831e-c35a-44ff-922e-fd1667e3057e,2026-06-27T02:55:27.832607+00:00,68,1,24.43,Netflix,Los Gatos,CA,4899,Swipe Transaction,0
9afe61b3-dcd4-4390-a742-a6a8d17542da,2026-08-15T11:48:27.832607+00:00,194,3,14.78,Whole Foods,Austin,TX,5411,Chip Transaction,0
4a276a7e-a9a0-4128-a43d-f92a21a52550,2026-07-16T20:36:27.832607+00:00,82,1,40.67,Amazon,Seattle,WA,5942,Chip Transaction,0
6b253bcc-97a3-4036-acdd-69e2848f1dbd,2026-07-30T07:06:27.832607+00:00,201,2,32.84,CVS Pharmacy,Woonsocket,RI,5912,Chip Transaction,0
9bb397dd-e48f-4a80-805c-9109ba4efeda,2026-07-24T07:21:27.832607+00:00,198,3,19.87,Whole Foods,Austin,TX,5411,Swipe Transaction,0
25972961-9754-4dd1-b00f-23be0ba1abb9,2026-07-17T04:03:27.832607+00:00,89,1,4.73,Amazon,Seattle,WA,5942,Swipe Transaction,0
f658036a-ec7d-4bbb-8622-6b3098f73db6,2026-08-11T21:51:27.832607+00:00,76,1,281.47,OnlineElectronics,Shenzhen,FOREIGN,5732,Swipe Transaction,1
a16c5279-b8ad-472b-89b0-06fe50e9072d,2026-07-06T15:55:27.832607+00:00,35,2,22.26,Whole Foods,Austin,TX,5411,Chip Transaction,0
5c86f201-9118-43c2-9b67-7dff2d412718,2026-06-21T23:27:27.832607+00:00,26,0,11.66,Amazon,Seattle,WA,5942,Swipe Transaction,0
2a21b5f0-42c2-4c95-97a5-095788e96765,2026-07-13T21:24:27.832607+00:00,133,3,27.64,Costco,Issaquah,WA,5411,Chip Transaction,0
26ea8ea0-3a7d-4e31-a2c7-56f9c3b9ed95,2026-08-11T08:09:27.832607+00:00,102,3,99.46,AnonymousGiftCards,Panama City,FOREIGN,5947,Online Transaction,1
3793255b-5a36-4ead-8aa5-3ab21ff693b6,2026-07-02T18:50:27.832607+00:00,226,2,14.73,Target,Minneapolis,MN,5411,Swipe Transaction,0
7e896712-5b24-48b7-bb28-29ebd7eb9b8a,2026-07-07T09:02:27.832607+00:00,208,3,20.25,Whole Foods,Austin,TX,5411,Chip Transaction,0
d1d07d7e-ecc7-47d4-a103-b1c17a54f49f,2026-08-09T20:50:27.832607+00:00,123,2,25.99,Walmart,Bentonville,AR,5411,Swipe Transaction,0
a82fa73f-7016-4af6-bde3-66f9fa35f131,2026-07-27T01:08:27.832607+00:00,13,3,30.66,Delta Airlines,Atlanta,GA,4511,Swipe Transaction,0
c812224c-0b11-4d01-b0f1-af8b16962424,2026-06-27T08:42:27.832607+00:00,132,1,34.17,Costco,Issaquah,WA,5411,Chip Transaction,0
859eebeb-0553-4a93-b8e7-c35c5d4fe4a1,2026-07-19T14:28:27.832607+00:00,225,2,35.05,McDonald's,Chicago,IL,5814,Chip Transaction,0
ae8aa8f2-a23a-48c9-b06b-6d6ebb742a95,2026-07-14T20:18:27.832607+00:00,167,3,20.96,Shell,Houston,TX,5541,Chip Transaction,0
83c71247-d4ef-426a-843f-7bc2743608cd,2026-07-16T23:36:27.832607+00:00,198,4,3.82,Costco,Issaquah,WA,5411,Chip Transaction,0
f5b7668c-b866-436a-80a0-6361dff52b33,2026-06-21T20:09:27.832607+00:00,113,3,67.45,Delta Airlines,Atlanta,GA,4511,Chip Transaction,0
3663136e-5284-47b1-ae4b-7b6620411866,2026-07-29T00:32:27.832607+00:00,44,0,49.24,Shell,Houston,TX,5541,Chip Transaction,0
0f075ab9-efb4-496d-83f7-0d9e408152e0,2026-07-30T08:32:27.832607+00:00,230,3,29.69,Home Depot,Atlanta,GA,5200,Online Transaction,0
0783bdb7-4bc2-4344-8770-81b7747748e4,2026-07-15T14:38:27.832607+00:00,201,3,34.23,McDonald's,Chicago,IL,5814,Chip Transaction,0
7e47adf0-bcca-443d-88c9-9884f0743b3e,2026-07-25T07:43:27.832607+00:00,156,1,11.89,Shell,Houston,TX,5541,Chip Transaction,0
f4a29886-8c0d-4040-ac4a-d79bd81b0dab,2026-07-18T05:11:27.832607+00:00,85,1,49.12,Home Depot,Atlanta,GA,5200,Online Transaction,0
245c43ec-8e23-4111-915e-c605981529ae,2026-07-19T23:36:27.832607+00:00,122,4,739.71,CryptoExchange OU,Tallinn,FOREIGN,6051,Online Transaction,1
14da29da-6801-46e0-910e-bd3d402ae99e,2026-07-21T17:04:27.832607+00:00,66,2,55.03,Walmart,Bentonville,AR,5411,Chip Transaction,0
b14e25c0-4166-4980-ad24-43e689a74075,2026-07-15T01:54:27.832607+00:00,226,2,5.63,Netflix,Los Gatos,CA,4899,Online Transaction,0
d66dfc9d-5688-4a09-ad1d-a4f78aba4948,2026-08-10T19:04:27.832607+00:00,4,2,5.6,Best Buy,Richfield,MN,5732,Swipe Transaction,0
0a7f329c-22f2-47f2-8880-629683e0b7e2,2026-07-25T20:51:27.832607+00:00,170,2,9.0,Walmart,Bentonville,AR,5411,Chip Transaction,0
a4589e1e-ae73-44f1-bdd3-3a009fb2bc27,2026-06-28T17:59:27.832607+00:00,136,4,38.4,CVS Pharmacy,Woonsocket,RI,5912,Online Transaction,0
5abe04e4-73b5-48b2-956c-e5e37b34f06a,2026-08-02T16:33:27.832607+00:00,81,3,33.56,CVS Pharmacy,Woonsocket,RI,5912,Online Transaction,0
63ec16f3-79c9-43df-83bf-ebd1233d3309,2026-06-25T02:48:27.832607+00:00,36,2,23.48,Costco,Issaquah,WA,5411,Chip Transaction,0
b8c2a6fd-d3c7-4b92-8419-75a12ffc3897,2026-07-13T11:56:27.832607+00:00,65,1,44.75,CVS Pharmacy,Woonsocket,RI,5912,Chip Transaction,0
c59b4b81-b6da-4111-a393-00b09f1062f0,2026-07-23T10:08:27.832607+00:00,42,4,105.38,Starbucks,Seattle,WA,5814,Swipe Transaction,0
ee260e9b-7f58-4400-ac9a-74c962893644,2026-07-26T08:47:27.832607+00:00,242,4,24.53,CVS Pharmacy,Woonsocket,RI,5912,Online Transaction,0
f2eceb39-ff93-40fc-90ff-29fe4e182814,2026-07-28T16:13:27.832607+00:00,38,0,51.31,Home Depot,Atlanta,GA,5200,Chip Transaction,0
bb39c55c-166a-4fa7-9fed-313f2ac3e06d,2026-08-12T17:20:27.832607+00:00,17,4,13.6,Amazon,Seattle,WA,5942,Chip Transaction,0
259e111c-276e-4b03-8bf3-826b665f6b35,2026-07-12T16:04:27.832607+00:00,143,3,25.36,Netflix,Los Gatos,CA,4899,Swipe Transaction,0
467da669-5c8d-4b86-8875-98d6f16659e4,2026-07-12T15:25:27.832607+00:00,204,0,9.85,Home Depot,Atlanta,GA,5200,Chip Transaction,0
458b68aa-2be8-4626-8490-b47e86659ace,2026-07-21T12:21:27.832607+00:00,167,1,9.83,Delta Airlines,Atlanta,GA,4511,Online Transaction,0
ed26ba9e-83bc-4db6-acee-3676e076855a,2026-06-19T10:32:27.832607+00:00,108,4,24.95,Best Buy,Richfield,MN,5732,Chip Transaction,0
82e0ead9-b832-45bc-85ed-5663ed7c241e,2026-06-19T09:45:27.832607+00:00,214,0,2.71,Uber,San Francisco,CA,4121,Swipe Transaction,0
c725f73c-f9a7-49f3-a26c-9c421c619ca7,2026-08-13T14:59:27.832607+00:00,1,2,465.92,CryptoExchange OU,Tallinn,FOREIGN,6051,Online Transaction,1
d35f4917-ff92-4a49-a546-40dd4fa78cd9,2026-07-22T09:47:27.832607+00:00,6,0,31.26,Delta Airlines,Atlanta,GA,4511,Chip Transaction,0
fd48eede-0a01-4f67-a902-ad729053f6cc,2026-07-08T02:54:27.832607+00:00,4,3,38.48,Whole Foods,Austin,TX,5411,Chip Transaction,0
8c47b176-eb78-4f4d-b064-55ffea0be9d4,2026-07-14T00:46:27.832607+00:00,242,1,72.98,Walmart,Bentonville,AR,5411,Online Transaction,0
e9c128cc-1206-435c-8022-6fd92166692c,2026-07-22T02:42:27.832607+00:00,237,4,731.68,OnlineElectronics,Shenzhen,FOREIGN,5732,Online Transaction,1
fe353c92-d575-4bc3-9d70-b39875f044a0,2026-07-23T07:49:27.832607+00:00,108,4,15.37,Apple Store,Cupertino,CA,5732,Chip Transaction,0
812a2817-fb62-4575-96e3-a60506160b99,2026-07-29T09:13:27.832607+00:00,104,1,12.34,Target,Minneapolis,MN,5411,Swipe Transaction,0
10a9ab96-7426-4a01-b1de-4e99347f51b1,2026-07-12T10:39:27.832607+00:00,145,0,19.47,CVS Pharmacy,Woonsocket,RI,5912,Online Transaction,0
315a8c67-3330-4b45-9e29-c9f8719462cd,2026-07-04T19:01:27.832607+00:00,94,0,39.69,McDonald's,Chicago,IL,5814,Swipe Transaction,0
cd49d035-9ad3-493e-86e4-3775a1f57aaa,2026-07-14T00:42:27.832607+00:00,117,3,9.95,Netflix,Los Gatos,CA,4899,Chip Transaction,0
5116032e-d20f-420d-babd-4accd25ce863,2026-08-14T16:06:27.832607+00:00,162,4,46.31,Starbucks,Seattle,WA,5814,Online Transaction,0
2cae67e7-a256-4254-9394-8441835e420d,2026-06-25T06:00:27.832607+00:00,19,3,64.81,Costco,Issaquah,WA,5411,Chip Transaction,0
0cf06ab5-dbfe-425f-9ff0-ba084177f4b2,2026-07-14T22:05:27.832607+00:00,192,1,23.83,Uber,San Francisco,CA,4121,Chip Transaction,0
0701a322-c084-4973-989d-6b6d6c91093c,2026-07-03T08:30:27.832607+00:00,38,2,33.73,Best Buy,Richfield,MN,5732,Swipe Transaction,0
21f3c5a9-cd13-408a-b475-e80b2fee80c0,2026-08-08T10:24:27.832607+00:00,42,1,20.61,Best Buy,Richfield,MN,5732,Chip Transaction,0
8834cad8-c0bf-4602-9415-f632c8e32b08,2026-06-22T21:32:27.832607+00:00,182,2,25.04,Uber,San Francisco,CA,4121,Chip Transaction,0
5759d4db-dc1d-4303-a97d-e5ce3eaaf397,2026-07-14T10:39:27.832607+00:00,96,3,6.26,Target,Minneapolis,MN,5411,Swipe Transaction,0
81662397-3da8-4b88-8e19-52f4d77ff0b2,2026-08-12T16:03:27.832607+00:00,33,2,24.75,CVS Pharmacy,Woonsocket,RI,5912,Swipe Transaction,0
278490f1-fa1d-4dcb-a617-c5fc96385a96,2026-07-02T13:34:27.832607+00:00,162,3,157.39,Delta Airlines,Atlanta,GA,4511,Chip Transaction,0
dc9ec6b6-4a28-49f4-a698-a43d840eaf65,2026-07-27T19:32:27.832607+00:00,44,1,17.53,Whole Foods,Austin,TX,5411,Chip Transaction,0
e98bee68-ce4d-4cae-b4d2-f6ba4409dacb,2026-08-04T10:02:27.832607+00:00,144,4,23.19,Costco,Issaquah,WA,5411,Chip Transaction,0
30f0a998-dc0a-404b-8995-bb558eb22b63,2026-07-17T22:25:27.832607+00:00,210,4,6.54,Whole Foods,Austin,TX,5411,Online Transaction,0
60cab396-41af-4c96-bd6d-caed1e14c69c,2026-07-31T03:54:27.832607+00:00,108,0,38.14,Shell,Houston,TX,5541,Chip Transaction,0
34d368ee-e9c5-4ca0-b6d5-53344ff37bed,2026-07-12T08:19:27.832607+00:00,90,4,16.81,Home Depot,Atlanta,GA,5200,Chip Transaction,0
794f5bef-9463-4d82-81d4-e380957c8166,2026-06-19T09:49:27.832607+00:00,157,1,5.57,Amazon,Seattle,WA,5942,Online Transaction,0
5e230898-571e-4719-84aa-d4700a3961bf,2026-07-05T13:55:27.832607+00:00,12,2,14.9,Walmart,Bentonville,AR,5411,Swipe Transaction,0
ef089030-92b5-4f8c-9140-d46f77ed1544,2026-07-27T02:22:27.832607+00:00,19,3,28.05,Costco,Issaquah,WA,5411,Chip Transaction,0
2b0ab320-8ade-4246-ae91-338ca715e93c,2026-06-23T18:19:27.832607+00:00,80,4,169.47,Amazon,Seattle,WA,5942,Swipe Transaction,0
4f21b802-7611-4be3-9ec4-5a20924c35b5,2026-07-18T00:19:27.832607+00:00,120,3,42.88,Starbucks,Seattle,WA,5814,Swipe Transaction,0
5c0d62fe-2a2b-4b5e-b4ea-62ac90b4e3d4,2026-06-23T19:31:27.832607+00:00,66,2,64.02,Starbucks,Seattle,WA,5814,Chip Transaction,0
df111bf1-d36c-4582-ba92-1c37521f4b1d,2026-07-04T19:35:27.832607+00:00,122,1,48.83,Netflix,Los Gatos,CA,4899,Online Transaction,0
d86a9778-82c6-44e4-b418-5bb7117a66b5,2026-07-19T12:05:27.832607+00:00,10,2,3.56,Walmart,Bentonville,AR,5411,Swipe Transaction,0
74965a08-6e6b-44e3-a00a-ed651e759c66,2026-07-17T13:16:27.832607+00:00,176,1,86.68,Uber,San Francisco,CA,4121,Chip Transaction,0
a58a3b97-67f0-40e6-80e7-df5a0936ce3c,2026-08-10T13:02:27.832607+00:00,196,1,49.46,Shell,Houston,TX,5541,Chip Transaction,0
708f5fd8-b653-4e3d-bbbf-3f8bdb10fe87,2026-07-17T02:06:27.832607+00:00,140,3,21.53,Target,Minneapolis,MN,5411,Online Transaction,0
7a61c2ad-54cc-4e79-8717-21cf0558c050,2026-08-13T06:08:27.832607+00:00,65,2,8.62,Apple Store,Cupertino,CA,5732,Online Transaction,0
7dd405fe-d732-4ebc-aa42-c693a0d65e41,2026-06-28T11:16:27.832607+00:00,98,2,16.97,Home Depot,Atlanta,GA,5200,Online Transaction,0
7a032f79-e31a-4a69-8bc8-8644f9e0636c,2026-07-10T20:28:27.832607+00:00,114,2,8.59,Home Depot,Atlanta,GA,5200,Chip Transaction,0
9b1f795d-8f6c-41ba-a513-96916bc257c6,2026-08-12T05:40:27.832607+00:00,102,1,32.65,Apple Store,Cupertino,CA,5732,Chip Transaction,0
ec2e2765-a8e4-4624-b31c-d4dbbfc42028,2026-07-29T01:10:27.832607+00:00,86,2,84.34,Delta Airlines,Atlanta,GA,4511,Chip Transaction,0
d088d408-2ede-4e53-b076-17eb498dfafe,2026-08-07T01:06:27.832607+00:00,154,0,77.12,McDonald's,Chicago,IL,5814,Swipe Transaction,0
a8a73ee2-39bb-4561-9564-6976fe325bd7,2026-07-26T12:55:27.832607+00:00,176,0,25.0,Walmart,Bentonville,AR,5411,Swipe Transaction,0
cd41c451-43d4-44d8-8569-a2d0353de936,2026-08-03T20:15:27.832607+00:00,176,1,43.3,Shell,Houston,TX,5541,Chip Transaction,0
6f161981-3be8-48dc-b1e4-1bfc976b03c9,2026-08-01T11:44:27.832607+00:00,210,2,41.8,Netflix,Los Gatos,CA,4899,Chip Transaction,0
35172049-1f39-40a9-9c37-de4c8b3c6020,2026-08-09T05:30:27.832607+00:00,231,2,151.6,Amazon,Seattle,WA,5942,Chip Transaction,0
9975d7c1-b4a0-4c4c-bc76-40cdf9445d17,2026-06-26T06:57:27.832607+00:00,82,0,93.15,Amazon,Seattle,WA,5942,Chip Transaction,0
fc428cdb-5548-4065-a0a0-f4c3f2cc6059,2026-07-17T02:24:27.832607+00:00,151,2,7.62,Delta Airlines,Atlanta,GA,4511,Swipe Transaction,0
c7d449e7-2c6c-4b10-9384-39b6313a051d,2026-07-07T17:38:27.832607+00:00,214,3,15.8,Best Buy,Richfield,MN,5732,Chip Transaction,0
d7585eaf-38af-4e71-a92e-4a0d76f8bddf,2026-08-07T16:56:27.832607+00:00,13,2,14.19,Delta Airlines,Atlanta,GA,4511,Swipe Transaction,0
07a8d48f-fdb6-49e9-b466-c9541259def0,2026-06-24T02:32:27.832607+00:00,101,2,37.14,McDonald's,Chicago,IL,5814,Chip Transaction,0
4ef9f6c5-d416-4388-a537-13a0a5e86258,2026-06-21T04:17:27.832607+00:00,90,1,49.25,Shell,Houston,TX,5541,Chip Transaction,0
d20e6410-7223-4c59-8ab8-3767242dd678,2026-08-13T22:30:27.832607+00:00,77,4,67.95,Netflix,Los Gatos,CA,4899,Chip Transaction,0
e9f5dde7-51cf-4628-b358-243021785f08,2026-08-08T06:16:27.832607+00:00,246,4,12.74,McDonald's,Chicago,IL,5814,Online Transaction,0
365317fc-b5bc-4358-93e6-5b5d7a115d35,2026-07-15T02:32:27.832607+00:00,38,0,13.04,CVS Pharmacy,Woonsocket,RI,5912,Swipe Transaction,0
ad0f9bce-fef3-48b7-ad43-d58c2f6378fe,2026-07-14T21:47:27.832607+00:00,102,4,31.62,Amazon,Seattle,WA,5942,Swipe Transaction,0
70882130-ee6b-47a0-b85a-27ff38976620,2026-07-08T19:09:27.832607+00:00,12,1,31.66,Whole Foods,Austin,TX,5411,Chip Transaction,0
bbf0eba3-dba3-494f-9072-d561b88efedf,2026-07-04T04:48:27.832607+00:00,170,1,65.5,Delta Airlines,Atlanta,GA,4511,Online Transaction,0
ed7de4a0-639b-4bcc-bb9c-bee13ffdbdbb,2026-06-25T21:22:27.832607+00:00,126,3,19.12,Shell,Houston,TX,5541,Chip Transaction,0
b1ffbd5d-d8b0-4003-8ba4-d5e734c40551,2026-07-13T11:38:27.832607+00:00,163,2,11.16,Costco,Issaquah,WA,5411,Chip Transaction,0
6a00a235-6464-4510-8163-e2cc24f15815,2026-08-15T19:01:27.832607+00:00,101,1,73.04,Starbucks,Seattle,WA,5814,Chip Transaction,0
d0741a6e-cb34-445b-b842-cd02cf4ec24f,2026-07-21T18:40:27.832607+00:00,170,4,9.91,Home Depot,Atlanta,GA,5200,Swipe Transaction,0
442603a6-cfe4-417f-9a57-f56bd52700f6,2026-08-03T04:41:27.832607+00:00,189,0,3.12,Starbucks,Seattle,WA,5814,Chip Transaction,0
88e461d4-3a99-4adb-ba17-64355b5051d7,2026-06-25T19:06:27.832607+00:00,246,4,9.71,Whole Foods,Austin,TX,5411,Swipe Transaction,0
4996cc8f-059c-45b1-8e88-96bb1f97ddfc,2026-06-27T05:02:27.832607+00:00,158,0,17.78,Home Depot,Atlanta,GA,5200,Swipe Transaction,0
573e6a55-f311-459c-9a3e-27e2c163fd4e,2026-07-22T04:01:27.832607+00:00,143,4,18.67,Uber,San Francisco,CA,4121,Online Transaction,0
3534a928-18c8-4cea-ad29-4c9f7ac12a39,2026-07-06T17:37:27.832607+00:00,43,3,34.98,Best Buy,Richfield,MN,5732,Chip Transaction,0
9674be51-c1c3-4371-9c87-064c71e36816,2026-08-12T13:44:27.832607+00:00,205,0,7.25,Costco,Issaquah,WA,5411,Online Transaction,0
82b101bc-bafb-46e3-afec-4e815d9ce333,2026-08-03T22:07:27.832607+00:00,119,0,25.4,Uber,San Francisco,CA,4121,Chip Transaction,0
bf0424df-d50a-4a26-bcb6-0bb51a27ee14,2026-06-23T13:32:27.832607+00:00,42,1,22.34,Whole Foods,Austin,TX,5411,Chip Transaction,0
bcc1d244-5c4e-464a-9d3b-19bba789fd2b,2026-06-27T16:04:27.832607+00:00,204,4,24.16,QuickCash ATM,Unknown,NV,6011,Chip Transaction,1
7f5c5353-2857-419d-a9fb-2f37072e36f8,2026-08-01T05:47:27.832607+00:00,176,2,35.92,Whole Foods,Austin,TX,5411,Swipe Transaction,0
684ea17b-3b48-442a-a4dd-6ccbc10e80bf,2026-06-26T07:43:27.832607+00:00,96,2,57.27,Walmart,Bentonville,AR,5411,Chip Transaction,0
113f4e9b-4eb3-46f2-818d-9a0bdaa92f20,2026-06-27T17:09:27.832607+00:00,177,3,29.93,Delta Airlines,Atlanta,GA,4511,Swipe Transaction,0
ab56fd85-c3f8-491b-8c8c-a9cd2a24e3c8,2026-08-01T13:18:27.832607+00:00,193,2,16.81,Walmart,Bentonville,AR,5411,Swipe Transaction,0
254badc4-80c4-486c-9756-f2b31b9128ff,2026-07-26T06:53:27.832607+00:00,141,3,81.58,CVS Pharmacy,Woonsocket,RI,5912,Chip Transaction,0
b9a1fc89-1d7b-46d7-82c5-84b0c026c368,2026-06-22T09:32:27.832607+00:00,131,2,82.46,Home Depot,Atlanta,GA,5200,Chip Transaction,0
03ec627a-3587-45ee-bafb-21c27650b633,2026-07-17T14:33:27.832607+00:00,36,1,127.77,Shell,Houston,TX,5541,Online Transaction,0
b0c89396-775c-472a-be09-b14cf3b2b589,2026-07-04T09:38:27.832607+00:00,33,1,13.03,Amazon,Seattle,WA,5942,Chip Transaction,0
0f191998-a0ef-45e9-89e1-74ecbaab545b,2026-08-04T11:39:27.832607+00:00,221,4,59.69,Target,Minneapolis,MN,5411,Online Transaction,0
3d2700cd-cf14-412e-85fc-023a90084a71,2026-08-06T19:30:27.832607+00:00,173,1,37.05,Uber,San Francisco,CA,4121,Swipe Transaction,0
af82b466-e563-4836-a70a-b1abd5a99eba,2026-06-20T16:48:27.832607+00:00,184,3,36.13,Target,Minneapolis,MN,5411,Chip Transaction,0
4716c641-f03e-45d4-86c5-00e7b2030a32,2026-07-02T11:12:27.832607+00:00,199,1,6.03,Whole Foods,Austin,TX,5411,Chip Transaction,0
dffedd86-44ec-4bb3-8f51-a2563e3e51f6,2026-07-01T23:36:27.832607+00:00,1,0,67.1,Uber,San Francisco,CA,4121,Chip Transaction,0
44406880-6041-4872-a55e-9e81aa5b0f07,2026-07-16T10:44:27.832607+00:00,25,4,22.13,Best Buy,Richfield,MN,5732,Online Transaction,0
d3fe9d5e-782c-47ba-b664-50626006a4cf,2026-06-28T21:29:27.832607+00:00,227,0,6.69,CVS Pharmacy,Woonsocket,RI,5912,Chip Transaction,0
afb593d3-0db6-406f-8195-31e7a71366de,2026-07-05T01:08:27.832607+00:00,192,4,81.25,Costco,Issaquah,WA,5411,Chip Transaction,0
95ba4ce8-4455-42f7-ab14-b5640ba7f337,2026-07-27T22:34:27.832607+00:00,159,3,117.46,CVS Pharmacy,Woonsocket,RI,5912,Chip Transaction,0
362fcf0a-3c23-437a-b403-a8ed0bf083c3,2026-07-12T03:05:27.832607+00:00,15,2,78.88,Best Buy,Richfield,MN,5732,Chip Transaction,0
01fcd903-042b-45cd-9c6c-aa3a182d30a9,2026-07-10T20:32:27.832607+00:00,101,3,85.04,Uber,San Francisco,CA,4121,Online Transaction,0
fa8ff0b4-9d02-4ea8-b96d-ab5b98e14347,2026-08-13T02:31:27.832607+00:00,206,3,20.22,Delta Airlines,Atlanta,GA,4511,Swipe Transaction,0
2d24cf75-dfab-444f-ade8-b3c33a9bad2a,2026-07-14T20:15:27.832607+00:00,77,0,43.24,Shell,Houston,TX,5541,Swipe Transaction,0
58c2b01f-e6f1-4782-839e-79f61697c8f5,2026-07-07T15:50:27.832607+00:00,107,2,29.94,Netflix,Los Gatos,CA,4899,Chip Transaction,0
53a1613d-dfc7-4b0d-99f9-158e47340f8f,2026-08-16T00:31:27.832607+00:00,44,3,17.33,Best Buy,Richfield,MN,5732,Chip Transaction,0
34ff0b31-257c-431a-b28e-32cc69c99ee0,2026-08-04T12:55:27.832607+00:00,56,3,10.61,Costco,Issaquah,WA,5411,Chip Transaction,0
9b3e112b-b1d1-4345-bdf8-7960344d7930,2026-08-04T06:54:27.832607+00:00,69,1,12.19,Delta Airlines,Atlanta,GA,4511,Swipe Transaction,0
a527b124-9c77-4f00-8de1-3d42f043e1d7,2026-08-07T13:37:27.832607+00:00,189,3,29.36,Costco,Issaquah,WA,5411,Chip Transaction,0
8a100d5e-d763-4ab8-be47-32b9faf23210,2026-06-23T17:17:27.832607+00:00,164,1,4.73,Best Buy,Richfield,MN,5732,Chip Transaction,0
d287f95b-48f3-4b41-910c-dddad7cdabae,2026-07-19T11:28:27.832607+00:00,68,1,4.92,Delta Airlines,Atlanta,GA,4511,Swipe Transaction,0
63cddb01-8835-4911-9e56-517d057134ca,2026-07-29T12:02:27.832607+00:00,73,3,15.42,CVS Pharmacy,Woonsocket,RI,5912,Online Transaction,0
10c27243-1233-4f44-8284-300ac868b202,2026-07-30T19:24:27.832607+00:00,67,1,5.71,McDonald's,Chicago,IL,5814,Chip Transaction,0
303f6254-91b3-4f86-929b-e94d19880fc0,2026-08-13T15:17:27.832607+00:00,8,2,13.13,Starbucks,Seattle,WA,5814,Chip Transaction,0
97e43522-4391-4292-b961-ee6a04b926c7,2026-07-23T11:43:27.832607+00:00,173,2,49.65,Apple Store,Cupertino,CA,5732,Swipe Transaction,0
776b9d68-63e1-4736-a4d3-4d2e6a8f816a,2026-07-02T08:15:27.832607+00:00,69,2,14.46,Apple Store,Cupertino,CA,5732,Swipe Transaction,0
6bb54bce-ea0f-4042-b792-d839f2f85db4,2026-07-29T15:38:27.832607+00:00,70,3,19.59,Starbucks,Seattle,WA,5814,Online Transaction,0
eba973a9-6a56-4131-9d42-9467e4f39884,2026-07-12T14:29:27.832607+00:00,111,1,49.02,Best Buy,Richfield,MN,5732,Online Transaction,0
852c650e-c8bd-46ec-982c-64ae31dfa3ff,2026-07-22T06:43:27.832607+00:00,233,0,16.71,Target,Minneapolis,MN,5411,Chip Transaction,0
88dd6c32-be92-4741-9e15-588f2d8ccc5a,2026-06-25T16:06:27.832607+00:00,195,3,17.68,Costco,Issaquah,WA,5411,Chip Transaction,0
0d511562-edbc-446d-a898-c341482829de,2026-06-23T13:18:27.832607+00:00,217,3,121.63,CVS Pharmacy,Woonsocket,RI,5912,Chip Transaction,0
af3b33f2-419d-4bae-98d4-92af15954e03,2026-07-31T06:11:27.832607+00:00,35,1,11.76,Whole Foods,Austin,TX,5411,Online Transaction,0
4c163792-ee32-4ce6-98ac-c8f5b25550ed,2026-07-14T07:23:27.832607+00:00,171,2,1.72,Best Buy,Richfield,MN,5732,Chip Transaction,0
9367d093-a9e2-4449-b294-9a667988df28,2026-06-18T13:46:27.832607+00:00,184,0,15.65,Starbucks,Seattle,WA,5814,Chip Transaction,0
b767c907-9f7f-423a-b65f-d294deb45190,2026-07-06T13:59:27.832607+00:00,233,0,38.45,Starbucks,Seattle,WA,5814,Chip Transaction,0
9ef376db-3074-4367-8b9a-680b4f53ebcc,2026-08-14T01:39:27.832607+00:00,92,1,49.74,McDonald's,Chicago,IL,5814,Chip Transaction,0
fdc2e760-6673-48d1-be19-0ec1143da59a,2026-08-03T20:46:27.832607+00:00,239,4,15.63,Walmart,Bentonville,AR,5411,Chip Transaction,0
03db6fe6-6c18-4fb0-8690-07346750fa31,2026-07-22T05:38:27.832607+00:00,67,2,8.17,Starbucks,Seattle,WA,5814,Swipe Transaction,0
ee81e935-995a-4c72-b088-62ce59ac79aa,2026-06-18T14:09:27.832607+00:00,42,0,6.13,Apple Store,Cupertino,CA,5732,Swipe Transaction,0
5363b738-25a1-4b23-8268-3673583b4bd7,2026-06-29T15:28:27.832607+00:00,148,3,11.34,Uber,San Francisco,CA,4121,Chip Transaction,0
84208aab-c9ad-43e1-99f6-f984f7afacf7,2026-07-11T08:41:27.832607+00:00,234,0,9.93,Netflix,Los Gatos,CA,4899,Chip Transaction,0
631c24c6-6646-4d28-8e88-f249f3538864,2026-06-19T00:36:27.832607+00:00,209,3,95.18,Whole Foods,Austin,TX,5411,Online Transaction,0
183ed323-61af-4b90-bfdb-4bd0e3c010c2,2026-06-28T22:03:27.832607+00:00,12,0,66.56,Whole Foods,Austin,TX,5411,Chip Transaction,0
97bfccad-dfd3-449b-9bee-34d0adf60f02,2026-08-14T11:51:27.832607+00:00,80,1,47.92,Apple Store,Cupertino,CA,5732,Chip Transaction,0
f682ddfc-666d-4c1d-9bee-f0f071971ad2,2026-07-18T16:34:27.832607+00:00,178,0,8.62,Costco,Issaquah,WA,5411,Online Transaction,0
d9fbcf0c-4eea-4d42-80a9-b1136061b204,2026-07-27T23:46:27.832607+00:00,43,0,115.04,Home Depot,Atlanta,GA,5200,Chip Transaction,0
e2cc6645-3e11-4633-9f55-155918904c49,2026-07-29T17:37:27.832607+00:00,199,3,32.83,Netflix,Los Gatos,CA,4899,Chip Transaction,0
69d35d24-82b5-4600-b56a-de34d989b39d,2026-07-31T18:39:27.832607+00:00,220,3,29.71,Amazon,Seattle,WA,5942,Swipe Transaction,0
8d8ea805-653f-4798-bb22-a034bf7e6882,2026-07-25T09:29:27.832607+00:00,221,1,14.77,Delta Airlines,Atlanta,GA,4511,Online Transaction,0
726abb5b-5148-49ec-a510-a82f52b215f4,2026-07-26T10:36:27.832607+00:00,180,4,62.99,Target,Minneapolis,MN,5411,Chip Transaction,0
f50cd811-54b3-4193-a28a-0fce3395c1d1,2026-07-30T11:52:27.832607+00:00,229,1,16.44,Best Buy,Richfield,MN,5732,Swipe Transaction,0
c03cf631-a247-43ea-9442-ab8b4e6c0285,2026-07-15T13:45:27.832607+00:00,9,3,21.55,Starbucks,Seattle,WA,5814,Chip Transaction,0
1097fdc9-1775-4565-8ef8-6152093017f0,2026-07-11T15:41:27.832607+00:00,100,4,28.4,Amazon,Seattle,WA,5942,Chip Transaction,0
9722ae02-6c18-43b9-a9f7-456f159eecff,2026-07-02T11:37:27.832607+00:00,52,3,203.38,Walmart,Bentonville,AR,5411,Online Transaction,0
c6323406-3a8b-452d-8c54-dea395803377,2026-08-13T06:53:27.832607+00:00,217,4,9.39,Apple Store,Cupertino,CA,5732,Chip Transaction,0
558b4193-1523-4605-97ee-1f4e9ce20ac5,2026-07-27T13:37:27.832607+00:00,23,3,51.73,Home Depot,Atlanta,GA,5200,Chip Transaction,0
f56d8a4a-4dd5-492c-b06f-8868a2fd92c7,2026-06-20T10:19:27.832607+00:00,104,3,58.47,Delta Airlines,Atlanta,GA,4511,Chip Transaction,0
f8b8aad9-0993-4a12-89d4-e4f35449e992,2026-07-29T13:35:27.832607+00:00,247,1,15.98,CVS Pharmacy,Woonsocket,RI,5912,Online Transaction,0
2a2200d0-77e6-477c-9fa1-b4256eb4ffd7,2026-08-02T21:26:27.832607+00:00,194,4,91.64,Target,Minneapolis,MN,5411,Swipe Transaction,0
6fef20b5-c2a1-4755-8f62-5315084dcd89,2026-07-21T05:12:27.832607+00:00,171,1,87.71,Target,Minneapolis,MN,5411,Swipe Transaction,0
d2987c23-2e0e-446c-8401-9246b0e4b77e,2026-07-31T12:55:27.832607+00:00,159,2,19.39,Uber,San Francisco,CA,4121,Online Transaction,0
a1388a1e-ed7c-4058-98d3-b84d35cc5932,2026-07-28T14:05:27.832607+00:00,203,3,55.45,Amazon,Seattle,WA,5942,Online Transaction,0
d68ef612-b69c-43ff-9506-da662a0f1c71,2026-07-25T12:44:27.832607+00:00,212,1,11.36,McDonald's,Chicago,IL,5814,Chip Transaction,0
bda98b18-08d7-4b8b-8543-44db511a3735,2026-08-16T05:22:27.832607+00:00,32,4,9.51,Uber,San Francisco,CA,4121,Chip Transaction,0
34848c1a-1819-4a02-abc6-1da4b1071966,2026-07-18T07:28:27.832607+00:00,103,0,33.67,Whole Foods,Austin,TX,5411,Chip Transaction,0
20db071d-711c-4794-8a0e-cbf694cc01e5,2026-07-01T11:51:27.832607+00:00,169,2,17.08,McDonald's,Chicago,IL,5814,Swipe Transaction,0
5956748d-abf6-47ac-b43d-186081d3d6be,2026-07-12T15:40:27.832607+00:00,65,4,12.71,Delta Airlines,Atlanta,GA,4511,Chip Transaction,0
9eae36c2-414c-426b-99a5-8692483c2c45,2026-08-10T04:18:27.832607+00:00,185,2,30.23,Whole Foods,Austin,TX,5411,Chip Transaction,0
852951a9-6f2a-4dc4-9a4e-b97a2131124b,2026-08-10T05:50:27.832607+00:00,5,4,65.49,CVS Pharmacy,Woonsocket,RI,5912,Chip Transaction,0
b4dd0fae-ad5c-406a-ad05-1b911b24f8cb,2026-08-08T11:39:27.832607+00:00,141,3,29.4,Netflix,Los Gatos,CA,4899,Chip Transaction,0
e5c8ac37-865b-4b7b-a099-ef7f1db538cb,2026-07-15T05:38:27.832607+00:00,65,1,23.68,Amazon,Seattle,WA,5942,Chip Transaction,0
c51bcc20-810b-4c9b-8d4a-49e758121274,2026-07-08T05:46:27.832607+00:00,23,1,31.81,McDonald's,Chicago,IL,5814,Swipe Transaction,0
283a4cee-6ae3-4b01-b365-f4c282314f05,2026-07-19T19:27:27.832607+00:00,243,4,38.3,Starbucks,Seattle,WA,5814,Chip Transaction,0
b85e935e-7e5c-442c-8fda-11621475bf26,2026-07-11T01:38:27.832607+00:00,134,3,35.97,Best Buy,Richfield,MN,5732,Swipe Transaction,0
84cd4d9f-5a57-4142-aaf9-683a429a623f,2026-07-28T04:08:27.832607+00:00,155,1,23.85,Netflix,Los Gatos,CA,4899,Chip Transaction,0
4edffcc7-c172-4e53-bae2-b8be08070aa4,2026-08-04T19:07:27.832607+00:00,179,4,32.39,Netflix,Los Gatos,CA,4899,Online Transaction,0
11885cdc-f84e-4387-9f64-32d4057729d6,2026-06-29T12:27:27.832607+00:00,164,1,36.46,Apple Store,Cupertino,CA,5732,Chip Transaction,0
78301e68-ff9c-4dbb-b2dd-ff02179acef3,2026-06-20T08:48:27.832607+00:00,98,2,7.74,Whole Foods,Austin,TX,5411,Swipe Transaction,0
90b53ae5-a985-4e8b-93a7-c86e267d6794,2026-07-19T16:39:27.832607+00:00,47,1,84.75,Home Depot,Atlanta,GA,5200,Swipe Transaction,0
8d97f2d6-3c02-448d-8de9-52b379320d56,2026-08-05T10:46:27.832607+00:00,145,3,23.71,Target,Minneapolis,MN,5411,Online Transaction,0
191f8abb-659f-48d1-b905-b56ceb729d19,2026-07-21T22:33:27.832607+00:00,140,3,94.56,Delta Airlines,Atlanta,GA,4511,Chip Transaction,0
c2f62e00-47c4-4df5-97b5-47a5eed644ad,2026-07-02T14:44:27.832607+00:00,241,0,21.19,Best Buy,Richfield,MN,5732,Chip Transaction,0
7f9df25f-3dc6-4e81-8a29-d12edaec4804,2026-07-09T14:07:27.832607+00:00,66,2,70.22,Netflix,Los Gatos,CA,4899,Online Transaction,0
bea7e580-7aa8-4833-9f22-f746ecf4764c,2026-08-13T19:01:27.832607+00:00,10,4,243.36,QuickCash ATM,Unknown,NV,6011,Online Transaction,1
c4bd60ab-43e5-4318-829b-236858a883fe,2026-07-12T15:40:27.832607+00:00,21,0,21.34,Best Buy,Richfield,MN,5732,Chip Transaction,0
272fb553-8f2f-4d7c-a5ca-af22d217f958,2026-06-20T00:00:27.832607+00:00,53,0,3.89,Uber,San Francisco,CA,4121,Chip Transaction,0
55b5d13d-db10-4fa5-bc40-367e18f74627,2026-07-14T00:47:27.832607+00:00,136,1,7.37,Delta Airlines,Atlanta,GA,4511,Chip Transaction,0
dadcba2c-782f-43f7-b544-2eed00d4de23,2026-07-05T16:26:27.832607+00:00,81,4,21.15,Starbucks,Seattle,WA,5814,Chip Transaction,0
e2096c1f-9c0f-483c-82fa-8d914e27153c,2026-07-21T09:41:27.832607+00:00,73,3,69.94,Best Buy,Richfield,MN,5732,Chip Transaction,0
b06c2906-c1d8-4dee-a4f6-d3e01d0fe140,2026-06-17T22:55:27.832607+00:00,202,0,16.25,Shell,Houston,TX,5541,Swipe Transaction,0
4b604e3d-6648-4a4b-9620-7220582ac8ad,2026-07-20T00:06:27.832607+00:00,156,1,32.14,Netflix,Los Gatos,CA,4899,Chip Transaction,0
be9c3798-480f-42ab-9624-2af429a523f6,2026-07-24T06:30:27.832607+00:00,105,2,11.24,Apple Store,Cupertino,CA,5732,Chip Transaction,0
66e486b3-5987-41f4-856a-da3dd79c0b5c,2026-08-15T05:38:27.832607+00:00,58,0,138.51,McDonald's,Chicago,IL,5814,Chip Transaction,0
4d836cf1-1db2-4380-bfa6-3f9ef9894c66,2026-06-23T19:02:27.832607+00:00,210,4,38.16,Netflix,Los Gatos,CA,4899,Swipe Transaction,0
2d6f6161-f8f0-4ea1-8ac5-e7f80c928761,2026-06-19T07:30:27.832607+00:00,41,0,168.36,Home Depot,Atlanta,GA,5200,Chip Transaction,0
f1644ea1-6195-411a-b45f-f4f413a76ece,2026-08-16T01:44:27.832607+00:00,30,3,27.82,CVS Pharmacy,Woonsocket,RI,5912,Swipe Transaction,0
7cb6fe99-0a0a-43b7-b1b5-12dde0335cfe,2026-08-12T20:27:27.832607+00:00,162,3,88.27,Shell,Houston,TX,5541,Chip Transaction,0
f39b68ed-4885-4fab-87fc-804dae049bf7,2026-07-14T01:42:27.832607+00:00,63,0,62.7,CVS Pharmacy,Woonsocket,RI,5912,Chip Transaction,0
0b0bd684-b421-4c0c-99d5-5f4913fc6ea2,2026-08-12T21:25:27.832607+00:00,38,4,21.13,Best Buy,Richfield,MN,5732,Online Transaction,0
17fce06c-e3d5-4c27-a297-4b7a34a64f78,2026-07-27T11:02:27.832607+00:00,86,3,42.13,Costco,Issaquah,WA,5411,Online Transaction,0
5d37f8b0-93aa-430b-b4e4-3788aba575f5,2026-07-15T08:57:27.832607+00:00,174,3,19.1,Best Buy,Richfield,MN,5732,Chip Transaction,0
cd09aa5b-51a4-4f43-a38c-8f149145c823,2026-08-16T14:06:27.832607+00:00,181,2,28.38,Netflix,Los Gatos,CA,4899,Chip Transaction,0
35b49716-3aac-4f7f-86d0-030190792174,2026-06-27T12:06:27.832607+00:00,19,1,40.48,Shell,Houston,TX,5541,Chip Transaction,0
7a2961bc-ea2f-4170-b745-6cab8bf57dd6,2026-06-28T11:03:27.832607+00:00,213,3,57.12,Amazon,Seattle,WA,5942,Chip Transaction,0
3c58fde6-a9e8-401f-b485-e3572d4276c9,2026-08-02T10:56:27.832607+00:00,105,1,10.29,Delta Airlines,Atlanta,GA,4511,Chip Transaction,0
195169f3-1073-4c0f-9602-068e2a3f63ac,2026-06-18T02:03:27.832607+00:00,130,3,11.55,Shell,Houston,TX,5541,Swipe Transaction,0
88df8e07-4593-4eb2-b82a-1ff7aa79759f,2026-06-28T14:55:27.832607+00:00,81,1,55.62,Amazon,Seattle,WA,5942,Online Transaction,0
029c94f1-12d3-4ba4-92ca-f92c4bc71c64,2026-06-25T23:59:27.832607+00:00,68,1,20.55,Netflix,Los Gatos,CA,4899,Chip Transaction,0
2c7a70bf-ebbc-4fb7-8e69-5bdf95a75957,2026-08-13T09:09:27.832607+00:00,203,2,17.61,Costco,Issaquah,WA,5411,Chip Transaction,0
cbd25f37-2649-45b8-bd4c-af28f0fe0171,2026-08-12T12:38:27.832607+00:00,87,1,126.26,Costco,Issaquah,WA,5411,Chip Transaction,0
7dc4daa0-dd97-491e-9fb0-5962225a58fd,2026-07-06T23:30:27.832607+00:00,40,4,12.7,Delta Airlines,Atlanta,GA,4511,Chip Transaction,0
2b3a5f1f-e7bb-4729-b838-bcd456ae9e6a,2026-07-26T12:28:27.832607+00:00,56,1,189.25,CryptoExchange OU,Tallinn,FOREIGN,6051,Online Transaction,1
440bec81-f0ec-4ac2-aaa9-4b8aa0e57ea4,2026-08-15T21:24:27.832607+00:00,188,0,11.13,Starbucks,Seattle,WA,5814,Chip Transaction,0
ecda1191-f1af-40ca-9a97-6f29b9c2740a,2026-07-08T20:40:27.832607+00:00,157,2,46.55,Uber,San Francisco,CA,4121,Chip Transaction,0
de331568-0c68-4ca1-a6f6-368198bebb4d,2026-07-19T02:37:27.832607+00:00,15,0,9.51,Delta Airlines,Atlanta,GA,4511,Chip Transaction,0
f9c26c3b-bb43-4eac-a59b-9bad200c5573,2026-08-01T01:09:27.832607+00:00,44,1,42.42,Delta Airlines,Atlanta,GA,4511,Online Transaction,0
92c0ba43-8460-4338-b26a-feca48e01c5d,2026-08-14T03:43:27.832607+00:00,243,4,5.35,Delta Airlines,Atlanta,GA,4511,Chip Transaction,0
b6c8292b-8c57-4689-993f-2ecda923bd26,2026-08-15T07:22:27.832607+00:00,75,0,13.17,Delta Airlines,Atlanta,GA,4511,Swipe Transaction,0
7b0192db-9c01-44e2-b755-9630ce8ae525,2026-07-13T19:40:27.832607+00:00,170,4,66.49,Costco,Issaquah,WA,5411,Online Transaction,0
14d5b9a1-5b81-4fc3-8932-73881243002e,2026-07-05T16:40:27.832607+00:00,127,2,65.23,Walmart,Bentonville,AR,5411,Swipe Transaction,0
4c68014e-5d1c-40ce-83d3-4493f44baf7a,2026-07-24T02:12:27.832607+00:00,237,2,74.33,Best Buy,Richfield,MN,5732,Online Transaction,0
46e12957-06ac-4dc5-81ff-1935722e4447,2026-08-12T05:50:27.832607+00:00,40,3,28.18,McDonald's,Chicago,IL,5814,Online Transaction,0
30222486-f5fd-439b-b7fc-ede161281f67,2026-06-20T13:15:27.832607+00:00,150,2,6.52,Home Depot,Atlanta,GA,5200,Online Transaction,0
3c6612bc-e0dc-4982-b5e0-f56650fca482,2026-07-12T17:30:27.832607+00:00,190,1,15.61,Home Depot,Atlanta,GA,5200,Chip Transaction,0
9b687d2a-16a5-4d53-a787-1a696d6aee83,2026-07-25T06:42:27.832607+00:00,204,1,7.92,McDonald's,Chicago,IL,5814,Online Transaction,0
c65886c7-4074-44c2-a008-0c103c7dc7fc,2026-08-07T17:18:27.832607+00:00,89,4,21.46,Walmart,Bentonville,AR,5411,Chip Transaction,0
c6441e99-280f-49b8-bb1f-7ba9bca03cbb,2026-07-09T22:33:27.832607+00:00,231,0,41.83,Delta Airlines,Atlanta,GA,4511,Online Transaction,0
676ed474-afa0-4df9-8979-5ebc9305afd1,2026-07-06T10:28:27.832607+00:00,162,1,49.74,Costco,Issaquah,WA,5411,Chip Transaction,0
d27cdd1f-8a3d-451c-a51e-06a01864a1f0,2026-06-23T08:14:27.832607+00:00,91,1,35.02,Walmart,Bentonville,AR,5411,Chip Transaction,0
e02671fc-60ca-44a1-82ce-97248173fc34,2026-06-23T08:25:27.832607+00:00,243,3,11.64,Whole Foods,Austin,TX,5411,Online Transaction,0
43a7b080-e0d0-4e74-8178-8f907b3aa798,2026-07-24T15:08:27.832607+00:00,75,1,22.55,Home Depot,Atlanta,GA,5200,Chip Transaction,0
c9c8a208-0cb3-4cea-8dcb-5ee64ad626c9,2026-08-03T15:50:27.832607+00:00,152,3,18.55,Target,Minneapolis,MN,5411,Online Transaction,0
db20fabf-84d0-4a00-bada-29db646e6c5d,2026-07-30T06:57:27.832607+00:00,52,2,80.17,Delta Airlines,Atlanta,GA,4511,Online Transaction,0
d67abadb-a8b6-42cc-8a33-5724be6966fb,2026-07-20T23:58:27.832607+00:00,149,2,24.71,Whole Foods,Austin,TX,5411,Chip Transaction,0
d437b197-027b-43df-8ab4-6e6ff63fa078,2026-08-15T17:30:27.832607+00:00,176,2,13.29,Amazon,Seattle,WA,5942,Swipe Transaction,0
42ae1d1a-ac32-45dd-a1b7-d1fa97f8207c,2026-08-10T07:15:27.832607+00:00,66,4,6.29,Costco,Issaquah,WA,5411,Chip Transaction,0
e6b21dae-c8fe-46aa-90f2-c7cca6fd457f,2026-07-31T06:19:27.832607+00:00,190,2,32.8,McDonald's,Chicago,IL,5814,Online Transaction,0
4d77f86c-6f25-4d3a-91e8-164fb69e0acf,2026-07-10T02:31:27.832607+00:00,44,1,21.19,Target,Minneapolis,MN,5411,Chip Transaction,0
d7805961-02f2-42d7-b3c9-76df3155cdb3,2026-07-15T03:35:27.832607+00:00,22,1,8.13,Amazon,Seattle,WA,5942,Chip Transaction,0
0801a75c-a0d6-4b15-886f-0350745021bc,2026-06-22T18:25:27.832607+00:00,152,2,11.75,McDonald's,Chicago,IL,5814,Chip Transaction,0
add96172-67f4-4079-96fe-aed192a80ec6,2026-08-06T03:31:27.832607+00:00,81,4,21.24,Whole Foods,Austin,TX,5411,Swipe Transaction,0
634aeb12-572a-40c3-b990-35208b23d510,2026-07-11T04:29:27.832607+00:00,105,1,20.03,Starbucks,Seattle,WA,5814,Chip Transaction,0
1ca3c836-6da4-4e39-b041-925e508bdc81,2026-06-21T03:27:27.832607+00:00,20,2,40.32,McDonald's,Chicago,IL,5814,Chip Transaction,0
650336dd-470f-4717-b556-4d4503b8ba11,2026-07-24T04:54:27.832607+00:00,53,0,40.58,Amazon,Seattle,WA,5942,Chip Transaction,0
c194eb55-d185-4a2d-a05a-51bd25516292,2026-07-27T11:56:27.832607+00:00,220,1,52.94,CVS Pharmacy,Woonsocket,RI,5912,Chip Transaction,0
b4a451dc-85a2-4548-8171-8c0ff1e89ba6,2026-08-10T22:50:27.832607+00:00,45,0,13.62,Walmart,Bentonville,AR,5411,Online Transaction,0
fa683045-7423-424e-a66c-c0f77bb5ebb7,2026-07-13T22:16:27.832607+00:00,138,1,211.81,Home Depot,Atlanta,GA,5200,Swipe Transaction,0
16f61312-71d7-42ad-9ca2-ce08df84c694,2026-07-08T03:55:27.832607+00:00,27,4,24.5,Home Depot,Atlanta,GA,5200,Online Transaction,0
7b533c39-bc08-4ad6-8d4f-fdc837167864,2026-08-06T19:26:27.832607+00:00,79,1,26.9,Shell,Houston,TX,5541,Chip Transaction,0
168d63ec-c2a8-4869-b0b8-de89c8c4ac25,2026-08-16T17:04:27.832607+00:00,123,1,88.03,Netflix,Los Gatos,CA,4899,Swipe Transaction,0
456c30b1-da37-4d58-a168-dc0589068b73,2026-07-19T05:55:27.832607+00:00,243,3,44.57,CVS Pharmacy,Woonsocket,RI,5912,Chip Transaction,0
23c6a5cb-4082-422b-9686-13291fb96fa7,2026-07-19T12:13:27.832607+00:00,169,1,41.94,Walmart,Bentonville,AR,5411,Chip Transaction,0
0cffc574-a27d-46c9-bb64-8115d1ec508b,2026-08-06T14:57:27.832607+00:00,177,0,13.27,Delta Airlines,Atlanta,GA,4511,Chip Transaction,0
aa5a47d6-b39f-4a6f-b20c-81039d506aee,2026-08-12T15:49:27.832607+00:00,73,3,15.07,Best Buy,Richfield,MN,5732,Online Transaction,0
043af2dd-ba14-4c5f-9065-dae31be73a61,2026-07-01T06:41:27.832607+00:00,121,4,99.73,Best Buy,Richfield,MN,5732,Chip Transaction,0
cde6f554-23a0-4532-a611-b02cdb17f407,2026-07-07T03:44:27.832607+00:00,72,4,16.94,CVS Pharmacy,Woonsocket,RI,5912,Online Transaction,0
ed948d40-364a-451d-a775-44244ea704f5,2026-06-29T20:15:27.832607+00:00,6,0,25.19,Target,Minneapolis,MN,5411,Swipe Transaction,0
ad6a0200-3ba2-4f95-8c86-678497d27ac6,2026-07-27T20:00:27.832607+00:00,181,0,14.43,Netflix,Los Gatos,CA,4899,Swipe Transaction,0
0043f166-092a-4baf-a1f1-7bc7bbb7bfd8,2026-08-11T02:52:27.832607+00:00,102,1,2014.3,QuickCash ATM,Unknown,NV,6011,Swipe Transaction,1
0bb0c6f8-30d8-474b-bc59-1d41970259e3,2026-08-08T00:39:27.832607+00:00,136,1,430.55,CryptoExchange OU,Tallinn,FOREIGN,6051,Swipe Transaction,1
7aab68fa-5c96-4f26-b280-c7e686167124,2026-06-27T18:02:27.832607+00:00,216,4,11.96,Whole Foods,Austin,TX,5411,Online Transaction,0
8f332fb7-ade5-4378-97f3-c31677a44892,2026-08-01T05:47:27.832607+00:00,137,3,38.1,Best Buy,Richfield,MN,5732,Chip Transaction,0
cc5c8434-d44b-42f4-bd77-082a0f90e7f1,2026-08-01T20:52:27.832607+00:00,217,4,21.53,CVS Pharmacy,Woonsocket,RI,5912,Chip Transaction,0
0384d9e1-aefb-4849-aacc-c96b37830503,2026-07-28T23:23:27.832607+00:00,246,1,32.29,Home Depot,Atlanta,GA,5200,Swipe Transaction,0
0b78215c-ac79-4287-8afc-9c657b090be1,2026-07-28T06:36:27.832607+00:00,139,3,18.44,Netflix,Los Gatos,CA,4899,Swipe Transaction,0
ae89f8cc-4d26-4764-a07b-32d20e3eaf41,2026-07-31T16:25:27.832607+00:00,28,0,10.28,Walmart,Bentonville,AR,5411,Online Transaction,0
38c2da21-4a0c-4bca-b2f7-697d1911f845,2026-08-10T00:40:27.832607+00:00,184,4,24.8,McDonald's,Chicago,IL,5814,Online Transaction,0
08aa65a5-d819-4526-a68c-b26a5f32340e,2026-08-02T22:20:27.832607+00:00,230,1,182.12,Home Depot,Atlanta,GA,5200,Chip Transaction,0
b85e5ab8-9ff7-48a4-8dfc-3151b81159d3,2026-07-05T19:54:27.832607+00:00,241,0,78.72,Delta Airlines,Atlanta,GA,4511,Chip Transaction,0
dec0955f-ecf9-447b-9bb5-71378c8aa86e,2026-07-10T20:06:27.832607+00:00,194,2,24.24,Apple Store,Cupertino,CA,5732,Chip Transaction,0
7e8d7954-912c-42ef-9f8a-cf1612b4d98b,2026-06-24T19:45:27.832607+00:00,168,2,93.09,McDonald's,Chicago,IL,5814,Chip Transaction,0
738ecb5a-09b9-43db-ae2f-263c31fb8e19,2026-07-25T06:47:27.832607+00:00,30,3,5.68,Best Buy,Richfield,MN,5732,Online Transaction,0
00e9ca5f-db2e-4661-85df-d1c35295e2ed,2026-07-01T23:58:27.832607+00:00,165,1,85.53,Uber,San Francisco,CA,4121,Online Transaction,0
3d092c86-a4db-486c-ae14-5d4d8b530ffa,2026-06-28T13:17:27.832607+00:00,184,1,33.18,Uber,San Francisco,CA,4121,Swipe Transaction,0
ace2c88a-e7dd-4dbd-addb-2577fa39017e,2026-07-12T05:28:27.832607+00:00,44,4,78.66,Delta Airlines,Atlanta,GA,4511,Chip Transaction,0
82d794f7-b01a-46de-a13a-79320e8c8114,2026-07-15T14:03:27.832607+00:00,130,4,8.92,Walmart,Bentonville,AR,5411,Chip Transaction,0
972adf3d-180b-43e2-8f1b-98f10b9e0fc6,2026-06-26T07:48:27.832607+00:00,112,0,17.97,Target,Minneapolis,MN,5411,Chip Transaction,0
79d33593-ce0b-4dde-b09d-8965b31798ac,2026-07-07T08:29:27.832607+00:00,152,2,20.84,Whole Foods,Austin,TX,5411,Chip Transaction,0
1dde547f-9cba-4287-8be7-d7f48b2871a6,2026-08-11T01:41:27.832607+00:00,142,4,35.01,Best Buy,Richfield,MN,5732,Swipe Transaction,0
a691f62a-2d97-4443-a669-f00f21534aee,2026-07-06T04:12:27.832607+00:00,218,4,24.36,McDonald's,Chicago,IL,5814,Swipe Transaction,0
7fbbe8b8-99db-4ede-ab15-f55d4dd55ce8,2026-07-21T22:15:27.832607+00:00,106,3,34.37,Walmart,Bentonville,AR,5411,Chip Transaction,0
85b4331d-0094-452a-92d5-225b57d39ce6,2026-07-25T17:20:27.832607+00:00,188,4,26.55,Apple Store,Cupertino,CA,5732,Chip Transaction,0
408b7ac4-ba3a-4704-b87d-c9cfe4635a1e,2026-06-28T23:18:27.832607+00:00,3,4,28.05,Walmart,Bentonville,AR,5411,Chip Transaction,0
02176446-34da-4856-9f93-c0d8b31aee26,2026-08-01T15:04:27.832607+00:00,9,1,17.76,Home Depot,Atlanta,GA,5200,Online Transaction,0
c30e9b44-f22b-402a-8c57-dc47a3e58e59,2026-07-11T12:41:27.832607+00:00,231,0,7.49,Apple Store,Cupertino,CA,5732,Swipe Transaction,0
a3a75fbf-039a-46b8-815f-733ce3910f18,2026-08-15T03:40:27.832607+00:00,27,1,2.92,Target,Minneapolis,MN,5411,Chip Transaction,0
3600fd98-791e-4130-812b-a6379c8640c5,2026-08-16T17:58:27.832607+00:00,11,2,28.2,Home Depot,Atlanta,GA,5200,Swipe Transaction,0
99207071-dece-4eb2-bbd0-76cf1f58b9b7,2026-07-03T21:12:27.832607+00:00,122,2,26.65,Costco,Issaquah,WA,5411,Swipe Transaction,0
b1d9cd75-0231-4b67-85c8-e6fe26cee274,2026-08-07T03:38:27.832607+00:00,104,0,66.11,Netflix,Los Gatos,CA,4899,Swipe Transaction,0
75ddb870-e901-42c1-861e-a43178df2e6c,2026-06-23T21:32:27.832607+00:00,248,2,37.32,CVS Pharmacy,Woonsocket,RI,5912,Chip Transaction,0
97a1e4f5-c97e-482c-80e3-ecff9f8c21be,2026-07-12T12:52:27.832607+00:00,139,2,10.5,Home Depot,Atlanta,GA,5200,Online Transaction,0
2bdcaaa7-9f34-4b87-8f25-be78178461ad,2026-07-08T11:27:27.832607+00:00,5,0,24.73,Amazon,Seattle,WA,5942,Swipe Transaction,0
cf6ee1db-8430-49f4-be47-761d625fc78f,2026-06-29T11:34:27.832607+00:00,13,1,11.85,Netflix,Los Gatos,CA,4899,Swipe Transaction,0
2df4eef9-5337-4720-878c-0e3738fbd400,2026-07-23T02:19:27.832607+00:00,241,0,62.07,Shell,Houston,TX,5541,Swipe Transaction,0
e4dd3b22-1585-4354-8207-5d1bf2baf495,2026-07-11T23:46:27.832607+00:00,103,2,16.13,McDonald's,Chicago,IL,5814,Online Transaction,0
7a6d5ba0-153f-4c62-b5f3-6f08477df00e,2026-08-01T19:04:27.832607+00:00,83,2,10.1,Amazon,Seattle,WA,5942,Chip Transaction,0
b9088c91-92f9-434e-8ab6-015b38f86668,2026-06-22T03:48:27.832607+00:00,46,1,23.33,Costco,Issaquah,WA,5411,Chip Transaction,0
16d875c0-d545-42c8-9aa8-70d9674a7372,2026-07-31T08:12:27.832607+00:00,169,2,17.62,Amazon,Seattle,WA,5942,Swipe Transaction,0
1d5b9fbc-6610-4c10-9c29-9f683e7446f8,2026-07-07T18:53:27.832607+00:00,139,2,24.45,Shell,Houston,TX,5541,Chip Transaction,0
ec8d2bf2-146f-414b-a9dc-6d20959ea70a,2026-07-18T03:42:27.832607+00:00,211,1,30.91,Starbucks,Seattle,WA,5814,Chip Transaction,0
81c40a9d-7f08-4685-afff-e4d59ec024e5,2026-06-29T03:48:27.832607+00:00,86,2,24.09,Amazon,Seattle,WA,5942,Chip Transaction,0
9ddeb4ff-d088-4f2e-9120-36ce56ea13b6,2026-07-27T22:35:27.832607+00:00,239,0,15.22,Delta Airlines,Atlanta,GA,4511,Online Transaction,0
d381168f-cd1a-456f-9856-623bf1080c7a,2026-07-04T19:24:27.832607+00:00,41,3,44.25,CVS Pharmacy,Woonsocket,RI,5912,Chip Transaction,0
29368e26-b7fb-4cd2-acb3-eb3d6b30d640,2026-07-23T03:48:27.832607+00:00,183,2,62.46,Home Depot,Atlanta,GA,5200,Swipe Transaction,0
a52613ce-2fef-4dd2-9f77-d36ead8cf86a,2026-06-27T08:37:27.832607+00:00,89,1,29.6,Target,Minneapolis,MN,5411,Swipe Transaction,0
bbcd2e60-a1da-42ea-b70d-fd276e7b1cb7,2026-07-19T08:13:27.832607+00:00,22,3,73.45,Walmart,Bentonville,AR,5411,Chip Transaction,0
754526f0-ff9e-4ffd-a370-5dc442f3d0eb,2026-08-10T17:45:27.832607+00:00,115,3,8.93,Whole Foods,Austin,TX,5411,Chip Transaction,0
31157af3-c33f-4e67-b535-ded086f60aec,2026-07-19T19:57:27.832607+00:00,37,2,76.01,Starbucks,Seattle,WA,5814,Chip Transaction,0
035f17d1-1e27-48e0-9341-7f9e5de5f5a2,2026-07-07T21:33:27.832607+00:00,203,3,99.81,Delta Airlines,Atlanta,GA,4511,Chip Transaction,0
6539628e-c500-41f3-8203-e1bb05029fca,2026-08-05T23:01:27.832607+00:00,155,1,22.54,Shell,Houston,TX,5541,Online Transaction,0
f756c748-1b35-4f2b-8478-f8fb72fd4bac,2026-08-13T11:06:27.832607+00:00,136,1,24.95,Apple Store,Cupertino,CA,5732,Chip Transaction,0
261f3855-a14c-41b8-bf2d-7e021082230c,2026-07-09T10:51:27.832607+00:00,134,4,10.66,CVS Pharmacy,Woonsocket,RI,5912,Online Transaction,0
2f22c63a-7eed-460c-8d62-761ce36e0d32,2026-07-31T05:06:27.832607+00:00,208,4,25.55,Amazon,Seattle,WA,5942,Online Transaction,0
4ccc2a85-5065-4715-812a-0f9039a71bc9,2026-08-10T13:55:27.832607+00:00,212,4,23.13,Target,Minneapolis,MN,5411,Chip Transaction,0
e3477b6f-4be0-4ccd-bb62-f0a0c5db8b62,2026-07-08T05:20:27.832607+00:00,170,1,21.72,McDonald's,Chicago,IL,5814,Chip Transaction,0
d2e8d780-64a5-4cc1-a936-a8674c63883c,2026-07-17T23:52:27.832607+00:00,92,3,5.91,Apple Store,Cupertino,CA,5732,Online Transaction,0
c47f03ae-5c3c-4202-8983-45cf53397119,2026-07-04T06:09:27.832607+00:00,114,3,76.15,Shell,Houston,TX,5541,Swipe Transaction,0
49b50952-096b-453d-803c-25631080e93f,2026-08-01T23:59:27.832607+00:00,54,3,28.41,Netflix,Los Gatos,CA,4899,Chip Transaction,0
e59476b8-c6d9-40e3-83d2-f44e710f58bc,2026-08-04T08:51:27.832607+00:00,68,2,13.44,Best Buy,Richfield,MN,5732,Swipe Transaction,0
89598905-a8d2-4f33-8180-f422243875a8,2026-08-12T00:07:27.832607+00:00,13,4,28.12,Best Buy,Richfield,MN,5732,Chip Transaction,0
3770c543-1f31-47b2-b974-0467495cbab1,2026-06-23T14:06:27.832607+00:00,22,4,37.72,Apple Store,Cupertino,CA,5732,Chip Transaction,0
6f60265b-ab6a-4947-a7e5-c501a237143e,2026-06-23T16:34:27.832607+00:00,100,2,15.58,Home Depot,Atlanta,GA,5200,Swipe Transaction,0
24d96e34-1d10-4086-8880-4c6339e36886,2026-06-30T23:00:27.832607+00:00,95,3,95.7,Shell,Houston,TX,5541,Chip Transaction,0
b5a0ee2c-1580-4583-866a-d544feb415c4,2026-08-01T06:16:27.832607+00:00,163,4,10.11,Whole Foods,Austin,TX,5411,Chip Transaction,0
c2af1c30-12b2-40e8-93e7-7426e8b3d621,2026-07-16T01:47:27.832607+00:00,188,4,9.16,Target,Minneapolis,MN,5411,Swipe Transaction,0
2cd53b5e-a854-4d89-90cc-de4a28712a5b,2026-06-22T08:20:27.832607+00:00,164,4,49.65,McDonald's,Chicago,IL,5814,Chip Transaction,0
14e5b27d-bd2f-453d-b112-cf573a442060,2026-07-06T16:04:27.832607+00:00,77,2,8.04,Apple Store,Cupertino,CA,5732,Swipe Transaction,0
3f2ddf85-c62f-47ec-b8dd-d481c838a875,2026-07-17T21:02:27.832607+00:00,101,4,15.17,CVS Pharmacy,Woonsocket,RI,5912,Chip Transaction,0
6e3d38de-d268-43ed-90de-ce1e0067578d,2026-08-07T06:12:27.832607+00:00,138,0,26.21,Delta Airlines,Atlanta,GA,4511,Chip Transaction,0
fa220877-fade-4b47-aaad-50997e40aa0d,2026-08-09T08:13:27.832607+00:00,71,2,107.38,Best Buy,Richfield,MN,5732,Chip Transaction,0
3ea4de3e-65b8-40f7-8a25-f86e9d761d4a,2026-06-25T07:55:27.832607+00:00,248,4,2390.62,CryptoExchange OU,Tallinn,FOREIGN,6051,Online Transaction,1
7530e328-59e7-4e63-b172-7c9082fe61a8,2026-06-20T10:18:27.832607+00:00,81,1,7.8,Costco,Issaquah,WA,5411,Chip Transaction,0
debd0ad7-10f6-4402-ae65-dedb07847fd1,2026-06-26T19:13:27.832607+00:00,96,0,21.11,Whole Foods,Austin,TX,5411,Online Transaction,0
a99c35de-fdc5-4248-857c-6ba1a254b1a8,2026-06-20T15:16:27.832607+00:00,185,3,55.59,Uber,San Francisco,CA,4121,Chip Transaction,0
b02f6274-aaa3-4f29-8957-679d601af280,2026-08-15T17:11:27.832607+00:00,192,0,17.8,McDonald's,Chicago,IL,5814,Chip Transaction,0
0401ca5b-ff46-4bf9-97d5-76ceb2fb01cf,2026-08-05T16:57:27.832607+00:00,137,1,27.99,CVS Pharmacy,Woonsocket,RI,5912,Online Transaction,0
791de11d-f73e-49c7-a6cd-d834e7b33fac,2026-06-25T14:19:27.832607+00:00,147,0,18.05,Shell,Houston,TX,5541,Chip Transaction,0
8a1d0d4d-a327-4658-879f-bae93c35dfca,2026-06-29T10:55:27.832607+00:00,226,1,34.82,Home Depot,Atlanta,GA,5200,Chip Transaction,0
d02879b8-b73d-43d9-b61e-3f0c23b30050,2026-07-20T13:15:27.832607+00:00,128,1,11.03,Apple Store,Cupertino,CA,5732,Swipe Transaction,0
7d4d22b1-2d97-4d64-8405-ab6d4c9b3767,2026-07-13T06:58:27.832607+00:00,146,1,44.65,Target,Minneapolis,MN,5411,Swipe Transaction,0
5b50c942-b9ad-4b62-a30f-7f4ac633d5b6,2026-07-28T18:37:27.832607+00:00,140,2,45.59,CVS Pharmacy,Woonsocket,RI,5912,Swipe Transaction,0
ff4128ba-07d0-4cd8-977a-9ce2ee1d9ab3,2026-07-08T15:22:27.832607+00:00,167,2,88.23,McDonald's,Chicago,IL,5814,Chip Transaction,0
c939d5f1-be5d-40b0-ada3-40e081b910d5,2026-07-12T16:17:27.832607+00:00,203,0,33.22,Starbucks,Seattle,WA,5814,Chip Transaction,0
aab4d863-342d-41e4-a438-520c92d5ea32,2026-08-07T13:57:27.832607+00:00,35,4,14.66,Starbucks,Seattle,WA,5814,Chip Transaction,0
8235fae5-38c2-484c-a6a7-d0c658e5dafe,2026-07-25T22:54:27.832607+00:00,108,3,15.5,Target,Minneapolis,MN,5411,Chip Transaction,0
2f265e41-4bb3-42a2-a5d2-355637028cac,2026-07-10T11:48:27.832607+00:00,66,2,275.46,QuickCash ATM,Unknown,NV,6011,Online Transaction,1
aefcc323-30e4-4d51-a186-4f86ee1be0a8,2026-08-10T13:06:27.832607+00:00,179,3,21.32,McDonald's,Chicago,IL,5814,Chip Transaction,0
a0dcae06-7cfa-4c04-88ce-95d8a432adda,2026-07-18T08:50:27.832607+00:00,77,3,3.33,Starbucks,Seattle,WA,5814,Swipe Transaction,0
5e7c26d2-63e3-47e3-b0ab-e2cf3d3a85f9,2026-07-23T14:57:27.832607+00:00,55,0,43.68,Uber,San Francisco,CA,4121,Chip Transaction,0
36345fb4-6039-4de9-a4fe-68c0a5c08780,2026-07-23T18:19:27.832607+00:00,224,0,14.59,Netflix,Los Gatos,CA,4899,Online Transaction,0
3f80920e-1bda-46cc-bb97-4b4c1cdab616,2026-07-23T19:59:27.832607+00:00,59,4,16.43,McDonald's,Chicago,IL,5814,Swipe Transaction,0
db21fc62-d6b5-4889-8ea5-447f0662f1e2,2026-07-18T22:41:27.832607+00:00,108,3,6.99,Whole Foods,Austin,TX,5411,Swipe Transaction,0
ce06d5dd-8f4c-4a8c-9bb6-81b20ceced58,2026-07-11T04:41:27.832607+00:00,248,0,125.7,CVS Pharmacy,Woonsocket,RI,5912,Swipe Transaction,0
254f7ccf-ecb4-492b-abd7-d226353b427b,2026-06-25T22:42:27.832607+00:00,131,3,36.54,Home Depot,Atlanta,GA,5200,Online Transaction,0
643cba3c-4baf-4bcb-a864-ec0a6a2701a1,2026-07-23T06:10:27.832607+00:00,138,3,162.73,CVS Pharmacy,Woonsocket,RI,5912,Swipe Transaction,0
124cdbb5-6aba-4cfd-badc-accb802682ef,2026-08-04T10:32:27.832607+00:00,248,3,12.91,Walmart,Bentonville,AR,5411,Chip Transaction,0
33a09a55-ae87-4ef8-96f1-57a65e39657d,2026-06-27T11:33:27.832607+00:00,211,2,154.38,Walmart,Bentonville,AR,5411,Online Transaction,0
8dc911d5-ebd2-42ca-bf24-161174e2b220,2026-08-13T14:27:27.832607+00:00,130,3,43.96,Starbucks,Seattle,WA,5814,Online Transaction,0
b9b7360b-9ee1-4185-b2c0-9b45e3e15eea,2026-07-29T02:08:27.832607+00:00,188,1,35.37,Apple Store,Cupertino,CA,5732,Chip Transaction,0
3fe96b04-42d9-460a-a468-c44c24434e1c,2026-07-28T06:41:27.832607+00:00,60,0,23.59,CVS Pharmacy,Woonsocket,RI,5912,Chip Transaction,0
13f58ec0-ed3e-4615-adde-a3d77c1ad1e3,2026-06-22T17:25:27.832607+00:00,164,3,2692.43,CryptoExchange OU,Tallinn,FOREIGN,6051,Online Transaction,1
72ceae45-3571-4a20-abec-2f46a30447bc,2026-08-14T16:30:27.832607+00:00,249,0,19.17,Target,Minneapolis,MN,5411,Swipe Transaction,0
fb49fcb0-415c-451f-b488-29ee484c9a24,2026-07-23T22:53:27.832607+00:00,92,3,117.5,Costco,Issaquah,WA,5411,Swipe Transaction,0
dc862b30-4086-4d4a-91c5-ba2321129a23,2026-07-05T18:17:27.832607+00:00,177,3,37.58,Shell,Houston,TX,5541,Chip Transaction,0
0e053885-eb01-47c5-8dde-32269965434d,2026-06-23T22:52:27.832607+00:00,200,1,11.16,Shell,Houston,TX,5541,Chip Transaction,0
6a7bb6dd-cd9e-4f5a-9f5f-39b63ae8ad96,2026-06-27T15:50:27.832607+00:00,245,1,47.31,Amazon,Seattle,WA,5942,Chip Transaction,0
e0a5e3ab-2cf6-41e4-b585-68781a0ea839,2026-08-03T16:09:27.832607+00:00,100,2,54.82,Home Depot,Atlanta,GA,5200,Chip Transaction,0
57dace98-38f7-487a-bc44-1e01a38180f1,2026-06-25T12:30:27.832607+00:00,75,0,24.32,Target,Minneapolis,MN,5411,Chip Transaction,0
ba0899fd-f6b8-44ae-b3fe-433f511b778d,2026-07-23T16:13:27.832607+00:00,28,4,32.66,Delta Airlines,Atlanta,GA,4511,Chip Transaction,0
89826c5f-09ea-4667-8a4f-c43dacd617a4,2026-06-21T04:41:27.832607+00:00,98,1,13.02,Starbucks,Seattle,WA,5814,Chip Transaction,0
c5257b70-7844-45f4-b1c6-f1ab2f489e96,2026-08-12T05:22:27.832607+00:00,15,1,27.92,Target,Minneapolis,MN,5411,Swipe Transaction,0
857a9643-6341-4d6b-9520-8ce47f104153,2026-08-13T14:23:27.832607+00:00,107,1,43.17,Uber,San Francisco,CA,4121,Online Transaction,0
48ff6fe5-b483-49d8-b888-683b9605d82a,2026-08-10T10:04:27.832607+00:00,87,3,18.05,Starbucks,Seattle,WA,5814,Chip Transaction,0
5db7ff2b-b955-44cf-9cba-b0ee55c87f96,2026-07-04T11:46:27.832607+00:00,245,4,6.39,Amazon,Seattle,WA,5942,Chip Transaction,0
195cdc70-d80c-4884-8315-5e33934f99cb,2026-08-15T16:14:27.832607+00:00,200,0,224.77,OnlineElectronics,Shenzhen,FOREIGN,5732,Swipe Transaction,1
0b608869-2805-49c7-bbbe-304af7eae65c,2026-06-18T05:43:27.832607+00:00,145,0,11.15,Target,Minneapolis,MN,5411,Online Transaction,0
f7c4ea6c-d1ab-4946-a90f-3b90ea9730d9,2026-07-01T10:32:27.832607+00:00,7,2,39.44,Walmart,Bentonville,AR,5411,Chip Transaction,0
0a594a82-94f6-4fc7-b6f6-144858bdea6a,2026-07-19T00:23:27.832607+00:00,127,0,127.23,Delta Airlines,Atlanta,GA,4511,Swipe Transaction,0
a75dfce1-291c-437b-80c6-3dde4a57d706,2026-06-25T23:07:27.832607+00:00,105,0,63.21,CVS Pharmacy,Woonsocket,RI,5912,Chip Transaction,0
c331abc3-7e38-4622-804c-9acebd02200c,2026-08-03T15:03:27.832607+00:00,34,1,2.89,CVS Pharmacy,Woonsocket,RI,5912,Online Transaction,0
798dfb66-a652-49d2-84c4-f3ff8070990c,2026-07-14T23:32:27.832607+00:00,234,4,20.38,McDonald's,Chicago,IL,5814,Chip Transaction,0
77c9306b-2851-48ea-8feb-ac4f09e844a2,2026-07-23T05:36:27.832607+00:00,216,3,6.26,Target,Minneapolis,MN,5411,Chip Transaction,0
b281f93a-6d96-4de8-865a-eee8f776c4b1,2026-07-31T09:18:27.832607+00:00,91,2,14.14,Amazon,Seattle,WA,5942,Swipe Transaction,0
2e30e7d7-c62e-4a0d-bd7a-ce2b1de7479f,2026-08-08T05:00:27.832607+00:00,210,2,23.34,Target,Minneapolis,MN,5411,Chip Transaction,0
ff92d0cf-6241-4a22-b6df-8151096218d3,2026-06-27T01:57:27.832607+00:00,150,4,323.2,QuickCash ATM,Unknown,NV,6011,Online Transaction,1
93006b2a-5cfc-4ea7-ab5b-c1d0a64e0fc1,2026-07-15T20:55:27.832607+00:00,149,0,35.87,Amazon,Seattle,WA,5942,Online Transaction,0
3517c6c0-fa74-4928-a64f-b4144f68ec50,2026-08-01T06:12:27.832607+00:00,227,3,79.23,Home Depot,Atlanta,GA,5200,Online Transaction,0
50ed74b8-9e95-4bff-8fdd-ae333cdfd885,2026-07-24T13:27:27.832607+00:00,98,0,25.45,Netflix,Los Gatos,CA,4899,Chip Transaction,0
9a91ba77-ff6d-4ac4-a165-4e541c0530e8,2026-08-15T22:02:27.832607+00:00,60,3,16.58,Shell,Houston,TX,5541,Chip Transaction,0
181d2f5d-c1a7-4a9a-855f-663247fc6303,2026-06-17T23:09:27.832607+00:00,34,0,8.86,Walmart,Bentonville,AR,5411,Online Transaction,0
6cb6a275-9eb4-4abd-882b-1016a6786a24,2026-07-08T00:07:27.832607+00:00,239,1,13.94,Amazon,Seattle,WA,5942,Swipe Transaction,0
e48a8d5e-5881-42ee-99a8-b4c264807614,2026-07-12T00:33:27.832607+00:00,59,2,78.49,Delta Airlines,Atlanta,GA,4511,Swipe Transaction,0
1fa9184a-03fb-4a65-bb10-2dbb5e0ffacb,2026-06-28T14:47:27.832607+00:00,183,0,20.27,Netflix,Los Gatos,CA,4899,Chip Transaction,0
1568d4f7-dee1-4106-863c-5f77a1e06cea,2026-08-01T11:47:27.832607+00:00,191,1,4.48,Target,Minneapolis,MN,5411,Swipe Transaction,0
430a8136-664b-4735-b92e-91db236bd514,2026-08-15T11:23:27.832607+00:00,104,3,14.18,Uber,San Francisco,CA,4121,Swipe Transaction,0
737d1554-e17e-4cfc-874a-a55ac81a167f,2026-07-26T00:28:27.832607+00:00,32,2,40.42,Best Buy,Richfield,MN,5732,Online Transaction,0
4acacf76-7e49-4aeb-b8d1-90d8114e4920,2026-08-05T22:57:27.832607+00:00,161,1,59.08,Amazon,Seattle,WA,5942,Swipe Transaction,0
d1cee3cc-1b00-4d40-bbf1-b0073b28b5a6,2026-07-26T09:35:27.832607+00:00,173,4,10.5,Apple Store,Cupertino,CA,5732,Online Transaction,0
e0ee7c6f-36cf-4e81-81af-67a7dc34c8cd,2026-06-25T06:19:27.832607+00:00,204,2,34.8,Delta Airlines,Atlanta,GA,4511,Chip Transaction,0
b5c173c3-8da6-40f1-9300-07fac0fad5ad,2026-07-20T11:21:27.832607+00:00,67,3,85.73,Costco,Issaquah,WA,5411,Chip Transaction,0
966442c2-059a-4b14-a44f-b5d5140da7b9,2026-07-25T12:04:27.832607+00:00,64,3,110.4,Amazon,Seattle,WA,5942,Swipe Transaction,0
96deafb5-b29d-45e7-8c13-c5b8e84bf12f,2026-08-05T23:46:27.832607+00:00,143,2,58.33,Delta Airlines,Atlanta,GA,4511,Swipe Transaction,0
9367cbc1-b619-41dc-a711-8f361ef5e2cd,2026-07-24T05:04:27.832607+00:00,4,0,12.83,Target,Minneapolis,MN,5411,Online Transaction,0
eb0d40e2-d20b-43de-bebe-af1d2808e4ca,2026-07-14T18:08:27.832607+00:00,83,3,12.36,CVS Pharmacy,Woonsocket,RI,5912,Chip Transaction,0
3a0573cf-3ebe-43f4-9295-5e20aa946b9b,2026-06-25T11:35:27.832607+00:00,184,0,13.63,Shell,Houston,TX,5541,Chip Transaction,0
4087f5c5-3240-41c1-8e6b-25d447897c85,2026-08-08T02:33:27.832607+00:00,36,4,8.93,Target,Minneapolis,MN,5411,Chip Transaction,0
78b74f7f-943a-4cb2-be4a-c443fbcf9efd,2026-08-08T11:03:27.832607+00:00,248,0,25.82,Target,Minneapolis,MN,5411,Swipe Transaction,0
f40fa554-3dff-462f-bd93-5f513456861c,2026-08-03T05:02:27.832607+00:00,18,3,7.52,Netflix,Los Gatos,CA,4899,Chip Transaction,0
abc723d6-66c0-4fca-8989-923580655598,2026-07-23T22:38:27.832607+00:00,164,1,11.85,Whole Foods,Austin,TX,5411,Online Transaction,0
457c6c4b-0c56-4939-92a1-817e618b3b02,2026-07-10T08:02:27.832607+00:00,25,4,8.53,Whole Foods,Austin,TX,5411,Chip Transaction,0
d07cfe02-c07b-4080-b645-2c6f6b4224b8,2026-08-04T02:26:27.832607+00:00,162,2,21.44,Uber,San Francisco,CA,4121,Chip Transaction,0
a7750839-d989-49e6-b772-f4a691358a65,2026-07-16T07:25:27.832607+00:00,9,0,263.07,Shell,Houston,TX,5541,Chip Transaction,0
25776fe1-8eb4-4a84-9dcc-686653382475,2026-07-05T12:07:27.832607+00:00,22,1,7.41,Starbucks,Seattle,WA,5814,Chip Transaction,0
74bda19a-0987-42c9-8208-87133a60cbbe,2026-06-26T16:25:27.832607+00:00,191,1,22.96,Target,Minneapolis,MN,5411,Swipe Transaction,0
60c5f620-9890-4254-8611-c973456520b2,2026-07-29T13:09:27.832607+00:00,8,2,30.29,Target,Minneapolis,MN,5411,Chip Transaction,0
0dd5440c-ee68-48c1-bd9f-6bae8571509d,2026-06-29T08:13:27.832607+00:00,58,2,24.38,Amazon,Seattle,WA,5942,Swipe Transaction,0
716b143c-c88f-4ae0-a4d4-5ce9f66b1c18,2026-07-19T09:28:27.832607+00:00,37,3,69.84,Amazon,Seattle,WA,5942,Chip Transaction,0
46120bf5-6740-4032-98ee-b43e2ad21c34,2026-07-09T15:55:27.832607+00:00,28,4,34.3,Costco,Issaquah,WA,5411,Online Transaction,0
9627f0e9-6612-4e22-9640-75971fc556f2,2026-08-08T18:40:27.832607+00:00,53,2,11.74,Amazon,Seattle,WA,5942,Swipe Transaction,0
f4cff8ac-1fe7-4ec9-844f-ab6a354534b8,2026-07-03T00:46:27.832607+00:00,126,3,9.71,Shell,Houston,TX,5541,Chip Transaction,0
47e7b9fa-dad1-4462-84d4-d7ddca5f565b,2026-06-29T02:58:27.832607+00:00,118,1,119.45,Uber,San Francisco,CA,4121,Chip Transaction,0
f45f18df-60c8-486b-a84a-7bf00a9591a0,2026-07-11T21:56:27.832607+00:00,100,2,26.98,Amazon,Seattle,WA,5942,Swipe Transaction,0
0727cccc-e566-4221-af35-4d12f54b2fda,2026-07-11T08:56:27.832607+00:00,70,4,65.03,Costco,Issaquah,WA,5411,Online Transaction,0
2821b584-0e85-4795-9557-a217d8744957,2026-07-21T02:06:27.832607+00:00,106,0,10.41,Costco,Issaquah,WA,5411,Chip Transaction,0
82f231ef-5a78-4ed4-80ac-6d0c47fd4626,2026-07-01T08:29:27.832607+00:00,61,2,23.65,Best Buy,Richfield,MN,5732,Chip Transaction,0
db13f87b-23f1-410b-afc8-42b4dc989ce2,2026-07-23T01:14:27.832607+00:00,87,3,99.65,Shell,Houston,TX,5541,Chip Transaction,0
4fdc8a4a-2fbf-4bfb-bf94-24d223f2b5e5,2026-07-24T18:57:27.832607+00:00,45,0,17.37,CVS Pharmacy,Woonsocket,RI,5912,Swipe Transaction,0
d47f5045-8cb8-4373-abda-4ef3be727456,2026-07-11T10:04:27.832607+00:00,32,0,90.13,Shell,Houston,TX,5541,Chip Transaction,0
f8a22cbb-06e4-4be3-a529-4166ee17ed8f,2026-06-22T01:13:27.832607+00:00,64,0,26.53,Starbucks,Seattle,WA,5814,Chip Transaction,0
89f6ebc1-007e-48ea-a95c-48bd44a8bc77,2026-07-08T17:55:27.832607+00:00,224,4,13.36,Starbucks,Seattle,WA,5814,Chip Transaction,0
11087139-fded-4123-b967-82d8a4cc36c4,2026-07-31T12:38:27.832607+00:00,6,3,26.12,Home Depot,Atlanta,GA,5200,Chip Transaction,0
9c9dd9cd-e3e8-43ff-8d40-2e68fd804344,2026-07-10T22:05:27.832607+00:00,80,1,13.66,CVS Pharmacy,Woonsocket,RI,5912,Online Transaction,0
e3852e9a-75d4-478a-8a78-cf9651294af1,2026-06-18T00:59:27.832607+00:00,31,3,43.53,Walmart,Bentonville,AR,5411,Online Transaction,0
353859e6-2908-473b-b076-1ec0eb3a8bde,2026-08-12T03:50:27.832607+00:00,62,3,82.17,Delta Airlines,Atlanta,GA,4511,Online Transaction,0
f82a4b80-c631-4a44-b876-bf282930f503,2026-08-03T20:21:27.832607+00:00,15,1,38.19,Delta Airlines,Atlanta,GA,4511,Chip Transaction,0
62421d65-7a82-4efd-98e8-2b427861d66e,2026-08-01T22:44:27.832607+00:00,152,4,7.87,Delta Airlines,Atlanta,GA,4511,Swipe Transaction,0
a42aa63a-cbf5-4c08-a345-b95361727240,2026-06-22T18:51:27.832607+00:00,128,0,46.39,Amazon,Seattle,WA,5942,Swipe Transaction,0
51107661-b5ed-45d0-ad2a-fbbbdc0dd53d,2026-06-24T02:57:27.832607+00:00,27,3,36.66,CVS Pharmacy,Woonsocket,RI,5912,Swipe Transaction,0
2e8c0b25-6980-41c6-89ce-300612ab8cef,2026-08-02T15:16:27.832607+00:00,14,4,51.44,Uber,San Francisco,CA,4121,Swipe Transaction,0
9f279c9c-d807-4e9e-89e9-b6e58d4251b9,2026-07-24T06:44:27.832607+00:00,236,0,22.02,McDonald's,Chicago,IL,5814,Online Transaction,0
ad5871dc-9231-4a5d-ba66-010ca7cd81c2,2026-06-20T13:46:27.832607+00:00,43,0,71.74,Starbucks,Seattle,WA,5814,Chip Transaction,0
77002f66-4efa-436e-b76d-b5b219b41dca,2026-08-14T17:43:27.832607+00:00,134,0,32.36,Target,Minneapolis,MN,5411,Online Transaction,0
9be76075-2e11-4906-a4b2-4e49fb803b1a,2026-07-04T20:46:27.832607+00:00,29,3,28.83,Apple Store,Cupertino,CA,5732,Chip Transaction,0
fc025f55-1409-4563-9401-9f8268eb6720,2026-08-07T04:04:27.832607+00:00,250,1,34.14,Home Depot,Atlanta,GA,5200,Swipe Transaction,0
5194895e-cb56-4fc1-98b6-34c15605f6e2,2026-08-04T23:39:27.832607+00:00,99,2,45.2,McDonald's,Chicago,IL,5814,Swipe Transaction,0
735ff60a-b7bd-4d01-a3ce-98d6ce8a09a1,2026-07-04T00:08:27.832607+00:00,11,3,27.29,Walmart,Bentonville,AR,5411,Online Transaction,0
a2cb4bdb-c902-4974-a679-2e95f8bc9277,2026-07-09T15:21:27.832607+00:00,184,4,67.81,Walmart,Bentonville,AR,5411,Swipe Transaction,0
3b39f1cc-63cf-4377-838f-3d916a77fee6,2026-07-14T10:53:27.832607+00:00,167,2,76.31,Apple Store,Cupertino,CA,5732,Chip Transaction,0
75d44dd4-b10e-41cf-80f5-89cd991b35d6,2026-07-21T02:44:27.832607+00:00,99,4,55.79,CVS Pharmacy,Woonsocket,RI,5912,Chip Transaction,0
27196bca-44d7-47a3-8b92-bc9a7d346120,2026-07-12T23:44:27.832607+00:00,100,3,21.91,Costco,Issaquah,WA,5411,Chip Transaction,0
c2da9329-4d7a-472d-b5e2-d54d3ee525fd,2026-07-15T08:21:27.832607+00:00,235,2,36.21,Best Buy,Richfield,MN,5732,Online Transaction,0
bcddef58-f622-48ea-8ddc-d9ac49a038bd,2026-08-03T20:52:27.832607+00:00,211,1,234.51,Amazon,Seattle,WA,5942,Online Transaction,0
f9952cf3-75c2-483c-bed1-271571801655,2026-07-12T10:42:27.832607+00:00,241,4,57.06,Apple Store,Cupertino,CA,5732,Chip Transaction,0
1150ffeb-dda2-460e-b7de-2043bb9861aa,2026-07-24T07:29:27.832607+00:00,29,4,16.01,Target,Minneapolis,MN,5411,Swipe Transaction,0
ba9860c7-f096-4d06-9b82-0a8ee3874856,2026-06-28T19:27:27.832607+00:00,17,1,7.22,Best Buy,Richfield,MN,5732,Chip Transaction,0
8d9977de-defe-4b25-b8b6-df1075a8cc05,2026-08-14T15:38:27.832607+00:00,209,0,2275.69,CryptoExchange OU,Tallinn,FOREIGN,6051,Online Transaction,1
00e0534b-f2d2-4c83-80b8-c46b6e83b7a9,2026-07-18T23:59:27.832607+00:00,122,2,10.36,Amazon,Seattle,WA,5942,Chip Transaction,0
c77c5d00-c6a6-4ed8-8bdf-a934da77a124,2026-06-27T17:33:27.832607+00:00,171,4,7.96,Delta Airlines,Atlanta,GA,4511,Chip Transaction,0
422a9c54-7b3f-434c-a73e-58169b47c6ef,2026-07-17T18:16:27.832607+00:00,130,4,14.44,Home Depot,Atlanta,GA,5200,Chip Transaction,0
d86b2b47-ab0b-404b-9d65-fc6755f36a8f,2026-07-09T03:51:27.832607+00:00,191,0,16.96,Walmart,Bentonville,AR,5411,Chip Transaction,0
502b082d-6b06-4dda-bead-710817a0332c,2026-08-04T08:17:27.832607+00:00,96,4,18.32,Walmart,Bentonville,AR,5411,Chip Transaction,0
9c3dd5c3-b05a-4972-b1c6-45f086041da8,2026-07-02T11:48:27.832607+00:00,164,0,19.08,Uber,San Francisco,CA,4121,Online Transaction,0
47ee9a58-76b3-4d10-8415-3702ac21b54a,2026-06-23T07:35:27.832607+00:00,216,2,15.7,Starbucks,Seattle,WA,5814,Swipe Transaction,0
539a9f32-6f22-4d74-85ba-8630903c883f,2026-07-22T07:05:27.832607+00:00,27,0,23.33,Apple Store,Cupertino,CA,5732,Chip Transaction,0
1847a44e-e87e-4915-a563-8c44b8606940,2026-07-05T20:46:27.832607+00:00,68,3,24.53,Costco,Issaquah,WA,5411,Chip Transaction,0
f5911746-f544-44c1-bf53-38b03fcac6a4,2026-06-29T09:57:27.832607+00:00,26,3,7.08,CVS Pharmacy,Woonsocket,RI,5912,Chip Transaction,0
db8e1c0d-581b-44aa-a03d-355c8fe1077d,2026-07-18T20:22:27.832607+00:00,76,0,30.19,Starbucks,Seattle,WA,5814,Online Transaction,0
1891d94c-d036-46d5-a244-96e764e51ae2,2026-07-20T08:03:27.832607+00:00,42,4,64.54,Uber,San Francisco,CA,4121,Chip Transaction,0
b3727d36-af13-4cb3-b3b1-103ad1fe83e6,2026-08-01T01:46:27.832607+00:00,38,3,84.34,CVS Pharmacy,Woonsocket,RI,5912,Chip Transaction,0
e7ae1965-0dd9-4a5b-8717-b4e00fe62306,2026-07-30T20:58:27.832607+00:00,65,1,17.76,Costco,Issaquah,WA,5411,Chip Transaction,0
f1a0fbc4-931f-401a-9cd1-e931ba667b3c,2026-08-15T20:41:27.832607+00:00,18,1,19.32,Whole Foods,Austin,TX,5411,Chip Transaction,0
2af41211-7c0c-4ceb-b4b1-0096a69fc836,2026-07-17T00:13:27.832607+00:00,36,2,81.71,Home Depot,Atlanta,GA,5200,Chip Transaction,0
90788b56-da0a-4f48-abe8-1601fa0cf4f9,2026-06-22T20:16:27.832607+00:00,156,0,28.82,Whole Foods,Austin,TX,5411,Online Transaction,0
885e4c0e-afeb-44d8-b1cc-8371bc07b1ec,2026-07-10T19:17:27.832607+00:00,134,3,9.17,Delta Airlines,Atlanta,GA,4511,Online Transaction,0
4fcf9161-758f-40e9-99e5-c8e73733e9af,2026-06-23T23:24:27.832607+00:00,61,2,8.79,Target,Minneapolis,MN,5411,Chip Transaction,0
04e6e992-f862-4161-a667-e215e2c78be0,2026-08-16T06:00:27.832607+00:00,108,0,29.6,Amazon,Seattle,WA,5942,Chip Transaction,0
fe3587d1-3db4-4f11-97aa-427e573e6e63,2026-07-18T00:00:27.832607+00:00,50,2,21.17,Apple Store,Cupertino,CA,5732,Chip Transaction,0
1d09d427-e31b-4329-a6cf-91bd678851c3,2026-07-10T08:14:27.832607+00:00,182,2,22.19,Delta Airlines,Atlanta,GA,4511,Chip Transaction,0
e1357b29-4d98-4b65-8e7f-7e75742e025d,2026-07-16T11:06:27.832607+00:00,62,4,90.88,Netflix,Los Gatos,CA,4899,Online Transaction,0
17466ba8-79fa-42b9-8ca4-054dd73959db,2026-07-24T03:54:27.832607+00:00,34,3,19.0,Target,Minneapolis,MN,5411,Swipe Transaction,0
7d77729e-9916-475c-987b-219a1efece45,2026-07-29T00:37:27.832607+00:00,156,0,105.8,Delta Airlines,Atlanta,GA,4511,Chip Transaction,0
bce0f7b6-192a-4ef6-a781-99301face202,2026-07-03T00:46:27.832607+00:00,140,2,9.31,Target,Minneapolis,MN,5411,Swipe Transaction,0
999c7fc5-d378-48ff-b745-24a9cefa00a0,2026-08-06T10:05:27.832607+00:00,96,1,29.71,Costco,Issaquah,WA,5411,Chip Transaction,0
0d1786e1-4a93-4de3-9905-3ca587c93906,2026-08-07T08:55:27.832607+00:00,192,3,43.91,Best Buy,Richfield,MN,5732,Online Transaction,0
1f115324-c1ad-44cb-83f9-99beba818217,2026-06-26T00:57:27.832607+00:00,213,0,7.98,Amazon,Seattle,WA,5942,Chip Transaction,0
a28f23f5-80c2-44f0-8e88-47a5a268e5fa,2026-08-11T06:53:27.832607+00:00,195,0,69.07,Amazon,Seattle,WA,5942,Online Transaction,0
32e35a34-50c0-4875-9283-51fe76d7bd9e,2026-07-28T03:13:27.832607+00:00,11,2,20.26,Walmart,Bentonville,AR,5411,Online Transaction,0
04c38429-8d4f-4a4e-ba2d-7103cd4a1d8c,2026-08-15T19:37:27.832607+00:00,118,1,28.86,Shell,Houston,TX,5541,Chip Transaction,0
0f1d9b0c-daf0-46b2-a590-8238948f1804,2026-07-24T16:43:27.832607+00:00,113,1,55.35,Netflix,Los Gatos,CA,4899,Online Transaction,0
54b37a8b-58bc-4d17-a446-daee5151bd94,2026-06-26T12:50:27.832607+00:00,139,1,21.41,Apple Store,Cupertino,CA,5732,Swipe Transaction,0
65154458-3193-41b3-8089-8cf2453b3173,2026-06-26T13:39:27.832607+00:00,226,2,44.09,Netflix,Los Gatos,CA,4899,Chip Transaction,0
b6d48e53-85c5-4d03-9402-e2397443719b,2026-06-21T17:58:27.832607+00:00,57,4,74.68,Costco,Issaquah,WA,5411,Swipe Transaction,0
38ebe34b-8a7e-4fb4-aab8-7700077f4949,2026-07-27T07:56:27.832607+00:00,57,2,7.19,Delta Airlines,Atlanta,GA,4511,Online Transaction,0
85aed565-86ae-4322-b5ad-bc1dd4e07844,2026-06-18T10:22:27.832607+00:00,111,3,29.11,CVS Pharmacy,Woonsocket,RI,5912,Chip Transaction,0
3767c27a-3067-41ea-9a4e-aa3adfc34efa,2026-07-06T14:31:27.832607+00:00,165,2,61.3,Uber,San Francisco,CA,4121,Chip Transaction,0
92e8e90e-989c-4df4-8d0d-a99ef616acfa,2026-07-15T09:41:27.832607+00:00,96,0,23.47,Best Buy,Richfield,MN,5732,Swipe Transaction,0
789d7b73-3c92-4892-ad18-e6cc50b528dc,2026-07-06T14:21:27.832607+00:00,108,3,65.45,Home Depot,Atlanta,GA,5200,Online Transaction,0
842bc43f-4c15-421f-bedc-5df6acae74fd,2026-07-14T17:20:27.832607+00:00,171,0,48.91,Costco,Issaquah,WA,5411,Chip Transaction,0
e48a8eac-77f5-4065-8a53-8e264a3e42a6,2026-06-26T08:48:27.832607+00:00,209,1,7.87,Costco,Issaquah,WA,5411,Chip Transaction,0
ef9481c4-9fff-4277-a1a1-0fa3276033d9,2026-06-21T09:25:27.832607+00:00,45,1,52.29,Shell,Houston,TX,5541,Swipe Transaction,0
121c6ec4-8fbb-471b-af84-1c2da7fd9685,2026-07-16T01:51:27.832607+00:00,208,2,11.04,Starbucks,Seattle,WA,5814,Chip Transaction,0
9925c2a5-5876-48ed-97d0-4f0ce95c22ca,2026-06-18T10:54:27.832607+00:00,73,2,48.15,Uber,San Francisco,CA,4121,Online Transaction,0
f1dee864-fc5e-491e-a3c4-ab9ce5f745af,2026-08-13T18:13:27.832607+00:00,73,1,47.87,Netflix,Los Gatos,CA,4899,Online Transaction,0
0912ad59-bee7-4bf8-ae72-432ff4aae826,2026-06-21T00:29:27.832607+00:00,152,3,16.1,CVS Pharmacy,Woonsocket,RI,5912,Online Transaction,0
2cc23241-0d98-4dd2-a4d0-a3b64f91cb33,2026-08-04T18:14:27.832607+00:00,69,2,352.47,AnonymousGiftCards,Panama City,FOREIGN,5947,Online Transaction,1
4d9efcdd-143c-430e-8342-0fca49d2dcfe,2026-08-08T13:32:27.832607+00:00,157,4,46.49,Best Buy,Richfield,MN,5732,Online Transaction,0
243a32b2-d31b-47c4-b04c-9f79d19b2ec8,2026-06-21T20:08:27.832607+00:00,51,0,11.26,Amazon,Seattle,WA,5942,Chip Transaction,0
b6cc2b3b-e6db-45fb-9b1a-2c8ab867bcaf,2026-07-04T00:08:27.832607+00:00,99,1,19.38,Best Buy,Richfield,MN,5732,Online Transaction,0
18191856-7cc4-41ad-8608-f43c81c57c3d,2026-06-23T14:43:27.832607+00:00,88,4,40.52,Shell,Houston,TX,5541,Online Transaction,0
c60fa9fb-33c0-4d4b-8631-435cf0865796,2026-08-07T21:32:27.832607+00:00,124,2,20.6,Target,Minneapolis,MN,5411,Chip Transaction,0
4ce1c21f-d297-4e74-a30e-d0a8ab5e56fc,2026-07-26T16:05:27.832607+00:00,131,3,14.7,Target,Minneapolis,MN,5411,Swipe Transaction,0
ccb5e1ce-c3f7-49c0-b3b9-ea686e6516c0,2026-07-24T20:56:27.832607+00:00,197,1,70.07,Whole Foods,Austin,TX,5411,Chip Transaction,0
b12c09d5-1c4c-4713-a5a0-3ba0ebb77fc3,2026-08-14T09:23:27.832607+00:00,69,2,43.63,AnonymousGiftCards,Panama City,FOREIGN,5947,Online Transaction,1
bfa1c273-8ed3-498c-babb-2ac4d6d4e699,2026-08-04T06:56:27.832607+00:00,59,2,13.79,Starbucks,Seattle,WA,5814,Chip Transaction,0
d00a3fe6-f57c-4404-bce4-1bf5ef987146,2026-07-15T12:28:27.832607+00:00,149,0,123.58,CryptoExchange OU,Tallinn,FOREIGN,6051,Swipe Transaction,1
51bbd1af-fcf5-4649-a966-b9759d8aecbe,2026-07-20T12:52:27.832607+00:00,67,3,23.19,Costco,Issaquah,WA,5411,Swipe Transaction,0
6a551a78-1807-45fc-b615-d36dd0d3c72e,2026-06-22T16:30:27.832607+00:00,249,0,36.48,Uber,San Francisco,CA,4121,Chip Transaction,0
2586a959-9854-4535-bc8f-29984d6fa2dd,2026-07-02T03:08:27.832607+00:00,180,4,92.16,Delta Airlines,Atlanta,GA,4511,Swipe Transaction,0
8944f2cd-c95f-4eff-b16a-9d7ce69efefb,2026-08-06T20:02:27.832607+00:00,127,3,55.23,Delta Airlines,Atlanta,GA,4511,Chip Transaction,0
96d6b5d6-2c47-4336-a52a-7262b85eb060,2026-06-25T11:58:27.832607+00:00,242,0,21.77,Starbucks,Seattle,WA,5814,Online Transaction,0
d6675692-6d0b-47d2-b170-9e0e946d3adf,2026-08-01T16:41:27.832607+00:00,15,4,26.93,Delta Airlines,Atlanta,GA,4511,Chip Transaction,0
927d1c7a-b2e9-4349-97d0-732655926f87,2026-07-17T10:31:27.832607+00:00,213,4,128.82,CVS Pharmacy,Woonsocket,RI,5912,Chip Transaction,0
8319e421-87aa-459a-80b5-2f547f99fc33,2026-08-01T03:52:27.832607+00:00,104,1,71.11,Uber,San Francisco,CA,4121,Chip Transaction,0
c21c1a28-1968-4ac9-b063-e84257b8363f,2026-08-15T03:52:27.832607+00:00,44,2,20.49,Shell,Houston,TX,5541,Swipe Transaction,0
18ccef1f-55cd-436d-8f6a-8009e62b17cf,2026-07-20T00:34:27.832607+00:00,44,4,36.53,Costco,Issaquah,WA,5411,Swipe Transaction,0
135ab973-b18a-43cd-b07f-58f749cba000,2026-08-02T07:46:27.832607+00:00,91,3,9.56,Costco,Issaquah,WA,5411,Chip Transaction,0
e5a444c7-62d6-438d-9ecb-8e8ae9340229,2026-08-01T12:09:27.832607+00:00,195,2,20.45,Shell,Houston,TX,5541,Chip Transaction,0
450a4bfd-ff3b-4752-9835-7a0bbe7a9bef,2026-07-31T09:20:27.832607+00:00,237,2,47.12,Walmart,Bentonville,AR,5411,Chip Transaction,0
f2b99359-0145-450d-ac04-437d9af2b616,2026-08-08T20:41:27.832607+00:00,11,1,21.04,Best Buy,Richfield,MN,5732,Swipe Transaction,0
bc9d6b81-aed7-4c25-ba3a-9c873c867058,2026-07-10T11:42:27.832607+00:00,123,2,30.53,Shell,Houston,TX,5541,Chip Transaction,0
c1356a86-b0a6-4423-8e46-85d3a7d9ace2,2026-06-18T21:44:27.832607+00:00,22,4,15.67,Delta Airlines,Atlanta,GA,4511,Swipe Transaction,0
bff2b0d7-f31d-4c21-8183-27bb7f58f552,2026-07-27T19:25:27.832607+00:00,77,3,7.29,CVS Pharmacy,Woonsocket,RI,5912,Chip Transaction,0
0ff51bbb-ca2e-4714-8f83-2314c5ec679b,2026-08-08T06:35:27.832607+00:00,136,1,41.2,Best Buy,Richfield,MN,5732,Chip Transaction,0
0825265f-082d-455a-ae55-f9dc8cfaf6d3,2026-07-05T19:12:27.832607+00:00,176,3,16.68,Amazon,Seattle,WA,5942,Chip Transaction,0
e6d316a6-9ed8-46be-adf6-e353ebff196f,2026-08-11T19:15:27.832607+00:00,135,2,62.72,Netflix,Los Gatos,CA,4899,Chip Transaction,0
75a91a5f-a226-4292-9c31-5f4825de42c8,2026-08-15T20:36:27.832607+00:00,24,3,338.05,LuxuryGoods LLC,Miami,FL,5944,Online Transaction,1
a8e8d822-31f4-477f-83fa-c2668a097090,2026-07-09T01:24:27.832607+00:00,227,1,15.16,Costco,Issaquah,WA,5411,Online Transaction,0
32eb620f-193d-4bc3-b6cc-35f1ba476c0f,2026-07-10T10:42:27.832607+00:00,24,3,142.89,McDonald's,Chicago,IL,5814,Chip Transaction,0
666be929-f3a4-4174-9fd0-e932addaf27a,2026-07-20T12:31:27.832607+00:00,210,2,42.28,Starbucks,Seattle,WA,5814,Chip Transaction,0
b9f21133-0c53-4781-b9ad-cc3bb76b5c45,2026-08-06T05:05:27.832607+00:00,100,4,21.85,Starbucks,Seattle,WA,5814,Swipe Transaction,0
1bd82815-5b6d-4827-9e51-c6b4c989d222,2026-07-14T20:20:27.832607+00:00,155,2,16.58,Netflix,Los Gatos,CA,4899,Swipe Transaction,0
52376c7e-aaf3-44dd-b1a9-483caa8a2c12,2026-07-31T09:49:27.832607+00:00,26,4,60.67,Amazon,Seattle,WA,5942,Online Transaction,0
6e6dde93-2cfc-41a1-857d-6127812ecdeb,2026-06-27T16:37:27.832607+00:00,49,1,68.43,Walmart,Bentonville,AR,5411,Swipe Transaction,0
b0fccde8-c12b-4a0a-a27b-417457cb69af,2026-07-20T12:17:27.832607+00:00,79,2,56.13,Amazon,Seattle,WA,5942,Chip Transaction,0
c8a0ad43-3a84-4d0c-83d3-4a5f4fb5e4be,2026-07-23T11:11:27.832607+00:00,86,1,12.18,Apple Store,Cupertino,CA,5732,Chip Transaction,0
64964b34-4b0f-483c-a991-a897315ebc9a,2026-07-02T04:45:27.832607+00:00,43,2,10.19,Best Buy,Richfield,MN,5732,Online Transaction,0
ffcf9d0e-6a9a-4d2c-9b73-8dfffe703079,2026-07-21T02:10:27.832607+00:00,108,4,45.13,Uber,San Francisco,CA,4121,Swipe Transaction,0
50e8b5d6-4d6a-423b-ab16-12433ee9f37b,2026-06-26T02:44:27.832607+00:00,181,2,23.05,Delta Airlines,Atlanta,GA,4511,Chip Transaction,0
faedb304-febc-490e-9652-f9bda7fcb695,2026-08-11T01:03:27.832607+00:00,161,2,29.7,Amazon,Seattle,WA,5942,Online Transaction,0
2d693429-7363-463d-be4a-1e408a6aa73a,2026-07-03T22:51:27.832607+00:00,83,4,10.75,Shell,Houston,TX,5541,Chip Transaction,0
98f2fde6-a08e-415f-a392-2d55cf9a0897,2026-06-22T21:00:27.832607+00:00,68,3,824.96,CryptoExchange OU,Tallinn,FOREIGN,6051,Online Transaction,1
90f2a71b-31f1-4425-bd2c-8dc10947b202,2026-08-12T06:08:27.832607+00:00,57,3,36.11,Costco,Issaquah,WA,5411,Chip Transaction,0
9f367966-cca7-47ce-a6d4-18b482f2bc8e,2026-07-01T19:33:27.832607+00:00,187,3,15.38,Home Depot,Atlanta,GA,5200,Chip Transaction,0
5a08ac9f-47d9-4a57-96df-1b37861e1477,2026-08-09T07:15:27.832607+00:00,218,3,16.57,Apple Store,Cupertino,CA,5732,Online Transaction,0
0f612129-f327-42a2-9c53-6deff311d609,2026-08-04T20:10:27.832607+00:00,231,0,47.5,Netflix,Los Gatos,CA,4899,Online Transaction,0
27d8df02-617d-47ea-bdcc-f43a05f5b56e,2026-07-14T07:49:27.832607+00:00,192,4,45.76,Whole Foods,Austin,TX,5411,Online Transaction,0
f5a3a079-9791-4e01-b6a5-f03eb33bbd22,2026-06-25T19:14:27.832607+00:00,148,0,8.74,Amazon,Seattle,WA,5942,Swipe Transaction,0
f8c6d6ed-52fd-404f-ae2b-d57df851299e,2026-08-15T18:56:27.832607+00:00,215,4,10.54,Shell,Houston,TX,5541,Swipe Transaction,0
4aeab6b1-e276-41bc-a859-5150cf080d20,2026-07-12T17:59:27.832607+00:00,87,0,213.04,QuickCash ATM,Unknown,NV,6011,Online Transaction,1
454457c3-0bea-440d-aaec-f1df226ab1fb,2026-07-27T01:19:27.832607+00:00,55,0,13.13,Apple Store,Cupertino,CA,5732,Chip Transaction,0
6ec3bf76-517f-4170-9e07-bf89b22e5f6e,2026-07-11T17:18:27.832607+00:00,180,0,31.88,Apple Store,Cupertino,CA,5732,Chip Transaction,0
086e19de-b924-4a80-8ebf-59ef21ca5b31,2026-06-27T22:03:27.832607+00:00,122,4,45.88,Target,Minneapolis,MN,5411,Online Transaction,0
84386c89-3ec5-499a-b0db-c46fa41df226,2026-06-19T07:52:27.832607+00:00,166,4,53.04,Walmart,Bentonville,AR,5411,Chip Transaction,0
1643c606-9e91-4709-9afb-da7f1fcf8772,2026-07-08T13:50:27.832607+00:00,12,3,84.74,Home Depot,Atlanta,GA,5200,Online Transaction,0
5d1b005f-460a-4ffa-85dd-f1e2a021d6e4,2026-07-04T22:50:27.832607+00:00,179,4,20.3,Best Buy,Richfield,MN,5732,Online Transaction,0
38aa415e-2dbb-4fcc-9d04-a485c3624460,2026-06-21T13:18:27.832607+00:00,217,2,87.65,Home Depot,Atlanta,GA,5200,Online Transaction,0
16ef7015-95fb-4d05-9014-9e20b2d68806,2026-06-25T19:47:27.832607+00:00,220,4,8.3,Costco,Issaquah,WA,5411,Chip Transaction,0
38a3beb9-9c1d-45d4-90c0-d9eeb17a29c1,2026-07-09T08:00:27.832607+00:00,53,1,40.71,CVS Pharmacy,Woonsocket,RI,5912,Chip Transaction,0
ee636ea5-ccea-4e8d-9d54-a563bc021231,2026-08-11T05:29:27.832607+00:00,230,0,64.2,Netflix,Los Gatos,CA,4899,Online Transaction,0
42fb9591-eb1e-464d-ac49-5abff62d039c,2026-07-04T14:27:27.832607+00:00,215,4,28.52,CVS Pharmacy,Woonsocket,RI,5912,Online Transaction,0
22588b91-5600-437e-aae5-9508458d10ef,2026-08-09T12:12:27.832607+00:00,83,1,23.73,Best Buy,Richfield,MN,5732,Chip Transaction,0
18edcec6-19b3-4610-84ec-38c069ce2704,2026-07-26T13:20:27.832607+00:00,68,1,32.94,Apple Store,Cupertino,CA,5732,Chip Transaction,0
4f94634c-1799-4485-acf8-c483d1f8840e,2026-07-10T21:56:27.832607+00:00,249,0,38.5,Target,Minneapolis,MN,5411,Swipe Transaction,0
a4d97e24-54ea-4060-883a-c8a3fc1cedd2,2026-07-26T04:32:27.832607+00:00,29,2,54.7,Shell,Houston,TX,5541,Swipe Transaction,0
128b4623-d862-4ecf-a8b5-c55b4fb69915,2026-07-15T03:22:27.832607+00:00,154,1,93.89,Best Buy,Richfield,MN,5732,Online Transaction,0
d3a85ddf-88a5-441b-8054-f7001b4f92d6,2026-08-11T00:25:27.832607+00:00,156,4,26.41,Costco,Issaquah,WA,5411,Chip Transaction,0
19733463-7458-4a85-b440-6df64b6d85ce,2026-08-02T00:23:27.832607+00:00,208,0,41.2,Shell,Houston,TX,5541,Swipe Transaction,0
9ed5a279-63aa-48f8-b117-d8035a204346,2026-08-03T10:41:27.832607+00:00,138,0,70.83,Delta Airlines,Atlanta,GA,4511,Chip Transaction,0
391fb1ff-e500-4972-9d21-eba0198a32b3,2026-07-10T02:08:27.832607+00:00,165,2,71.91,Costco,Issaquah,WA,5411,Chip Transaction,0
514db855-7388-473e-957f-0e8edede1167,2026-07-27T14:39:27.832607+00:00,195,0,85.81,Uber,San Francisco,CA,4121,Online Transaction,0
3d37f1f6-ded8-4baa-88dc-ac7deb131a5f,2026-08-07T10:15:27.832607+00:00,169,1,4.58,Costco,Issaquah,WA,5411,Online Transaction,0
211e79e7-06d1-4ec4-b4ce-83f23884108f,2026-06-18T06:22:27.832607+00:00,154,1,39.61,Uber,San Francisco,CA,4121,Chip Transaction,0
4dd0f8d7-8a39-420a-abe6-928253ad7415,2026-07-10T06:33:27.832607+00:00,162,4,22.49,Amazon,Seattle,WA,5942,Chip Transaction,0
d288038d-3214-4d64-a660-7e5f2e254a36,2026-08-13T22:28:27.832607+00:00,154,3,21.8,Whole Foods,Austin,TX,5411,Chip Transaction,0
a81750d3-f983-4a4b-bfc0-db88dd863017,2026-06-27T17:05:27.832607+00:00,170,0,53.77,Costco,Issaquah,WA,5411,Online Transaction,0
d9fc33d4-c3c9-480a-995a-09a4f1e098af,2026-07-06T03:25:27.832607+00:00,108,4,45.38,Home Depot,Atlanta,GA,5200,Chip Transaction,0
6b8226db-a50a-42c3-b05a-ab7b76978b0e,2026-08-16T14:23:27.832607+00:00,99,0,68.01,Best Buy,Richfield,MN,5732,Online Transaction,0
ef6921c6-9d06-4d93-8130-a8cdfb347063,2026-08-01T04:32:27.832607+00:00,35,0,20.71,Netflix,Los Gatos,CA,4899,Chip Transaction,0
9759748f-1363-49bf-99ac-70f11a6d539a,2026-07-25T22:38:27.832607+00:00,153,3,14.92,Apple Store,Cupertino,CA,5732,Chip Transaction,0
d97c04c5-4cb9-4a0b-b810-f5ba09f3e66a,2026-06-20T10:26:27.832607+00:00,21,1,228.12,McDonald's,Chicago,IL,5814,Online Transaction,0
bdf7de93-6dec-47e5-ad0e-272e141159af,2026-08-15T19:14:27.832607+00:00,56,3,12.7,Shell,Houston,TX,5541,Online Transaction,0
ac590b07-5816-4cdd-8dfe-8c8ee804069e,2026-06-23T11:43:27.832607+00:00,142,2,271.11,CryptoExchange OU,Tallinn,FOREIGN,6051,Chip Transaction,1
8284130f-9dcd-410b-a7d1-0b31a8f4ef1c,2026-06-25T22:15:27.832607+00:00,97,3,127.92,Costco,Issaquah,WA,5411,Chip Transaction,0
5a671291-d102-4e69-b984-3a134a4fc398,2026-08-16T17:29:27.832607+00:00,196,2,14.73,CVS Pharmacy,Woonsocket,RI,5912,Chip Transaction,0
38088b11-4657-489e-ae95-09175e54a524,2026-08-12T23:21:27.832607+00:00,21,4,41.79,Starbucks,Seattle,WA,5814,Chip Transaction,0
b1bcd0fe-9073-45b2-9713-3ee20d2449f8,2026-07-07T18:48:27.832607+00:00,131,4,49.09,CVS Pharmacy,Woonsocket,RI,5912,Online Transaction,0
5583c681-220a-4f21-9eae-890aafcf2370,2026-08-03T10:19:27.832607+00:00,133,2,45.18,Costco,Issaquah,WA,5411,Chip Transaction,0
9b5fdf3a-e379-4915-a7f3-1204de764996,2026-07-22T15:15:27.832607+00:00,199,4,7.43,Netflix,Los Gatos,CA,4899,Chip Transaction,0
280c3d1c-96da-48bb-96ad-566f46a4677c,2026-06-29T15:40:27.832607+00:00,210,3,8.59,Best Buy,Richfield,MN,5732,Chip Transaction,0
a0a0378c-2127-449b-b23c-51391496456e,2026-07-31T22:39:27.832607+00:00,145,4,25.69,Amazon,Seattle,WA,5942,Online Transaction,0
33184ad2-8f72-48e5-ae25-308534511195,2026-08-05T01:46:27.832607+00:00,49,2,5674.88,OnlineElectronics,Shenzhen,FOREIGN,5732,Online Transaction,1
7b5f39f2-4188-40bb-b406-40699bf9ad49,2026-07-13T11:41:27.832607+00:00,155,4,32.69,Best Buy,Richfield,MN,5732,Online Transaction,0
7d440581-497b-4ff8-bf8d-cb2c6529e00f,2026-07-25T05:30:27.832607+00:00,143,4,28.68,CVS Pharmacy,Woonsocket,RI,5912,Online Transaction,0
f578ec32-1d16-4f58-bdff-d8c17a796a00,2026-07-05T13:33:27.832607+00:00,4,2,32.23,Apple Store,Cupertino,CA,5732,Swipe Transaction,0
642f2232-0db0-4d46-9dbc-20d39accbcd2,2026-08-05T17:55:27.832607+00:00,65,4,8.5,Home Depot,Atlanta,GA,5200,Online Transaction,0
20be8172-c4e3-46c1-bd61-5eda9c71a304,2026-07-25T07:32:27.832607+00:00,154,0,45.92,Starbucks,Seattle,WA,5814,Online Transaction,0
07cdeba5-efcb-427a-b583-5a6f978470da,2026-08-02T17:05:27.832607+00:00,169,3,9.46,Netflix,Los Gatos,CA,4899,Swipe Transaction,0
b2ec4231-d553-4791-94f8-4290d4efb00c,2026-07-11T11:45:27.832607+00:00,59,0,67.64,Best Buy,Richfield,MN,5732,Swipe Transaction,0
d29da15c-e01b-4f01-a33b-f0d90a497e2b,2026-07-21T22:13:27.832607+00:00,133,4,9.51,Best Buy,Richfield,MN,5732,Chip Transaction,0
3ce5aaf6-fd6d-47b0-b879-8d49a98a23cd,2026-07-02T16:16:27.832607+00:00,152,4,38.81,Whole Foods,Austin,TX,5411,Chip Transaction,0
c105bf5f-5277-4e06-a62e-e60614efd35f,2026-06-28T15:11:27.832607+00:00,202,1,56.48,Uber,San Francisco,CA,4121,Chip Transaction,0
0eee83c4-7384-4abf-ba10-1f816f1d83ce,2026-07-20T18:41:27.832607+00:00,133,1,46.68,Uber,San Francisco,CA,4121,Chip Transaction,0
581f13dd-19cb-47df-8627-2c51a659ec09,2026-07-26T13:00:27.832607+00:00,27,4,92.93,Starbucks,Seattle,WA,5814,Online Transaction,0
39f1d994-d9a6-47d1-b4b5-fce5efa5e4f3,2026-07-24T00:57:27.832607+00:00,212,4,4.01,Best Buy,Richfield,MN,5732,Swipe Transaction,0
6ff77e19-49d1-49c8-964b-856b7fd9e68c,2026-08-13T16:59:27.832607+00:00,22,3,15.95,Costco,Issaquah,WA,5411,Online Transaction,0
b0628f7c-a7d4-497c-be8b-4cdd4de33111,2026-06-17T19:49:27.832607+00:00,26,4,82.98,McDonald's,Chicago,IL,5814,Chip Transaction,0
6a94e13a-eed4-48eb-888b-f74f858963bb,2026-07-08T14:28:27.832607+00:00,218,0,147.1,Apple Store,Cupertino,CA,5732,Swipe Transaction,0
acf76a58-79ec-4401-8e3f-57a9ac04cd73,2026-07-19T14:47:27.832607+00:00,58,0,24.14,Shell,Houston,TX,5541,Chip Transaction,0
9ae570b7-d1a0-46a6-951e-2d90607d1f3f,2026-06-18T00:41:27.832607+00:00,14,3,83.51,McDonald's,Chicago,IL,5814,Chip Transaction,0
8538e5bb-dbfa-4886-8278-675706669e3c,2026-07-03T04:19:27.832607+00:00,16,1,8.91,McDonald's,Chicago,IL,5814,Online Transaction,0
73c4bb01-2ffa-4374-9970-eab7447e0231,2026-07-09T15:45:27.832607+00:00,178,2,40.15,Best Buy,Richfield,MN,5732,Chip Transaction,0
b584bc71-7189-4f41-aeb4-ebeefbef9912,2026-06-21T04:21:27.832607+00:00,124,1,28.85,Best Buy,Richfield,MN,5732,Chip Transaction,0
c0d47aac-8bbc-40e2-8745-8ab8b3481426,2026-07-28T16:29:27.832607+00:00,80,2,16.75,Starbucks,Seattle,WA,5814,Chip Transaction,0
07a4a185-059a-4c85-b42b-af9582b4be96,2026-07-06T23:17:27.832607+00:00,107,1,20.27,Best Buy,Richfield,MN,5732,Online Transaction,0
4535d884-2b13-4019-b882-2355a053ca6e,2026-07-27T06:34:27.832607+00:00,200,4,42.92,Walmart,Bentonville,AR,5411,Chip Transaction,0
8b886355-316d-4937-ba68-53a748c8dafd,2026-08-10T07:25:27.832607+00:00,124,1,36.78,McDonald's,Chicago,IL,5814,Chip Transaction,0
2779b6e6-1898-4f3c-8391-c60ecad667b8,2026-06-17T23:01:27.832607+00:00,50,2,28.67,Home Depot,Atlanta,GA,5200,Chip Transaction,0
6870a246-10c6-45d6-9170-6b9a14683f6b,2026-08-13T10:15:27.832607+00:00,89,4,28.2,Walmart,Bentonville,AR,5411,Chip Transaction,0
d23ea5ca-0a6c-4d08-9c1f-b0023be27ae4,2026-08-09T14:28:27.832607+00:00,101,2,22.16,CVS Pharmacy,Woonsocket,RI,5912,Online Transaction,0
a89af489-52f8-40d0-908d-1c260c5ff026,2026-07-25T03:29:27.832607+00:00,3,4,23.96,Walmart,Bentonville,AR,5411,Chip Transaction,0
8c5bacc9-82ee-4fea-98ac-9c2a39f67a6b,2026-07-25T10:08:27.832607+00:00,31,4,8.22,CVS Pharmacy,Woonsocket,RI,5912,Online Transaction,0
54c6d590-3eaf-4a6c-90fa-9a8d046d88d8,2026-07-22T15:35:27.832607+00:00,139,0,36.04,CVS Pharmacy,Woonsocket,RI,5912,Chip Transaction,0
99eb47ef-a876-4859-8519-4027d9af859b,2026-07-28T18:35:27.832607+00:00,11,1,145.99,Netflix,Los Gatos,CA,4899,Swipe Transaction,0
01dea1f3-6158-44fc-8f3b-d9df1df9b70b,2026-07-01T00:52:27.832607+00:00,161,0,27.47,Costco,Issaquah,WA,5411,Online Transaction,0
a03fafcb-b502-4c3b-b07c-1aefc87e1961,2026-07-07T07:27:27.832607+00:00,87,0,11.1,Amazon,Seattle,WA,5942,Swipe Transaction,0
bc4241c9-55c7-4018-93c9-17234f9152a6,2026-07-13T00:22:27.832607+00:00,61,2,36.87,Netflix,Los Gatos,CA,4899,Chip Transaction,0
bb40b2f8-925a-46c0-9093-1bf796f24b2d,2026-07-09T19:04:27.832607+00:00,68,0,132.99,Amazon,Seattle,WA,5942,Chip Transaction,0
aa9386cb-00e6-4c27-ae3e-05bf60e140c1,2026-07-02T00:02:27.832607+00:00,155,4,21.98,Whole Foods,Austin,TX,5411,Swipe Transaction,0
29a095f1-58b4-49f8-9d1d-54069436053c,2026-07-03T20:06:27.832607+00:00,31,4,28.66,Amazon,Seattle,WA,5942,Swipe Transaction,0
33f417e6-4431-4f1d-bd22-85b811bdfa4e,2026-06-21T19:23:27.832607+00:00,73,1,75.19,Costco,Issaquah,WA,5411,Online Transaction,0
3865d33e-6090-443c-9755-56f76dc6d7d4,2026-08-09T14:53:27.832607+00:00,26,0,46.68,McDonald's,Chicago,IL,5814,Chip Transaction,0
46e058cd-0605-404c-ad92-98d2d7efcd7b,2026-07-17T06:43:27.832607+00:00,103,1,18.88,Home Depot,Atlanta,GA,5200,Chip Transaction,0
36f2775c-0221-48d0-b43f-6f1416326a33,2026-07-30T19:48:27.832607+00:00,117,1,31.29,Walmart,Bentonville,AR,5411,Chip Transaction,0
329f7284-5309-4d71-aad7-365ea775a6c8,2026-08-03T10:36:27.832607+00:00,123,2,983.49,QuickCash ATM,Unknown,NV,6011,Chip Transaction,1
6ca6870a-3d12-441c-9816-9d9f23b7c986,2026-07-14T17:23:27.832607+00:00,222,4,22.17,Shell,Houston,TX,5541,Swipe Transaction,0
f28eb30b-4e63-49ba-ab56-9aeab20d4777,2026-08-04T06:36:27.832607+00:00,100,0,10.57,Whole Foods,Austin,TX,5411,Chip Transaction,0
a2ffc401-9a91-49a0-8de8-69e8627c41e0,2026-06-21T14:01:27.832607+00:00,125,3,14.25,Delta Airlines,Atlanta,GA,4511,Online Transaction,0
279ab910-0efb-4a6c-bbbc-3b538d574223,2026-07-10T15:29:27.832607+00:00,97,0,11.77,Netflix,Los Gatos,CA,4899,Swipe Transaction,0
a7e562d1-3ac2-4d1a-814c-c4050bce9e1e,2026-07-14T17:31:27.832607+00:00,78,0,9.89,Amazon,Seattle,WA,5942,Swipe Transaction,0
8ccd0f39-485f-40f0-86b8-775303a150d2,2026-08-04T23:44:27.832607+00:00,100,4,28.66,Costco,Issaquah,WA,5411,Chip Transaction,0
a13f7fc3-9808-4034-af13-6fbca19b9293,2026-07-11T06:32:27.832607+00:00,102,1,54.36,Whole Foods,Austin,TX,5411,Chip Transaction,0
2c4e909f-3bca-4b91-98e0-28c67528a62d,2026-07-08T07:08:27.832607+00:00,140,4,32.47,Uber,San Francisco,CA,4121,Chip Transaction,0
47105062-8ea7-4512-9360-154410a5c60b,2026-08-05T19:31:27.832607+00:00,16,1,1030.25,QuickCash ATM,Unknown,NV,6011,Online Transaction,1
62e74831-4c88-4b19-b1da-e23d2740c6f7,2026-06-19T15:02:27.832607+00:00,177,1,97.81,LuxuryGoods LLC,Miami,FL,5944,Online Transaction,1
49e5c182-7d41-47e6-972b-dc8a70e85e0e,2026-07-05T22:07:27.832607+00:00,29,4,21.66,Best Buy,Richfield,MN,5732,Chip Transaction,0
e3311cb5-0d51-475c-979d-262df8315a06,2026-06-18T16:49:27.832607+00:00,119,2,25.89,Netflix,Los Gatos,CA,4899,Online Transaction,0
d8241590-75de-4338-96dd-e2b749b754dd,2026-07-02T22:11:27.832607+00:00,152,1,5.7,McDonald's,Chicago,IL,5814,Online Transaction,0
a4e8b3a7-d768-40cb-9910-18e867de47e6,2026-08-12T19:23:27.832607+00:00,237,2,30.64,Delta Airlines,Atlanta,GA,4511,Swipe Transaction,0
4fb5f68f-efa7-4a35-92ba-d7b552b24d72,2026-07-27T07:21:27.832607+00:00,141,4,31.19,Walmart,Bentonville,AR,5411,Chip Transaction,0
d5ea0ea9-3a56-4c41-9259-ef98732dc338,2026-07-12T08:45:27.832607+00:00,73,2,26.14,Uber,San Francisco,CA,4121,Online Transaction,0
1da6fd5e-93e6-45b7-8c17-8c0a40f9a775,2026-07-11T13:25:27.832607+00:00,39,0,100.11,Target,Minneapolis,MN,5411,Swipe Transaction,0
deacd16c-afee-4230-942a-93fd08e83adf,2026-07-02T21:29:27.832607+00:00,249,3,15.15,Amazon,Seattle,WA,5942,Chip Transaction,0
e4fbd2b3-f17e-4652-81db-4efc02b38d39,2026-08-07T11:08:27.832607+00:00,3,2,7.28,Costco,Issaquah,WA,5411,Chip Transaction,0
c99169be-8b40-4d23-9e2c-59c66e4b9d1f,2026-07-06T22:30:27.832607+00:00,17,2,20.76,Target,Minneapolis,MN,5411,Chip Transaction,0
f8d2edef-05fd-497e-89bb-b65019a05d3f,2026-07-01T22:13:27.832607+00:00,113,1,19.26,Walmart,Bentonville,AR,5411,Chip Transaction,0
3310867e-0ca0-4d86-931d-8689f3d66fb3,2026-06-20T00:24:27.832607+00:00,89,4,24.41,Netflix,Los Gatos,CA,4899,Chip Transaction,0
56a21514-7e89-4d5b-b578-3410a0b33de1,2026-07-07T17:53:27.832607+00:00,63,4,11.36,Uber,San Francisco,CA,4121,Chip Transaction,0
cf63bbf4-d3c7-4213-b985-ce29df2e64aa,2026-07-18T02:08:27.832607+00:00,188,2,7.04,Best Buy,Richfield,MN,5732,Online Transaction,0
3bade3c0-b3fb-4a4f-adc8-1b82f401d0c8,2026-07-28T08:07:27.832607+00:00,118,0,115.5,CVS Pharmacy,Woonsocket,RI,5912,Chip Transaction,0
fb901593-d7d1-4e7b-8dd1-3845a07c53ff,2026-06-25T16:09:27.832607+00:00,191,2,38.56,Walmart,Bentonville,AR,5411,Chip Transaction,0
b7b16e69-167c-441e-9859-f7b7e77dac02,2026-07-10T23:16:27.832607+00:00,50,2,2.5,Netflix,Los Gatos,CA,4899,Swipe Transaction,0
a069ae74-5b8c-4fb0-a7de-4de207846f87,2026-06-22T12:33:27.832607+00:00,2,2,39.95,McDonald's,Chicago,IL,5814,Chip Transaction,0
60ed3189-3ba9-4690-b1a8-b0cb62e6893d,2026-07-05T03:15:27.832607+00:00,23,4,175.15,Target,Minneapolis,MN,5411,Online Transaction,0
3446e367-2e2f-42d3-ac17-19501ea806cf,2026-07-23T15:28:27.832607+00:00,7,4,41.45,Amazon,Seattle,WA,5942,Chip Transaction,0
b5d5b2b8-684a-4f37-a2ce-acedb27332ec,2026-07-15T00:59:27.832607+00:00,55,1,3.76,Starbucks,Seattle,WA,5814,Swipe Transaction,0
5aba549b-7d84-49b5-8c83-c815c673b6b0,2026-07-28T15:41:27.832607+00:00,144,1,20.12,Costco,Issaquah,WA,5411,Chip Transaction,0
841be908-0354-47a9-bb5d-de399f8154bb,2026-07-18T11:23:27.832607+00:00,152,1,76.1,Target,Minneapolis,MN,5411,Swipe Transaction,0
9479ac05-835b-4805-8c09-4b26c3020c2e,2026-07-24T06:55:27.832607+00:00,58,4,135.5,Apple Store,Cupertino,CA,5732,Swipe Transaction,0
01fe2760-8d86-479e-9805-bca13b6207cc,2026-07-17T00:28:27.832607+00:00,25,2,4.11,Amazon,Seattle,WA,5942,Chip Transaction,0
f5a7e5fe-b7b4-41c8-83a1-e2cd3308df81,2026-08-16T18:52:27.832607+00:00,72,2,3.28,Best Buy,Richfield,MN,5732,Chip Transaction,0
1433f669-8f42-471e-b4f6-19700ffe68a0,2026-08-04T05:02:27.832607+00:00,39,4,24.32,Shell,Houston,TX,5541,Swipe Transaction,0
cfabf487-620b-43a3-92ac-84e586c19457,2026-08-15T23:18:27.832607+00:00,216,2,16.72,Apple Store,Cupertino,CA,5732,Chip Transaction,0
cefd50fa-3048-4b03-bc39-9fa5d305696f,2026-07-16T15:50:27.832607+00:00,18,1,13.05,Netflix,Los Gatos,CA,4899,Swipe Transaction,0
e8098b8d-ed37-4314-93cd-7da5f0ac2f76,2026-06-27T15:14:27.832607+00:00,173,1,19.49,Walmart,Bentonville,AR,5411,Chip Transaction,0
086f868d-a6b4-4b01-9c0d-c9b3724c378c,2026-07-31T00:32:27.832607+00:00,120,1,13.21,Netflix,Los Gatos,CA,4899,Chip Transaction,0
91f1faf0-a9b8-46b5-8cb6-4407b97b4146,2026-07-29T06:03:27.832607+00:00,245,3,82.2,Netflix,Los Gatos,CA,4899,Online Transaction,0
d03e9504-8439-498a-b6cf-1f2b0f8ca792,2026-07-11T05:24:27.832607+00:00,54,4,15.59,Delta Airlines,Atlanta,GA,4511,Chip Transaction,0
fcbd7939-95c1-4ca0-8b0c-4bd76113515f,2026-07-14T21:26:27.832607+00:00,160,4,48.96,Netflix,Los Gatos,CA,4899,Chip Transaction,0
524c13d4-6726-4881-a69d-3e7bca47aaaf,2026-07-20T02:33:27.832607+00:00,14,1,69.2,Shell,Houston,TX,5541,Chip Transaction,0
7b235503-70db-47a3-bb8c-f92df538f865,2026-07-02T15:30:27.832607+00:00,94,4,36.74,McDonald's,Chicago,IL,5814,Swipe Transaction,0
570b22d5-7b25-42ae-b091-bd3a5b393f19,2026-08-01T14:20:27.832607+00:00,238,3,6.7,Netflix,Los Gatos,CA,4899,Chip Transaction,0
442c22ce-19fb-4f31-8c5e-d74fb0d9413c,2026-08-02T05:51:27.832607+00:00,170,2,275.43,CryptoExchange OU,Tallinn,FOREIGN,6051,Online Transaction,1
cd1a2e7e-a33f-40f4-95aa-e559b656baed,2026-06-20T01:31:27.832607+00:00,81,4,40.16,CVS Pharmacy,Woonsocket,RI,5912,Chip Transaction,0
17f63e74-a1f9-47b5-a37f-0af373a237c1,2026-07-03T14:08:27.832607+00:00,139,2,30.32,Starbucks,Seattle,WA,5814,Swipe Transaction,0
ef2fd61c-c230-4089-a295-438e7b8550d9,2026-06-23T08:28:27.832607+00:00,151,4,41.21,Shell,Houston,TX,5541,Chip Transaction,0
7593f45f-4d01-4d75-9f97-18dc64864a19,2026-07-19T03:03:27.832607+00:00,54,1,100.08,Amazon,Seattle,WA,5942,Online Transaction,0
f5648ed8-5348-4ebc-ba74-37e91b4086e3,2026-07-09T20:20:27.832607+00:00,250,4,17.12,Netflix,Los Gatos,CA,4899,Swipe Transaction,0
8a0ec47b-e783-4bdc-8d34-21da2db4a4e7,2026-07-24T09:10:27.832607+00:00,181,4,12.48,Walmart,Bentonville,AR,5411,Chip Transaction,0
a1109faf-4898-4c0a-b4fe-6b185f0f11bc,2026-06-18T13:13:27.832607+00:00,239,2,63.1,Costco,Issaquah,WA,5411,Chip Transaction,0
f617a9a0-61dc-431b-bae4-5e828ce51d80,2026-07-27T01:08:27.832607+00:00,190,1,35.78,Amazon,Seattle,WA,5942,Chip Transaction,0
58ba2c3c-7b36-4d12-8762-dcc7b92989d0,2026-08-04T06:51:27.832607+00:00,241,3,33.17,Costco,Issaquah,WA,5411,Online Transaction,0
c6c3fe35-f93b-43a1-8d7b-8406995fd874,2026-07-20T11:25:27.832607+00:00,126,0,18.3,Whole Foods,Austin,TX,5411,Chip Transaction,0
f0cca445-e210-44f2-885f-847406c982ce,2026-07-01T01:38:27.832607+00:00,124,0,9.39,Home Depot,Atlanta,GA,5200,Chip Transaction,0
19277526-c68d-4252-b269-a1f869071cb2,2026-07-17T18:38:27.832607+00:00,179,0,14.45,Costco,Issaquah,WA,5411,Chip Transaction,0
a24346dd-2507-4b40-bd90-3eae9bc560d1,2026-07-29T14:24:27.832607+00:00,192,4,29.52,Shell,Houston,TX,5541,Chip Transaction,0
2820d1a8-f43d-4fba-a56c-5b5aa8141cd4,2026-06-23T05:37:27.832607+00:00,84,4,80.53,Costco,Issaquah,WA,5411,Swipe Transaction,0
14312712-01e4-42aa-8c0e-7b7e6ef7f5ca,2026-07-08T19:21:27.832607+00:00,227,4,5.04,Best Buy,Richfield,MN,5732,Chip Transaction,0
306b03b1-da44-4f94-be97-d2efb6d1fa13,2026-07-25T19:43:27.832607+00:00,102,0,241.17,Costco,Issaquah,WA,5411,Chip Transaction,0
c662fa8d-014f-4deb-a6d4-896653adb9c8,2026-08-12T04:25:27.832607+00:00,103,1,28.02,Amazon,Seattle,WA,5942,Chip Transaction,0
6ff61142-278a-4a44-a9bc-c4db19367b82,2026-08-16T02:58:27.832607+00:00,130,3,17.72,Uber,San Francisco,CA,4121,Chip Transaction,0
7867882a-22ae-4649-b3d1-3f15aa72a97a,2026-07-22T12:20:27.832607+00:00,127,2,8.14,McDonald's,Chicago,IL,5814,Chip Transaction,0
cd3541ad-fee8-467d-8459-002f93ddfbfc,2026-08-07T16:59:27.832607+00:00,14,3,12.61,Target,Minneapolis,MN,5411,Chip Transaction,0
1f214d53-2338-446b-b75d-4fac072d7bc5,2026-06-30T02:57:27.832607+00:00,34,2,52.31,Home Depot,Atlanta,GA,5200,Chip Transaction,0
138f06ca-ad3f-432b-8498-c5bb9e31db5b,2026-08-11T13:34:27.832607+00:00,45,2,19.23,Netflix,Los Gatos,CA,4899,Chip Transaction,0
534ef0eb-e13d-4dc4-ad82-a8079382c682,2026-07-20T06:15:27.832607+00:00,2,1,25.76,CVS Pharmacy,Woonsocket,RI,5912,Online Transaction,0
ea94fa2d-8926-48b4-bc40-834ff89e7e1b,2026-07-29T10:30:27.832607+00:00,12,4,4.24,Netflix,Los Gatos,CA,4899,Chip Transaction,0
ab7acf9f-1c7b-4f60-8b30-0315ed783730,2026-07-20T15:31:27.832607+00:00,16,1,12.45,Shell,Houston,TX,5541,Swipe Transaction,0
fd029b01-52b9-4ff9-9421-3ff0789e598d,2026-08-12T16:22:27.832607+00:00,58,0,53.38,Uber,San Francisco,CA,4121,Swipe Transaction,0
e7fe2b66-d7e4-445a-a52d-0d5e2c35d63c,2026-06-22T09:24:27.832607+00:00,4,4,39.8,Shell,Houston,TX,5541,Swipe Transaction,0
d8d9741c-6255-4391-bbab-b14d24d2633f,2026-07-08T08:41:27.832607+00:00,236,4,37.0,Costco,Issaquah,WA,5411,Online Transaction,0
dbd12098-a7c5-4fdf-9ce5-d8ad77a5a77b,2026-07-03T11:20:27.832607+00:00,54,2,18.22,Shell,Houston,TX,5541,Chip Transaction,0
e2600633-3347-4f72-a0f0-9fe7d5592cb5,2026-07-12T08:51:27.832607+00:00,53,2,8.15,Home Depot,Atlanta,GA,5200,Chip Transaction,0
b089d1a3-152e-4fde-a0cf-277d5bceea39,2026-07-13T10:11:27.832607+00:00,147,2,13.04,Apple Store,Cupertino,CA,5732,Online Transaction,0
51bc75c2-1192-4555-bad3-7dbb9cd892c1,2026-07-02T10:41:27.832607+00:00,150,4,34.78,Starbucks,Seattle,WA,5814,Online Transaction,0
97ecb8c7-83e4-46da-98bc-900e7281e43f,2026-08-12T16:31:27.832607+00:00,220,0,15.63,Netflix,Los Gatos,CA,4899,Online Transaction,0
9cd98189-60ba-4258-b63c-26fde66c1634,2026-07-26T13:35:27.832607+00:00,86,4,120.26,Uber,San Francisco,CA,4121,Swipe Transaction,0
5ceb4760-88ea-4770-af6a-88899cf9b68d,2026-07-22T06:41:27.832607+00:00,191,3,18.13,Costco,Issaquah,WA,5411,Chip Transaction,0
0e506c80-aa8b-413e-9486-4478a481b59a,2026-07-05T22:38:27.832607+00:00,243,0,21.05,Home Depot,Atlanta,GA,5200,Chip Transaction,0
804d9fe4-9cf5-4d9c-a7c1-f3ae809dfe96,2026-06-18T01:26:27.832607+00:00,194,1,37.66,Home Depot,Atlanta,GA,5200,Chip Transaction,0
289be27b-2dc0-46ff-bae3-e4b9c4fdc86f,2026-06-22T14:31:27.832607+00:00,241,2,25.82,McDonald's,Chicago,IL,5814,Chip Transaction,0
f6d725c2-2864-425b-bbd1-5b1a15cbe1c1,2026-08-07T03:33:27.832607+00:00,229,3,4.54,Target,Minneapolis,MN,5411,Chip Transaction,0
a822d888-8ea2-4520-9c18-ad0e1387552b,2026-08-13T23:09:27.832607+00:00,72,1,42.58,Uber,San Francisco,CA,4121,Swipe Transaction,0
1e54a3ff-949b-4d25-97d3-5e599c585809,2026-07-05T23:55:27.832607+00:00,114,1,12.65,Apple Store,Cupertino,CA,5732,Chip Transaction,0
e47a127a-cb72-43ce-805f-987899f05cab,2026-08-16T13:43:27.832607+00:00,235,0,48.15,Target,Minneapolis,MN,5411,Online Transaction,0
be3e36d1-6f08-4546-9e4d-fd79fbeb5c27,2026-07-13T23:32:27.832607+00:00,120,4,37.7,CVS Pharmacy,Woonsocket,RI,5912,Swipe Transaction,0
1ab9fca1-27b4-4987-88d9-6700678713c8,2026-07-02T05:28:27.832607+00:00,88,4,10.16,CVS Pharmacy,Woonsocket,RI,5912,Chip Transaction,0
d1203fa4-8491-49d9-83b6-54e617d772c0,2026-07-19T08:41:27.832607+00:00,40,1,28.45,Home Depot,Atlanta,GA,5200,Chip Transaction,0
3a67e35c-71c1-429b-94aa-a9977870c6b6,2026-08-04T15:29:27.832607+00:00,129,4,10.79,Target,Minneapolis,MN,5411,Chip Transaction,0
8156c9af-a882-4fe3-9d5a-9ea32a842e9f,2026-08-14T08:14:27.832607+00:00,15,0,9.39,Whole Foods,Austin,TX,5411,Online Transaction,0
ff84af47-c8a2-454c-af62-2c02197d9abe,2026-07-08T19:17:27.832607+00:00,142,2,35.06,Shell,Houston,TX,5541,Swipe Transaction,0
6be0542a-7b76-44f1-ac1c-fca686fb90b7,2026-07-05T09:08:27.832607+00:00,114,3,16.96,Best Buy,Richfield,MN,5732,Swipe Transaction,0
8c77aeb3-0100-46b5-aa37-e80ad9b54781,2026-07-02T14:45:27.832607+00:00,222,4,28.68,Starbucks,Seattle,WA,5814,Online Transaction,0
85304956-081d-42be-809c-9e558dcfea30,2026-06-28T13:47:27.832607+00:00,17,2,202.23,Amazon,Seattle,WA,5942,Chip Transaction,0
08887144-5e0d-4c1d-a958-c1f1c1faec34,2026-06-24T17:10:27.832607+00:00,131,4,35.09,Apple Store,Cupertino,CA,5732,Chip Transaction,0
f1cbdb5c-34a4-447b-b69f-104d84ce4da3,2026-06-20T17:03:27.832607+00:00,132,3,46.47,Netflix,Los Gatos,CA,4899,Chip Transaction,0
a4450322-61a6-4ccb-8a0c-32d5e269ddaa,2026-07-10T09:16:27.832607+00:00,152,3,39.47,Amazon,Seattle,WA,5942,Chip Transaction,0
db9f0f53-3ca8-4bfb-b3b1-bcfde488e529,2026-08-06T21:32:27.832607+00:00,218,2,45.23,Whole Foods,Austin,TX,5411,Chip Transaction,0
b19120ec-1248-4f49-87b1-77669fdb8930,2026-08-08T18:27:27.832607+00:00,203,4,26.72,CVS Pharmacy,Woonsocket,RI,5912,Swipe Transaction,0
030545c8-b740-4818-b74a-538eefce6c09,2026-06-30T04:40:27.832607+00:00,35,0,67.47,Costco,Issaquah,WA,5411,Chip Transaction,0
0b85b0cc-b9c6-4ada-9fa7-e9a5757961b5,2026-06-18T17:43:27.832607+00:00,248,4,69.97,Amazon,Seattle,WA,5942,Swipe Transaction,0
7fe6042c-e294-491d-b01a-51ba4cb7b327,2026-08-13T11:06:27.832607+00:00,38,4,22.63,Amazon,Seattle,WA,5942,Chip Transaction,0
771407fa-ee84-44ce-ac3f-3cc7f7684aa7,2026-06-27T07:06:27.832607+00:00,181,4,30.39,Home Depot,Atlanta,GA,5200,Chip Transaction,0
eab0f729-0b18-4a1e-9353-59e9b1d2b1f2,2026-07-08T01:16:27.832607+00:00,84,3,13.72,Best Buy,Richfield,MN,5732,Chip Transaction,0
479dab6b-d36e-451b-8cef-409bad1c74f3,2026-07-01T06:47:27.832607+00:00,250,1,27.28,Costco,Issaquah,WA,5411,Chip Transaction,0
bc1a6e24-d16f-4e18-a2db-4b6ec4479023,2026-07-17T00:05:27.832607+00:00,26,1,5.67,Apple Store,Cupertino,CA,5732,Chip Transaction,0
91d78624-8325-4ea1-b6a0-5d8f8f1f22d1,2026-06-17T21:18:27.832607+00:00,175,2,9.77,Starbucks,Seattle,WA,5814,Swipe Transaction,0
4c2c5d4e-7ba3-4220-bf6f-61c37a98535e,2026-07-07T18:01:27.832607+00:00,159,4,13.23,Amazon,Seattle,WA,5942,Chip Transaction,0
f8c49602-6663-4778-b094-525717c58973,2026-07-27T12:47:27.832607+00:00,131,4,48.2,Delta Airlines,Atlanta,GA,4511,Chip Transaction,0
5e14e356-ec6b-40b3-b637-7eadd481a267,2026-07-28T18:04:27.832607+00:00,14,0,16.1,Walmart,Bentonville,AR,5411,Chip Transaction,0
d8378a43-74a5-4a0d-a25a-d46d89f38513,2026-08-02T22:16:27.832607+00:00,84,3,9.0,McDonald's,Chicago,IL,5814,Chip Transaction,0
630233d5-e063-408b-b7f8-221b79422819,2026-06-29T05:01:27.832607+00:00,14,1,71.0,Delta Airlines,Atlanta,GA,4511,Chip Transaction,0
f417d7c5-28f1-4665-8d8d-848cca044595,2026-07-26T16:05:27.832607+00:00,132,2,86.62,Shell,Houston,TX,5541,Chip Transaction,0
e3a1a629-4fe6-4206-8c70-b12309fdd968,2026-07-23T19:45:27.832607+00:00,60,3,28.87,Apple Store,Cupertino,CA,5732,Online Transaction,0
2954db2b-dd53-45be-b691-ac722fc6699d,2026-07-08T21:46:27.832607+00:00,157,2,6.68,Costco,Issaquah,WA,5411,Online Transaction,0
60a128b1-b73d-4024-abe9-cf53b75de075,2026-07-04T03:06:27.832607+00:00,150,3,24.82,Apple Store,Cupertino,CA,5732,Chip Transaction,0
8c6aa00a-ae57-4332-b8b8-c2d926ac8cff,2026-07-14T11:30:27.832607+00:00,131,3,53.24,Whole Foods,Austin,TX,5411,Chip Transaction,0
a96d507d-c602-40d5-886f-8bcf0e003df3,2026-06-26T20:47:27.832607+00:00,85,4,35.76,Starbucks,Seattle,WA,5814,Online Transaction,0
c0ccd28e-6f66-43f9-a3e1-ebf3b8c169d7,2026-07-14T06:37:27.832607+00:00,59,1,17.09,McDonald's,Chicago,IL,5814,Online Transaction,0
94f25472-526f-4a76-a840-abf63a136a1e,2026-07-20T11:37:27.832607+00:00,161,2,82.51,Costco,Issaquah,WA,5411,Chip Transaction,0
67bad963-db30-4dca-9eda-58db903ba9d8,2026-06-28T20:53:27.832607+00:00,99,3,22.99,Netflix,Los Gatos,CA,4899,Chip Transaction,0
7bc923e6-881a-40e8-92e3-4ba238c0978d,2026-07-24T14:58:27.832607+00:00,236,3,31.35,Delta Airlines,Atlanta,GA,4511,Swipe Transaction,0
7caae2a1-fe44-4782-a379-cf2a2d06c2f3,2026-07-23T10:17:27.832607+00:00,145,4,8.49,Whole Foods,Austin,TX,5411,Chip Transaction,0
32456d72-5019-4bc6-bb36-66e6e91f16d2,2026-08-10T06:18:27.832607+00:00,123,3,46.27,Shell,Houston,TX,5541,Chip Transaction,0
416df959-c87b-4b66-9695-8c51367e2b4d,2026-08-11T11:12:27.832607+00:00,116,2,45.38,Shell,Houston,TX,5541,Chip Transaction,0
6a0748f0-09cf-462a-b396-f18f6b25f8e1,2026-08-14T10:44:27.832607+00:00,104,2,40.55,Target,Minneapolis,MN,5411,Chip Transaction,0
888a4863-e064-4079-8025-2f281956b114,2026-06-19T19:47:27.832607+00:00,99,1,60.66,Starbucks,Seattle,WA,5814,Swipe Transaction,0
059c91fe-705c-4a3d-8d3e-0e0dbaab267e,2026-08-06T04:30:27.832607+00:00,192,3,19.34,Starbucks,Seattle,WA,5814,Chip Transaction,0
05c66a51-f81e-4145-9b51-f50c2074dae7,2026-07-09T23:31:27.832607+00:00,35,1,3.99,Walmart,Bentonville,AR,5411,Online Transaction,0
dd208f44-7d66-4614-ac4a-88ae87336e02,2026-08-04T15:13:27.832607+00:00,231,1,10.3,Starbucks,Seattle,WA,5814,Chip Transaction,0
bce37494-0997-431c-b690-b8ee7dae3e53,2026-07-07T22:57:27.832607+00:00,190,0,11.65,Home Depot,Atlanta,GA,5200,Chip Transaction,0
97dfeae7-4893-4f3c-80d5-e57a1f464bac,2026-08-08T06:17:27.832607+00:00,71,3,31.89,Apple Store,Cupertino,CA,5732,Swipe Transaction,0
fec7b16a-f9a6-48bf-a846-5f4943729600,2026-08-05T20:22:27.832607+00:00,90,0,30.83,Amazon,Seattle,WA,5942,Swipe Transaction,0
b4fadfe1-5ca1-453c-a919-bc94a812bcc2,2026-07-06T02:49:27.832607+00:00,223,3,74.7,Netflix,Los Gatos,CA,4899,Chip Transaction,0
f12d9ac3-cfd6-41d6-813c-fabe8ade1247,2026-08-12T00:22:27.832607+00:00,18,4,5.07,Netflix,Los Gatos,CA,4899,Chip Transaction,0
938b701c-b9cd-4b73-9e9d-567d04a2faee,2026-06-24T14:11:27.832607+00:00,163,2,67.77,Uber,San Francisco,CA,4121,Online Transaction,0
3c70e8f7-0bee-45a3-90e8-42a23eb7b12e,2026-07-15T09:26:27.832607+00:00,218,2,37.28,Target,Minneapolis,MN,5411,Chip Transaction,0
56c2ea48-dde6-4ea9-9195-b7f8ae245e70,2026-08-08T08:42:27.832607+00:00,206,2,26.41,Amazon,Seattle,WA,5942,Chip Transaction,0
e606bc01-102c-424e-a6b2-f1e55d512767,2026-07-16T13:16:27.832607+00:00,175,2,44.56,Delta Airlines,Atlanta,GA,4511,Chip Transaction,0
acad34e5-69a0-42db-a170-a831cdc05a27,2026-06-27T19:08:27.832607+00:00,65,2,23.02,Target,Minneapolis,MN,5411,Chip Transaction,0
e89eaab2-013f-4ce6-ae82-ee4bca6421bb,2026-07-22T16:15:27.832607+00:00,149,1,39.75,Delta Airlines,Atlanta,GA,4511,Chip Transaction,0
ceffaaee-beac-4654-a6ff-523e6da8f7f9,2026-08-03T06:04:27.832607+00:00,133,3,4.52,Walmart,Bentonville,AR,5411,Chip Transaction,0
a7818b0f-28ed-49bc-8d75-6d46e38149df,2026-06-24T03:03:27.832607+00:00,112,3,17.06,Starbucks,Seattle,WA,5814,Chip Transaction,0
ff9ec675-0ad9-470b-ab91-0a35fc685b24,2026-08-08T04:09:27.832607+00:00,16,0,117.42,Amazon,Seattle,WA,5942,Chip Transaction,0
c7dafd4f-a0bf-412d-b8d0-dfadacd312a5,2026-06-29T00:26:27.832607+00:00,24,0,10.96,Starbucks,Seattle,WA,5814,Chip Transaction,0
ab9b3f58-de16-4f53-bbf9-1a40dffb1b9a,2026-07-25T00:39:27.832607+00:00,205,0,26.18,Apple Store,Cupertino,CA,5732,Chip Transaction,0
22b75d51-9ed7-4cd7-b84d-b4b05257ab4c,2026-07-03T13:44:27.832607+00:00,104,4,26.67,Walmart,Bentonville,AR,5411,Swipe Transaction,0
2440aa3b-fc77-494a-9871-4ea5c200ef29,2026-07-18T15:56:27.832607+00:00,165,4,15.2,Target,Minneapolis,MN,5411,Chip Transaction,0
a275a92a-e521-4b7a-9211-881c20ffe1c3,2026-06-18T11:30:27.832607+00:00,19,2,33.78,Target,Minneapolis,MN,5411,Online Transaction,0
cf1f1940-79f4-47ad-976f-c3f036fef7aa,2026-07-23T20:01:27.832607+00:00,50,0,11.16,Delta Airlines,Atlanta,GA,4511,Chip Transaction,0
dbbaf25c-e1b9-4f0a-9c96-59d4139fa47a,2026-07-30T22:59:27.832607+00:00,173,2,38.26,Netflix,Los Gatos,CA,4899,Swipe Transaction,0
dd237ae4-6860-4bcf-b894-bf7c9b7d2560,2026-08-04T05:28:27.832607+00:00,104,3,10.19,Delta Airlines,Atlanta,GA,4511,Chip Transaction,0
caed3425-1d14-4a45-b7ce-366196089ad3,2026-07-04T01:43:27.832607+00:00,37,0,9.36,Uber,San Francisco,CA,4121,Swipe Transaction,0
8dbcdd6a-e6c6-4136-8ff8-e51fb459f0db,2026-08-08T02:39:27.832607+00:00,133,1,21.0,Netflix,Los Gatos,CA,4899,Online Transaction,0
ea7a3d6f-b1bc-4d47-8af1-368a4603f46d,2026-08-05T01:57:27.832607+00:00,48,1,2.92,Target,Minneapolis,MN,5411,Swipe Transaction,0
be103b02-1798-4c40-91b7-3302fa59cb76,2026-08-12T12:04:27.832607+00:00,158,0,31.96,Target,Minneapolis,MN,5411,Swipe Transaction,0
65420d82-7a38-4f74-a71c-4f498a3f77d1,2026-08-09T22:10:27.832607+00:00,26,1,14.25,Starbucks,Seattle,WA,5814,Chip Transaction,0
1e11fb09-fc19-446a-88b8-d96c49e4473a,2026-07-27T01:28:27.832607+00:00,204,1,11.12,Uber,San Francisco,CA,4121,Online Transaction,0
ba2aff2c-7e58-4df2-9cd8-e7bdea287e5d,2026-08-02T09:18:27.832607+00:00,73,2,2.55,Best Buy,Richfield,MN,5732,Chip Transaction,0
a60d3609-bfe0-4caa-9c28-ea61f1be2d08,2026-08-05T07:23:27.832607+00:00,157,3,24.56,Target,Minneapolis,MN,5411,Online Transaction,0
4da4a90f-edff-4b3d-85a9-c92f5135450b,2026-07-08T19:45:27.832607+00:00,69,1,11.62,Target,Minneapolis,MN,5411,Chip Transaction,0
415a6a91-bca2-4b29-8e70-e67965b50b50,2026-08-11T20:05:27.832607+00:00,163,3,61.86,Best Buy,Richfield,MN,5732,Swipe Transaction,0
4309bae7-b858-4ea8-9e93-529a2e9739f0,2026-06-20T21:36:27.832607+00:00,161,2,7.57,Costco,Issaquah,WA,5411,Swipe Transaction,0
cc6ff987-bdef-4d78-bfe9-349774d2af44,2026-07-31T15:44:27.832607+00:00,86,1,12.24,Costco,Issaquah,WA,5411,Swipe Transaction,0
e4b5be42-ea54-47fc-986a-482b220a5450,2026-07-12T21:04:27.832607+00:00,69,3,18.2,Netflix,Los Gatos,CA,4899,Online Transaction,0
25ceedfe-1c6c-4982-b49e-b22c78d0c366,2026-07-12T07:00:27.832607+00:00,77,0,25.64,Uber,San Francisco,CA,4121,Chip Transaction,0
435922b1-3db6-4e31-808f-f5d78a06bae9,2026-07-23T12:46:27.832607+00:00,95,1,11.85,Uber,San Francisco,CA,4121,Swipe Transaction,0
e60cf9fb-4f1d-4136-8e4f-9ce8fbe6dd0a,2026-07-21T12:50:27.832607+00:00,60,2,50.52,CVS Pharmacy,Woonsocket,RI,5912,Chip Transaction,0
0ec15c54-bc5c-48ad-951a-74f2d8f2b212,2026-07-28T19:57:27.832607+00:00,142,2,5.1,Delta Airlines,Atlanta,GA,4511,Swipe Transaction,0
de872bba-414e-44b2-9e0f-7d9bce2da904,2026-07-25T01:22:27.832607+00:00,127,4,179.36,Starbucks,Seattle,WA,5814,Online Transaction,0
8ef7a587-d24e-4bf4-abdc-4b3392f3c073,2026-08-03T01:52:27.832607+00:00,166,3,23.43,Uber,San Francisco,CA,4121,Chip Transaction,0
0f60a0ad-8c92-4d41-8282-020592af3120,2026-07-29T21:52:27.832607+00:00,169,2,65.69,Home Depot,Atlanta,GA,5200,Chip Transaction,0
af21f265-e406-40ac-9f53-0a9516c82a03,2026-07-10T09:42:27.832607+00:00,106,0,40.87,Home Depot,Atlanta,GA,5200,Swipe Transaction,0
4881e106-9ab2-47ac-a11f-c08a767c307d,2026-07-11T23:59:27.832607+00:00,158,4,13.54,Target,Minneapolis,MN,5411,Swipe Transaction,0
be63e1da-8933-4ad8-a11e-d1451267bb3b,2026-06-28T01:35:27.832607+00:00,243,4,20.03,Walmart,Bentonville,AR,5411,Chip Transaction,0
8c3a843b-28cd-4ada-8c8e-7f884c64ae3b,2026-08-09T05:11:27.832607+00:00,23,0,86.76,Whole Foods,Austin,TX,5411,Swipe Transaction,0
31fbe650-475d-4879-a328-0efad7553110,2026-07-25T12:17:27.832607+00:00,43,0,610.14,QuickCash ATM,Unknown,NV,6011,Online Transaction,1
e39e75d2-7d61-4a93-ba70-7af05286fc30,2026-08-08T02:43:27.832607+00:00,183,0,19.54,Best Buy,Richfield,MN,5732,Swipe Transaction,0
3ca676b7-d7f8-45c9-b92b-1ab5e086d362,2026-06-27T04:42:27.832607+00:00,32,2,56.84,Netflix,Los Gatos,CA,4899,Chip Transaction,0
88cbb81c-e5c9-4106-b0a1-8017ece1eb30,2026-07-11T13:12:27.832607+00:00,48,2,165.4,Best Buy,Richfield,MN,5732,Chip Transaction,0
e04973a4-0977-48dd-9542-aba08457adc1,2026-06-19T07:43:27.832607+00:00,89,3,34.31,Target,Minneapolis,MN,5411,Swipe Transaction,0
56643224-6d3b-4532-9a3c-5f0b7a303615,2026-07-29T03:05:27.832607+00:00,150,4,32.45,Starbucks,Seattle,WA,5814,Swipe Transaction,0
f890439e-5a0c-40ef-95e9-41f10eb1f290,2026-06-20T09:34:27.832607+00:00,171,0,2.25,Amazon,Seattle,WA,5942,Chip Transaction,0
29ff129b-18fc-4ecd-a2e2-24b55700cd57,2026-07-31T06:37:27.832607+00:00,173,0,27.49,Delta Airlines,Atlanta,GA,4511,Chip Transaction,0
142a23b6-bd3e-4db6-89a5-c873fbe4aba2,2026-07-10T07:48:27.832607+00:00,9,0,13.01,Home Depot,Atlanta,GA,5200,Swipe Transaction,0
8d3f2d39-aaad-47e0-aace-828a6847cf4f,2026-07-12T08:00:27.832607+00:00,199,1,68.53,Uber,San Francisco,CA,4121,Chip Transaction,0
90e0e17e-f0db-4b1b-8b90-72793da4d685,2026-06-26T03:02:27.832607+00:00,58,1,42.55,Delta Airlines,Atlanta,GA,4511,Chip Transaction,0
f7836553-36ed-4d7a-b8bf-940b7c18e19c,2026-07-23T00:35:27.832607+00:00,169,1,21.98,Starbucks,Seattle,WA,5814,Online Transaction,0
a377f0c0-36ae-4520-9ff1-1bafeb6afc86,2026-07-22T21:24:27.832607+00:00,177,2,3.55,Walmart,Bentonville,AR,5411,Chip Transaction,0
920743a6-5bbb-4c4b-85de-d708889f87fd,2026-08-08T17:35:27.832607+00:00,19,2,74.65,Walmart,Bentonville,AR,5411,Chip Transaction,0
9f5576be-08dd-4a8c-b384-b810c903cd2f,2026-06-28T05:53:27.832607+00:00,198,0,43.91,Netflix,Los Gatos,CA,4899,Swipe Transaction,0
5fa41b6f-480b-4e5b-9e14-843af78a9932,2026-08-12T11:16:27.832607+00:00,39,4,51.15,McDonald's,Chicago,IL,5814,Online Transaction,0
e358e65b-0db2-42f9-b244-824be85b6a72,2026-06-26T15:50:27.832607+00:00,247,0,17.73,Netflix,Los Gatos,CA,4899,Chip Transaction,0
2a666935-e036-470b-b139-3e4d737bf2fb,2026-06-21T06:54:27.832607+00:00,52,2,17.02,Starbucks,Seattle,WA,5814,Online Transaction,0
94ff60c8-8a4f-4ffd-90c5-95c33ccef347,2026-07-02T02:39:27.832607+00:00,16,1,13.59,Whole Foods,Austin,TX,5411,Online Transaction,0
c2681935-1c58-4e93-8094-db0ced10bd89,2026-07-18T17:45:27.832607+00:00,25,3,6.7,Netflix,Los Gatos,CA,4899,Online Transaction,0
69bf8073-83cf-4cf6-a11b-f7b800adf516,2026-06-23T22:37:27.832607+00:00,124,0,26.35,Whole Foods,Austin,TX,5411,Chip Transaction,0
d07ac4ae-37e3-437a-bece-185e9dbca82d,2026-08-08T22:24:27.832607+00:00,150,2,14.44,Walmart,Bentonville,AR,5411,Swipe Transaction,0
877e8aa7-3edb-4bfd-ab3e-a92438b8e015,2026-08-15T07:43:27.832607+00:00,24,0,28.87,Shell,Houston,TX,5541,Chip Transaction,0
c7dca74f-fefc-447f-9533-0a9ea46c6b56,2026-08-04T17:40:27.832607+00:00,125,0,53.16,Apple Store,Cupertino,CA,5732,Chip Transaction,0
0c901e38-87ed-4c8c-9c3e-6677730c27d8,2026-06-22T11:54:27.832607+00:00,76,3,22.78,Netflix,Los Gatos,CA,4899,Chip Transaction,0
4a0c6e57-1aaf-4e84-959d-808511df0a72,2026-07-30T17:31:27.832607+00:00,164,3,249.52,Starbucks,Seattle,WA,5814,Chip Transaction,0
79fe68df-4349-47d2-b5e5-99eba2878a19,2026-07-20T08:10:27.832607+00:00,74,1,36.3,Walmart,Bentonville,AR,5411,Swipe Transaction,0
8cb5f040-0086-4bd7-85c1-8acde3744c1f,2026-07-25T02:07:27.832607+00:00,61,0,3.66,Walmart,Bentonville,AR,5411,Chip Transaction,0
dd5fdf94-acf9-4b85-b82b-ca4d55cb7c52,2026-07-17T06:13:27.832607+00:00,48,3,16.31,Amazon,Seattle,WA,5942,Online Transaction,0
62fd7176-fd2f-41a9-9cbf-7a08efc1f8ed,2026-08-10T18:02:27.832607+00:00,45,3,51.0,Shell,Houston,TX,5541,Online Transaction,0
362e9318-cead-44b5-ace3-f7aa2bace1e1,2026-07-19T09:50:27.832607+00:00,208,0,10.22,Amazon,Seattle,WA,5942,Chip Transaction,0
d5bbf65e-9245-4e96-a65d-4ee7366ba1b5,2026-07-05T07:59:27.832607+00:00,233,2,37.97,Best Buy,Richfield,MN,5732,Chip Transaction,0
4f692aa3-4876-49fa-9a14-eb2911ae78f7,2026-07-09T00:43:27.832607+00:00,15,0,43.49,Shell,Houston,TX,5541,Swipe Transaction,0
5fae8971-99ab-43f8-921c-4e8d81fddeee,2026-07-14T04:32:27.832607+00:00,241,3,39.26,McDonald's,Chicago,IL,5814,Chip Transaction,0
7c668a5b-cc72-4146-894f-28c0a5df4e81,2026-07-28T20:19:27.832607+00:00,48,3,26.21,CVS Pharmacy,Woonsocket,RI,5912,Online Transaction,0
296bbb88-6801-4edf-9433-157864bdac31,2026-06-19T17:06:27.832607+00:00,93,3,10.06,Apple Store,Cupertino,CA,5732,Swipe Transaction,0
30205935-4a0c-41de-b3d2-bc308c7b63bf,2026-07-14T09:32:27.832607+00:00,22,2,2893.85,OnlineElectronics,Shenzhen,FOREIGN,5732,Online Transaction,1
be1a88e0-b6bc-4b62-adac-818966dc0bba,2026-06-18T06:40:27.832607+00:00,108,1,66.8,Walmart,Bentonville,AR,5411,Online Transaction,0
273e69ce-35f8-41bb-bee6-81c4eb588106,2026-07-24T01:42:27.832607+00:00,2,0,26.66,Delta Airlines,Atlanta,GA,4511,Chip Transaction,0
bd0696c7-2a31-41c7-bd83-75debc7c70b4,2026-06-19T17:03:27.832607+00:00,249,0,17.29,Netflix,Los Gatos,CA,4899,Swipe Transaction,0
69989f1c-a427-4bb6-a379-f30a07780241,2026-07-03T13:47:27.832607+00:00,185,0,6.8,Target,Minneapolis,MN,5411,Chip Transaction,0
3fd1a78f-0266-4dc7-aaa5-30f58f84e93d,2026-08-05T17:16:27.832607+00:00,38,1,32.67,CVS Pharmacy,Woonsocket,RI,5912,Chip Transaction,0
8991323f-a85b-41d6-9c55-75a7ddb1c405,2026-07-31T20:53:27.832607+00:00,156,4,17.87,Shell,Houston,TX,5541,Chip Transaction,0
30f6b3d8-e6da-4a46-b6e5-1e0e79ad3641,2026-06-23T14:17:27.832607+00:00,30,1,41.68,Amazon,Seattle,WA,5942,Swipe Transaction,0
d4195393-4c65-4af8-8efd-261ca680d5ba,2026-07-13T20:16:27.832607+00:00,199,2,19.23,Walmart,Bentonville,AR,5411,Online Transaction,0
3e32cc9e-8566-47f2-81f1-cbbe52587e12,2026-07-30T02:50:27.832607+00:00,237,0,5.75,CVS Pharmacy,Woonsocket,RI,5912,Swipe Transaction,0
12c798cc-7970-4199-9eb6-e783d16f15a6,2026-07-08T01:13:27.832607+00:00,143,0,61.71,McDonald's,Chicago,IL,5814,Online Transaction,0
9695ac80-27af-40bb-a7b3-7d7c5fc0a9f7,2026-06-23T07:04:27.832607+00:00,218,0,15.49,Home Depot,Atlanta,GA,5200,Chip Transaction,0
c2a02484-f248-42a2-9ade-fe62416b1e86,2026-08-14T15:19:27.832607+00:00,85,1,199.29,Walmart,Bentonville,AR,5411,Swipe Transaction,0
37878a15-f06e-4212-bb4c-8935c296476f,2026-07-20T09:00:27.832607+00:00,195,0,47.31,Uber,San Francisco,CA,4121,Swipe Transaction,0
c259f1b8-d93a-4cf2-ba7d-f6b441d5e932,2026-06-18T02:34:27.832607+00:00,227,1,37.69,Apple Store,Cupertino,CA,5732,Chip Transaction,0
5daeffd1-076b-4eb3-aa13-fe08e876791e,2026-06-27T16:21:27.832607+00:00,58,0,47.98,Walmart,Bentonville,AR,5411,Online Transaction,0
06b213be-426f-4261-8e7c-7a6e1e7c35dd,2026-07-12T16:58:27.832607+00:00,248,0,23.56,Uber,San Francisco,CA,4121,Swipe Transaction,0
bc85d3f3-4f66-4f65-a6fa-7ad4b9ea6c5c,2026-07-27T02:31:27.832607+00:00,211,4,87.24,Best Buy,Richfield,MN,5732,Chip Transaction,0
83f0e100-68bc-4059-be96-d0042f0b0361,2026-07-07T07:51:27.832607+00:00,85,4,17.2,Whole Foods,Austin,TX,5411,Chip Transaction,0
4bc5425f-821a-4e18-adfc-aa9d9baf7450,2026-07-18T09:12:27.832607+00:00,179,0,24.11,Whole Foods,Austin,TX,5411,Swipe Transaction,0
8bb42e18-b412-411c-8e77-61c3b9ef80dc,2026-06-28T05:10:27.832607+00:00,155,3,38.28,Target,Minneapolis,MN,5411,Online Transaction,0
549fe389-faac-4232-a76e-7594deffe954,2026-06-26T05:45:27.832607+00:00,97,0,28.61,Delta Airlines,Atlanta,GA,4511,Chip Transaction,0
4d264ed1-7620-4985-bc9d-c627422fb65b,2026-08-12T09:16:27.832607+00:00,96,3,22.62,Netflix,Los Gatos,CA,4899,Swipe Transaction,0
18eeac96-e972-44a4-a401-01bb63f64386,2026-08-12T20:43:27.832607+00:00,108,4,9.59,Uber,San Francisco,CA,4121,Online Transaction,0
a3f93599-0856-4e08-b654-dd92fe07207b,2026-08-10T12:11:27.832607+00:00,6,4,26.93,Whole Foods,Austin,TX,5411,Chip Transaction,0
2fb14a29-d9e1-458e-9a4e-5b76a646bff1,2026-07-22T06:43:27.832607+00:00,218,3,16.35,Delta Airlines,Atlanta,GA,4511,Swipe Transaction,0
59a23edb-c7c9-45e5-a377-35ccdeefe1d1,2026-07-20T21:04:27.832607+00:00,83,0,57.05,Apple Store,Cupertino,CA,5732,Online Transaction,0
ac9f6a5a-2167-455e-b7ed-2b90eb18db0e,2026-06-29T10:04:27.832607+00:00,55,2,15.39,Target,Minneapolis,MN,5411,Chip Transaction,0
3ae7fa76-73d7-46d2-b218-912efc82415e,2026-07-01T04:03:27.832607+00:00,29,2,283.43,CryptoExchange OU,Tallinn,FOREIGN,6051,Swipe Transaction,1
77099e9b-41bb-43d7-b52e-27d7b829a8eb,2026-07-16T16:02:27.832607+00:00,81,3,20.57,Costco,Issaquah,WA,5411,Chip Transaction,0
1e077073-2196-476d-af53-c81bc84a9f15,2026-07-22T03:35:27.832607+00:00,145,3,71.77,Best Buy,Richfield,MN,5732,Online Transaction,0
18dc9ffc-137e-45a5-8d81-4ef6e51712b0,2026-08-15T10:30:27.832607+00:00,55,1,19.77,Target,Minneapolis,MN,5411,Online Transaction,0
514bac7b-b8d2-4fd3-b8d2-fb81cc95bb31,2026-06-17T23:34:27.832607+00:00,239,1,13.13,CVS Pharmacy,Woonsocket,RI,5912,Chip Transaction,0
34bc1230-f6fe-46c8-a241-67a1e1745597,2026-08-09T06:47:27.832607+00:00,213,1,20.43,Home Depot,Atlanta,GA,5200,Chip Transaction,0
5f8c1194-4a7e-4710-81e7-b90508d5c2ef,2026-06-22T17:18:27.832607+00:00,76,1,32.37,Target,Minneapolis,MN,5411,Chip Transaction,0
12a738bf-fbac-404d-b4be-9f0941933e53,2026-06-23T03:55:27.832607+00:00,31,2,11.39,Target,Minneapolis,MN,5411,Chip Transaction,0
fc8c9d3e-2df7-4373-8b90-f938b8f37356,2026-07-25T21:15:27.832607+00:00,214,0,17.01,Whole Foods,Austin,TX,5411,Chip Transaction,0
8626d950-787d-4173-979e-9dc5b0f911b5,2026-07-11T17:37:27.832607+00:00,32,1,178.52,Target,Minneapolis,MN,5411,Online Transaction,0
d8f68dd8-d014-43ac-b987-025e55c860c1,2026-06-24T10:13:27.832607+00:00,2,1,6.11,Amazon,Seattle,WA,5942,Online Transaction,0
6f930b56-da8e-4658-af98-16f256f6e118,2026-08-03T00:48:27.832607+00:00,165,1,32.4,Walmart,Bentonville,AR,5411,Swipe Transaction,0
d93139e7-8049-4554-ab37-352c4a32e716,2026-07-28T12:49:27.832607+00:00,1,0,23.76,Starbucks,Seattle,WA,5814,Swipe Transaction,0
28252271-f11f-4c70-89f1-c667e1fb4a9c,2026-06-18T23:40:27.832607+00:00,48,2,1135.59,AnonymousGiftCards,Panama City,FOREIGN,5947,Online Transaction,1
0d523572-5ca4-469f-9220-30dd41ba1a24,2026-07-13T12:31:27.832607+00:00,95,2,12.6,McDonald's,Chicago,IL,5814,Chip Transaction,0
bc53677a-f30b-4151-b014-4959e2ceec40,2026-06-23T05:05:27.832607+00:00,204,2,43.02,Delta Airlines,Atlanta,GA,4511,Chip Transaction,0
ffcbed48-5d6b-43cf-bc19-49b7fff00b24,2026-07-28T00:41:27.832607+00:00,120,4,8.61,Starbucks,Seattle,WA,5814,Swipe Transaction,0
6eebb086-87ea-4c99-9f51-75e2952429ab,2026-08-09T22:18:27.832607+00:00,114,0,7.24,Netflix,Los Gatos,CA,4899,Online Transaction,0
5834deb3-8d03-4eb6-b488-96f698490a1f,2026-08-06T00:48:27.832607+00:00,27,0,12.12,CVS Pharmacy,Woonsocket,RI,5912,Swipe Transaction,0
df130518-83a8-431f-bcd0-30450c7975e1,2026-07-06T17:09:27.832607+00:00,166,3,16.83,Netflix,Los Gatos,CA,4899,Swipe Transaction,0
1825b426-275e-43f2-9e58-a3d42f078c64,2026-08-10T17:01:27.832607+00:00,166,2,31.86,CVS Pharmacy,Woonsocket,RI,5912,Online Transaction,0
ef437690-1b2d-4b23-8a82-b5a7402a783d,2026-07-04T09:36:27.832607+00:00,40,1,84.31,Netflix,Los Gatos,CA,4899,Swipe Transaction,0
2eb21a07-9cbe-4879-bdb9-baf5a3eddf94,2026-07-25T09:58:27.832607+00:00,114,0,15.63,Walmart,Bentonville,AR,5411,Swipe Transaction,0
9e718c9c-4f6a-42d3-8a0b-600e04d37194,2026-07-12T15:06:27.832607+00:00,39,1,31.73,Apple Store,Cupertino,CA,5732,Chip Transaction,0
f61ba0aa-0be8-4c11-bbb9-487978a8e115,2026-07-03T12:50:27.832607+00:00,210,4,28.29,Uber,San Francisco,CA,4121,Chip Transaction,0
5e611193-f335-4be0-bcec-9ab0926c70e6,2026-07-21T21:42:27.832607+00:00,74,1,5.47,Uber,San Francisco,CA,4121,Chip Transaction,0
8efaec69-4846-46fa-91ae-3fd700d89c7c,2026-06-22T14:44:27.832607+00:00,63,4,2.41,Amazon,Seattle,WA,5942,Swipe Transaction,0
a0e2f268-f1e8-4ab5-a256-77d7865c336c,2026-06-28T20:09:27.832607+00:00,54,1,11.97,Delta Airlines,Atlanta,GA,4511,Swipe Transaction,0
e55745f2-9ac5-422e-9623-a97d26a7c9c4,2026-07-24T03:56:27.832607+00:00,157,1,40.13,Best Buy,Richfield,MN,5732,Chip Transaction,0
90c0a7b1-fa5b-4f70-aab7-121f5ede32d2,2026-08-05T06:08:27.832607+00:00,175,3,4.07,CVS Pharmacy,Woonsocket,RI,5912,Chip Transaction,0
1844d8ae-0234-46c4-8360-b45b3b8d1b16,2026-07-10T05:32:27.832607+00:00,135,1,60.08,Walmart,Bentonville,AR,5411,Chip Transaction,0
5e754beb-99af-4cb3-bd84-70edb80baad2,2026-08-13T01:04:27.832607+00:00,111,3,9.9,CVS Pharmacy,Woonsocket,RI,5912,Chip Transaction,0
3d46b091-f54f-41bf-a060-13b4828e4e1d,2026-07-27T17:51:27.832607+00:00,57,1,12.44,Uber,San Francisco,CA,4121,Online Transaction,0
ef4e14ce-9696-4ab2-ac7f-4ab5c8300328,2026-07-03T06:54:27.832607+00:00,158,3,36.18,Uber,San Francisco,CA,4121,Swipe Transaction,0
007ca982-d9e0-4467-a2a6-2fad4df6fd0c,2026-07-10T09:54:27.832607+00:00,72,4,25.6,Apple Store,Cupertino,CA,5732,Chip Transaction,0
131491b5-4580-4341-bc6c-491f1c12a616,2026-07-21T14:04:27.832607+00:00,81,0,10.53,Costco,Issaquah,WA,5411,Swipe Transaction,0
20640677-2088-4445-ad25-48a40593dc48,2026-07-10T04:21:27.832607+00:00,220,0,20.02,Best Buy,Richfield,MN,5732,Online Transaction,0
00b41727-127b-4358-a6a4-51ee238d65cf,2026-08-03T18:47:27.832607+00:00,190,2,36.48,Amazon,Seattle,WA,5942,Online Transaction,0
1c466372-4553-4e78-afb9-ad315a01dde5,2026-08-14T19:34:27.832607+00:00,222,1,43.69,Best Buy,Richfield,MN,5732,Online Transaction,0
f73ffcbc-5623-4c71-9636-e628d223f174,2026-08-10T03:48:27.832607+00:00,231,0,2.37,Walmart,Bentonville,AR,5411,Swipe Transaction,0
6659d247-ca88-4baf-b52a-84973e41449e,2026-07-30T20:44:27.832607+00:00,220,0,13.04,Starbucks,Seattle,WA,5814,Swipe Transaction,0
42a1dfcb-6aea-481c-afa8-f4a6f25147a2,2026-07-21T16:28:27.832607+00:00,96,0,46.62,Apple Store,Cupertino,CA,5732,Online Transaction,0
0615365b-5fbc-4f74-bca4-9b8ce970cdb3,2026-06-30T11:45:27.832607+00:00,75,3,8.41,McDonald's,Chicago,IL,5814,Chip Transaction,0
89eebe33-257d-488f-9c17-e4fd55ebae10,2026-06-27T05:39:27.832607+00:00,226,1,41.45,Target,Minneapolis,MN,5411,Swipe Transaction,0
859342f3-aac6-406d-a6b6-0144d9fd308a,2026-08-11T16:36:27.832607+00:00,102,3,38.82,Delta Airlines,Atlanta,GA,4511,Swipe Transaction,0
0c4d267b-ee92-4f88-b940-c8aeccf9eb35,2026-07-11T08:54:27.832607+00:00,201,4,45.18,Apple Store,Cupertino,CA,5732,Online Transaction,0
38ae2ee4-9284-4861-940c-a8769dacfe6d,2026-07-08T23:48:27.832607+00:00,216,0,41.87,Walmart,Bentonville,AR,5411,Online Transaction,0
8931c62f-8cfa-4ad6-88e5-e040aac3cb0e,2026-06-30T15:35:27.832607+00:00,247,4,13.68,Whole Foods,Austin,TX,5411,Chip Transaction,0
04bf6a52-f70b-4bb2-821d-692e003b673d,2026-07-29T06:31:27.832607+00:00,131,1,38.03,CVS Pharmacy,Woonsocket,RI,5912,Online Transaction,0
6dc7396b-9180-40c1-8de7-941a6554b510,2026-06-28T14:57:27.832607+00:00,98,0,63.74,Apple Store,Cupertino,CA,5732,Swipe Transaction,0
9c9cc3e6-d14a-42b7-a5f1-dd82290fb46e,2026-07-17T06:06:27.832607+00:00,235,4,30.89,Shell,Houston,TX,5541,Chip Transaction,0
c93f81c1-321e-440b-bccd-8a29512f2fd0,2026-08-04T16:26:27.832607+00:00,14,0,2192.57,LuxuryGoods LLC,Miami,FL,5944,Online Transaction,1
299882a1-51e7-4d60-96be-7dcdc4c3fd35,2026-07-30T16:55:27.832607+00:00,239,1,5.39,Best Buy,Richfield,MN,5732,Online Transaction,0
cdddf7f1-559b-44e2-89db-197277202f4f,2026-07-13T17:42:27.832607+00:00,231,4,17.1,McDonald's,Chicago,IL,5814,Chip Transaction,0
8321d3f2-3856-4f48-8434-724c1d5498ae,2026-06-19T08:04:27.832607+00:00,189,0,57.59,Whole Foods,Austin,TX,5411,Swipe Transaction,0
f725beda-29fe-4df1-99f3-742688e58eeb,2026-07-21T18:44:27.832607+00:00,131,2,13.31,Walmart,Bentonville,AR,5411,Chip Transaction,0
86233dd7-3961-4abf-8538-7848956cc82c,2026-08-09T21:28:27.832607+00:00,71,4,14.17,Costco,Issaquah,WA,5411,Swipe Transaction,0
5b76d828-108e-48bd-a2f7-2fd55c7bd4f2,2026-06-19T00:33:27.832607+00:00,11,4,22.2,Shell,Houston,TX,5541,Chip Transaction,0
25d219df-c3a5-484f-821f-b33f6e0ded31,2026-06-19T14:53:27.832607+00:00,29,3,698.72,OnlineElectronics,Shenzhen,FOREIGN,5732,Online Transaction,1
98c1b14b-62fa-4ae7-ac60-bf62a97cf3c9,2026-07-06T18:22:27.832607+00:00,156,4,90.65,Amazon,Seattle,WA,5942,Chip Transaction,0
7bda5922-99d6-41a2-bb57-8dec1c2c39a1,2026-06-26T22:32:27.832607+00:00,94,4,23.86,Starbucks,Seattle,WA,5814,Chip Transaction,0
1cf46082-5a25-48de-b86f-a35a5c792018,2026-07-12T08:48:27.832607+00:00,147,3,25.7,CVS Pharmacy,Woonsocket,RI,5912,Chip Transaction,0
59350549-4ebd-463e-8c9b-4bb62aedc068,2026-07-12T17:17:27.832607+00:00,41,3,52.49,Best Buy,Richfield,MN,5732,Swipe Transaction,0
1199f686-378a-4492-9f67-aee2fc725480,2026-08-10T19:42:27.832607+00:00,138,1,300.79,Amazon,Seattle,WA,5942,Chip Transaction,0
183ee7b1-0623-4750-97dc-91f96bda3412,2026-07-13T16:07:27.832607+00:00,84,3,31.11,Uber,San Francisco,CA,4121,Chip Transaction,0
b20d9f06-b250-4e23-89cf-dfca527ca5ad,2026-08-03T03:35:27.832607+00:00,168,4,18.64,Starbucks,Seattle,WA,5814,Chip Transaction,0
9b1784e0-f432-4e5c-a3e0-83a8f6c54b34,2026-07-01T10:50:27.832607+00:00,232,3,14.76,Target,Minneapolis,MN,5411,Chip Transaction,0
21674d2c-741f-441c-a4c5-6ec7b8f3df49,2026-07-17T07:01:27.832607+00:00,109,3,45.05,Walmart,Bentonville,AR,5411,Chip Transaction,0
eb1a9d0d-e767-4db6-a1cc-5e86ca2b65fc,2026-06-27T21:55:27.832607+00:00,212,3,48.25,Costco,Issaquah,WA,5411,Chip Transaction,0
d62b8cc2-e894-4dd7-b053-4de31a2350ac,2026-07-31T12:38:27.832607+00:00,66,2,19.19,Netflix,Los Gatos,CA,4899,Swipe Transaction,0
840357d4-3249-421d-a015-94a15984d186,2026-08-10T11:03:27.832607+00:00,224,4,36.33,CVS Pharmacy,Woonsocket,RI,5912,Chip Transaction,0
6fc26ea1-8ba4-4f89-94e5-9944f006f182,2026-07-14T01:32:27.832607+00:00,120,1,11.05,Netflix,Los Gatos,CA,4899,Online Transaction,0
4a223062-6b51-459a-95e9-a98b11d99bff,2026-08-16T02:26:27.832607+00:00,184,1,16.6,Best Buy,Richfield,MN,5732,Swipe Transaction,0
242f2337-3248-4c1d-8231-a2cea12d20c0,2026-07-03T18:19:27.832607+00:00,31,4,18.74,Apple Store,Cupertino,CA,5732,Swipe Transaction,0
68760087-982e-41b5-9838-e3e0e2e4c752,2026-07-21T04:12:27.832607+00:00,100,1,43.59,Target,Minneapolis,MN,5411,Chip Transaction,0
98624c51-9a0b-44fa-861a-c3053f9c7bd1,2026-08-16T16:46:27.832607+00:00,56,0,11.17,Amazon,Seattle,WA,5942,Chip Transaction,0
c1920224-75a7-44b2-8f21-b563ddea869d,2026-07-16T01:12:27.832607+00:00,121,0,140.73,Apple Store,Cupertino,CA,5732,Chip Transaction,0
4023053f-f843-49d3-bf94-dab1763c104b,2026-06-21T10:50:27.832607+00:00,149,4,43.42,CVS Pharmacy,Woonsocket,RI,5912,Chip Transaction,0
6ae8146a-71c0-4698-ae3d-e80346263607,2026-06-20T08:57:27.832607+00:00,103,3,14.36,Netflix,Los Gatos,CA,4899,Chip Transaction,0
47ee67ce-dfc5-4ef9-bd21-cfe9bdd6ec8c,2026-07-06T08:38:27.832607+00:00,219,1,44.65,Amazon,Seattle,WA,5942,Chip Transaction,0
973e2c6b-92a8-4845-9ad1-eba1c5109abd,2026-07-30T01:40:27.832607+00:00,73,1,19.19,Shell,Houston,TX,5541,Online Transaction,0
dab6373b-8631-46ae-a898-cbd47aa0843c,2026-07-13T05:20:27.832607+00:00,178,1,10.31,Uber,San Francisco,CA,4121,Chip Transaction,0
202d1846-06a1-4ae0-82f6-c947075ea631,2026-08-05T05:19:27.832607+00:00,181,0,10.15,Best Buy,Richfield,MN,5732,Online Transaction,0
197fe405-9b3a-4f96-8b7a-fcb1844e22be,2026-07-06T01:13:27.832607+00:00,30,2,626.91,LuxuryGoods LLC,Miami,FL,5944,Chip Transaction,1
631a8406-89c2-487c-9cc2-4ba8f6f09c51,2026-07-02T22:32:27.832607+00:00,18,3,8.69,Best Buy,Richfield,MN,5732,Chip Transaction,0
c8f398ad-af17-4531-b94a-b2b8b4301762,2026-08-03T00:26:27.832607+00:00,147,1,24.7,Amazon,Seattle,WA,5942,Chip Transaction,0
759b60c8-c8e6-4158-999e-0b3318246b8b,2026-07-23T23:34:27.832607+00:00,219,1,15.42,Whole Foods,Austin,TX,5411,Swipe Transaction,0
bb6b1e23-2deb-4c19-a8bc-dc9b6561cbb7,2026-07-27T17:08:27.832607+00:00,23,4,24.55,Home Depot,Atlanta,GA,5200,Chip Transaction,0
9ba90d2c-ea53-471d-96b3-b14d909d0f0b,2026-07-30T18:53:27.832607+00:00,99,1,17.31,Best Buy,Richfield,MN,5732,Online Transaction,0
d661fb47-b16f-45ec-bc84-619976ce038b,2026-07-01T19:11:27.832607+00:00,208,1,19.24,McDonald's,Chicago,IL,5814,Online Transaction,0
a6bfbd80-db56-4cad-8124-c66ef85e9c8d,2026-08-14T17:02:27.832607+00:00,94,1,124.98,Walmart,Bentonville,AR,5411,Chip Transaction,0
e48dfe23-2878-4778-b021-1c04fd7bb7db,2026-06-30T14:36:27.832607+00:00,231,1,26.61,Netflix,Los Gatos,CA,4899,Online Transaction,0
bcfcd887-0266-44d1-9ff9-7bb1e3f52296,2026-07-02T11:08:27.832607+00:00,6,4,73.76,Shell,Houston,TX,5541,Swipe Transaction,0
2be95aca-7458-469f-b6fd-af0f4eecb85d,2026-07-12T04:44:27.832607+00:00,82,0,7.45,Walmart,Bentonville,AR,5411,Swipe Transaction,0
fe1a8198-ed42-4d42-aa9b-3cf56bef26fd,2026-06-24T03:58:27.832607+00:00,30,3,50.7,LuxuryGoods LLC,Miami,FL,5944,Online Transaction,1
34c75b52-7179-442b-94e8-fad457b6a76d,2026-06-18T11:30:27.832607+00:00,61,2,168.33,Amazon,Seattle,WA,5942,Chip Transaction,0
497001bd-705b-44e7-8214-bfcce2c8555b,2026-07-09T11:53:27.832607+00:00,230,1,8.27,Whole Foods,Austin,TX,5411,Swipe Transaction,0
637baf4e-590e-4717-9063-0901609136f4,2026-08-15T15:03:27.832607+00:00,30,0,28.4,Amazon,Seattle,WA,5942,Chip Transaction,0
d70f32b7-31e5-4b5a-9af3-9bfa9b5fe122,2026-07-19T14:34:27.832607+00:00,194,1,5.62,Home Depot,Atlanta,GA,5200,Online Transaction,0
551eede2-4289-4c31-98b3-732cfb7b1f2e,2026-06-20T21:50:27.832607+00:00,57,3,36.2,Best Buy,Richfield,MN,5732,Chip Transaction,0
3e1c85da-9fbb-4d45-a603-c131e93ffe48,2026-07-09T19:52:27.832607+00:00,165,0,48.84,Starbucks,Seattle,WA,5814,Chip Transaction,0
cf7256bc-54a9-42e9-83ab-8f628fa7f557,2026-07-01T05:01:27.832607+00:00,134,0,12.89,Walmart,Bentonville,AR,5411,Swipe Transaction,0
948e2145-9305-4e69-8df1-309af13d876d,2026-07-16T01:13:27.832607+00:00,179,2,43.74,Costco,Issaquah,WA,5411,Chip Transaction,0
ed5efbab-bfea-4894-a420-2691399fc4dc,2026-07-06T02:39:27.832607+00:00,213,0,10.65,Costco,Issaquah,WA,5411,Chip Transaction,0
7c4a33ed-f1c6-487e-a378-ce6f763309e9,2026-08-13T11:47:27.832607+00:00,63,0,26.98,McDonald's,Chicago,IL,5814,Swipe Transaction,0
51a27483-1f26-4c2f-9369-6c702451e8e6,2026-06-22T00:19:27.832607+00:00,36,0,10.69,Whole Foods,Austin,TX,5411,Chip Transaction,0
6fe2532d-5158-4914-b073-8a8aa4d5f1a3,2026-06-27T00:51:27.832607+00:00,60,3,38.22,Walmart,Bentonville,AR,5411,Chip Transaction,0
6847129a-ed41-455a-929d-e90141590909,2026-07-10T15:27:27.832607+00:00,208,3,62.8,Uber,San Francisco,CA,4121,Chip Transaction,0
35ad7c5a-b87f-4cca-9323-4743a780ae7d,2026-07-08T22:03:27.832607+00:00,230,1,7.18,Costco,Issaquah,WA,5411,Chip Transaction,0
96811376-c19f-45ed-b985-87da2cff1184,2026-06-17T21:18:27.832607+00:00,140,4,81.24,CVS Pharmacy,Woonsocket,RI,5912,Chip Transaction,0
3331a623-9135-49b9-8de9-fcdbd2ae8fbb,2026-07-15T06:07:27.832607+00:00,112,3,297.95,OnlineElectronics,Shenzhen,FOREIGN,5732,Online Transaction,1
b7e3243a-871e-4df7-a4e9-32e3a8261a69,2026-06-30T22:44:27.832607+00:00,102,2,6.54,Home Depot,Atlanta,GA,5200,Chip Transaction,0
978cc9f3-64fc-47ed-9378-74d1c63136a1,2026-08-01T09:57:27.832607+00:00,248,4,47.99,Whole Foods,Austin,TX,5411,Swipe Transaction,0
44e34598-7a7b-4e96-b0dc-550817cbccb3,2026-08-16T17:41:27.832607+00:00,28,1,48.17,Best Buy,Richfield,MN,5732,Swipe Transaction,0
253d2b0c-b07a-4542-907f-0cb09d17bdfb,2026-07-18T08:33:27.832607+00:00,155,3,23.67,Apple Store,Cupertino,CA,5732,Chip Transaction,0
b30d92fe-09d4-410b-8d47-38ddf0ae886c,2026-07-13T04:38:27.832607+00:00,8,0,11.22,Home Depot,Atlanta,GA,5200,Chip Transaction,0
a495c41d-d5e5-40fe-95ab-cb9b4d869410,2026-07-21T07:40:27.832607+00:00,147,0,17.54,Apple Store,Cupertino,CA,5732,Swipe Transaction,0
2b7adbab-f669-46a8-82bc-266a5fd30f72,2026-08-04T03:21:27.832607+00:00,137,4,16.82,Costco,Issaquah,WA,5411,Online Transaction,0
b229279a-671c-4b67-bf81-edaa12c9c79b,2026-07-07T14:54:27.832607+00:00,15,2,52.58,Walmart,Bentonville,AR,5411,Chip Transaction,0
4f6c6ee4-74f1-4d70-951c-e45032b091e3,2026-08-12T19:56:27.832607+00:00,47,4,272.63,AnonymousGiftCards,Panama City,FOREIGN,5947,Online Transaction,1
55523b57-53b9-4765-a331-a9578da0c526,2026-07-07T02:13:27.832607+00:00,161,1,23.63,Whole Foods,Austin,TX,5411,Online Transaction,0
b31e5e4f-a90c-48fb-a27e-448206f03159,2026-06-19T07:28:27.832607+00:00,225,1,802.67,QuickCash ATM,Unknown,NV,6011,Swipe Transaction,1
7eeb309b-f572-4e0d-9b5b-d014e2e512f3,2026-07-16T20:39:27.832607+00:00,127,2,35.33,Walmart,Bentonville,AR,5411,Swipe Transaction,0
97fb5c1d-fefb-4761-a688-c0566f668b73,2026-08-01T05:47:27.832607+00:00,47,1,16.02,Amazon,Seattle,WA,5942,Chip Transaction,0
bad1b013-d0ab-4f22-8bb0-ef0b82b307bd,2026-07-27T03:08:27.832607+00:00,5,3,60.49,Netflix,Los Gatos,CA,4899,Swipe Transaction,0
350a39f4-9220-4fc5-a454-4ee2422b4438,2026-08-01T11:50:27.832607+00:00,241,1,58.53,Amazon,Seattle,WA,5942,Chip Transaction,0
017abffe-1829-422a-b4d2-c18e1285efc6,2026-07-23T23:31:27.832607+00:00,180,4,13.28,Whole Foods,Austin,TX,5411,Chip Transaction,0
02bf5194-7ff5-48d1-99a4-694030bae9f4,2026-07-06T17:26:27.832607+00:00,24,2,63.07,Apple Store,Cupertino,CA,5732,Swipe Transaction,0
f9881864-04af-4ab3-9e25-67d7f15291f6,2026-07-20T00:43:27.832607+00:00,199,3,75.59,McDonald's,Chicago,IL,5814,Chip Transaction,0
9d95047f-bdb0-4ba7-9976-43a19f65addd,2026-07-24T12:33:27.832607+00:00,166,2,27.94,Netflix,Los Gatos,CA,4899,Chip Transaction,0
5cab6a72-ebcc-4397-b5f0-3d2461c3ea5f,2026-07-24T18:08:27.832607+00:00,168,3,6.19,Starbucks,Seattle,WA,5814,Chip Transaction,0
31085dce-cb93-4048-bda3-58afc3f1b82a,2026-06-27T19:55:27.832607+00:00,51,2,53.05,McDonald's,Chicago,IL,5814,Online Transaction,0
47651014-428a-45ad-9619-fca9c58ab6e7,2026-07-01T16:18:27.832607+00:00,238,2,47.5,Shell,Houston,TX,5541,Swipe Transaction,0
12a82336-869a-4119-95ad-eb50f81a8b8f,2026-06-18T04:29:27.832607+00:00,56,3,97.61,Netflix,Los Gatos,CA,4899,Online Transaction,0
b27ac585-21eb-459e-bafa-4ce251a4901d,2026-07-12T03:37:27.832607+00:00,208,3,17.44,Home Depot,Atlanta,GA,5200,Online Transaction,0
6c973877-f335-49f5-a386-49362a285276,2026-07-04T18:24:27.832607+00:00,167,3,30.64,Apple Store,Cupertino,CA,5732,Swipe Transaction,0
b6d90bb2-ffa3-4081-867b-8af25aded131,2026-06-22T06:25:27.832607+00:00,250,3,48.38,McDonald's,Chicago,IL,5814,Chip Transaction,0
fd615bc4-7d5b-4416-829c-f710f1f7b4b3,2026-06-23T10:51:27.832607+00:00,203,2,26.72,Costco,Issaquah,WA,5411,Swipe Transaction,0
6bca9ad3-5e53-4c61-a670-c7c17f57d857,2026-07-18T18:01:27.832607+00:00,188,0,12.34,Uber,San Francisco,CA,4121,Chip Transaction,0
e43be492-0f86-4fc5-a3ca-ed2a0e92fced,2026-08-12T03:27:27.832607+00:00,120,3,29.93,Shell,Houston,TX,5541,Chip Transaction,0
6a12b88f-a353-4af1-b1c2-9696376cc299,2026-07-27T02:40:27.832607+00:00,89,0,29.69,Apple Store,Cupertino,CA,5732,Swipe Transaction,0
394c352a-c4b2-4016-94f1-641b8546f862,2026-07-25T19:11:27.832607+00:00,174,1,28.24,Amazon,Seattle,WA,5942,Chip Transaction,0
a0881bb5-5dce-406f-97e8-77a0868b1d25,2026-06-19T21:44:27.832607+00:00,227,0,801.43,LuxuryGoods LLC,Miami,FL,5944,Online Transaction,1
9646b84c-0c22-467d-aee3-35de853135a7,2026-08-04T02:55:27.832607+00:00,60,1,7.78,Best Buy,Richfield,MN,5732,Swipe Transaction,0
83427113-4e61-4649-a1fd-2e40af1785e3,2026-07-03T01:31:27.832607+00:00,186,0,40.1,Costco,Issaquah,WA,5411,Swipe Transaction,0
7e58914e-512d-4311-a250-89aef964e593,2026-08-06T15:12:27.832607+00:00,43,3,19.41,McDonald's,Chicago,IL,5814,Online Transaction,0
e00c7dfb-72e4-4913-8376-f881e4e441ed,2026-07-15T05:10:27.832607+00:00,173,3,43.61,Apple Store,Cupertino,CA,5732,Chip Transaction,0
a1b6ea9e-aa28-4804-8a82-c9b78aea69b6,2026-07-31T03:00:27.832607+00:00,184,2,18.7,Uber,San Francisco,CA,4121,Chip Transaction,0
13cb7657-3a88-4ca9-8171-cb9ce6ed2923,2026-07-16T01:43:27.832607+00:00,205,4,5.34,Walmart,Bentonville,AR,5411,Online Transaction,0
a0fce936-7d89-4ff9-ac24-cbf1eb7a303d,2026-06-20T20:03:27.832607+00:00,237,2,18.27,Starbucks,Seattle,WA,5814,Swipe Transaction,0
5bc01466-c9f0-4073-b226-b4412cdd2584,2026-07-16T11:38:27.832607+00:00,9,3,40.7,Uber,San Francisco,CA,4121,Chip Transaction,0
22f5a977-4fd0-4a25-bab1-fac2a669570b,2026-08-04T10:41:27.832607+00:00,114,2,61.08,Home Depot,Atlanta,GA,5200,Chip Transaction,0
c0c4c8f5-14fc-40eb-9e18-3ffa0db53e76,2026-07-12T17:31:27.832607+00:00,185,1,14.33,Costco,Issaquah,WA,5411,Online Transaction,0
054628d4-e510-4562-b43a-92aeaa103488,2026-07-09T01:51:27.832607+00:00,135,0,10.23,Walmart,Bentonville,AR,5411,Chip Transaction,0
e3815504-17f3-4539-aa98-035b5eaafdf7,2026-07-01T06:30:27.832607+00:00,239,0,22.06,McDonald's,Chicago,IL,5814,Swipe Transaction,0
8c5251e3-f391-4aed-92fc-a1bd37356427,2026-07-09T05:09:27.832607+00:00,217,1,32.5,Walmart,Bentonville,AR,5411,Chip Transaction,0
a4e3c10d-ed75-41e9-a892-8cc6d2158b9d,2026-06-21T12:06:27.832607+00:00,86,0,20.17,Walmart,Bentonville,AR,5411,Chip Transaction,0
152f6480-68bb-4848-b510-9d16b0c7fe24,2026-07-17T18:25:27.832607+00:00,235,3,28.86,Costco,Issaquah,WA,5411,Online Transaction,0
800b9929-0719-49e9-a9e4-07a8c50eea4f,2026-07-07T16:24:27.832607+00:00,72,1,11.62,CVS Pharmacy,Woonsocket,RI,5912,Swipe Transaction,0
e74200c0-4463-40c5-a35c-f7a14dde7d53,2026-06-29T11:08:27.832607+00:00,240,0,68.11,Home Depot,Atlanta,GA,5200,Chip Transaction,0
e7f5bd7c-3281-462b-a82d-69cadad864fa,2026-06-17T22:40:27.832607+00:00,103,2,8.3,Target,Minneapolis,MN,5411,Online Transaction,0
b87aa4de-682e-4ec8-ab1a-8ef8ac402c29,2026-07-14T11:02:27.832607+00:00,28,1,12.61,McDonald's,Chicago,IL,5814,Swipe Transaction,0
94817960-1b88-40ce-a609-18dec092bd2c,2026-07-24T13:20:27.832607+00:00,156,4,51.34,Uber,San Francisco,CA,4121,Chip Transaction,0
37f56b43-7e0b-41ea-85e1-7847adb70ead,2026-08-10T23:31:27.832607+00:00,134,1,15.68,Uber,San Francisco,CA,4121,Online Transaction,0
ae4fdb99-5083-43a7-b96c-143156d5b714,2026-06-18T21:59:27.832607+00:00,22,0,62.94,Netflix,Los Gatos,CA,4899,Online Transaction,0
d90525df-548e-4f9f-ae80-287e35c1b261,2026-06-18T08:17:27.832607+00:00,165,0,103.51,McDonald's,Chicago,IL,5814,Chip Transaction,0
1e13a374-318d-4193-93b1-d64a93f8f677,2026-07-18T14:36:27.832607+00:00,120,4,1018.7,QuickCash ATM,Unknown,NV,6011,Online Transaction,1
0015a134-0970-4490-b43a-4e042e4dd033,2026-08-05T06:48:27.832607+00:00,29,3,54.84,CVS Pharmacy,Woonsocket,RI,5912,Chip Transaction,0
5dc6696d-ac4a-4326-8187-27f2345afc07,2026-08-03T22:35:27.832607+00:00,210,4,99.41,Walmart,Bentonville,AR,5411,Chip Transaction,0
63f90d1f-b726-45a2-b234-b7f75b29aee4,2026-08-02T15:12:27.832607+00:00,202,2,27.88,Best Buy,Richfield,MN,5732,Online Transaction,0
818d0a77-bc2a-474e-b2aa-516b8b46a94f,2026-07-07T12:10:27.832607+00:00,92,1,20.21,Apple Store,Cupertino,CA,5732,Swipe Transaction,0
d9860129-078a-4294-b43a-230d05f76d53,2026-06-26T09:10:27.832607+00:00,218,4,23.69,Apple Store,Cupertino,CA,5732,Chip Transaction,0
7fa0e033-1302-4042-b0b9-d4f19a829f2f,2026-06-21T11:29:27.832607+00:00,82,0,19.23,Walmart,Bentonville,AR,5411,Chip Transaction,0
f31ee0d4-5663-4b5a-bd09-3d393b17e0ad,2026-08-15T20:33:27.832607+00:00,127,4,9.2,Target,Minneapolis,MN,5411,Chip Transaction,0
f50a2727-520c-46c4-ab99-72097d249a42,2026-06-22T00:13:27.832607+00:00,15,1,42.41,Starbucks,Seattle,WA,5814,Chip Transaction,0
833a1011-c101-4f37-9e6c-17cfd76d4bfa,2026-06-23T16:34:27.832607+00:00,200,0,21.73,Netflix,Los Gatos,CA,4899,Chip Transaction,0
5ff87b71-c006-4299-85d7-e29a1c78e172,2026-07-23T00:32:27.832607+00:00,90,2,151.13,QuickCash ATM,Unknown,NV,6011,Online Transaction,1
b4c37d49-b2e4-4282-9347-f7ca087263ce,2026-06-20T20:53:27.832607+00:00,130,0,38.64,Delta Airlines,Atlanta,GA,4511,Chip Transaction,0
1dfc55cb-de5d-4783-a4cf-d9d91c1bc567,2026-08-12T17:37:27.832607+00:00,19,0,112.34,Starbucks,Seattle,WA,5814,Chip Transaction,0
94aa4f28-5069-43e6-be4d-905143fbe970,2026-07-19T06:09:27.832607+00:00,41,1,17.11,Starbucks,Seattle,WA,5814,Chip Transaction,0
cb0831b9-2305-4ee0-bba3-30a442f6031b,2026-08-16T12:47:27.832607+00:00,45,0,32.88,Home Depot,Atlanta,GA,5200,Swipe Transaction,0
595589d1-aba0-4cc8-9bef-4a1103a74663,2026-06-27T17:17:27.832607+00:00,164,3,42.82,McDonald's,Chicago,IL,5814,Swipe Transaction,0
182f55d4-62b5-41a7-8249-afff6be47628,2026-07-27T13:37:27.832607+00:00,23,3,9.66,Amazon,Seattle,WA,5942,Swipe Transaction,0
a334621d-8bfd-436b-93af-dac656702be3,2026-07-25T10:47:27.832607+00:00,124,1,30.14,Best Buy,Richfield,MN,5732,Chip Transaction,0
5f5b8ec5-c672-49c0-b03e-153bca9ee2b3,2026-08-12T14:18:27.832607+00:00,200,0,11.36,Uber,San Francisco,CA,4121,Swipe Transaction,0
77355f93-e107-475d-bd0c-a9973b4a1212,2026-07-04T15:56:27.832607+00:00,224,0,11.19,Apple Store,Cupertino,CA,5732,Swipe Transaction,0
0fa1efcd-1058-480b-b1f6-f6a63acda533,2026-06-18T06:01:27.832607+00:00,2,4,29.48,Costco,Issaquah,WA,5411,Chip Transaction,0
3f34e2f9-2d02-4537-9ac1-f6e16ebb70f3,2026-07-14T00:01:27.832607+00:00,68,2,101.38,Walmart,Bentonville,AR,5411,Chip Transaction,0
ebce397c-1128-401b-a1d1-8865ff22c649,2026-07-14T20:47:27.832607+00:00,89,2,19.43,Uber,San Francisco,CA,4121,Swipe Transaction,0
70c495b9-70c0-4faa-ac1d-8ab2d60d84ed,2026-07-12T08:19:27.832607+00:00,113,3,10.52,Best Buy,Richfield,MN,5732,Chip Transaction,0
48adc62a-82b1-4326-aa17-2e670f1fac32,2026-08-06T05:02:27.832607+00:00,109,1,24.6,McDonald's,Chicago,IL,5814,Chip Transaction,0
e1b5070e-f420-4c54-9b1e-28c4f0e94ac8,2026-06-24T13:58:27.832607+00:00,237,3,9.55,Walmart,Bentonville,AR,5411,Online Transaction,0
1a4a98c9-3487-48d5-b180-aef272b7e7c8,2026-06-28T06:59:27.832607+00:00,51,4,16.61,Amazon,Seattle,WA,5942,Chip Transaction,0
b76bd149-304d-4eb5-93c6-dd886efde6ed,2026-06-30T00:49:27.832607+00:00,184,2,38.58,Shell,Houston,TX,5541,Swipe Transaction,0
c8f4cf2c-6d28-4e7e-a2b2-faa6bb44d0de,2026-07-13T03:20:27.832607+00:00,127,3,14.67,Shell,Houston,TX,5541,Chip Transaction,0
9b3734d7-9093-4262-8920-d2b500fee990,2026-07-29T03:47:27.832607+00:00,118,3,9.21,Amazon,Seattle,WA,5942,Chip Transaction,0
66381601-d84e-4ef0-aaae-78eced6b92f8,2026-08-07T23:47:27.832607+00:00,131,1,30.48,Target,Minneapolis,MN,5411,Chip Transaction,0
dcfeac9b-fe2f-498c-b076-af7366dbefc2,2026-08-06T12:58:27.832607+00:00,68,3,38.93,Home Depot,Atlanta,GA,5200,Online Transaction,0
679b7a9a-6713-4201-b3bf-68044c4901ea,2026-08-14T07:43:27.832607+00:00,152,4,13.13,Netflix,Los Gatos,CA,4899,Swipe Transaction,0
07b5a728-bc51-4470-96b4-d0f8a5700c04,2026-07-03T19:57:27.832607+00:00,1,0,15.98,Starbucks,Seattle,WA,5814,Online Transaction,0
8a8a0067-8685-4272-bc81-44f7d1991691,2026-07-22T11:12:27.832607+00:00,21,2,5.21,Apple Store,Cupertino,CA,5732,Swipe Transaction,0
33265eaf-9142-4e83-85ac-d5daa97139af,2026-06-25T07:26:27.832607+00:00,15,3,4.59,Delta Airlines,Atlanta,GA,4511,Chip Transaction,0
cc5c80e8-1874-44f5-b651-f71fee61ac14,2026-07-17T18:38:27.832607+00:00,116,1,48.46,Shell,Houston,TX,5541,Chip Transaction,0
82ee777b-bc6b-450f-8582-04a181fb3aaf,2026-08-05T02:55:27.832607+00:00,138,0,22.99,Shell,Houston,TX,5541,Chip Transaction,0
c27dc27c-5df6-414b-a340-4442c9f52d44,2026-07-07T04:06:27.832607+00:00,212,3,86.41,CVS Pharmacy,Woonsocket,RI,5912,Chip Transaction,0
9265fa26-2b56-4b73-b61b-e13c27e4aa6e,2026-07-17T08:04:27.832607+00:00,168,2,56.25,Home Depot,Atlanta,GA,5200,Swipe Transaction,0
9ebbeee8-475a-417f-aeb2-be1f7dda8d40,2026-06-25T07:40:27.832607+00:00,81,1,30.84,Shell,Houston,TX,5541,Swipe Transaction,0
ad78c0f7-4503-4c5d-99a4-2a3b28759bac,2026-08-04T12:38:27.832607+00:00,86,3,6.52,Walmart,Bentonville,AR,5411,Chip Transaction,0
24c5e4ab-0b81-4da3-a776-cc3c71a51d78,2026-07-15T09:35:27.832607+00:00,241,0,29.24,Walmart,Bentonville,AR,5411,Chip Transaction,0
d2f55e14-a2e0-42df-98d3-99b23a0b1714,2026-07-08T09:59:27.832607+00:00,181,2,46.79,Starbucks,Seattle,WA,5814,Online Transaction,0
34855943-a264-45f3-a7f1-fc2e028b62bd,2026-07-10T19:24:27.832607+00:00,94,2,5.19,Walmart,Bentonville,AR,5411,Online Transaction,0
e3ac3f09-6256-4f9f-9293-d1eaba94fd2a,2026-07-06T23:06:27.832607+00:00,79,4,64.52,Delta Airlines,Atlanta,GA,4511,Chip Transaction,0
4418a2f5-c0fb-4bd8-b28f-97434345fcbf,2026-07-10T10:22:27.832607+00:00,229,1,27.13,Whole Foods,Austin,TX,5411,Swipe Transaction,0
f5fa5728-4630-4f1b-a2df-8e6fd7641857,2026-06-29T23:04:27.832607+00:00,101,4,34.17,Delta Airlines,Atlanta,GA,4511,Swipe Transaction,0
47a4dda2-2291-4143-872c-cf9c534fe2fa,2026-08-01T15:01:27.832607+00:00,20,3,76.71,Walmart,Bentonville,AR,5411,Chip Transaction,0
dbcb9ee7-9c1f-4d5a-81af-a061e91c7af0,2026-07-02T20:32:27.832607+00:00,206,1,34.52,CVS Pharmacy,Woonsocket,RI,5912,Chip Transaction,0
06eb4712-c13b-4444-a430-854fd980c620,2026-07-09T10:11:27.832607+00:00,10,0,35.58,CVS Pharmacy,Woonsocket,RI,5912,Chip Transaction,0
374ce5b6-5400-4c02-aaac-146eca56a513,2026-07-19T12:55:27.832607+00:00,92,2,6.63,Costco,Issaquah,WA,5411,Chip Transaction,0
911930fc-0ddc-4642-a2b8-4ea5b6df3f4b,2026-07-13T23:27:27.832607+00:00,248,1,24.74,Uber,San Francisco,CA,4121,Chip Transaction,0
29803488-5e01-43af-851c-11005622653d,2026-06-23T09:28:27.832607+00:00,72,1,38.68,Home Depot,Atlanta,GA,5200,Chip Transaction,0
9c8b0247-1d7b-486c-8f2b-72c9a4a66382,2026-06-22T20:14:27.832607+00:00,226,0,44.46,Target,Minneapolis,MN,5411,Chip Transaction,0
7a0da68b-ef60-40bf-981a-4c478459fac0,2026-06-20T12:19:27.832607+00:00,108,1,62.1,Whole Foods,Austin,TX,5411,Chip Transaction,0
fc1ca419-aed8-4d62-a055-3bd5e4091d67,2026-08-07T02:57:27.832607+00:00,179,4,41.97,Target,Minneapolis,MN,5411,Chip Transaction,0
6b0edf3d-c73a-4b36-ae54-0a9eb0f2c1ac,2026-07-11T19:54:27.832607+00:00,186,4,14.92,Best Buy,Richfield,MN,5732,Online Transaction,0
3adb914d-8c0f-42f7-9175-8f57b9f2fdea,2026-07-24T21:20:27.832607+00:00,63,0,16.99,Walmart,Bentonville,AR,5411,Chip Transaction,0
ada8e75d-54df-425c-aa0d-c897b9fad723,2026-07-04T23:47:27.832607+00:00,12,4,35.75,Home Depot,Atlanta,GA,5200,Online Transaction,0
1337dc59-374b-4b52-970a-9cbf801f9f18,2026-07-08T18:46:27.832607+00:00,35,2,8.99,Shell,Houston,TX,5541,Chip Transaction,0
00a4b91c-abd1-40c1-9380-a016fb933c40,2026-08-13T21:01:27.832607+00:00,118,3,88.63,Delta Airlines,Atlanta,GA,4511,Swipe Transaction,0
37aeb848-e24b-49c4-a2ff-91a5bf0964bd,2026-06-19T21:41:27.832607+00:00,18,1,75.98,Starbucks,Seattle,WA,5814,Chip Transaction,0
aeaa1e0d-93b0-4950-828d-947f5cbb585b,2026-07-28T03:45:27.832607+00:00,178,1,10.67,Apple Store,Cupertino,CA,5732,Chip Transaction,0
318f8338-63bf-4910-9a56-d99a64313e32,2026-08-05T18:47:27.832607+00:00,44,1,36.19,Starbucks,Seattle,WA,5814,Chip Transaction,0
80e1c016-b0bd-4dc1-bb87-038438ac70f7,2026-07-23T04:31:27.832607+00:00,208,0,29.58,Best Buy,Richfield,MN,5732,Swipe Transaction,0
01bb1996-c63b-4ea2-bcc1-7bd0dff25074,2026-07-10T07:35:27.832607+00:00,231,0,12.99,Starbucks,Seattle,WA,5814,Chip Transaction,0
b9fb018b-8a01-46b1-b9a2-f94d2739a16e,2026-08-08T05:30:27.832607+00:00,76,4,34.23,Walmart,Bentonville,AR,5411,Chip Transaction,0
82160a04-0233-461f-b926-afaa7917fed7,2026-07-23T03:42:27.832607+00:00,179,4,2.19,McDonald's,Chicago,IL,5814,Chip Transaction,0
51f65f28-f5e7-4ab3-b13d-21473a0ae2c5,2026-07-19T19:05:27.832607+00:00,71,0,21.7,Uber,San Francisco,CA,4121,Chip Transaction,0
40a7b8f7-dc4f-4fb2-981f-1390caa0cbf6,2026-06-22T00:43:27.832607+00:00,139,4,7.29,Shell,Houston,TX,5541,Chip Transaction,0
402842b8-9f1e-492a-abaa-70764dc97201,2026-08-10T21:16:27.832607+00:00,77,2,8.73,Apple Store,Cupertino,CA,5732,Swipe Transaction,0
597a170b-b8f4-4458-8075-ff1ee2747747,2026-08-08T07:15:27.832607+00:00,165,1,104.63,Best Buy,Richfield,MN,5732,Chip Transaction,0
a166a1ae-3e6b-4e42-ac14-0a2af1b97469,2026-07-18T19:48:27.832607+00:00,45,0,5.85,Best Buy,Richfield,MN,5732,Swipe Transaction,0
0bad5637-6e1c-465d-98df-846b99fda278,2026-06-20T01:47:27.832607+00:00,170,3,22.08,Starbucks,Seattle,WA,5814,Chip Transaction,0
497c402b-55ec-4a92-a47d-cdca3f029df4,2026-06-23T04:33:27.832607+00:00,24,4,28.24,Target,Minneapolis,MN,5411,Chip Transaction,0
7877fae9-c196-453a-befe-750f35691632,2026-07-25T00:55:27.832607+00:00,156,0,37.4,Walmart,Bentonville,AR,5411,Swipe Transaction,0
e876b7f7-87a6-4735-8f90-b74e2d614b40,2026-06-21T06:19:27.832607+00:00,220,1,41.26,CVS Pharmacy,Woonsocket,RI,5912,Swipe Transaction,0
1e5dd957-b857-4f67-8ea5-470ea174d75b,2026-07-21T00:47:27.832607+00:00,105,1,1382.78,OnlineElectronics,Shenzhen,FOREIGN,5732,Swipe Transaction,1
7a8ce7d5-394b-4058-992c-30d9a3cd2202,2026-07-29T10:49:27.832607+00:00,66,1,26.26,McDonald's,Chicago,IL,5814,Online Transaction,0
64cb8bb1-c2e2-4a66-9f05-a2c620227f40,2026-07-04T18:40:27.832607+00:00,188,0,26.4,Delta Airlines,Atlanta,GA,4511,Swipe Transaction,0
40350eff-edcc-4717-8903-ea01d09db4f0,2026-07-01T14:00:27.832607+00:00,187,4,18.19,CVS Pharmacy,Woonsocket,RI,5912,Chip Transaction,0
0ce17f25-40ac-4447-ae0f-a16bd55a6906,2026-07-31T17:23:27.832607+00:00,116,2,114.57,Best Buy,Richfield,MN,5732,Chip Transaction,0
5ea37e75-db51-43cb-9b5a-0d5102d56668,2026-07-29T05:04:27.832607+00:00,160,2,63.45,Costco,Issaquah,WA,5411,Chip Transaction,0
f118446c-44eb-48d8-921e-70a2e8d730ee,2026-06-22T09:16:27.832607+00:00,146,3,22.52,Whole Foods,Austin,TX,5411,Chip Transaction,0
5e40080d-3050-4734-902c-bb5ca9c50953,2026-06-22T17:24:27.832607+00:00,215,3,16.07,Netflix,Los Gatos,CA,4899,Swipe Transaction,0
e0252315-0d7d-47b9-a7c5-495b64b201cc,2026-07-10T22:44:27.832607+00:00,2,0,17.65,Shell,Houston,TX,5541,Chip Transaction,0
fce2acdf-0160-4815-8717-6e19f06b38b5,2026-06-23T22:06:27.832607+00:00,55,2,11.29,Uber,San Francisco,CA,4121,Online Transaction,0
c2e18514-f051-471b-b79d-caa313aff442,2026-07-21T21:00:27.832607+00:00,112,3,48.06,Best Buy,Richfield,MN,5732,Chip Transaction,0
72340f8e-347a-4837-9657-57c2f50d208a,2026-07-06T20:11:27.832607+00:00,28,3,30.75,Best Buy,Richfield,MN,5732,Chip Transaction,0
5e810261-d429-4aac-948d-9a44fb8056c0,2026-06-19T07:39:27.832607+00:00,113,0,803.95,OnlineElectronics,Shenzhen,FOREIGN,5732,Online Transaction,1
462254a6-70e5-4352-a5b9-2a8672975582,2026-08-09T10:40:27.832607+00:00,184,3,1526.89,QuickCash ATM,Unknown,NV,6011,Online Transaction,1
cc68c694-bb7c-45ad-a3aa-43d3a1509503,2026-08-07T10:58:27.832607+00:00,1,2,58.84,Apple Store,Cupertino,CA,5732,Swipe Transaction,0
766a64a8-d460-4c4d-923b-d321e745bec8,2026-08-09T19:53:27.832607+00:00,126,2,21.71,Home Depot,Atlanta,GA,5200,Chip Transaction,0
001a0bb9-e636-440e-a23a-8a49fef22ef9,2026-07-24T01:31:27.832607+00:00,249,2,35.0,Delta Airlines,Atlanta,GA,4511,Swipe Transaction,0
f4cc11f2-b86f-48dd-aadf-1dabdb4fec4a,2026-06-22T05:04:27.832607+00:00,238,2,29.18,Netflix,Los Gatos,CA,4899,Online Transaction,0
862b5185-f030-4ec9-893f-65314b73145d,2026-07-18T06:55:27.832607+00:00,182,4,68.71,Amazon,Seattle,WA,5942,Chip Transaction,0
4977db7b-c5cc-4760-afe8-898834615611,2026-07-26T22:11:27.832607+00:00,144,3,41.4,Shell,Houston,TX,5541,Chip Transaction,0
334b23ed-27c4-420a-b557-44331f400d50,2026-08-10T05:39:27.832607+00:00,115,0,26.28,Delta Airlines,Atlanta,GA,4511,Chip Transaction,0
b28d9128-4364-4af6-901f-a9163eaa5e24,2026-07-20T10:21:27.832607+00:00,110,1,39.13,Costco,Issaquah,WA,5411,Online Transaction,0
1d7147da-dba2-4ac4-af96-e11b20d3daa4,2026-07-13T12:55:27.832607+00:00,195,1,27.22,Shell,Houston,TX,5541,Swipe Transaction,0
dec50d40-6ebf-4547-876f-42560ebfab41,2026-06-30T17:06:27.832607+00:00,223,0,5.11,Best Buy,Richfield,MN,5732,Online Transaction,0
a54c2854-89a4-4f7e-a715-6debf5deb880,2026-07-12T17:19:27.832607+00:00,6,0,19.4,Home Depot,Atlanta,GA,5200,Online Transaction,0
f12aba86-a514-47dc-b77c-8a0c632d044f,2026-08-03T22:29:27.832607+00:00,157,1,18.47,Best Buy,Richfield,MN,5732,Online Transaction,0
eddd446c-a500-481f-a981-b68cd4427e06,2026-08-16T15:48:27.832607+00:00,195,3,44.46,McDonald's,Chicago,IL,5814,Chip Transaction,0
b6518bb2-7e7a-4b87-9731-b23a8076f84f,2026-08-12T08:37:27.832607+00:00,192,3,17.96,Netflix,Los Gatos,CA,4899,Online Transaction,0
1ded4014-884a-4816-ac42-8ebc9d5d294f,2026-07-28T04:06:27.832607+00:00,131,4,9.87,McDonald's,Chicago,IL,5814,Chip Transaction,0
c6063aa2-f075-489b-a316-438d47cfeb33,2026-07-13T10:27:27.832607+00:00,247,1,15.79,Delta Airlines,Atlanta,GA,4511,Chip Transaction,0
624198ac-bf12-454c-bb97-550ea6a6b6b6,2026-07-29T22:36:27.832607+00:00,191,0,33.26,Apple Store,Cupertino,CA,5732,Swipe Transaction,0
fcc20887-e5b9-4a04-879e-8921a08776b7,2026-07-06T23:25:27.832607+00:00,92,3,8.6,Costco,Issaquah,WA,5411,Chip Transaction,0
ecd84407-858b-4f42-beb4-f76cd7d1cafc,2026-07-05T18:53:27.832607+00:00,242,3,288.15,Target,Minneapolis,MN,5411,Chip Transaction,0
6b71ef93-e0eb-4b1b-88c9-d5fda0424751,2026-07-07T08:08:27.832607+00:00,127,2,58.79,Delta Airlines,Atlanta,GA,4511,Chip Transaction,0
7bae35f2-42dd-496d-8e14-82089715d40f,2026-06-21T23:26:27.832607+00:00,91,1,152.1,Shell,Houston,TX,5541,Chip Transaction,0
d3d41b18-d927-462c-8211-f9ac334346f7,2026-07-07T04:35:27.832607+00:00,193,1,2.77,CVS Pharmacy,Woonsocket,RI,5912,Chip Transaction,0
d4e037ea-5517-468f-9a4c-baec8e6f710b,2026-07-04T10:53:27.832607+00:00,39,0,27.76,Netflix,Los Gatos,CA,4899,Chip Transaction,0
90294f4b-7766-4663-a985-a771102cc64b,2026-07-04T02:33:27.832607+00:00,77,0,4.92,Uber,San Francisco,CA,4121,Chip Transaction,0
efa3593c-a884-4d2f-baee-706d65be4710,2026-08-09T21:04:27.832607+00:00,160,4,79.97,Apple Store,Cupertino,CA,5732,Chip Transaction,0
85a8b0e2-6c48-4de1-a12e-9eac0e20a49f,2026-08-11T12:03:27.832607+00:00,9,3,53.69,McDonald's,Chicago,IL,5814,Chip Transaction,0
dbe9244d-98ba-4a73-9736-11f0d78763da,2026-07-13T21:12:27.832607+00:00,68,2,24.85,Delta Airlines,Atlanta,GA,4511,Chip Transaction,0
24179ef0-1762-4dcf-9bd2-8b293d13d1ed,2026-07-25T13:46:27.832607+00:00,88,1,11.59,CVS Pharmacy,Woonsocket,RI,5912,Chip Transaction,0
68df1e0b-ff60-4b33-813e-65df0786e1d3,2026-07-29T13:38:27.832607+00:00,175,0,81.09,Target,Minneapolis,MN,5411,Chip Transaction,0
383f143c-4422-4bab-aa01-927aef4e2d8b,2026-08-13T10:44:27.832607+00:00,16,1,88.08,Amazon,Seattle,WA,5942,Chip Transaction,0
8998fb30-9123-415e-934b-33ecc91009a6,2026-07-19T19:03:27.832607+00:00,154,4,105.35,CVS Pharmacy,Woonsocket,RI,5912,Chip Transaction,0
4a26f454-2fd4-406e-823e-f1f9f05dc691,2026-07-02T02:49:27.832607+00:00,141,0,19.55,Delta Airlines,Atlanta,GA,4511,Chip Transaction,0
1a01063d-43c8-43ca-834d-049875e71502,2026-07-18T19:52:27.832607+00:00,79,3,13.45,Delta Airlines,Atlanta,GA,4511,Chip Transaction,0
4f7cf13e-bca0-4e15-9d72-554b7a65979c,2026-07-06T23:00:27.832607+00:00,125,0,26.32,Walmart,Bentonville,AR,5411,Chip Transaction,0
6e87820d-0007-40d9-83b5-74639b81f1c1,2026-07-22T06:02:27.832607+00:00,201,3,30.42,Delta Airlines,Atlanta,GA,4511,Swipe Transaction,0
e75ab048-f7e4-46d8-80db-57669d5a6fc7,2026-06-27T23:00:27.832607+00:00,95,3,48.36,Delta Airlines,Atlanta,GA,4511,Swipe Transaction,0
1a128cd4-989d-46be-9484-b8e083651c9d,2026-07-16T13:40:27.832607+00:00,71,1,16.31,Best Buy,Richfield,MN,5732,Swipe Transaction,0
6702cb3e-6d0d-43ec-9ffa-a3d7d8f8a399,2026-07-26T14:53:27.832607+00:00,109,2,56.49,Amazon,Seattle,WA,5942,Chip Transaction,0
e82089df-b150-4116-827d-dc3c40666a5f,2026-08-15T05:16:27.832607+00:00,45,1,23.61,Costco,Issaquah,WA,5411,Chip Transaction,0
ef44f209-7ef3-43c5-9e97-04f1d65717b8,2026-08-10T16:36:27.832607+00:00,79,3,26.55,Uber,San Francisco,CA,4121,Chip Transaction,0
ad1dae65-75fb-49c5-9dae-a6e1a3cddf31,2026-07-25T14:56:27.832607+00:00,129,2,49.35,Best Buy,Richfield,MN,5732,Swipe Transaction,0
4c96c7b4-7567-4cd6-a043-23309e719e08,2026-08-01T12:54:27.832607+00:00,192,1,16.3,Shell,Houston,TX,5541,Online Transaction,0
dd03ad3d-32e1-4688-b92f-7ef1d8877903,2026-07-27T05:36:27.832607+00:00,138,3,98.09,Apple Store,Cupertino,CA,5732,Online Transaction,0
cfd43fd2-b34f-42b1-9f9c-1990ffc980b8,2026-07-10T03:36:27.832607+00:00,24,1,72.27,Costco,Issaquah,WA,5411,Chip Transaction,0
bc4f04af-9fd1-499d-bfd8-0b6c9f908cde,2026-07-14T10:36:27.832607+00:00,51,2,14.0,McDonald's,Chicago,IL,5814,Chip Transaction,0
60320de5-cb24-4aaa-b160-7d91dfdad6e3,2026-07-09T17:08:27.832607+00:00,240,4,51.76,Home Depot,Atlanta,GA,5200,Online Transaction,0
a4de0eff-bf6a-4c33-9b3c-e4cd71bd3584,2026-06-28T19:57:27.832607+00:00,88,4,44.05,Target,Minneapolis,MN,5411,Swipe Transaction,0
4387d9aa-95f8-457d-93bf-9509cee6327c,2026-06-21T09:01:27.832607+00:00,250,0,27.61,Best Buy,Richfield,MN,5732,Swipe Transaction,0
61524db6-2025-4e04-9dd8-c4b6dead79cf,2026-08-01T06:01:27.832607+00:00,215,0,74.05,Home Depot,Atlanta,GA,5200,Online Transaction,0
9fe5ee44-7067-47c1-bbf7-7d3214ed2e66,2026-07-13T12:03:27.832607+00:00,219,0,31.12,CVS Pharmacy,Woonsocket,RI,5912,Chip Transaction,0
3dc20289-6057-4522-b520-6cc9f3adb2a6,2026-06-24T07:32:27.832607+00:00,184,0,63.16,Home Depot,Atlanta,GA,5200,Chip Transaction,0
3de229c5-9ace-42e7-abad-36cc505563d8,2026-08-11T17:57:27.832607+00:00,67,1,9.92,Home Depot,Atlanta,GA,5200,Chip Transaction,0
0b3eb800-068c-4294-a3e7-76b588f759e1,2026-06-22T13:48:27.832607+00:00,225,2,17.38,Target,Minneapolis,MN,5411,Swipe Transaction,0
d2687482-8a0f-4a5e-a7b8-3f3d9db8ad9e,2026-06-25T12:44:27.832607+00:00,151,0,4.57,Costco,Issaquah,WA,5411,Chip Transaction,0
c29a2a81-a058-4f23-9357-99573cf7bb8a,2026-08-01T00:23:27.832607+00:00,22,2,14.48,Uber,San Francisco,CA,4121,Chip Transaction,0
062bae61-0064-4ad0-9f17-762d47dca3fa,2026-06-19T10:37:27.832607+00:00,79,2,18.39,Starbucks,Seattle,WA,5814,Chip Transaction,0
f8672d02-2786-46fd-9844-9e2b58bebda4,2026-08-15T20:44:27.832607+00:00,105,2,119.78,Home Depot,Atlanta,GA,5200,Online Transaction,0
1635f60b-4cb1-45d9-acfe-f7388a77a1d1,2026-06-21T22:03:27.832607+00:00,215,3,45.08,McDonald's,Chicago,IL,5814,Chip Transaction,0
8627562e-baa3-4dc9-89a9-1575ddc99a61,2026-07-26T04:36:27.832607+00:00,143,1,2.29,Shell,Houston,TX,5541,Chip Transaction,0
97ff0943-07a4-43ed-b98e-bb36412fa3c8,2026-06-23T09:36:27.832607+00:00,69,2,16.89,Target,Minneapolis,MN,5411,Online Transaction,0
2e66aefa-f22c-4cb7-9704-9c40d1462d41,2026-08-02T21:35:27.832607+00:00,5,0,81.6,Shell,Houston,TX,5541,Swipe Transaction,0
ea0c8095-0d1f-4a0d-9bce-42105e7e8cc2,2026-06-29T21:08:27.832607+00:00,104,4,32.87,Target,Minneapolis,MN,5411,Swipe Transaction,0
162620b9-1c4f-417d-b6ad-1a4d89d8e784,2026-08-03T22:17:27.832607+00:00,201,3,13.26,Home Depot,Atlanta,GA,5200,Chip Transaction,0
58c71738-7d4c-4185-a720-9ba3d9bde516,2026-06-21T12:30:27.832607+00:00,239,0,12.82,Netflix,Los Gatos,CA,4899,Swipe Transaction,0
21bf9f90-4041-4f49-a661-0c59919e612d,2026-08-16T10:41:27.832607+00:00,237,2,128.73,AnonymousGiftCards,Panama City,FOREIGN,5947,Online Transaction,1
2b0a0fb4-36d3-4625-bea0-016fe54faf59,2026-07-02T23:46:27.832607+00:00,41,1,28.37,Target,Minneapolis,MN,5411,Swipe Transaction,0
8e9926a2-6616-4e6f-a04f-d746727aeb9b,2026-08-14T00:31:27.832607+00:00,33,2,14.24,McDonald's,Chicago,IL,5814,Chip Transaction,0
4bdef6f6-4f9e-4869-bb64-333b1efd6d5a,2026-07-30T09:06:27.832607+00:00,48,0,10.56,Walmart,Bentonville,AR,5411,Chip Transaction,0
598543c9-7e78-47be-9e6d-17322141e89b,2026-07-17T15:41:27.832607+00:00,142,0,11.02,Home Depot,Atlanta,GA,5200,Chip Transaction,0
edf5b2f8-a9e6-4ecf-87b1-ee308dbb9175,2026-08-01T00:08:27.832607+00:00,103,4,55.15,Costco,Issaquah,WA,5411,Online Transaction,0
10619551-d715-47b4-a7c3-b3956f644875,2026-07-16T18:05:27.832607+00:00,177,2,29.81,Best Buy,Richfield,MN,5732,Chip Transaction,0
7f7e66e7-8222-4727-bc3e-c51e766fd1e4,2026-07-29T05:00:27.832607+00:00,207,1,15.49,Whole Foods,Austin,TX,5411,Chip Transaction,0
fe4bccda-b1c2-4434-a5a8-c943f27e1e2e,2026-07-27T17:21:27.832607+00:00,226,3,47.0,Apple Store,Cupertino,CA,5732,Chip Transaction,0
97ad66bc-6a62-4bfc-8931-024698ee76d5,2026-07-16T03:50:27.832607+00:00,14,3,14.73,Whole Foods,Austin,TX,5411,Swipe Transaction,0
4e452652-fc64-4ecc-8ca9-a82c50178de0,2026-06-18T21:26:27.832607+00:00,26,1,6.24,Whole Foods,Austin,TX,5411,Online Transaction,0
dd424fcd-f154-4fad-9ed1-437c86f2c2a9,2026-06-27T04:32:27.832607+00:00,193,3,3.28,Whole Foods,Austin,TX,5411,Chip Transaction,0
b2dc632d-f34b-4701-b7e1-7a42afe463bf,2026-08-09T13:11:27.832607+00:00,66,4,14.67,Best Buy,Richfield,MN,5732,Swipe Transaction,0
20deaeb9-782e-444a-a17a-d633fc4a7e84,2026-06-24T09:08:27.832607+00:00,184,4,17.06,CVS Pharmacy,Woonsocket,RI,5912,Chip Transaction,0
5ad7a565-7070-4551-b316-e1f646f160b9,2026-07-21T09:59:27.832607+00:00,145,0,35.57,Best Buy,Richfield,MN,5732,Chip Transaction,0
1ccea5c3-63a9-42d7-b6b7-8df029249fa3,2026-07-14T21:02:27.832607+00:00,24,3,11.53,Apple Store,Cupertino,CA,5732,Chip Transaction,0
d076964e-fe35-4e31-af1e-bff88644f08b,2026-07-04T15:11:27.832607+00:00,169,3,51.37,Amazon,Seattle,WA,5942,Chip Transaction,0
72e1fbd9-ca97-475b-b307-1e92a2e21a0d,2026-07-02T21:15:27.832607+00:00,209,4,238.2,AnonymousGiftCards,Panama City,FOREIGN,5947,Online Transaction,1
ac8a28ac-5036-43e1-805a-060c1ad80a15,2026-07-10T03:03:27.832607+00:00,43,2,14.21,Uber,San Francisco,CA,4121,Swipe Transaction,0
7b825dbc-b660-4b22-9794-dae2d46ee048,2026-06-29T02:53:27.832607+00:00,138,0,86.12,Costco,Issaquah,WA,5411,Chip Transaction,0
29a8730c-e007-4346-84ec-f5f9a7311a15,2026-08-06T17:09:27.832607+00:00,131,4,14.92,Target,Minneapolis,MN,5411,Chip Transaction,0
1635b738-09c8-43a8-8432-6982302fd88a,2026-07-16T14:12:27.832607+00:00,129,0,6.8,Delta Airlines,Atlanta,GA,4511,Swipe Transaction,0
d8ee92ce-3d4b-40fb-9915-2a2028cd019b,2026-06-22T04:49:27.832607+00:00,69,2,13.38,Shell,Houston,TX,5541,Chip Transaction,0
7e16dc68-0aad-4968-a83a-47a00604556d,2026-06-25T12:04:27.832607+00:00,163,1,23.45,Best Buy,Richfield,MN,5732,Chip Transaction,0
7e28675b-132e-4ae0-8039-450e50e19b61,2026-08-09T09:52:27.832607+00:00,129,4,54.96,Uber,San Francisco,CA,4121,Chip Transaction,0
6880110b-c9de-41c0-af8b-4477504ca658,2026-07-03T07:55:27.832607+00:00,17,2,22.4,Delta Airlines,Atlanta,GA,4511,Online Transaction,0
1b51f2e4-34a9-4de9-ac04-a4fe45d1e107,2026-06-29T20:52:27.832607+00:00,167,0,17.07,Whole Foods,Austin,TX,5411,Online Transaction,0
a80ffba5-83c0-4324-8eb0-56f1382f6c7d,2026-06-21T15:05:27.832607+00:00,92,2,15.13,Netflix,Los Gatos,CA,4899,Swipe Transaction,0
72d119d0-7609-4013-b7d4-293150e5451f,2026-08-10T06:00:27.832607+00:00,104,3,33.67,CVS Pharmacy,Woonsocket,RI,5912,Chip Transaction,0
f95516a6-9f47-4e84-949a-2cd9f1c24901,2026-06-29T14:42:27.832607+00:00,189,4,73.58,Starbucks,Seattle,WA,5814,Chip Transaction,0
12a92f6c-28dd-4121-b5e7-eb60cbc4d2ca,2026-07-31T01:53:27.832607+00:00,195,2,20.11,Walmart,Bentonville,AR,5411,Chip Transaction,0
985847ce-a07e-41cb-a859-1d7f761723a8,2026-06-25T09:44:27.832607+00:00,203,1,7.74,McDonald's,Chicago,IL,5814,Swipe Transaction,0
e4fcb50d-93b7-4f58-8624-b5019dd163da,2026-07-20T00:12:27.832607+00:00,146,4,10.69,Best Buy,Richfield,MN,5732,Swipe Transaction,0
2260d7d9-9bb5-428c-8f68-3279c0a1365a,2026-07-24T16:12:27.832607+00:00,3,1,37.27,Delta Airlines,Atlanta,GA,4511,Chip Transaction,0
27ec7b44-e75b-479f-b3d9-50014fd00667,2026-07-29T21:49:27.832607+00:00,96,4,17.66,Home Depot,Atlanta,GA,5200,Swipe Transaction,0
482eae20-ee6e-4661-9e93-2ba47b8773f0,2026-07-11T11:14:27.832607+00:00,70,3,18.12,Delta Airlines,Atlanta,GA,4511,Chip Transaction,0
46f28513-6b4a-4987-8e90-6fc6b648f800,2026-08-15T08:42:27.832607+00:00,112,3,10.18,Best Buy,Richfield,MN,5732,Swipe Transaction,0
2fc2d8c8-f384-43ba-9c45-0d88ae5198b6,2026-07-23T11:11:27.832607+00:00,192,1,12.84,Costco,Issaquah,WA,5411,Swipe Transaction,0
aeff85d5-a314-4149-a0c5-d37a3304f1b0,2026-07-11T20:05:27.832607+00:00,154,1,81.82,Costco,Issaquah,WA,5411,Chip Transaction,0
d29d1f28-3717-4def-ac48-7626f1846f7c,2026-06-29T11:48:27.832607+00:00,40,4,14.3,Uber,San Francisco,CA,4121,Online Transaction,0
50f2a885-06a1-47e3-ab27-0c9675371841,2026-07-14T15:03:27.832607+00:00,169,1,241.93,Target,Minneapolis,MN,5411,Swipe Transaction,0
ba69fd2c-3e3d-4471-b006-e40861e435e0,2026-06-27T02:12:27.832607+00:00,141,1,40.08,Amazon,Seattle,WA,5942,Online Transaction,0
e9190958-6e9b-4e7a-a1ab-5413696f2128,2026-08-08T15:59:27.832607+00:00,95,3,12.65,Netflix,Los Gatos,CA,4899,Online Transaction,0
840a5b09-7243-45c7-a926-8bae4924dcb1,2026-07-04T07:37:27.832607+00:00,157,0,14.3,Shell,Houston,TX,5541,Chip Transaction,0
598440ff-ef4b-4f8c-b040-c323071cc14e,2026-07-04T01:30:27.832607+00:00,241,0,274.72,Walmart,Bentonville,AR,5411,Swipe Transaction,0
7c270773-a0b9-4049-b9c6-e9bfcfc9aa9c,2026-06-22T12:49:27.832607+00:00,174,2,23.55,Apple Store,Cupertino,CA,5732,Chip Transaction,0
f1a2fcb5-e0c4-4740-a86b-630c402146fe,2026-07-20T14:07:27.832607+00:00,26,3,29.74,Shell,Houston,TX,5541,Chip Transaction,0
5960bbe0-cf10-41f5-a737-caf592cd6390,2026-07-22T17:07:27.832607+00:00,200,2,26.96,Target,Minneapolis,MN,5411,Chip Transaction,0
e58f8859-baac-4c7b-ac34-d625a663a452,2026-06-25T21:11:27.832607+00:00,150,0,21.52,Apple Store,Cupertino,CA,5732,Swipe Transaction,0
7e98b503-0055-47d3-ace0-2cdbf9f33c86,2026-07-03T23:30:27.832607+00:00,182,1,233.38,LuxuryGoods LLC,Miami,FL,5944,Online Transaction,1
e4def58c-2bb9-4c30-a632-9d675d3d086f,2026-06-19T16:01:27.832607+00:00,127,0,91.41,Starbucks,Seattle,WA,5814,Chip Transaction,0
9aedd601-1325-4555-88bb-1627188d5f92,2026-07-17T04:32:27.832607+00:00,213,4,180.59,CVS Pharmacy,Woonsocket,RI,5912,Swipe Transaction,0
c153c4b5-e02e-4454-93cb-d8b6eaf2009c,2026-07-23T14:53:27.832607+00:00,178,1,81.15,Costco,Issaquah,WA,5411,Online Transaction,0
2c01cb31-920c-4bed-a791-f48a8f24ee9d,2026-07-20T15:10:27.832607+00:00,14,0,8.16,Uber,San Francisco,CA,4121,Chip Transaction,0
46543337-c874-4b07-a2bd-c9b2923c67a2,2026-08-06T19:19:27.832607+00:00,197,2,37.04,Uber,San Francisco,CA,4121,Online Transaction,0
3eea4793-f68a-4eb2-be48-b4228694b491,2026-06-21T20:38:27.832607+00:00,178,4,98.45,Starbucks,Seattle,WA,5814,Swipe Transaction,0
ef7bf855-1e83-42f6-af79-839f560570c6,2026-07-03T18:23:27.832607+00:00,103,2,88.69,Uber,San Francisco,CA,4121,Chip Transaction,0
f2b6faab-e8c6-4339-8ff4-8da69830f3e7,2026-08-07T08:16:27.832607+00:00,25,3,57.46,Shell,Houston,TX,5541,Chip Transaction,0
63e3782b-288d-4e7b-b103-81b4329105c2,2026-06-29T04:41:27.832607+00:00,39,1,19.16,McDonald's,Chicago,IL,5814,Swipe Transaction,0
c9ff7d73-c796-449e-be1f-6c78d6216e3f,2026-08-03T15:21:27.832607+00:00,192,4,19.37,Uber,San Francisco,CA,4121,Swipe Transaction,0
6be18ac4-1223-4e02-9995-f5a36362d9c6,2026-07-16T11:39:27.832607+00:00,26,3,13.48,Best Buy,Richfield,MN,5732,Online Transaction,0
adea7298-0fdd-4a46-9eac-5dd09cd86712,2026-07-11T03:59:27.832607+00:00,161,0,90.9,CVS Pharmacy,Woonsocket,RI,5912,Online Transaction,0
1b87ff85-4702-4c4e-a993-3ea02db53f81,2026-07-30T04:38:27.832607+00:00,164,2,4.59,Starbucks,Seattle,WA,5814,Swipe Transaction,0
e3f42d8a-3e41-44fb-9542-d7280ed48153,2026-07-07T09:08:27.832607+00:00,250,3,604.11,CryptoExchange OU,Tallinn,FOREIGN,6051,Online Transaction,1
8df96874-6e98-4c23-9144-3912130d76eb,2026-06-20T03:02:27.832607+00:00,185,1,49.33,Shell,Houston,TX,5541,Swipe Transaction,0
f5ac01e1-62ce-4b3c-b70c-8e786bc17062,2026-07-21T07:48:27.832607+00:00,133,1,53.01,Uber,San Francisco,CA,4121,Online Transaction,0
8e7cf7ba-198f-4075-bd01-63a50d3f2674,2026-07-02T08:23:27.832607+00:00,7,1,42.63,Uber,San Francisco,CA,4121,Chip Transaction,0
9b8b28db-c641-4dcb-b7b0-250ecadca3b7,2026-06-22T09:54:27.832607+00:00,8,0,6.2,Walmart,Bentonville,AR,5411,Swipe Transaction,0
e4931bda-4cfa-455a-a5c8-b0618b408e0f,2026-08-07T06:05:27.832607+00:00,70,4,86.35,Amazon,Seattle,WA,5942,Swipe Transaction,0
13cf8883-de7e-4fbd-8160-04462ce60ca7,2026-08-13T18:06:27.832607+00:00,81,0,35.77,Netflix,Los Gatos,CA,4899,Chip Transaction,0
d4a34f4b-29d0-419e-a338-28088c041321,2026-07-11T14:00:27.832607+00:00,198,4,42.56,Target,Minneapolis,MN,5411,Swipe Transaction,0
39b9834c-88a3-4655-b58d-5a2cb8f1a1ce,2026-07-09T04:26:27.832607+00:00,226,2,58.81,McDonald's,Chicago,IL,5814,Chip Transaction,0
923ead57-5cb5-4d9e-b64e-d176696d6651,2026-06-29T19:30:27.832607+00:00,138,1,23.78,Amazon,Seattle,WA,5942,Chip Transaction,0
3b155f6d-5e24-4172-a03f-7d146bb9ff30,2026-07-23T05:08:27.832607+00:00,50,4,12.99,Starbucks,Seattle,WA,5814,Chip Transaction,0
f014dbf1-3b15-48ee-a4a0-aa7ef63a087d,2026-08-16T03:12:27.832607+00:00,43,3,6.59,Starbucks,Seattle,WA,5814,Online Transaction,0
064955e0-284e-4bbe-8901-086bf915418d,2026-06-19T23:26:27.832607+00:00,58,2,12.07,Best Buy,Richfield,MN,5732,Swipe Transaction,0
5fd341c0-b7a8-458b-b778-0edefc1c40ea,2026-07-04T03:03:27.832607+00:00,17,2,29.59,Delta Airlines,Atlanta,GA,4511,Online Transaction,0
8a23283e-d847-4298-824a-a3e08527e3fa,2026-06-30T10:51:27.832607+00:00,3,0,211.73,Starbucks,Seattle,WA,5814,Online Transaction,0
10d2b920-9816-4c36-95be-8c4290c680e3,2026-07-06T06:24:27.832607+00:00,94,4,196.87,Starbucks,Seattle,WA,5814,Chip Transaction,0
5c89f612-a237-4525-855c-2f340b9806c3,2026-08-02T20:07:27.832607+00:00,243,3,55.77,Amazon,Seattle,WA,5942,Chip Transaction,0
db6d3833-757d-49c0-81bb-b1691f66771f,2026-07-26T04:48:27.832607+00:00,130,4,121.7,Apple Store,Cupertino,CA,5732,Chip Transaction,0
3198fef4-369c-4b49-a7b1-49a3e106488c,2026-07-12T06:27:27.832607+00:00,169,1,42.5,Best Buy,Richfield,MN,5732,Chip Transaction,0
c9a84017-463a-4c9b-b650-a85945ee9002,2026-07-18T11:09:27.832607+00:00,203,4,2.09,CVS Pharmacy,Woonsocket,RI,5912,Swipe Transaction,0
bbfc0057-fae1-4291-9d86-1f9eb05fad0d,2026-06-26T03:12:27.832607+00:00,82,3,62.23,Target,Minneapolis,MN,5411,Swipe Transaction,0
343e1249-5e19-421d-a07b-b9fe3df73e94,2026-07-23T18:13:27.832607+00:00,96,2,18.15,Shell,Houston,TX,5541,Chip Transaction,0
cd82c744-a39b-405c-9b2b-ae39a296d753,2026-07-22T07:08:27.832607+00:00,232,2,60.31,Walmart,Bentonville,AR,5411,Online Transaction,0
6908db0d-afd7-40ae-932b-ef84c047f9cb,2026-08-09T00:45:27.832607+00:00,87,1,20.96,Whole Foods,Austin,TX,5411,Chip Transaction,0
d23261b5-e317-4aed-81ef-dafe808a4bed,2026-08-11T12:35:27.832607+00:00,56,3,40.32,Costco,Issaquah,WA,5411,Swipe Transaction,0
99bdefe1-5783-4c36-818a-857a39164d75,2026-07-08T18:21:27.832607+00:00,98,1,12.47,CVS Pharmacy,Woonsocket,RI,5912,Chip Transaction,0
6a802be0-7379-432b-9895-99ca6a1629c6,2026-08-01T16:56:27.832607+00:00,83,2,237.54,CryptoExchange OU,Tallinn,FOREIGN,6051,Swipe Transaction,1
fc2f1638-06cf-460a-adcd-e5073b4f398c,2026-08-11T08:49:27.832607+00:00,100,0,13.65,Walmart,Bentonville,AR,5411,Chip Transaction,0
7707db69-3d31-4225-8bfc-fdbe5837a93c,2026-07-29T23:52:27.832607+00:00,233,3,2410.34,OnlineElectronics,Shenzhen,FOREIGN,5732,Online Transaction,1
22e1fe44-7cc1-4c9a-b8cc-2b679f58634a,2026-08-12T14:13:27.832607+00:00,199,3,23.83,Amazon,Seattle,WA,5942,Chip Transaction,0
4de5d5ec-9b72-4a33-983b-209089b6059c,2026-07-13T11:07:27.832607+00:00,177,0,16.8,Best Buy,Richfield,MN,5732,Swipe Transaction,0
a39f0b90-3857-426f-830e-ba45dfe47862,2026-06-19T20:41:27.832607+00:00,217,4,24.49,Walmart,Bentonville,AR,5411,Chip Transaction,0
cf215669-e326-4c82-ab37-9e2bf35b89d4,2026-07-11T20:49:27.832607+00:00,57,0,13.2,McDonald's,Chicago,IL,5814,Online Transaction,0
d7505c3c-24b3-48a8-8e56-eaf5cb0e0b5c,2026-07-27T05:03:27.832607+00:00,110,3,78.83,McDonald's,Chicago,IL,5814,Chip Transaction,0
99c9b8a9-d457-49ae-a1e2-3f423885e0de,2026-07-20T15:03:27.832607+00:00,175,0,71.31,Best Buy,Richfield,MN,5732,Chip Transaction,0
c453f2c6-338e-4eec-84c9-5c49f6006047,2026-07-12T13:57:27.832607+00:00,185,3,70.88,Shell,Houston,TX,5541,Online Transaction,0
cbd219b8-b603-4f2f-bd26-e61b6bf4d51c,2026-06-19T01:45:27.832607+00:00,18,2,1241.39,LuxuryGoods LLC,Miami,FL,5944,Swipe Transaction,1
6868b176-a10b-425b-a0d1-4b148704bcc5,2026-06-26T22:46:27.832607+00:00,119,0,17.3,Starbucks,Seattle,WA,5814,Swipe Transaction,0
dcab1cd4-a08d-478a-bdd4-5747985098c4,2026-07-05T17:06:27.832607+00:00,187,1,10.07,Walmart,Bentonville,AR,5411,Online Transaction,0
90c0a128-6db2-4c53-adb5-60fb31e85ae2,2026-07-16T18:23:27.832607+00:00,147,0,41.75,Netflix,Los Gatos,CA,4899,Chip Transaction,0
9924bc2b-0f04-4af9-8663-0c52a8cd6fbe,2026-06-27T16:47:27.832607+00:00,222,4,18.47,Apple Store,Cupertino,CA,5732,Chip Transaction,0
5835937d-2524-4b2f-87ba-72887fa5af96,2026-07-26T16:33:27.832607+00:00,50,4,32.66,Uber,San Francisco,CA,4121,Online Transaction,0
e13c2ce5-6a40-4713-a415-8fa9a5ae9cba,2026-06-19T15:44:27.832607+00:00,218,0,18.54,Netflix,Los Gatos,CA,4899,Online Transaction,0
371a56dc-3074-473b-824d-b558552ed79b,2026-07-04T02:33:27.832607+00:00,181,2,10.05,Whole Foods,Austin,TX,5411,Swipe Transaction,0
64b0c46a-beda-431f-8172-00bf6f391a1a,2026-08-05T16:23:27.832607+00:00,196,0,1330.86,QuickCash ATM,Unknown,NV,6011,Online Transaction,1
d7400f94-e1b0-4c51-8ba8-ec2da21cf332,2026-08-03T02:18:27.832607+00:00,244,4,8.01,Starbucks,Seattle,WA,5814,Chip Transaction,0
90b36c9a-4796-4f36-ba47-5077c749eb49,2026-07-03T21:48:27.832607+00:00,155,3,67.24,Amazon,Seattle,WA,5942,Swipe Transaction,0
cb86cd7b-3c28-4b6e-97e2-d72301624abb,2026-08-07T16:47:27.832607+00:00,9,2,6.98,Apple Store,Cupertino,CA,5732,Chip Transaction,0
707fbf4e-da89-4238-af4d-37cc370bb044,2026-07-10T09:44:27.832607+00:00,65,3,4.94,Whole Foods,Austin,TX,5411,Chip Transaction,0
dcb09706-15be-49dd-9abf-322c8bb05626,2026-08-16T08:39:27.832607+00:00,162,4,3.34,Netflix,Los Gatos,CA,4899,Swipe Transaction,0
48aeb242-ceab-402c-ab5f-7510424a7284,2026-06-24T00:59:27.832607+00:00,143,3,20.47,Starbucks,Seattle,WA,5814,Chip Transaction,0
1c0b6907-ee9f-467c-b247-6902a79a7244,2026-07-11T01:14:27.832607+00:00,72,1,150.59,Costco,Issaquah,WA,5411,Chip Transaction,0
9d34ab36-91cd-4704-ad58-ebacd3f3fc44,2026-07-19T13:36:27.832607+00:00,216,1,57.24,McDonald's,Chicago,IL,5814,Swipe Transaction,0
75688d38-554e-4040-b052-cd954fc3106f,2026-08-09T12:20:27.832607+00:00,192,3,13.8,Apple Store,Cupertino,CA,5732,Swipe Transaction,0
15fb12ae-6db5-40ff-9c5f-0c1aff48d1e8,2026-07-17T10:59:27.832607+00:00,30,0,56.32,Apple Store,Cupertino,CA,5732,Online Transaction,0
512d68da-19d9-4a13-a375-b61479ed1b0f,2026-07-20T07:00:27.832607+00:00,224,3,25.89,Whole Foods,Austin,TX,5411,Chip Transaction,0
a27b29f2-8e61-4efb-a37d-ca78d4ade788,2026-07-28T00:38:27.832607+00:00,88,2,9.4,Home Depot,Atlanta,GA,5200,Chip Transaction,0
f41a5609-f881-4841-84d0-0be969b934b6,2026-08-02T00:50:27.832607+00:00,93,4,64.26,Apple Store,Cupertino,CA,5732,Online Transaction,0
ba15664f-18f8-40f6-ab49-a68740038e8f,2026-07-20T14:13:27.832607+00:00,245,4,43.5,Netflix,Los Gatos,CA,4899,Chip Transaction,0
f11ad85d-1d13-440c-9ace-f57a79102e83,2026-07-04T18:37:27.832607+00:00,108,2,21.98,Whole Foods,Austin,TX,5411,Swipe Transaction,0
3a1cce4f-7b06-449c-a1aa-62763487f254,2026-07-05T19:21:27.832607+00:00,148,1,41.61,Best Buy,Richfield,MN,5732,Chip Transaction,0
c5ed674a-fe54-492a-9fdc-31af7ab8b68c,2026-07-20T20:27:27.832607+00:00,67,3,63.38,Shell,Houston,TX,5541,Swipe Transaction,0
33e0570c-b12c-4fc3-b448-0d3262a89aff,2026-06-29T16:48:27.832607+00:00,152,4,10.84,Delta Airlines,Atlanta,GA,4511,Chip Transaction,0
1a37b3b3-bf55-4e05-94b3-9beee35564c3,2026-07-31T05:35:27.832607+00:00,34,3,43.29,McDonald's,Chicago,IL,5814,Chip Transaction,0
ffb6cd90-1484-4d5e-af3d-a98fe7b46b8d,2026-06-27T22:20:27.832607+00:00,117,3,51.49,Best Buy,Richfield,MN,5732,Chip Transaction,0
bf110dee-7f5e-4baf-8e34-5cab4c0234fc,2026-06-23T12:52:27.832607+00:00,212,3,40.4,Amazon,Seattle,WA,5942,Swipe Transaction,0
5521ffde-5f05-4cac-9401-9471a517cf9d,2026-08-03T15:54:27.832607+00:00,195,3,23.11,Apple Store,Cupertino,CA,5732,Swipe Transaction,0
4e35227a-062c-4607-a520-9e2d9018e996,2026-08-10T10:46:27.832607+00:00,92,0,7.23,Walmart,Bentonville,AR,5411,Chip Transaction,0
f5123fc6-dca9-4274-b089-14a111e4c7d3,2026-08-04T23:08:27.832607+00:00,139,1,5.52,Netflix,Los Gatos,CA,4899,Chip Transaction,0
47be0668-929b-4f50-b9ef-f0f6d4d3368f,2026-07-21T15:17:27.832607+00:00,151,1,3.75,Starbucks,Seattle,WA,5814,Chip Transaction,0
f4346fc5-9362-46c5-8758-f33968675e6f,2026-07-24T20:09:27.832607+00:00,67,1,75.3,Amazon,Seattle,WA,5942,Online Transaction,0
224bb634-dcec-4563-91a0-86c860804d6c,2026-08-16T14:07:27.832607+00:00,226,3,32.93,Uber,San Francisco,CA,4121,Chip Transaction,0
39f7726b-177d-4629-b27b-d257c4afe159,2026-07-18T09:18:27.832607+00:00,124,0,17.33,Best Buy,Richfield,MN,5732,Chip Transaction,0
e8e97afd-fd5c-4435-b1dc-21178a5426c3,2026-08-13T19:03:27.832607+00:00,143,2,61.0,Costco,Issaquah,WA,5411,Online Transaction,0
721b1d4d-315c-435d-8152-2c5bc8d0209a,2026-07-21T15:37:27.832607+00:00,149,4,61.24,CVS Pharmacy,Woonsocket,RI,5912,Chip Transaction,0
93084109-3a94-41be-9466-287b1b4f524b,2026-08-15T21:44:27.832607+00:00,206,0,17.53,Uber,San Francisco,CA,4121,Chip Transaction,0
ec53dd5a-059e-40a8-9d13-da5ef2d70aef,2026-07-18T07:24:27.832607+00:00,123,4,77.06,Apple Store,Cupertino,CA,5732,Online Transaction,0
cffd8b67-d380-4831-b762-be07927f7839,2026-07-09T04:19:27.832607+00:00,47,0,116.83,McDonald's,Chicago,IL,5814,Chip Transaction,0
68dda1c2-7966-484d-a65a-74f24e2678aa,2026-07-26T23:35:27.832607+00:00,124,0,12.42,Target,Minneapolis,MN,5411,Chip Transaction,0
0a33041d-492d-41fe-b84e-d04b5099397b,2026-08-08T07:56:27.832607+00:00,237,1,101.16,Delta Airlines,Atlanta,GA,4511,Online Transaction,0
cec95858-ded4-4a22-9c21-2a7707c0bb0e,2026-06-23T22:12:27.832607+00:00,227,4,38.69,McDonald's,Chicago,IL,5814,Chip Transaction,0
26b9e4b3-fbf5-4c76-90e6-951e4dc79967,2026-07-02T13:18:27.832607+00:00,80,4,37.04,CVS Pharmacy,Woonsocket,RI,5912,Chip Transaction,0
baf8e9e6-c3ab-428b-a243-8c2d277dfe1c,2026-07-14T19:43:27.832607+00:00,148,3,28.02,Target,Minneapolis,MN,5411,Online Transaction,0
5c382632-b92e-402b-a249-798500302ee3,2026-07-19T14:35:27.832607+00:00,2,0,8.13,Netflix,Los Gatos,CA,4899,Chip Transaction,0
25b2f792-18ea-48a2-bbb1-233a9f6f178c,2026-07-18T06:58:27.832607+00:00,21,1,9.32,Amazon,Seattle,WA,5942,Chip Transaction,0
093fea33-e0bf-4671-be91-3c9b5f3462c6,2026-08-14T20:50:27.832607+00:00,186,3,69.09,Target,Minneapolis,MN,5411,Chip Transaction,0
abf6c667-76e2-43f8-b45f-a83ab03fb8f0,2026-07-14T22:52:27.832607+00:00,36,0,9.75,Shell,Houston,TX,5541,Chip Transaction,0
6a4037eb-b8f6-4e4b-8c4f-8afc7c4c1499,2026-08-11T17:48:27.832607+00:00,167,0,20.75,Shell,Houston,TX,5541,Chip Transaction,0
3a4b05f2-000d-4a87-9281-fa4d1a483375,2026-08-07T21:47:27.832607+00:00,44,0,47.06,Netflix,Los Gatos,CA,4899,Chip Transaction,0
5d143030-48fc-40da-afcc-871e5489ec64,2026-07-26T21:08:27.832607+00:00,75,4,5.61,Netflix,Los Gatos,CA,4899,Swipe Transaction,0
ef94fa16-5653-4129-9c5a-9c494dd6ece2,2026-07-30T15:04:27.832607+00:00,231,1,106.32,Best Buy,Richfield,MN,5732,Chip Transaction,0
8babf2db-67ef-48b2-95e8-682d2d193d2b,2026-06-27T05:53:27.832607+00:00,59,1,12.56,Home Depot,Atlanta,GA,5200,Swipe Transaction,0
147c78a6-b6dd-4fc5-9396-d959df6e7683,2026-07-11T06:26:27.832607+00:00,26,4,54.38,Shell,Houston,TX,5541,Chip Transaction,0
96a4a768-507c-4661-bda6-8afff8db1852,2026-06-20T01:35:27.832607+00:00,128,4,11.58,Walmart,Bentonville,AR,5411,Swipe Transaction,0
183309d7-7afa-4bb4-9df7-103cf39aca4a,2026-07-03T19:11:27.832607+00:00,12,0,32.43,Amazon,Seattle,WA,5942,Swipe Transaction,0
b78f12a5-19a6-438d-81b9-b3c08b840675,2026-06-26T14:41:27.832607+00:00,39,4,36.25,Delta Airlines,Atlanta,GA,4511,Chip Transaction,0
c2d39b8f-c359-471e-af13-666de041b21a,2026-07-06T20:12:27.832607+00:00,123,4,8.91,Costco,Issaquah,WA,5411,Chip Transaction,0
df9c4a74-9f35-4179-a3c2-7d30d44800da,2026-07-16T19:24:27.832607+00:00,162,2,64.28,Best Buy,Richfield,MN,5732,Online Transaction,0
b0ec7582-3880-41f2-97e3-703f131174e8,2026-07-18T10:11:27.832607+00:00,114,0,21.37,Walmart,Bentonville,AR,5411,Swipe Transaction,0
222645ce-f076-48e7-91c3-3d66246fc440,2026-07-22T02:12:27.832607+00:00,118,2,79.01,Amazon,Seattle,WA,5942,Online Transaction,0
a98f23de-ed30-46f5-8bfe-a06bd6cb403d,2026-08-06T17:20:27.832607+00:00,212,1,61.16,Shell,Houston,TX,5541,Online Transaction,0
3cab7539-1177-4279-b18d-afe568bea036,2026-06-24T17:58:27.832607+00:00,140,1,5.86,Netflix,Los Gatos,CA,4899,Chip Transaction,0
0b5ac4b3-c3df-4873-b48a-61d736d6d3a0,2026-08-10T10:03:27.832607+00:00,195,3,57.37,McDonald's,Chicago,IL,5814,Chip Transaction,0
bea38bba-4e25-4f1c-a17d-8fac781523c5,2026-07-05T19:54:27.832607+00:00,51,2,42.62,Whole Foods,Austin,TX,5411,Swipe Transaction,0
2dc34a93-031e-4513-8bee-e673083c5716,2026-07-20T02:24:27.832607+00:00,97,2,25.4,Apple Store,Cupertino,CA,5732,Online Transaction,0
a9699507-a2cd-41a3-b5f0-dd194e244608,2026-07-04T10:07:27.832607+00:00,229,4,14.86,Whole Foods,Austin,TX,5411,Chip Transaction,0
3fd42ac3-aad4-4805-aac3-7f441aeb9a2b,2026-06-18T20:29:27.832607+00:00,58,2,36.91,Target,Minneapolis,MN,5411,Swipe Transaction,0
432e2eba-b0d3-4cb1-8162-f99d274128d4,2026-06-29T04:45:27.832607+00:00,108,0,15.74,McDonald's,Chicago,IL,5814,Swipe Transaction,0
7c1d9d23-97f9-4f0e-8928-9f34bd432ef1,2026-06-20T18:35:27.832607+00:00,179,2,27.26,Amazon,Seattle,WA,5942,Chip Transaction,0
c83204eb-d93e-4666-8764-51c9a83855d1,2026-07-03T20:11:27.832607+00:00,214,1,15.22,Netflix,Los Gatos,CA,4899,Online Transaction,0
2b34a5cb-9d98-4f89-a45a-46828ecaf3a2,2026-08-05T08:09:27.832607+00:00,195,0,17.51,Best Buy,Richfield,MN,5732,Chip Transaction,0
e0580e23-c909-481a-b976-5e06f4430fd9,2026-07-23T08:46:27.832607+00:00,242,0,33.92,McDonald's,Chicago,IL,5814,Chip Transaction,0
01ae68b0-59b2-4bf7-8925-c8c27b4c23f7,2026-07-05T22:01:27.832607+00:00,246,2,4.0,Target,Minneapolis,MN,5411,Chip Transaction,0
93d21eee-1028-4a06-8602-74f8cda1672e,2026-07-09T11:15:27.832607+00:00,205,1,9.84,CVS Pharmacy,Woonsocket,RI,5912,Online Transaction,0
4295eb55-b7e8-4499-953e-11224b07c28f,2026-07-28T00:11:27.832607+00:00,79,1,28.83,Best Buy,Richfield,MN,5732,Chip Transaction,0
866b350c-fc9b-43fe-889b-e1f8696f8eda,2026-08-02T10:11:27.832607+00:00,196,2,3.56,McDonald's,Chicago,IL,5814,Swipe Transaction,0
1e36597f-692f-4843-bfd9-c8205dc878ed,2026-06-21T16:29:27.832607+00:00,240,0,83.53,Netflix,Los Gatos,CA,4899,Chip Transaction,0
d718fa36-378e-48cc-ab5a-ca79a0e86233,2026-07-15T16:13:27.832607+00:00,120,1,7.27,Best Buy,Richfield,MN,5732,Swipe Transaction,0
9a62bb99-ff4b-40a0-97d5-aef3099cbef9,2026-07-11T03:29:27.832607+00:00,148,0,36.45,Amazon,Seattle,WA,5942,Swipe Transaction,0
097ffa7b-72dd-4e4d-9337-37b034229681,2026-06-19T21:27:27.832607+00:00,166,2,59.8,Shell,Houston,TX,5541,Online Transaction,0
3d3e666d-62b7-4db4-86a1-0be1e4199904,2026-07-20T09:23:27.832607+00:00,82,2,22.01,Home Depot,Atlanta,GA,5200,Swipe Transaction,0
016eaf07-e026-4be9-95e1-9e14b506a109,2026-06-17T20:18:27.832607+00:00,103,4,54.0,Delta Airlines,Atlanta,GA,4511,Chip Transaction,0
c85890a4-4e25-4db4-bf79-87a50ad81ee6,2026-07-02T22:49:27.832607+00:00,244,2,34.39,Delta Airlines,Atlanta,GA,4511,Chip Transaction,0
f7134f34-ee20-40a2-aeb7-ec075a8d1ce7,2026-07-23T10:29:27.832607+00:00,148,3,32.18,Starbucks,Seattle,WA,5814,Chip Transaction,0
1922a41e-9753-48f4-90bb-0c959e6d7cd8,2026-06-24T07:47:27.832607+00:00,177,2,9166.47,LuxuryGoods LLC,Miami,FL,5944,Online Transaction,1
a3c33891-0ba7-4630-9059-34a1f9e01759,2026-07-31T21:55:27.832607+00:00,212,4,38.47,Home Depot,Atlanta,GA,5200,Chip Transaction,0
1ce68bb2-3624-442f-8642-b5ee13da612d,2026-08-07T19:45:27.832607+00:00,64,1,5.87,Starbucks,Seattle,WA,5814,Chip Transaction,0
a505ca60-3f7a-408e-b517-8f3ce40b3c9b,2026-08-12T04:54:27.832607+00:00,76,3,21.5,Starbucks,Seattle,WA,5814,Chip Transaction,0
ba85418a-9aae-4395-9dd1-3b9c81a66c85,2026-07-24T17:23:27.832607+00:00,41,0,734.03,AnonymousGiftCards,Panama City,FOREIGN,5947,Online Transaction,1
411fb302-f80b-4b37-aec1-70904ab0e57e,2026-07-25T19:06:27.832607+00:00,64,1,18.31,Amazon,Seattle,WA,5942,Chip Transaction,0
b209e6ef-e4f5-4380-b282-57d66dc7a6dd,2026-07-18T01:34:27.832607+00:00,84,4,24.02,Amazon,Seattle,WA,5942,Online Transaction,0
79fd7a98-7390-4cf1-b66c-e2f0d16c4d2d,2026-07-02T09:50:27.832607+00:00,14,2,64.09,Best Buy,Richfield,MN,5732,Online Transaction,0
92ab4c05-a26c-48a0-8fac-8fdf6d0c9f32,2026-08-02T23:22:27.832607+00:00,101,2,111.09,McDonald's,Chicago,IL,5814,Online Transaction,0
a887c60f-519a-4249-aa40-f4b559ef3caa,2026-08-10T07:36:27.832607+00:00,206,0,46.19,Best Buy,Richfield,MN,5732,Chip Transaction,0
34976e38-0112-4250-bdc9-b00fb7746d8d,2026-07-03T12:47:27.832607+00:00,188,2,57.83,Walmart,Bentonville,AR,5411,Online Transaction,0
07e9233d-0a94-43e1-bfd1-98f25fef00e2,2026-08-14T20:35:27.832607+00:00,66,0,6.22,Delta Airlines,Atlanta,GA,4511,Swipe Transaction,0
de1cdea1-0aae-4263-a1b8-89b3cd73a64c,2026-06-21T16:27:27.832607+00:00,32,3,54.96,Apple Store,Cupertino,CA,5732,Chip Transaction,0
6e35f75a-9473-498d-924f-cb3adec3b088,2026-07-08T10:55:27.832607+00:00,216,3,11.16,Target,Minneapolis,MN,5411,Chip Transaction,0
95755c61-38a2-48f0-b718-7794c9aa6768,2026-08-05T20:18:27.832607+00:00,243,3,43.16,Target,Minneapolis,MN,5411,Chip Transaction,0
0f5273e8-8f7d-4a24-b0c4-773554b17bbf,2026-07-26T04:27:27.832607+00:00,40,0,22.04,Amazon,Seattle,WA,5942,Chip Transaction,0
cb7c09f0-c910-4106-ba22-8810df1fb71c,2026-07-19T04:21:27.832607+00:00,108,4,9.73,McDonald's,Chicago,IL,5814,Swipe Transaction,0
fe553a7d-b108-499b-bc76-b5dd34796ff3,2026-07-07T06:11:27.832607+00:00,109,0,9.46,Walmart,Bentonville,AR,5411,Swipe Transaction,0
1fde99f1-ee57-42f3-96bc-13d036f355a7,2026-07-01T19:34:27.832607+00:00,73,3,28.82,CVS Pharmacy,Woonsocket,RI,5912,Chip Transaction,0
e9a7939b-0798-47c2-9134-c2870a54aa05,2026-08-08T01:20:27.832607+00:00,135,4,14.67,Delta Airlines,Atlanta,GA,4511,Online Transaction,0
4fd5892f-5ed8-4d22-af12-6e3babb149af,2026-06-27T01:47:27.832607+00:00,101,0,13.08,Best Buy,Richfield,MN,5732,Online Transaction,0
529c4ac4-79a1-455d-9d63-1e1d18693890,2026-07-12T16:12:27.832607+00:00,182,4,26.05,Home Depot,Atlanta,GA,5200,Chip Transaction,0
d553b104-55b8-4f6c-b6d5-45b57da315b4,2026-07-15T17:31:27.832607+00:00,86,3,19.31,Costco,Issaquah,WA,5411,Swipe Transaction,0
49ced811-ff7d-40a7-b462-4746509fc2bd,2026-06-27T02:48:27.832607+00:00,123,1,19.6,Target,Minneapolis,MN,5411,Chip Transaction,0
36131e4d-5e17-4a29-9f62-27fb6258da48,2026-07-03T08:30:27.832607+00:00,115,1,4.03,Amazon,Seattle,WA,5942,Online Transaction,0
7392ae79-92f2-4d06-a37f-aa64ef1ba230,2026-06-20T05:56:27.832607+00:00,58,0,17.83,Starbucks,Seattle,WA,5814,Chip Transaction,0
02cc4bea-7d20-4ac1-a91e-cf98715942a9,2026-06-29T05:47:27.832607+00:00,195,4,18.61,CVS Pharmacy,Woonsocket,RI,5912,Online Transaction,0
4f2ecc0d-144d-4aae-9320-f03193c88d63,2026-06-24T15:25:27.832607+00:00,73,4,14.09,Best Buy,Richfield,MN,5732,Chip Transaction,0
038f0887-f963-4991-a6fa-0bf42aa05b7c,2026-06-27T20:40:27.832607+00:00,145,0,55.56,Apple Store,Cupertino,CA,5732,Chip Transaction,0
b3aeae4b-eba8-4f30-8ea8-8368e8c6e247,2026-07-08T05:22:27.832607+00:00,144,2,45.88,Home Depot,Atlanta,GA,5200,Chip Transaction,0
7e1b732e-4127-4a26-b346-11cfea5ccfa7,2026-07-03T01:38:27.832607+00:00,172,4,20.5,Walmart,Bentonville,AR,5411,Chip Transaction,0
bb09a169-56d6-48dd-bc7c-bd32f2e79f09,2026-07-14T12:50:27.832607+00:00,168,3,53.49,Starbucks,Seattle,WA,5814,Online Transaction,0
0636b040-335e-4d30-9142-50f11ec448ff,2026-07-28T17:29:27.832607+00:00,85,1,6.0,Target,Minneapolis,MN,5411,Chip Transaction,0
6f1a6172-97a4-4d89-937c-dc009acc79ce,2026-07-25T22:23:27.832607+00:00,52,0,20.61,Delta Airlines,Atlanta,GA,4511,Chip Transaction,0
29487f6d-9a42-419c-83dd-f3f3f2109735,2026-07-13T08:15:27.832607+00:00,107,0,22.83,Home Depot,Atlanta,GA,5200,Chip Transaction,0
703fef60-41d9-4319-aefe-78a02a9f9313,2026-07-14T00:19:27.832607+00:00,245,2,10.69,Apple Store,Cupertino,CA,5732,Chip Transaction,0
5efd5746-e163-4c87-8ad3-db56d4175afc,2026-07-21T09:29:27.832607+00:00,145,4,25.64,Amazon,Seattle,WA,5942,Chip Transaction,0
a9376c98-b880-48ec-befc-f1041366abf1,2026-06-27T16:26:27.832607+00:00,134,4,59.99,Best Buy,Richfield,MN,5732,Chip Transaction,0
89502a00-c834-44e9-950b-3f0ff23f7610,2026-07-04T06:16:27.832607+00:00,204,2,11.12,Netflix,Los Gatos,CA,4899,Chip Transaction,0
c120f98e-3d4a-4272-acbc-d902448fab12,2026-07-25T03:48:27.832607+00:00,75,1,32.2,CVS Pharmacy,Woonsocket,RI,5912,Swipe Transaction,0
67470430-5dae-4517-ad78-0b1a0ec19ce5,2026-07-19T07:41:27.832607+00:00,178,2,31.07,Shell,Houston,TX,5541,Chip Transaction,0
3bacc43b-715b-4f2e-a91a-f78cd73324a7,2026-08-07T02:49:27.832607+00:00,70,3,32.71,Best Buy,Richfield,MN,5732,Chip Transaction,0
28a02033-14e7-46c3-b61c-bc9c61213a7f,2026-07-12T12:41:27.832607+00:00,156,3,24.37,Best Buy,Richfield,MN,5732,Chip Transaction,0
ae14d812-3e13-47e1-956c-523e689e19fc,2026-08-02T12:42:27.832607+00:00,2,1,21.99,Target,Minneapolis,MN,5411,Chip Transaction,0
978a125a-cc6a-4514-8458-1b9c96766337,2026-08-05T04:52:27.832607+00:00,219,0,7.75,Target,Minneapolis,MN,5411,Chip Transaction,0
69a83306-53b1-418a-8961-9b23a022ee94,2026-07-31T00:13:27.832607+00:00,68,0,15.43,McDonald's,Chicago,IL,5814,Chip Transaction,0
0f1969a0-7ea2-4b32-871e-9a4342860f03,2026-06-30T18:40:27.832607+00:00,87,0,57.52,Target,Minneapolis,MN,5411,Online Transaction,0
ebf76edb-ab00-4105-b0eb-cfb105d83aef,2026-07-10T05:21:27.832607+00:00,56,4,124.81,Amazon,Seattle,WA,5942,Online Transaction,0
ae0919d7-f524-4cb2-b15d-b117a2e612c6,2026-08-05T05:32:27.832607+00:00,9,4,15.81,Home Depot,Atlanta,GA,5200,Swipe Transaction,0
00fb464d-2212-4c69-afef-32b8e46cdbac,2026-06-27T02:39:27.832607+00:00,157,2,20.25,Starbucks,Seattle,WA,5814,Chip Transaction,0
360e86c5-26f3-447b-82ff-fce615a08a04,2026-06-27T14:03:27.832607+00:00,38,1,54.18,Costco,Issaquah,WA,5411,Chip Transaction,0
e4629d9b-a897-433b-bbb8-39a5bf4f0f58,2026-07-24T04:13:27.832607+00:00,186,0,10.56,Target,Minneapolis,MN,5411,Chip Transaction,0
8551708c-6880-48ad-b82b-0253e18af8d1,2026-07-25T13:26:27.832607+00:00,242,0,22.56,Starbucks,Seattle,WA,5814,Chip Transaction,0
ae294737-2e59-4fed-8f60-3634867ffd7f,2026-08-06T19:08:27.832607+00:00,151,0,39.92,Amazon,Seattle,WA,5942,Chip Transaction,0
e30d12a9-46c6-4edb-8d0e-18e0020350ff,2026-07-23T19:23:27.832607+00:00,99,0,83.53,Best Buy,Richfield,MN,5732,Chip Transaction,0
f33cfb15-0667-4b81-98db-5b90e807dd67,2026-08-14T13:37:27.832607+00:00,214,0,39.67,Whole Foods,Austin,TX,5411,Chip Transaction,0
924e2ae9-4701-4ded-b73b-f98a4685d73a,2026-08-07T12:29:27.832607+00:00,243,3,41.63,CVS Pharmacy,Woonsocket,RI,5912,Chip Transaction,0
742670d1-db4d-4a97-8b4c-3a9ab2da3e87,2026-06-17T22:13:27.832607+00:00,75,0,17.94,Target,Minneapolis,MN,5411,Swipe Transaction,0
d5c1cda8-9439-4ecf-8edf-a334840210eb,2026-08-12T16:16:27.832607+00:00,27,0,16.09,Walmart,Bentonville,AR,5411,Chip Transaction,0
6d7f3552-6538-4b0b-b6e8-125a112aad40,2026-06-26T14:39:27.832607+00:00,224,4,13.39,Shell,Houston,TX,5541,Chip Transaction,0
fc35ab19-d481-43bc-8953-84daf634f250,2026-08-16T14:18:27.832607+00:00,191,2,8.04,Apple Store,Cupertino,CA,5732,Chip Transaction,0
9e0bd781-6b7b-4da3-93bc-c86dd6326bdd,2026-08-12T10:49:27.832607+00:00,129,3,20.19,Whole Foods,Austin,TX,5411,Swipe Transaction,0
0431e582-0660-4116-bb03-0d6e43133adf,2026-06-29T20:51:27.832607+00:00,196,3,13.03,Amazon,Seattle,WA,5942,Online Transaction,0
559ec441-76a5-4905-9ff1-8d050c6ea9a7,2026-07-23T01:29:27.832607+00:00,69,0,51.14,Target,Minneapolis,MN,5411,Chip Transaction,0
2d282ebc-8f71-4858-937a-b42b2e24bde9,2026-07-27T13:08:27.832607+00:00,158,4,22.1,Whole Foods,Austin,TX,5411,Swipe Transaction,0
aaf71fa3-e1b5-43f1-9410-af4492fb7321,2026-07-06T20:36:27.832607+00:00,192,4,371.26,QuickCash ATM,Unknown,NV,6011,Swipe Transaction,1
116e5658-38d0-4a0e-ab21-5c2ef4da9dfd,2026-07-21T11:59:27.832607+00:00,17,4,50.83,Costco,Issaquah,WA,5411,Chip Transaction,0
14f0eedb-3c88-4f1a-a27b-3e7a7dece04e,2026-08-12T15:49:27.832607+00:00,10,0,61.05,Whole Foods,Austin,TX,5411,Swipe Transaction,0
6adc15c8-7609-43f8-be3d-1bc490ef8d25,2026-08-14T08:42:27.832607+00:00,25,1,19.74,Best Buy,Richfield,MN,5732,Chip Transaction,0
69f54e79-d919-4bc8-9605-05198565d155,2026-07-18T11:29:27.832607+00:00,113,2,19.26,Amazon,Seattle,WA,5942,Chip Transaction,0
81d9309e-2f47-4dd7-b5c9-130ec92c4008,2026-06-30T08:54:27.832607+00:00,163,4,12.15,Best Buy,Richfield,MN,5732,Swipe Transaction,0
75f94576-c24a-441a-b9c3-42b1256e66fc,2026-06-30T13:46:27.832607+00:00,167,1,16.27,Home Depot,Atlanta,GA,5200,Chip Transaction,0
126e26b5-f20f-44f2-b8c7-8f06c9a175bb,2026-07-10T21:48:27.832607+00:00,114,3,21.59,Amazon,Seattle,WA,5942,Swipe Transaction,0
8afdae2c-61a2-46fc-b7df-2bda1b47dc80,2026-07-27T14:22:27.832607+00:00,52,0,28.96,Uber,San Francisco,CA,4121,Chip Transaction,0
9a9c5aa3-8485-43e9-bfcf-573c56067dd8,2026-07-07T08:54:27.832607+00:00,158,0,21.65,Walmart,Bentonville,AR,5411,Chip Transaction,0
5a1268e7-d957-41f5-b6f8-c00b9a815af4,2026-08-01T07:18:27.832607+00:00,92,2,17.11,Shell,Houston,TX,5541,Online Transaction,0
2f6c5504-2873-4fd0-9e2b-a21d1aee3965,2026-06-23T22:06:27.832607+00:00,78,4,14.17,Shell,Houston,TX,5541,Swipe Transaction,0
c38cff7a-339d-4493-a8ad-2b8532b41d29,2026-07-10T17:43:27.832607+00:00,187,1,22.28,Whole Foods,Austin,TX,5411,Online Transaction,0
8d988cc9-7dc7-4371-9d11-afd66bdb6c84,2026-07-15T00:18:27.832607+00:00,47,3,9.44,Amazon,Seattle,WA,5942,Swipe Transaction,0
8bf377e9-1548-41f4-8264-2fcec30f66cf,2026-06-20T18:32:27.832607+00:00,190,4,11.97,Uber,San Francisco,CA,4121,Chip Transaction,0
a31eede7-fc3d-462c-82c0-eae0a8d15b05,2026-07-04T07:47:27.832607+00:00,110,1,8.91,Apple Store,Cupertino,CA,5732,Chip Transaction,0
731b7c29-9d82-4b47-992e-a7b6d4538e83,2026-07-22T22:41:27.832607+00:00,90,4,3.86,Delta Airlines,Atlanta,GA,4511,Swipe Transaction,0
9938bd85-394e-4cf7-ba53-11f704e1f280,2026-07-13T13:31:27.832607+00:00,169,3,8.61,McDonald's,Chicago,IL,5814,Online Transaction,0
2d3bbe41-36f0-4b89-a169-13197fae0141,2026-06-27T10:13:27.832607+00:00,62,2,16.43,Walmart,Bentonville,AR,5411,Online Transaction,0
38e8bd35-ec12-4f2d-b5a0-07de053f3c74,2026-06-25T07:46:27.832607+00:00,113,0,79.45,Walmart,Bentonville,AR,5411,Swipe Transaction,0
073e9dc6-7d84-426f-a78e-ae3d8a87e503,2026-07-08T14:53:27.832607+00:00,212,2,761.76,LuxuryGoods LLC,Miami,FL,5944,Online Transaction,1
99b559bd-9831-45ae-858d-3f883dd2ab81,2026-07-05T16:48:27.832607+00:00,240,2,51.37,Walmart,Bentonville,AR,5411,Swipe Transaction,0
494ceb2d-ebf5-4713-9f97-b1b2be2c7964,2026-07-23T20:41:27.832607+00:00,115,0,8.13,Netflix,Los Gatos,CA,4899,Swipe Transaction,0
44735fd3-9d1d-4ed1-b74a-c3a2406cdaf2,2026-08-07T13:09:27.832607+00:00,170,1,103.63,McDonald's,Chicago,IL,5814,Chip Transaction,0
719b1e5f-737d-488c-b7db-489b99f4e824,2026-07-04T12:33:27.832607+00:00,93,2,13.12,Walmart,Bentonville,AR,5411,Online Transaction,0
b86ff1c3-5e69-4353-9287-74006e6ce8ac,2026-08-05T07:36:27.832607+00:00,45,3,34.53,Costco,Issaquah,WA,5411,Swipe Transaction,0
ed8763ad-bfe2-4b71-8789-b4c599cbc455,2026-08-11T22:05:27.832607+00:00,198,0,11701.4,CryptoExchange OU,Tallinn,FOREIGN,6051,Swipe Transaction,1
f8e153e3-75e5-4c81-9a6c-2a2d98903eba,2026-08-09T05:29:27.832607+00:00,65,4,28.89,Netflix,Los Gatos,CA,4899,Chip Transaction,0
38abba9c-4a29-4457-9fd6-d16bb59473de,2026-06-20T17:54:27.832607+00:00,136,2,27.13,Target,Minneapolis,MN,5411,Swipe Transaction,0
93794558-195d-4fa1-88e5-c9aa31804da1,2026-07-13T14:56:27.832607+00:00,19,0,23.52,Best Buy,Richfield,MN,5732,Online Transaction,0
5770be5c-39f2-4541-a918-7cef0194fdaf,2026-07-23T19:06:27.832607+00:00,120,1,4.1,Home Depot,Atlanta,GA,5200,Online Transaction,0
76c31a50-9aa2-4d05-9730-bbe109a26f25,2026-06-20T14:59:27.832607+00:00,108,0,64.83,Costco,Issaquah,WA,5411,Chip Transaction,0
f5ee1936-34c8-4ac0-b99c-400fa0db4d3c,2026-06-22T15:32:27.832607+00:00,36,0,60.01,Walmart,Bentonville,AR,5411,Chip Transaction,0
091756ee-2197-4485-b8a4-c12d16fdd6a7,2026-07-10T10:03:27.832607+00:00,32,3,311.93,Walmart,Bentonville,AR,5411,Online Transaction,0
dfb44bac-2d82-4a4b-a2d6-9ba831a1ef59,2026-07-12T19:25:27.832607+00:00,40,1,49.25,McDonald's,Chicago,IL,5814,Online Transaction,0
3e83b043-542c-4f99-b795-984d9a83f47e,2026-07-10T03:56:27.832607+00:00,130,1,41.32,Walmart,Bentonville,AR,5411,Chip Transaction,0
c880e6fb-f238-42d0-bb2f-d5c0dc599bea,2026-07-18T22:57:27.832607+00:00,71,0,31.18,Best Buy,Richfield,MN,5732,Chip Transaction,0
6e9e88be-248f-41eb-9ff1-49e73313f091,2026-07-25T14:32:27.832607+00:00,59,1,27.89,CVS Pharmacy,Woonsocket,RI,5912,Swipe Transaction,0
cf57abaa-99cd-45ef-befe-1d1b7ff7e283,2026-07-16T13:14:27.832607+00:00,103,3,38.63,Whole Foods,Austin,TX,5411,Swipe Transaction,0
ec0adf03-d274-4fe3-93f1-0f4d625dddc7,2026-08-07T13:00:27.832607+00:00,217,4,32.91,Whole Foods,Austin,TX,5411,Chip Transaction,0
6ff60683-91a6-4959-bd87-cf104029e53b,2026-06-26T03:04:27.832607+00:00,158,3,13.0,Costco,Issaquah,WA,5411,Chip Transaction,0
de4cddfb-e306-4763-a223-fd13cdcdde41,2026-07-24T09:10:27.832607+00:00,236,3,27.95,McDonald's,Chicago,IL,5814,Chip Transaction,0
e368d471-e004-4170-bd28-2479ce2c985c,2026-06-28T10:52:27.832607+00:00,83,4,9.51,Walmart,Bentonville,AR,5411,Chip Transaction,0
5ecd85aa-cf7e-4988-ae1c-229f7660fdd7,2026-07-02T07:35:27.832607+00:00,169,0,10.36,Costco,Issaquah,WA,5411,Swipe Transaction,0
9e508d0d-4d14-4e19-8457-6800a92c1eb6,2026-06-19T12:23:27.832607+00:00,237,2,47.8,Delta Airlines,Atlanta,GA,4511,Chip Transaction,0
90769f33-e905-4979-a561-625298c8952e,2026-06-25T06:24:27.832607+00:00,186,3,23.2,Target,Minneapolis,MN,5411,Chip Transaction,0
1008e13b-dc1f-46ff-adb0-a3443fa47782,2026-07-11T19:41:27.832607+00:00,138,0,10.92,Starbucks,Seattle,WA,5814,Chip Transaction,0
1be24bb3-ca26-442c-ba6c-7469073385c6,2026-07-31T20:24:27.832607+00:00,120,1,44.42,Uber,San Francisco,CA,4121,Online Transaction,0
ce06bc8a-d9ba-4454-9a09-9849bc57cc4e,2026-07-06T08:23:27.832607+00:00,126,4,32.34,CVS Pharmacy,Woonsocket,RI,5912,Chip Transaction,0
1ebe9dd5-11e0-4598-954b-b83cd37c4663,2026-07-19T01:11:27.832607+00:00,185,3,32.41,Walmart,Bentonville,AR,5411,Chip Transaction,0
5c34acd9-c50d-4ab5-ba2c-03511f813cbf,2026-07-23T06:34:27.832607+00:00,38,2,22.49,Walmart,Bentonville,AR,5411,Chip Transaction,0
69adff00-1f06-4209-94bb-e0c39678bf5a,2026-07-12T00:45:27.832607+00:00,8,0,2.87,Apple Store,Cupertino,CA,5732,Chip Transaction,0
a5a3668c-d50a-47e9-b211-462830e798b2,2026-06-28T08:52:27.832607+00:00,164,4,28.35,Netflix,Los Gatos,CA,4899,Chip Transaction,0
a039564f-6b95-41c8-9f3a-785f3324ce92,2026-08-04T02:49:27.832607+00:00,175,4,13.86,Starbucks,Seattle,WA,5814,Online Transaction,0
17be9484-3eb3-4965-bce8-d74a8f4a5d15,2026-06-30T00:48:27.832607+00:00,91,2,32.26,Target,Minneapolis,MN,5411,Chip Transaction,0
7c6a9cad-53ea-49f3-9b25-1fde5d88ac9a,2026-06-28T05:06:27.832607+00:00,76,1,7.23,Target,Minneapolis,MN,5411,Chip Transaction,0
d9bbebc1-aab5-445d-a67f-1000f4d16d11,2026-06-28T05:05:27.832607+00:00,126,4,39.47,Costco,Issaquah,WA,5411,Swipe Transaction,0
d50aa281-89c5-4cc3-af61-765e5d997c6f,2026-07-08T16:04:27.832607+00:00,188,2,32.99,Starbucks,Seattle,WA,5814,Chip Transaction,0
8ba7e7b6-fd5b-47a1-bc58-ae2db2ac87e7,2026-07-15T14:58:27.832607+00:00,159,2,19.5,McDonald's,Chicago,IL,5814,Chip Transaction,0
075e4be2-dd68-440a-81b2-0a6b905bc49c,2026-06-28T20:23:27.832607+00:00,177,0,8.99,Delta Airlines,Atlanta,GA,4511,Chip Transaction,0
45857639-d873-4ee0-9788-2d8265110d99,2026-08-15T15:03:27.832607+00:00,232,1,54.91,Amazon,Seattle,WA,5942,Chip Transaction,0
cfd80589-867b-4ffe-b494-d752c51d9a36,2026-07-23T01:35:27.832607+00:00,85,1,48.41,Whole Foods,Austin,TX,5411,Online Transaction,0
6c7a2ced-4f25-40a1-becc-8461770c2997,2026-06-25T12:33:27.832607+00:00,8,4,39.69,Netflix,Los Gatos,CA,4899,Online Transaction,0
d7227b98-7ee4-4baf-8212-0ad6188f2d73,2026-08-06T14:48:27.832607+00:00,201,3,20.44,Delta Airlines,Atlanta,GA,4511,Online Transaction,0
74233fef-6505-4660-a485-a33f5a55225e,2026-06-22T01:45:27.832607+00:00,53,0,21.39,Home Depot,Atlanta,GA,5200,Chip Transaction,0
40f92389-c3c6-4015-974d-e57caf29c2ca,2026-07-24T15:46:27.832607+00:00,119,0,18.13,Whole Foods,Austin,TX,5411,Chip Transaction,0
083a9c53-e5b8-474d-92d4-e40df5a1ca3a,2026-08-14T00:15:27.832607+00:00,26,2,7.24,Shell,Houston,TX,5541,Swipe Transaction,0
4843b7c7-3ce5-4b7f-9b0f-c3dd191147cb,2026-06-18T02:21:27.832607+00:00,178,1,11.73,Netflix,Los Gatos,CA,4899,Chip Transaction,0
983b8a4a-8e7d-4621-988d-d7283baae12c,2026-06-30T20:32:27.832607+00:00,210,0,412.67,QuickCash ATM,Unknown,NV,6011,Chip Transaction,1
960c5698-b16c-41be-9831-122a49e1332a,2026-06-18T06:03:27.832607+00:00,26,1,17.58,CVS Pharmacy,Woonsocket,RI,5912,Swipe Transaction,0
bc86b70f-9329-4d1f-a13c-18562e699603,2026-08-05T16:17:27.832607+00:00,179,1,40.96,Target,Minneapolis,MN,5411,Swipe Transaction,0
c386d78a-b490-40b5-ab6a-5a529c349ffb,2026-08-04T16:16:27.832607+00:00,50,3,66.36,Home Depot,Atlanta,GA,5200,Online Transaction,0
c58aae7a-d841-47fc-9d01-d85d7e70fd99,2026-06-18T19:45:27.832607+00:00,45,2,53.55,Shell,Houston,TX,5541,Online Transaction,0
09b90662-3171-4a6c-804f-000b2a448c0e,2026-07-29T17:35:27.832607+00:00,199,1,38.83,Amazon,Seattle,WA,5942,Online Transaction,0
3b79a2ac-b79c-4f4d-9a61-7c423fc320d2,2026-07-18T06:00:27.832607+00:00,140,4,21.72,McDonald's,Chicago,IL,5814,Chip Transaction,0
58cbaf2c-8452-4e8b-8257-ac47b6fc83c0,2026-06-28T19:13:27.832607+00:00,6,2,10.62,Amazon,Seattle,WA,5942,Online Transaction,0
a9f88a58-ecfe-4295-b644-9a0abe34c7d2,2026-07-15T03:28:27.832607+00:00,152,3,83.55,Home Depot,Atlanta,GA,5200,Swipe Transaction,0
e1e5ed7f-4bf1-46db-bdc6-fea52dc001c5,2026-08-06T01:58:27.832607+00:00,95,2,5.72,Netflix,Los Gatos,CA,4899,Online Transaction,0
b9f14ec7-e300-476b-9a34-ad4d28c454b9,2026-07-20T22:41:27.832607+00:00,204,2,29.41,Uber,San Francisco,CA,4121,Chip Transaction,0
7585cfd4-8832-4501-8da4-3ea12baa854d,2026-06-26T12:06:27.832607+00:00,23,0,19.84,Uber,San Francisco,CA,4121,Online Transaction,0
863843a1-c24a-4903-b67c-ddf64428366f,2026-07-30T15:40:27.832607+00:00,195,2,44.32,Best Buy,Richfield,MN,5732,Swipe Transaction,0
cd51bff0-30e9-4afd-90da-be8048305c10,2026-07-05T05:22:27.832607+00:00,175,0,21.78,Target,Minneapolis,MN,5411,Swipe Transaction,0
0dee54f2-ae4f-480d-a7e1-28d63452f538,2026-08-08T19:26:27.832607+00:00,194,0,83.91,Amazon,Seattle,WA,5942,Chip Transaction,0
598e5bc4-52c6-4a63-a426-2201cbbd340e,2026-07-16T01:34:27.832607+00:00,182,4,2.72,Target,Minneapolis,MN,5411,Chip Transaction,0
5ff84854-2c0e-4acc-a2e5-894020a0410c,2026-06-23T15:07:27.832607+00:00,34,4,13.2,Amazon,Seattle,WA,5942,Swipe Transaction,0
a26c4ece-3270-496e-ae4a-0b0d66d74694,2026-06-19T22:38:27.832607+00:00,236,3,39.68,Home Depot,Atlanta,GA,5200,Chip Transaction,0
866449b1-c47f-48b6-b3ee-a953cfba0d44,2026-07-22T05:49:27.832607+00:00,147,4,106.87,Walmart,Bentonville,AR,5411,Swipe Transaction,0
1fa7fd3c-ac53-4c0c-9f9e-33916790dc2f,2026-06-19T15:08:27.832607+00:00,163,2,96.69,Whole Foods,Austin,TX,5411,Chip Transaction,0
a0e71e56-afee-4626-9da9-1cd941c1937d,2026-07-11T22:34:27.832607+00:00,226,4,6.18,Whole Foods,Austin,TX,5411,Swipe Transaction,0
4cf45b3a-e8c9-4ede-a507-4a4158377845,2026-07-15T16:32:27.832607+00:00,144,4,26.51,Target,Minneapolis,MN,5411,Online Transaction,0
dc49bd70-0833-4e37-b651-f72997afc056,2026-07-01T04:27:27.832607+00:00,102,1,15.06,McDonald's,Chicago,IL,5814,Swipe Transaction,0
df19b579-ba42-46d5-b162-ec7a2a9e346f,2026-08-12T03:25:27.832607+00:00,128,4,33.04,Whole Foods,Austin,TX,5411,Chip Transaction,0
d3e3c9f4-4809-4172-9be2-2ba6e6a44534,2026-07-21T21:31:27.832607+00:00,119,2,34.37,Best Buy,Richfield,MN,5732,Chip Transaction,0
6894c476-b27d-4f7d-9df6-3529c51b03ce,2026-07-19T14:36:27.832607+00:00,213,1,90.4,Costco,Issaquah,WA,5411,Swipe Transaction,0
55f64ab0-cf7e-49ef-ad66-aee3d7f8a102,2026-07-09T00:27:27.832607+00:00,77,3,46.42,McDonald's,Chicago,IL,5814,Swipe Transaction,0
4f86bd8b-dd14-407f-aad7-71b1ca3940e1,2026-07-15T12:24:27.832607+00:00,67,1,33.17,Walmart,Bentonville,AR,5411,Online Transaction,0
1c4382c5-cff0-40b4-b034-2299c690c5eb,2026-07-16T18:29:27.832607+00:00,245,4,33.13,Whole Foods,Austin,TX,5411,Chip Transaction,0
1a790469-e4f4-425b-87f6-1c29989aa8e4,2026-08-11T20:47:27.832607+00:00,130,2,51.24,Best Buy,Richfield,MN,5732,Chip Transaction,0
f01bdc00-ccfb-4326-a782-a32c89c8dc83,2026-07-06T19:09:27.832607+00:00,205,4,89.55,Starbucks,Seattle,WA,5814,Chip Transaction,0
8011f343-a3fe-471a-8885-483633a2ba94,2026-08-10T05:47:27.832607+00:00,174,0,4.62,Home Depot,Atlanta,GA,5200,Online Transaction,0
b7759fd2-8b76-4524-9e27-45ec3adb7c7e,2026-07-03T07:21:27.832607+00:00,120,3,31.83,Delta Airlines,Atlanta,GA,4511,Swipe Transaction,0
8e4fc4ba-5b51-427a-b3b7-81b399cd05ef,2026-07-12T11:43:27.832607+00:00,7,0,190.65,Whole Foods,Austin,TX,5411,Chip Transaction,0
ab438049-6f82-41db-97ab-cc5781e8617b,2026-07-03T00:31:27.832607+00:00,184,4,19.98,Starbucks,Seattle,WA,5814,Chip Transaction,0
a891057c-888a-44ae-8f02-d5cf7f555244,2026-07-18T12:44:27.832607+00:00,88,1,70.5,Starbucks,Seattle,WA,5814,Swipe Transaction,0
a0e574cf-e84e-46a3-902b-5aee797063f9,2026-06-27T08:13:27.832607+00:00,61,2,48.37,CVS Pharmacy,Woonsocket,RI,5912,Chip Transaction,0
8a4ebc32-2f81-40ef-b46c-8129a5c0f9b9,2026-07-17T16:03:27.832607+00:00,14,1,30.73,Shell,Houston,TX,5541,Swipe Transaction,0
8f0c4dec-06c9-4af0-8790-75822f9dd3d7,2026-08-04T02:05:27.832607+00:00,203,4,12.19,Starbucks,Seattle,WA,5814,Chip Transaction,0
34fe1e3b-ae8b-4c18-9578-af9faf2b30a5,2026-07-17T18:50:27.832607+00:00,178,3,13.24,Best Buy,Richfield,MN,5732,Chip Transaction,0
6914295a-943a-410d-93f7-4c55c09b2057,2026-08-12T23:37:27.832607+00:00,19,1,7.28,Target,Minneapolis,MN,5411,Chip Transaction,0
d907499d-9547-4637-bbb1-3b625ab0798a,2026-07-09T17:49:27.832607+00:00,29,1,40.02,Shell,Houston,TX,5541,Swipe Transaction,0
a9fcf782-cfb4-4596-96fe-e31e92a13846,2026-08-06T23:43:27.832607+00:00,38,3,126.07,Starbucks,Seattle,WA,5814,Online Transaction,0
21fd61d0-65f5-4902-a2b0-f17e84360df5,2026-08-15T11:59:27.832607+00:00,233,4,11.9,Uber,San Francisco,CA,4121,Online Transaction,0
64ffc122-9334-4f92-b88d-b73df6c42f46,2026-06-18T17:10:27.832607+00:00,108,4,33.84,Delta Airlines,Atlanta,GA,4511,Chip Transaction,0
d3a5a329-a1c1-47b1-a2f4-1afdcf1eb6b5,2026-07-15T16:40:27.832607+00:00,241,2,71.68,Amazon,Seattle,WA,5942,Chip Transaction,0
71d66106-0d5f-477d-a6b9-45c496bd6f05,2026-06-24T22:45:27.832607+00:00,173,2,24.28,Target,Minneapolis,MN,5411,Swipe Transaction,0
1c8f6c45-3c35-4b62-8036-936dbb85e71e,2026-07-28T02:27:27.832607+00:00,186,4,21.57,Target,Minneapolis,MN,5411,Chip Transaction,0
ace037c4-e574-48b3-9f45-db00c7a308e1,2026-08-11T04:20:27.832607+00:00,190,1,21.3,Costco,Issaquah,WA,5411,Chip Transaction,0
a5f9ca40-f917-4d23-84ed-d3fc496782e6,2026-07-11T08:40:27.832607+00:00,246,3,97.07,Delta Airlines,Atlanta,GA,4511,Chip Transaction,0
82576622-07eb-4b0b-ac1e-c4ed720212b7,2026-06-26T13:41:27.832607+00:00,87,0,127.1,QuickCash ATM,Unknown,NV,6011,Online Transaction,1
ae8f0f20-bb55-46e4-a1a9-8fdba80ef910,2026-07-11T08:27:27.832607+00:00,119,0,32.67,CVS Pharmacy,Woonsocket,RI,5912,Online Transaction,0
1b6c5839-d21d-46a3-9917-ba5e1bc29327,2026-08-10T16:30:27.832607+00:00,154,3,9.18,McDonald's,Chicago,IL,5814,Chip Transaction,0
1923ee9b-b802-48b8-b686-75cc7256eb6b,2026-08-01T21:47:27.832607+00:00,210,1,51.04,Netflix,Los Gatos,CA,4899,Swipe Transaction,0
5d16da42-6283-48e3-93b4-441dbe6e4efd,2026-06-24T06:17:27.832607+00:00,236,3,184.66,Costco,Issaquah,WA,5411,Chip Transaction,0
70dece3e-0c69-4c0e-a98b-7db1d3e6779f,2026-06-18T17:50:27.832607+00:00,230,4,10.31,Walmart,Bentonville,AR,5411,Online Transaction,0
d96c64e4-862c-4668-be54-ce94c0d29129,2026-08-05T08:04:27.832607+00:00,47,3,11.39,Home Depot,Atlanta,GA,5200,Swipe Transaction,0
c4279597-e8e7-4fa3-8f6a-feef9e15c689,2026-08-11T20:53:27.832607+00:00,228,3,29.4,Best Buy,Richfield,MN,5732,Chip Transaction,0
0cd0e2af-7e5d-4ecc-8147-459f654e894d,2026-08-01T15:24:27.832607+00:00,178,4,9.84,Whole Foods,Austin,TX,5411,Chip Transaction,0
cd70d2a7-fde6-4251-952b-d55a17d875fb,2026-08-14T10:49:27.832607+00:00,75,2,18.41,Target,Minneapolis,MN,5411,Chip Transaction,0
1d2b4587-6634-46a2-8f4b-877f8ecc0d8e,2026-07-09T22:29:27.832607+00:00,70,3,24.72,Uber,San Francisco,CA,4121,Swipe Transaction,0
b5c7c263-c658-419b-a36b-27d8f6556f7f,2026-07-10T15:06:27.832607+00:00,110,2,381.4,AnonymousGiftCards,Panama City,FOREIGN,5947,Chip Transaction,1
f3493f3b-626b-4973-8cfa-f74685207ae2,2026-07-07T18:03:27.832607+00:00,93,3,3.17,McDonald's,Chicago,IL,5814,Chip Transaction,0
3f80b41a-2140-4f60-82fa-fabc23675955,2026-07-27T23:59:27.832607+00:00,138,2,43.25,Apple Store,Cupertino,CA,5732,Chip Transaction,0
18c264e0-84d8-49da-8bfc-0f9dadc73583,2026-08-15T12:22:27.832607+00:00,123,3,53.06,CVS Pharmacy,Woonsocket,RI,5912,Chip Transaction,0
ed95492c-e26c-425d-a056-b6a86ca566c2,2026-07-06T02:19:27.832607+00:00,245,1,88.78,Amazon,Seattle,WA,5942,Swipe Transaction,0
f899f023-8c4f-4289-a291-8aa47f202552,2026-06-28T02:56:27.832607+00:00,204,1,29.07,Netflix,Los Gatos,CA,4899,Chip Transaction,0
6416ef23-3695-46c9-bf76-e6868727db54,2026-07-11T07:03:27.832607+00:00,113,0,91.11,Walmart,Bentonville,AR,5411,Chip Transaction,0
8eed5918-3a9e-4717-a9e5-d3266c3958ad,2026-08-16T16:18:27.832607+00:00,9,2,23.76,Costco,Issaquah,WA,5411,Online Transaction,0
d0857753-561c-4dc2-a3fa-2aad1b21b3d6,2026-07-12T13:19:27.832607+00:00,177,3,26.22,Netflix,Los Gatos,CA,4899,Chip Transaction,0
267c961a-96e6-474f-8361-fe3478875455,2026-07-13T09:24:27.832607+00:00,135,1,19.72,Apple Store,Cupertino,CA,5732,Chip Transaction,0
07621ac6-ad48-41d5-aca5-32fdcca96f9d,2026-08-05T14:00:27.832607+00:00,93,1,42.44,CVS Pharmacy,Woonsocket,RI,5912,Swipe Transaction,0
cb114d65-a4f3-422b-9fad-66b0fdd1dc11,2026-07-13T20:09:27.832607+00:00,148,4,8.41,Shell,Houston,TX,5541,Chip Transaction,0
2911feab-64d1-418d-a429-c8402b1c9017,2026-08-09T00:10:27.832607+00:00,1,0,46.03,Home Depot,Atlanta,GA,5200,Chip Transaction,0
308d2994-847b-4dca-95d4-d4f9f0a67d91,2026-07-04T21:38:27.832607+00:00,230,0,4134.68,AnonymousGiftCards,Panama City,FOREIGN,5947,Online Transaction,1
7e504cd8-c10d-42b9-b505-abb7134079ff,2026-07-14T09:24:27.832607+00:00,121,2,23.19,Apple Store,Cupertino,CA,5732,Online Transaction,0
96a5969b-9010-4044-84e3-7c6915eb4644,2026-08-11T11:59:27.832607+00:00,114,4,18.97,Starbucks,Seattle,WA,5814,Chip Transaction,0
973ae412-da15-494a-a44c-fcb9fe04dfb5,2026-07-13T06:33:27.832607+00:00,14,2,33.91,Target,Minneapolis,MN,5411,Chip Transaction,0
9659d71c-6319-4e53-9555-31bdfa1d1e35,2026-08-10T15:59:27.832607+00:00,128,4,6.65,Whole Foods,Austin,TX,5411,Online Transaction,0
95820580-be82-44d7-aabd-d38c38a3dc56,2026-07-14T20:06:27.832607+00:00,176,1,428.34,QuickCash ATM,Unknown,NV,6011,Online Transaction,1
d63f8dd2-68d8-4d2c-8d02-0ebab52a235c,2026-06-21T13:37:27.832607+00:00,160,4,124.25,Walmart,Bentonville,AR,5411,Chip Transaction,0
db2d87e3-4c55-43f8-89e8-a65f16b089d8,2026-07-04T17:04:27.832607+00:00,86,1,53.43,Apple Store,Cupertino,CA,5732,Online Transaction,0
1f45ba0c-2242-4253-a74e-eb55dacf6646,2026-06-23T06:18:27.832607+00:00,89,1,41.01,Best Buy,Richfield,MN,5732,Swipe Transaction,0
c35e1e33-ab06-4cf8-91e2-8802b5be1615,2026-07-12T21:13:27.832607+00:00,43,0,48.98,McDonald's,Chicago,IL,5814,Swipe Transaction,0
fc6843fe-fb2d-4da8-b57c-7ec609b96612,2026-07-22T04:41:27.832607+00:00,202,2,13.07,Shell,Houston,TX,5541,Online Transaction,0
9bcf99a3-dc9e-4989-ae5c-b27458244a7e,2026-08-08T08:11:27.832607+00:00,201,4,52.28,Starbucks,Seattle,WA,5814,Swipe Transaction,0
f87819c9-679f-486c-bfb7-13179ea6aacc,2026-07-07T02:02:27.832607+00:00,207,3,26.34,Walmart,Bentonville,AR,5411,Swipe Transaction,0
a5463416-f6bb-4df6-b34e-a15a3e1635a7,2026-07-20T09:13:27.832607+00:00,101,4,64.5,Amazon,Seattle,WA,5942,Swipe Transaction,0
9f7ec431-34de-42ac-b632-d2e00b00e9ce,2026-07-01T10:56:27.832607+00:00,245,2,28.25,Shell,Houston,TX,5541,Chip Transaction,0
12717863-c5a6-4d75-ab7c-148fbe93dd4a,2026-07-01T23:39:27.832607+00:00,68,2,74.44,Shell,Houston,TX,5541,Chip Transaction,0
77846ca8-e1de-423f-8863-e78b48342d62,2026-08-14T08:36:27.832607+00:00,196,1,27.47,Best Buy,Richfield,MN,5732,Chip Transaction,0
677228a4-7195-48f9-b0eb-6c5231df9951,2026-07-18T21:55:27.832607+00:00,24,0,36.97,Apple Store,Cupertino,CA,5732,Online Transaction,0
f4e25d90-78af-40bd-9982-6ef1c01e7778,2026-06-30T15:24:27.832607+00:00,157,4,7.42,Delta Airlines,Atlanta,GA,4511,Online Transaction,0
e7375bf9-0177-4adc-9cf9-e8c36ac19ffe,2026-07-18T12:49:27.832607+00:00,106,0,12.41,Costco,Issaquah,WA,5411,Online Transaction,0
ef13696f-25f1-4769-8a1c-8258fe2810c3,2026-07-02T06:43:27.832607+00:00,167,2,60.42,Amazon,Seattle,WA,5942,Swipe Transaction,0
36e34a83-0f98-4d63-8ea0-fbb4030e7bbe,2026-06-29T09:16:27.832607+00:00,68,1,1684.84,CryptoExchange OU,Tallinn,FOREIGN,6051,Online Transaction,1
1f02de37-14c6-442f-b5b9-ef4b5036040a,2026-07-16T06:57:27.832607+00:00,85,2,32.79,Apple Store,Cupertino,CA,5732,Chip Transaction,0
340fc43f-ca88-47d7-8d1f-d0358d7fee8c,2026-06-28T00:59:27.832607+00:00,236,4,59.29,Costco,Issaquah,WA,5411,Online Transaction,0
22a7e2f3-83b7-4590-88da-6de080637522,2026-08-07T12:23:27.832607+00:00,156,4,59.59,Target,Minneapolis,MN,5411,Swipe Transaction,0
a1aafacf-964e-4c4a-91ea-8f489c98a785,2026-07-22T07:24:27.832607+00:00,185,4,12.0,Netflix,Los Gatos,CA,4899,Chip Transaction,0
9d3c9082-a08a-4f0e-8447-1b1b0a191754,2026-07-24T20:30:27.832607+00:00,138,0,20.08,CVS Pharmacy,Woonsocket,RI,5912,Chip Transaction,0
86509710-d6ba-4cb8-811a-c03fe1d3a179,2026-07-23T02:13:27.832607+00:00,222,3,151.74,Target,Minneapolis,MN,5411,Chip Transaction,0
036686b3-c65f-49d2-bb17-1ea2c8dcac7b,2026-06-21T09:28:27.832607+00:00,135,3,37.42,Home Depot,Atlanta,GA,5200,Online Transaction,0
ec664bcd-b2f5-4e79-90b4-8c542eba3378,2026-07-04T23:02:27.832607+00:00,76,0,17.2,Shell,Houston,TX,5541,Chip Transaction,0
153de15f-588b-4de9-9cd5-676e2f6afb72,2026-07-26T08:29:27.832607+00:00,85,4,7.5,Walmart,Bentonville,AR,5411,Chip Transaction,0
74a35bb3-40e4-4cbc-86e8-56b8372aaec5,2026-07-08T04:58:27.832607+00:00,72,4,25.16,Apple Store,Cupertino,CA,5732,Chip Transaction,0
d4027e33-b381-4ecb-a1f3-9e3931ecca6b,2026-07-21T17:38:27.832607+00:00,90,3,32.39,Apple Store,Cupertino,CA,5732,Swipe Transaction,0
6439f22a-03f3-46d5-990f-2f7b46588e79,2026-08-05T23:34:27.832607+00:00,35,1,86.34,Walmart,Bentonville,AR,5411,Online Transaction,0
e9bd9256-b6f6-43af-be18-65d2f1d57b0f,2026-07-25T22:53:27.832607+00:00,133,0,7.0,Amazon,Seattle,WA,5942,Swipe Transaction,0
006c1f91-7419-4855-8195-33080d193b46,2026-07-19T00:41:27.832607+00:00,163,2,19.78,Walmart,Bentonville,AR,5411,Chip Transaction,0
d4a2add3-476a-458f-8f45-b3c1504fcb7f,2026-07-25T20:05:27.832607+00:00,138,3,62.28,Starbucks,Seattle,WA,5814,Chip Transaction,0
a39d329c-9724-4cb8-9e28-d17c1e25cf1c,2026-06-19T22:22:27.832607+00:00,49,0,2.14,Shell,Houston,TX,5541,Chip Transaction,0
75643e85-dd3e-4116-a4ef-9ba9b5617a11,2026-08-07T05:29:27.832607+00:00,217,1,5.55,Walmart,Bentonville,AR,5411,Chip Transaction,0
3c6a452a-a0d5-4fd6-9a6c-30decd0640bb,2026-06-27T01:04:27.832607+00:00,77,2,20.58,Home Depot,Atlanta,GA,5200,Swipe Transaction,0
8cfa9f33-5388-475b-93f7-e593aa0c675f,2026-06-21T03:06:27.832607+00:00,84,2,25.37,Uber,San Francisco,CA,4121,Chip Transaction,0
86b60a39-8842-4a1c-afc6-975f75795988,2026-08-09T12:36:27.832607+00:00,241,1,34.42,Amazon,Seattle,WA,5942,Chip Transaction,0
0399f8fa-51f0-4966-90d8-98c21b87b318,2026-06-30T03:58:27.832607+00:00,214,4,22.02,Netflix,Los Gatos,CA,4899,Online Transaction,0
bbe8e29a-c9fe-48b4-bfde-e4bd8f33b597,2026-07-22T23:51:27.832607+00:00,138,4,49.38,Whole Foods,Austin,TX,5411,Chip Transaction,0
54b08a90-3b54-4db7-811d-666e731ce3c8,2026-08-02T13:40:27.832607+00:00,85,1,26.33,Costco,Issaquah,WA,5411,Online Transaction,0
81664f10-aed8-4f06-9ef6-c85c15d301b7,2026-08-12T18:03:27.832607+00:00,139,4,6.51,McDonald's,Chicago,IL,5814,Online Transaction,0
aa20ad7b-6da0-4049-84da-d40247ea30ae,2026-07-05T21:41:27.832607+00:00,235,0,39.34,Delta Airlines,Atlanta,GA,4511,Swipe Transaction,0
e141f250-4ee4-4eb2-97c8-84cf66546d31,2026-07-28T20:48:27.832607+00:00,114,3,146.43,Netflix,Los Gatos,CA,4899,Chip Transaction,0
a6fd5b22-ae93-4aa1-9d2b-2ec66de1d332,2026-06-28T04:17:27.832607+00:00,119,3,41.55,Netflix,Los Gatos,CA,4899,Chip Transaction,0
25f204cd-1a7d-4e28-a2d2-48615c6ab945,2026-08-14T03:41:27.832607+00:00,113,0,23.12,Target,Minneapolis,MN,5411,Online Transaction,0
9a98886d-99e9-48c3-bbe0-bee92e78c001,2026-08-16T03:19:27.832607+00:00,163,2,33.92,McDonald's,Chicago,IL,5814,Chip Transaction,0
55773485-c49c-49f1-8ba7-561e39cec7df,2026-06-19T20:28:27.832607+00:00,10,0,69.89,Apple Store,Cupertino,CA,5732,Swipe Transaction,0
4ebe63f8-08bf-4e93-ac27-2c73adec5b8c,2026-07-24T14:47:27.832607+00:00,16,1,28.83,Uber,San Francisco,CA,4121,Chip Transaction,0
6a025d86-3eeb-4c26-a8ec-8d953415e3aa,2026-07-05T17:17:27.832607+00:00,209,3,33.09,McDonald's,Chicago,IL,5814,Swipe Transaction,0
a142d49a-dd0f-421d-870d-5398f89eaff4,2026-08-14T17:41:27.832607+00:00,75,3,37.08,Target,Minneapolis,MN,5411,Chip Transaction,0
30507327-a849-4655-a3ee-2612aea5fc9b,2026-06-30T08:34:27.832607+00:00,116,3,36.53,CVS Pharmacy,Woonsocket,RI,5912,Swipe Transaction,0
689494c8-244e-48ea-9cf8-17784e54d398,2026-06-18T16:52:27.832607+00:00,219,0,7.63,Walmart,Bentonville,AR,5411,Swipe Transaction,0
5b180248-baab-4c0c-81d1-3bdf6accdc17,2026-07-15T01:25:27.832607+00:00,166,3,117.34,Netflix,Los Gatos,CA,4899,Chip Transaction,0
0eb16773-949e-49ef-ac3a-e5acba0270c4,2026-07-26T14:30:27.832607+00:00,230,2,66.21,Costco,Issaquah,WA,5411,Swipe Transaction,0
4a95bec9-2616-4b25-bf05-4de2e7098b33,2026-07-08T13:07:27.832607+00:00,19,1,5.12,Starbucks,Seattle,WA,5814,Swipe Transaction,0
9fc8a333-da0a-4272-aab9-0ca4a446406a,2026-07-22T00:01:27.832607+00:00,8,0,16.01,Uber,San Francisco,CA,4121,Swipe Transaction,0
90dcd2f8-fc15-4883-ba91-69fea1174e6b,2026-07-09T06:35:27.832607+00:00,216,4,35.55,Starbucks,Seattle,WA,5814,Chip Transaction,0
7658edb6-4e6c-472b-ad7a-88875cede4f1,2026-07-22T09:34:27.832607+00:00,143,4,12.43,Netflix,Los Gatos,CA,4899,Chip Transaction,0
42f6ae79-5c57-4279-b8e3-2555aba9def4,2026-07-18T09:29:27.832607+00:00,185,4,27.68,Walmart,Bentonville,AR,5411,Chip Transaction,0
66047709-6ab0-413f-87bb-a42aa66e6713,2026-07-02T09:31:27.832607+00:00,109,4,16.11,CVS Pharmacy,Woonsocket,RI,5912,Chip Transaction,0
5cb37ec4-84fe-4407-b182-2b9a90576e0c,2026-06-20T22:48:27.832607+00:00,30,2,5.89,Whole Foods,Austin,TX,5411,Chip Transaction,0
760a0008-aa07-4eaf-8e6b-219f66eaf5a2,2026-07-27T21:56:27.832607+00:00,6,1,46.99,Shell,Houston,TX,5541,Chip Transaction,0
e229d917-a762-4aad-9e4c-dbec1aa6e14a,2026-06-19T22:02:27.832607+00:00,156,3,9.28,Apple Store,Cupertino,CA,5732,Chip Transaction,0
86fa8a7f-614f-46b6-95c3-5ee0f34ee10d,2026-06-21T06:34:27.832607+00:00,250,2,16.87,Delta Airlines,Atlanta,GA,4511,Swipe Transaction,0
c87e6027-e961-49cf-8202-05fc9423c740,2026-08-14T11:38:27.832607+00:00,35,4,54.9,Uber,San Francisco,CA,4121,Swipe Transaction,0
fc7ab8c3-f264-4c28-bc03-3eb82318ab18,2026-06-20T07:32:27.832607+00:00,215,2,15.1,Walmart,Bentonville,AR,5411,Online Transaction,0
f8f03d8e-9d6f-47ab-889f-9b70378bf2c8,2026-08-10T00:50:27.832607+00:00,190,2,18.45,Best Buy,Richfield,MN,5732,Chip Transaction,0
8e6529c4-7c7b-471d-98d7-2deea1867722,2026-08-03T17:52:27.832607+00:00,199,0,80.71,Amazon,Seattle,WA,5942,Chip Transaction,0
24bcda4f-efca-49ae-ac6f-3ee064a3a0f5,2026-07-11T21:40:27.832607+00:00,24,2,107.8,Walmart,Bentonville,AR,5411,Swipe Transaction,0
097ecb59-11ff-4939-9f84-4cce4e5af446,2026-07-13T17:34:27.832607+00:00,11,1,16.94,Delta Airlines,Atlanta,GA,4511,Online Transaction,0
c286e28b-35a2-4de4-91d8-221a0c05040e,2026-07-04T16:36:27.832607+00:00,132,4,31.73,CVS Pharmacy,Woonsocket,RI,5912,Chip Transaction,0
60be6081-2baa-4260-b745-ae124f450048,2026-08-03T22:03:27.832607+00:00,62,1,4.17,Amazon,Seattle,WA,5942,Swipe Transaction,0
946d3426-abd4-42dd-9d01-3cbdf793f5f5,2026-08-08T11:08:27.832607+00:00,52,3,6.98,Delta Airlines,Atlanta,GA,4511,Chip Transaction,0
4770dcba-a4d0-45ec-b75b-098dea568e28,2026-07-26T12:57:27.832607+00:00,211,4,15.37,Costco,Issaquah,WA,5411,Swipe Transaction,0
06276390-7c19-4290-b3b7-437c3ab7f6f1,2026-08-13T06:26:27.832607+00:00,150,4,35.95,Costco,Issaquah,WA,5411,Swipe Transaction,0
5f1a1ae4-de20-4baa-b7ad-fcfa18861bb4,2026-08-11T05:37:27.832607+00:00,23,1,86.35,Shell,Houston,TX,5541,Online Transaction,0
d04294dd-30bc-4882-b8db-05d633975333,2026-06-18T03:24:27.832607+00:00,231,4,15.56,Target,Minneapolis,MN,5411,Chip Transaction,0
c9c5ea33-9220-427a-a2bd-1fac9b9220ea,2026-08-08T21:11:27.832607+00:00,206,4,97.27,CVS Pharmacy,Woonsocket,RI,5912,Chip Transaction,0
4b593957-d332-49d8-82d4-8d2cf1205519,2026-07-14T09:41:27.832607+00:00,178,1,3.69,Starbucks,Seattle,WA,5814,Swipe Transaction,0
1682da1b-9046-4dce-83cb-54e44ed59d6e,2026-07-05T18:36:27.832607+00:00,33,0,6.97,Netflix,Los Gatos,CA,4899,Chip Transaction,0
511dfb0d-91b9-4faf-bede-d2f04bbb9591,2026-08-06T04:40:27.832607+00:00,58,0,35.86,CVS Pharmacy,Woonsocket,RI,5912,Chip Transaction,0
bd327592-d097-40d9-b206-cc7e39123c3c,2026-08-08T09:36:27.832607+00:00,244,4,17.97,Costco,Issaquah,WA,5411,Swipe Transaction,0
52563e1e-4aef-4f57-8b5a-1df9ace0d440,2026-08-12T04:19:27.832607+00:00,106,2,25.71,McDonald's,Chicago,IL,5814,Chip Transaction,0
01a8f633-fbcf-44cc-a5f1-23a14b9d32f8,2026-07-14T23:43:27.832607+00:00,152,0,43.01,Walmart,Bentonville,AR,5411,Swipe Transaction,0
6f970b83-92b0-49e3-9027-08562576e65c,2026-07-01T02:12:27.832607+00:00,187,1,12.89,McDonald's,Chicago,IL,5814,Online Transaction,0
d1b1c6ca-d229-4853-83b5-84dbf7a51e80,2026-08-08T05:36:27.832607+00:00,103,3,11.9,Target,Minneapolis,MN,5411,Online Transaction,0
c8d333c3-763c-45b7-bb6f-be18e5cc44bf,2026-08-11T21:33:27.832607+00:00,124,0,71.77,Whole Foods,Austin,TX,5411,Chip Transaction,0
4ac4f3a9-015a-43fa-8b1e-85c960178ffa,2026-08-15T18:22:27.832607+00:00,83,0,25.54,Starbucks,Seattle,WA,5814,Chip Transaction,0
4a3d41f4-033b-4726-9577-eee6bc8a6b6a,2026-08-06T14:28:27.832607+00:00,68,4,54.4,Starbucks,Seattle,WA,5814,Online Transaction,0
e85dec6f-0500-4ca2-89a1-8a65447ecef8,2026-07-14T07:31:27.832607+00:00,184,3,23.01,Apple Store,Cupertino,CA,5732,Chip Transaction,0
c9569a4c-f11b-443d-8225-bea0252687af,2026-07-06T11:51:27.832607+00:00,39,1,3.94,Delta Airlines,Atlanta,GA,4511,Swipe Transaction,0
1cc99536-befb-43d6-8eb1-b5e149f73594,2026-08-09T22:47:27.832607+00:00,51,3,37.76,CVS Pharmacy,Woonsocket,RI,5912,Chip Transaction,0
4ca1bac6-96c8-49ee-a73c-8d9da31e9977,2026-06-19T07:37:27.832607+00:00,8,1,41.41,Walmart,Bentonville,AR,5411,Online Transaction,0
fb94ea9a-00af-4a0b-a3ff-57b2b199fd3f,2026-06-25T14:42:27.832607+00:00,119,0,38.33,Costco,Issaquah,WA,5411,Chip Transaction,0
95a5a52b-1699-4908-8509-fe919d3211bc,2026-08-15T13:18:27.832607+00:00,36,1,16.42,Best Buy,Richfield,MN,5732,Online Transaction,0
7484d5f0-0d34-47bb-a0b0-ca83415976e3,2026-07-27T22:30:27.832607+00:00,7,4,44.1,Amazon,Seattle,WA,5942,Chip Transaction,0
38466dfa-d773-44da-9755-187382af9861,2026-07-02T16:46:27.832607+00:00,64,1,17.01,Walmart,Bentonville,AR,5411,Chip Transaction,0
9d16250b-ba41-4748-92ca-614b6597446d,2026-07-28T02:51:27.832607+00:00,74,4,14.32,Costco,Issaquah,WA,5411,Chip Transaction,0
5b2389a2-4e81-484d-b144-06abf64471ee,2026-06-29T21:48:27.832607+00:00,154,0,49.35,Best Buy,Richfield,MN,5732,Chip Transaction,0
8faedda9-8ecc-425c-9748-e960071873bd,2026-06-25T05:00:27.832607+00:00,215,1,34.58,Target,Minneapolis,MN,5411,Online Transaction,0
3c9a535c-e1ac-4243-811d-065f34d8894b,2026-07-13T18:30:27.832607+00:00,29,1,43.9,Uber,San Francisco,CA,4121,Online Transaction,0
6de2cc97-6656-4138-af93-30033d84473b,2026-06-21T08:18:27.832607+00:00,55,2,30.05,Whole Foods,Austin,TX,5411,Chip Transaction,0
2f3437ac-904f-4f54-9f22-5d1451ee4c86,2026-06-30T12:33:27.832607+00:00,233,1,48.32,CVS Pharmacy,Woonsocket,RI,5912,Chip Transaction,0
c17a5257-c802-4592-b9e3-44b16a2dad87,2026-06-27T22:28:27.832607+00:00,38,1,17.02,Starbucks,Seattle,WA,5814,Swipe Transaction,0
14731272-1c60-4745-8399-bce4de72a7bb,2026-06-29T09:14:27.832607+00:00,133,2,1314.58,LuxuryGoods LLC,Miami,FL,5944,Online Transaction,1
aca4a3a3-a30c-48eb-913d-bb9206847753,2026-07-10T04:18:27.832607+00:00,183,2,13.27,CVS Pharmacy,Woonsocket,RI,5912,Chip Transaction,0
53a90c98-d06b-4e67-b672-0589b531b61a,2026-08-07T20:30:27.832607+00:00,28,3,39.39,Apple Store,Cupertino,CA,5732,Chip Transaction,0
2ef48fd0-9b47-4f58-9e70-50b7d234ed71,2026-07-17T11:53:27.832607+00:00,67,2,30.67,Target,Minneapolis,MN,5411,Chip Transaction,0
7835c489-5f2d-4f4b-b7f6-12e24a755cb2,2026-07-01T01:39:27.832607+00:00,46,4,4.16,Home Depot,Atlanta,GA,5200,Chip Transaction,0
0e8ac81a-48f6-4461-b499-465b4c21a0d1,2026-08-06T12:52:27.832607+00:00,107,4,12.05,Delta Airlines,Atlanta,GA,4511,Chip Transaction,0
8091a8f0-cbf8-41dc-867a-783417748e23,2026-07-13T02:24:27.832607+00:00,97,0,20.48,Shell,Houston,TX,5541,Chip Transaction,0
0db36a7e-bcb7-45d7-8b17-fc6050804910,2026-08-08T16:01:27.832607+00:00,88,2,13.26,Target,Minneapolis,MN,5411,Swipe Transaction,0
a93fab8a-a221-47a3-9ac1-a39fc2d34089,2026-06-20T09:36:27.832607+00:00,249,1,52.84,Uber,San Francisco,CA,4121,Chip Transaction,0
8dc73448-cd81-4bb4-8996-62c705a880ce,2026-07-13T05:32:27.832607+00:00,7,1,24.53,Shell,Houston,TX,5541,Chip Transaction,0
56c86f78-4640-4495-882d-bf0195b26c9c,2026-07-21T09:30:27.832607+00:00,87,4,8.02,McDonald's,Chicago,IL,5814,Chip Transaction,0
b0d750a2-e2ab-432c-8ef5-2dfd1124c79c,2026-07-15T13:27:27.832607+00:00,218,0,21.79,CVS Pharmacy,Woonsocket,RI,5912,Online Transaction,0
135c11e8-102c-41f7-9da5-2dc3fe9b3d1e,2026-08-08T08:37:27.832607+00:00,39,1,31.72,Netflix,Los Gatos,CA,4899,Chip Transaction,0
c9a741a9-daf6-4b01-9440-26cf938c2b54,2026-06-30T05:23:27.832607+00:00,26,3,23.11,Best Buy,Richfield,MN,5732,Chip Transaction,0
472d3a7f-c514-4152-b7f8-edec2bbdf94c,2026-07-28T21:31:27.832607+00:00,15,4,12.74,Home Depot,Atlanta,GA,5200,Swipe Transaction,0
e5840886-c182-412f-895e-482926ed09c1,2026-07-18T05:32:27.832607+00:00,155,4,29.31,McDonald's,Chicago,IL,5814,Swipe Transaction,0
00891abc-533b-4a3c-ad5f-42c205e3f643,2026-08-09T01:24:27.832607+00:00,203,2,11.75,Whole Foods,Austin,TX,5411,Online Transaction,0
13586869-9a86-4a0d-a522-e607a0d905c6,2026-08-15T01:05:27.832607+00:00,224,3,25.98,Costco,Issaquah,WA,5411,Chip Transaction,0
4c7578fc-a404-4ecb-a475-3d1ea733bc9e,2026-07-05T14:51:27.832607+00:00,85,4,12.78,Delta Airlines,Atlanta,GA,4511,Online Transaction,0
755ca948-3fa0-4741-abfe-83d9053299e6,2026-07-17T06:30:27.832607+00:00,66,2,16.98,Walmart,Bentonville,AR,5411,Online Transaction,0
b18c9c48-b1f7-41bf-b6eb-6d496d0df585,2026-06-21T23:55:27.832607+00:00,190,3,28.97,Netflix,Los Gatos,CA,4899,Online Transaction,0
a9d43891-2641-448b-82e7-51f7cfa85783,2026-07-15T14:26:27.832607+00:00,4,0,23.4,Target,Minneapolis,MN,5411,Chip Transaction,0
968ae475-2bc4-45bc-a246-4a1a7e889175,2026-07-10T00:47:27.832607+00:00,53,2,35.21,Delta Airlines,Atlanta,GA,4511,Online Transaction,0
b3a204ea-57ae-4bee-96a6-a9e827021368,2026-07-19T22:37:27.832607+00:00,48,1,103.9,McDonald's,Chicago,IL,5814,Chip Transaction,0
f7e645eb-713f-4689-9437-804c92a068f4,2026-07-19T07:18:27.832607+00:00,42,3,20.53,Costco,Issaquah,WA,5411,Chip Transaction,0
27e002a2-28b6-4796-a0ab-6a71b90d2696,2026-07-22T10:46:27.832607+00:00,175,0,43.88,Home Depot,Atlanta,GA,5200,Swipe Transaction,0
a06f6652-f968-48b8-b1c3-4d9857432775,2026-08-11T23:20:27.832607+00:00,175,4,5.04,Amazon,Seattle,WA,5942,Chip Transaction,0
7a4296a3-e624-48e1-a688-9f0ae7a1404f,2026-07-21T23:02:27.832607+00:00,62,0,4.67,Uber,San Francisco,CA,4121,Swipe Transaction,0
50c94f75-3a30-45da-b07c-ca0e50611809,2026-07-23T04:04:27.832607+00:00,24,2,120.23,CVS Pharmacy,Woonsocket,RI,5912,Swipe Transaction,0
0a12b9f5-5ac5-41a5-a437-1301798d0d27,2026-07-31T23:38:27.832607+00:00,183,2,166.74,Whole Foods,Austin,TX,5411,Chip Transaction,0
d87ed4d1-db40-4dc9-8ea7-32a1fa244c61,2026-08-03T04:01:27.832607+00:00,124,1,70.58,Whole Foods,Austin,TX,5411,Swipe Transaction,0
fc8f1c2f-662f-4907-8fd6-469b2e7a8456,2026-06-29T02:42:27.832607+00:00,143,0,17.02,Delta Airlines,Atlanta,GA,4511,Chip Transaction,0
fb518ec6-510f-4de7-840d-cf3a4dd5c7a6,2026-07-28T20:31:27.832607+00:00,117,3,20.17,Target,Minneapolis,MN,5411,Chip Transaction,0
56de61ce-5f94-4bdc-b289-db4fa81ecc2f,2026-08-08T01:45:27.832607+00:00,17,4,25.31,Uber,San Francisco,CA,4121,Swipe Transaction,0
f05f9a02-047e-4fc5-a7cd-21e700ab8459,2026-07-05T03:10:27.832607+00:00,30,3,91.28,McDonald's,Chicago,IL,5814,Swipe Transaction,0
1ecde16e-1df5-47b5-afd2-27b1130d976a,2026-08-05T22:38:27.832607+00:00,21,0,20.0,Whole Foods,Austin,TX,5411,Swipe Transaction,0
da3e3723-9a63-4e7f-a4b1-33ad0e049ecb,2026-06-24T18:37:27.832607+00:00,78,1,4.94,Starbucks,Seattle,WA,5814,Chip Transaction,0
46c8308b-9375-48e4-9c0a-6380b1133099,2026-07-20T07:29:27.832607+00:00,133,4,4.7,Apple Store,Cupertino,CA,5732,Swipe Transaction,0
0d81584b-edf1-4524-8f4c-109f08b14f66,2026-06-18T11:52:27.832607+00:00,124,2,9.32,Delta Airlines,Atlanta,GA,4511,Swipe Transaction,0
35543241-a35c-4038-bd69-45313a77cdc3,2026-06-26T20:46:27.832607+00:00,144,0,24.36,Delta Airlines,Atlanta,GA,4511,Chip Transaction,0
69effd92-a661-4bb0-bcea-90aadd0f1249,2026-06-20T05:23:27.832607+00:00,249,1,53.93,Starbucks,Seattle,WA,5814,Chip Transaction,0
9ab61fd5-d7f2-4d1a-a23b-0d8d55266c8e,2026-08-01T16:32:27.832607+00:00,38,4,19.37,Best Buy,Richfield,MN,5732,Swipe Transaction,0
ebb97987-8d2c-4980-8ad5-5c1fe14792b6,2026-07-08T14:59:27.832607+00:00,147,2,79.6,Delta Airlines,Atlanta,GA,4511,Chip Transaction,0
138ba066-545b-43a9-9470-4b1bc0b60d4b,2026-07-05T23:38:27.832607+00:00,250,0,10.37,Shell,Houston,TX,5541,Chip Transaction,0
6efaaaa3-4699-4ef4-8189-9310d24e11b1,2026-08-16T16:37:27.832607+00:00,194,4,74.24,Starbucks,Seattle,WA,5814,Chip Transaction,0
33ec12d5-8a5e-4b96-9c55-4103fc4f4096,2026-08-14T20:54:27.832607+00:00,162,4,10.83,CVS Pharmacy,Woonsocket,RI,5912,Chip Transaction,0
3cc1a9c0-cc11-46a1-a665-2a250be2623c,2026-07-09T20:24:27.832607+00:00,58,1,126.25,Delta Airlines,Atlanta,GA,4511,Online Transaction,0
665c79b2-8d34-4881-8e38-28c4a1ecad4a,2026-08-13T11:14:27.832607+00:00,228,4,115.36,Costco,Issaquah,WA,5411,Swipe Transaction,0
76437fdc-eec2-4ae1-b522-bce33ee7cc15,2026-07-26T10:43:27.832607+00:00,126,2,38.18,Shell,Houston,TX,5541,Swipe Transaction,0
43ae2442-e8d0-4819-97b7-308e4f6d9013,2026-06-28T13:42:27.832607+00:00,74,2,21.16,Netflix,Los Gatos,CA,4899,Chip Transaction,0
1326b83c-8e2a-4fc4-9000-b7e9a69bee73,2026-07-16T19:44:27.832607+00:00,71,0,8.41,Apple Store,Cupertino,CA,5732,Chip Transaction,0
6788bc3f-80af-4480-9b93-147ed58f16cc,2026-06-23T08:38:27.832607+00:00,220,0,12.5,Home Depot,Atlanta,GA,5200,Chip Transaction,0
5a50bd92-c202-46bc-80a8-0881ba6f6800,2026-07-30T03:44:27.832607+00:00,250,1,12.59,CVS Pharmacy,Woonsocket,RI,5912,Chip Transaction,0
c01c4861-7436-4bb2-bebf-24246f2648fd,2026-07-11T15:27:27.832607+00:00,89,1,74.83,Starbucks,Seattle,WA,5814,Online Transaction,0
71553cd6-7536-44a5-8644-92cde2443731,2026-07-14T00:13:27.832607+00:00,9,3,8.78,Starbucks,Seattle,WA,5814,Swipe Transaction,0
cf3033ac-0bd6-4c66-8e38-69822aeabfb2,2026-07-24T07:45:27.832607+00:00,132,2,39.03,Amazon,Seattle,WA,5942,Chip Transaction,0
b6d35054-0c7d-4a3d-999f-67b9e1c9ecad,2026-08-03T10:49:27.832607+00:00,33,2,19.85,Shell,Houston,TX,5541,Chip Transaction,0
65a653eb-cd63-4af8-b66b-e61858114f66,2026-06-27T00:14:27.832607+00:00,185,2,40.64,CVS Pharmacy,Woonsocket,RI,5912,Chip Transaction,0
e052d09f-f32b-486e-a67f-6247765369c8,2026-07-28T16:32:27.832607+00:00,35,3,68.86,Whole Foods,Austin,TX,5411,Chip Transaction,0
86c920cc-2511-498c-9676-4f597f3dd60f,2026-07-08T06:02:27.832607+00:00,103,1,7.21,Shell,Houston,TX,5541,Chip Transaction,0
d313db8f-bb6d-43aa-8d2d-8fc526101a45,2026-06-30T12:00:27.832607+00:00,87,4,64.29,Target,Minneapolis,MN,5411,Chip Transaction,0
36aaf307-b8c1-4ab6-a99c-adb83269b3ad,2026-07-28T21:00:27.832607+00:00,188,0,133.43,Starbucks,Seattle,WA,5814,Online Transaction,0
0a99de31-6d80-4c4f-9d57-880e8704407a,2026-08-16T04:04:27.832607+00:00,230,0,10.59,Best Buy,Richfield,MN,5732,Chip Transaction,0
54d1bbff-0f65-4548-9850-ca4643bcebe1,2026-07-29T04:37:27.832607+00:00,51,0,15.73,Amazon,Seattle,WA,5942,Online Transaction,0
c2213afd-c705-443c-ba35-3af5d5788866,2026-06-20T05:58:27.832607+00:00,103,0,45.04,Whole Foods,Austin,TX,5411,Chip Transaction,0
0e34b0c7-356e-4082-8e9b-bf6fa696a1c9,2026-08-05T03:48:27.832607+00:00,119,1,123.13,Apple Store,Cupertino,CA,5732,Chip Transaction,0
bbbdab45-6cd8-480a-a958-bf693d47ac64,2026-07-07T18:12:27.832607+00:00,240,0,89.74,Home Depot,Atlanta,GA,5200,Chip Transaction,0
b225f818-4760-4f54-8fc5-8ce18314f13e,2026-07-04T08:00:27.832607+00:00,168,3,41.81,Best Buy,Richfield,MN,5732,Online Transaction,0
dc7d7073-dfc2-4089-95ce-8e3a9f9531ac,2026-07-20T20:59:27.832607+00:00,37,0,17.86,Delta Airlines,Atlanta,GA,4511,Online Transaction,0
9d3aee36-ecfa-411c-80da-ebdd5745266f,2026-07-14T08:01:27.832607+00:00,41,3,26.53,Delta Airlines,Atlanta,GA,4511,Swipe Transaction,0
f1d16970-3bf4-4ab6-ac11-e412df81bb5f,2026-07-21T11:02:27.832607+00:00,166,4,59.63,Starbucks,Seattle,WA,5814,Chip Transaction,0
59939b33-e072-4289-84d4-d924650bea83,2026-07-08T18:42:27.832607+00:00,135,4,31.33,Uber,San Francisco,CA,4121,Online Transaction,0
72a4f420-ab86-432e-8167-bf63d75f2d65,2026-07-28T09:01:27.832607+00:00,174,4,38.34,Best Buy,Richfield,MN,5732,Online Transaction,0
c73a6a6b-d563-44eb-86d0-9c0d8fcbbdc2,2026-07-27T23:36:27.832607+00:00,149,3,6.86,Walmart,Bentonville,AR,5411,Chip Transaction,0
e14e8936-40dc-41b1-be82-0e41457eff15,2026-07-16T08:31:27.832607+00:00,112,4,8.28,CVS Pharmacy,Woonsocket,RI,5912,Chip Transaction,0
63110e1a-23b1-4874-adde-016a2b778456,2026-07-10T22:53:27.832607+00:00,24,2,13.35,CVS Pharmacy,Woonsocket,RI,5912,Chip Transaction,0
f20fda7f-f631-4c94-a8c0-34155a9c6f7f,2026-06-26T01:49:27.832607+00:00,186,4,21.57,Home Depot,Atlanta,GA,5200,Swipe Transaction,0
4756b05a-3ede-45d2-9629-d76b3e5db6d3,2026-08-08T16:41:27.832607+00:00,220,3,13.14,Amazon,Seattle,WA,5942,Chip Transaction,0
12164b0e-52f4-43b4-94ee-1a297751fca4,2026-07-13T02:34:27.832607+00:00,233,3,13.18,Walmart,Bentonville,AR,5411,Chip Transaction,0
2ce7dc2d-07b1-4c24-b74b-4540495fc453,2026-07-20T22:49:27.832607+00:00,74,0,37.19,McDonald's,Chicago,IL,5814,Online Transaction,0
ed11e581-329a-4cbc-80f7-4e5972eed68d,2026-07-29T11:56:27.832607+00:00,112,2,8.3,Uber,San Francisco,CA,4121,Chip Transaction,0
47abf860-1f23-4578-bfd7-416531f21a10,2026-07-29T17:47:27.832607+00:00,190,0,25.2,Amazon,Seattle,WA,5942,Chip Transaction,0
cc701890-fb10-41ce-910b-276357440833,2026-08-15T08:52:27.832607+00:00,172,3,59.71,Delta Airlines,Atlanta,GA,4511,Chip Transaction,0
3954b73c-eadb-41ca-a7b8-9de77c103b9c,2026-07-27T15:24:27.832607+00:00,53,1,16.82,Target,Minneapolis,MN,5411,Swipe Transaction,0
6747ac61-4f60-48f9-b92d-8d34884e9b6a,2026-08-01T07:46:27.832607+00:00,55,4,12.55,Starbucks,Seattle,WA,5814,Chip Transaction,0
82cf0755-e4d7-4f21-8fc0-8dbd0b239ae4,2026-08-10T20:29:27.832607+00:00,133,3,5.68,Netflix,Los Gatos,CA,4899,Chip Transaction,0
06aabe82-309b-418c-a9e6-a0a6c6f76253,2026-07-11T17:22:27.832607+00:00,191,1,6.55,Delta Airlines,Atlanta,GA,4511,Online Transaction,0
016f8341-4c10-4a0c-a641-c9faf960fd51,2026-07-10T04:11:27.832607+00:00,147,1,140.01,Whole Foods,Austin,TX,5411,Swipe Transaction,0
6fa96c8c-1320-4d03-895e-03417b2c68ca,2026-07-05T02:33:27.832607+00:00,6,4,207.89,Best Buy,Richfield,MN,5732,Swipe Transaction,0
be8cbcdd-d1a8-41d2-b22f-245bc7fcd6f4,2026-07-29T19:00:27.832607+00:00,169,2,5.19,Whole Foods,Austin,TX,5411,Swipe Transaction,0
c49bd4fd-7ab1-4ec2-b8fb-eacac7a88253,2026-06-19T16:20:27.832607+00:00,64,2,7.74,Walmart,Bentonville,AR,5411,Chip Transaction,0
24c29e08-fcf3-498e-9e3e-7ac0c03134c6,2026-07-09T17:00:27.832607+00:00,55,1,49.16,Best Buy,Richfield,MN,5732,Chip Transaction,0
74361511-33f0-4d44-9509-2545a2d58bde,2026-06-28T16:28:27.832607+00:00,169,2,14.3,Home Depot,Atlanta,GA,5200,Swipe Transaction,0
1c00fe39-b1a2-47e5-8e06-bf13ebb37463,2026-07-12T09:24:27.832607+00:00,116,3,15.78,Whole Foods,Austin,TX,5411,Chip Transaction,0
d910d460-ee86-4237-9ea7-7db6c154ade1,2026-08-08T13:18:27.832607+00:00,71,1,53.9,Whole Foods,Austin,TX,5411,Online Transaction,0
222bdd08-d82d-4174-805b-bf6438dd41bd,2026-07-23T18:23:27.832607+00:00,129,0,66.86,Best Buy,Richfield,MN,5732,Swipe Transaction,0
efb61fcb-3e8e-42f4-81a7-42c23ac05fc1,2026-07-11T20:07:27.832607+00:00,147,4,9.99,Uber,San Francisco,CA,4121,Chip Transaction,0
e90bf77c-4739-4b57-acbb-de263f256f82,2026-07-12T07:20:27.832607+00:00,57,2,39.02,CVS Pharmacy,Woonsocket,RI,5912,Chip Transaction,0
01465041-813c-4eac-89f7-e193a3c6d5e5,2026-07-26T15:55:27.832607+00:00,48,0,19.74,Home Depot,Atlanta,GA,5200,Online Transaction,0
4ca7cd4d-8b8c-45a4-bbf5-fd10e2c0d46e,2026-07-15T10:11:27.832607+00:00,140,0,11.63,Costco,Issaquah,WA,5411,Chip Transaction,0
33b4b820-1f39-4b57-8c75-c204733914fa,2026-07-28T17:20:27.832607+00:00,232,2,20.59,Shell,Houston,TX,5541,Chip Transaction,0
52cc176f-2eba-46f2-bf4b-2af8db0363ff,2026-06-24T07:57:27.832607+00:00,111,4,23.38,Starbucks,Seattle,WA,5814,Chip Transaction,0
ebaa1471-36de-4637-a706-e3d5179e1f48,2026-08-05T15:30:27.832607+00:00,81,2,165.1,Whole Foods,Austin,TX,5411,Chip Transaction,0
8c97c087-c3fb-4a61-9f49-4530b6026bf0,2026-06-27T14:56:27.832607+00:00,145,0,25.96,Delta Airlines,Atlanta,GA,4511,Chip Transaction,0
642dc391-dce0-4d20-96b0-8f2894805d17,2026-08-12T22:31:27.832607+00:00,56,2,7.27,Shell,Houston,TX,5541,Chip Transaction,0
4cd9aba4-a351-481e-ac32-b0739be899b6,2026-08-04T20:56:27.832607+00:00,209,1,65.31,Netflix,Los Gatos,CA,4899,Chip Transaction,0
52426405-d794-4cca-863c-050ab37a76d1,2026-06-30T20:46:27.832607+00:00,50,4,11.28,Delta Airlines,Atlanta,GA,4511,Online Transaction,0
894707ad-69bf-41af-9a47-77009d5e2d84,2026-08-15T17:54:27.832607+00:00,99,0,50.91,Whole Foods,Austin,TX,5411,Swipe Transaction,0
6cc020b7-b122-4233-a264-6c74b63be27a,2026-06-23T09:23:27.832607+00:00,161,2,39.36,Best Buy,Richfield,MN,5732,Online Transaction,0
0833c695-db67-4a6c-b994-e6e19bc34450,2026-08-13T12:07:27.832607+00:00,204,3,19.25,Uber,San Francisco,CA,4121,Chip Transaction,0
517ef80f-026a-440b-a3c9-45a8ec98cf83,2026-08-09T19:23:27.832607+00:00,153,1,8.21,Home Depot,Atlanta,GA,5200,Online Transaction,0
10c9941e-118b-4585-9056-90ec9e0e7252,2026-08-01T23:13:27.832607+00:00,240,2,33.7,Costco,Issaquah,WA,5411,Swipe Transaction,0
c88c005f-6b5f-4023-9434-f583812acbce,2026-08-15T05:26:27.832607+00:00,247,4,53.52,Whole Foods,Austin,TX,5411,Chip Transaction,0
a3527e39-1473-4e4c-a346-79dfc8c23319,2026-07-27T18:33:27.832607+00:00,42,1,10.84,Target,Minneapolis,MN,5411,Swipe Transaction,0
2136c43c-7df4-4ebd-9c28-8e6f72a8474a,2026-08-12T23:13:27.832607+00:00,242,1,43.42,Costco,Issaquah,WA,5411,Swipe Transaction,0
ab707d21-7e6d-492a-b9b5-5cfcdb94e061,2026-07-04T06:57:27.832607+00:00,143,2,87.52,Walmart,Bentonville,AR,5411,Chip Transaction,0
770ee113-9bba-470d-90e1-f0a585ba2822,2026-07-12T17:20:27.832607+00:00,243,1,20.77,Apple Store,Cupertino,CA,5732,Online Transaction,0
f93d1544-6dd0-4305-9981-497bd4e9c56c,2026-07-10T01:38:27.832607+00:00,213,2,15.74,Delta Airlines,Atlanta,GA,4511,Chip Transaction,0
87f3d473-0792-4522-90c8-e0d7e10fb2c7,2026-08-10T02:45:27.832607+00:00,111,0,33.87,Apple Store,Cupertino,CA,5732,Chip Transaction,0
f55922c2-e51b-40df-b60d-67bc809a7e3b,2026-06-19T06:01:27.832607+00:00,172,1,156.37,Walmart,Bentonville,AR,5411,Chip Transaction,0
8d8c3ebd-192a-4148-aeaa-8e5833c87734,2026-06-21T20:35:27.832607+00:00,197,3,12.8,Whole Foods,Austin,TX,5411,Swipe Transaction,0
c53e3ba4-d34b-4884-9421-6c131825598f,2026-06-24T22:22:27.832607+00:00,88,4,3.14,Target,Minneapolis,MN,5411,Online Transaction,0
2a3c9990-00c1-4744-b427-5dadbe7f675c,2026-07-08T14:46:27.832607+00:00,27,0,25.01,Delta Airlines,Atlanta,GA,4511,Online Transaction,0
753505fa-6590-48f4-a6d5-e3adc5bb3e65,2026-06-24T18:17:27.832607+00:00,215,0,5.43,McDonald's,Chicago,IL,5814,Online Transaction,0
9385908e-a275-4b60-895a-173ac8c201b9,2026-06-28T13:04:27.832607+00:00,206,4,155.49,Delta Airlines,Atlanta,GA,4511,Chip Transaction,0
ceae6e93-9526-4576-aecb-d74ccd96922c,2026-07-26T07:25:27.832607+00:00,8,3,16.88,Best Buy,Richfield,MN,5732,Online Transaction,0
d626244f-6a3d-4bca-99e9-58d90ade4089,2026-08-15T17:55:27.832607+00:00,129,0,55.07,CVS Pharmacy,Woonsocket,RI,5912,Online Transaction,0
128185ed-181c-42aa-bad4-fb960198171d,2026-07-10T02:50:27.832607+00:00,153,4,62.22,Delta Airlines,Atlanta,GA,4511,Chip Transaction,0
5cb33242-9268-49a6-a581-9122fd96be9e,2026-07-27T17:36:27.832607+00:00,11,3,37.68,McDonald's,Chicago,IL,5814,Swipe Transaction,0
ad03238c-624d-4620-a04f-7da23e614b7a,2026-07-24T07:47:27.832607+00:00,117,3,29.55,Shell,Houston,TX,5541,Swipe Transaction,0
c47168df-7d57-4467-a12c-1802e6cd0e86,2026-07-08T13:27:27.832607+00:00,117,3,3.32,Costco,Issaquah,WA,5411,Chip Transaction,0
59c6138e-c5e9-40a2-a4e4-31db4b204f8b,2026-07-12T06:01:27.832607+00:00,101,2,31.1,Whole Foods,Austin,TX,5411,Chip Transaction,0
2f67eae4-4924-4754-b5c1-47395898d492,2026-07-02T17:00:27.832607+00:00,183,3,18.38,McDonald's,Chicago,IL,5814,Chip Transaction,0
3c0d8a32-8f59-425e-8c03-5b7583f93273,2026-06-30T13:56:27.832607+00:00,115,3,78.59,Whole Foods,Austin,TX,5411,Swipe Transaction,0
0e253fc8-52b5-4b72-aec5-a97d1dc76377,2026-08-09T01:54:27.832607+00:00,112,0,11.53,Netflix,Los Gatos,CA,4899,Chip Transaction,0
489d3b48-00b5-4e35-970e-ceca9637b5e5,2026-07-30T12:53:27.832607+00:00,202,3,17.43,Home Depot,Atlanta,GA,5200,Online Transaction,0
337fe11e-faa4-4046-8462-f5690d26cf34,2026-07-03T19:46:27.832607+00:00,191,3,18.94,Walmart,Bentonville,AR,5411,Online Transaction,0
3259d586-b180-48e7-94f1-dd68226dfb29,2026-07-20T21:57:27.832607+00:00,241,1,24.41,Walmart,Bentonville,AR,5411,Chip Transaction,0
8588c7cf-b79c-48e8-941a-e173105986f0,2026-07-18T11:06:27.832607+00:00,191,3,72.16,Target,Minneapolis,MN,5411,Chip Transaction,0
2dfabbf6-3e11-4b4d-a96e-f101191ae36d,2026-08-13T17:13:27.832607+00:00,154,3,1913.63,LuxuryGoods LLC,Miami,FL,5944,Online Transaction,1
e5ed9e42-65bc-4797-8b37-2b92af43708a,2026-08-11T02:35:27.832607+00:00,39,0,5.97,Walmart,Bentonville,AR,5411,Chip Transaction,0
d8b473ea-03d5-4d00-a7a8-d208dbcd97f1,2026-06-20T19:47:27.832607+00:00,49,0,61.3,Delta Airlines,Atlanta,GA,4511,Swipe Transaction,0
cbcf2655-d587-4fd6-8253-b52a4dbf53cb,2026-06-30T22:03:27.832607+00:00,160,1,20.11,Whole Foods,Austin,TX,5411,Online Transaction,0
1e0af619-7ed6-4ac5-b8db-1f474a95803a,2026-07-21T13:40:27.832607+00:00,2,4,3.41,Starbucks,Seattle,WA,5814,Swipe Transaction,0
eb29ab75-e65b-4299-812c-8656796d133a,2026-08-09T01:03:27.832607+00:00,191,1,54.64,Whole Foods,Austin,TX,5411,Chip Transaction,0
f1f04776-46f2-4ed8-b637-8ccf8bdb2824,2026-08-06T21:02:27.832607+00:00,221,0,142.09,Shell,Houston,TX,5541,Chip Transaction,0
9bb73ac0-780e-400a-b8a5-ce657044955a,2026-06-28T19:20:27.832607+00:00,220,1,25.16,Apple Store,Cupertino,CA,5732,Online Transaction,0
2607cf4e-f726-4b8c-baac-70958dca67df,2026-06-19T23:36:27.832607+00:00,224,2,21.79,Costco,Issaquah,WA,5411,Chip Transaction,0
d16a50c1-0f39-4b62-a99d-bb6388e8f6a8,2026-08-12T16:34:27.832607+00:00,59,0,77.74,Walmart,Bentonville,AR,5411,Chip Transaction,0
ec1e8093-0541-44fe-8189-5f0ccead76cd,2026-07-28T01:05:27.832607+00:00,246,0,25.86,Best Buy,Richfield,MN,5732,Swipe Transaction,0
3cf4e6e4-cf2d-4d43-8834-046095ce8e0e,2026-06-26T04:50:27.832607+00:00,194,3,15.65,Costco,Issaquah,WA,5411,Swipe Transaction,0
80d36a26-1def-41db-97a6-754e5d2f0f7c,2026-07-28T01:01:27.832607+00:00,242,2,24.81,Uber,San Francisco,CA,4121,Chip Transaction,0
eac22375-d581-4c39-97f0-5d94dbe23ba6,2026-08-05T04:38:27.832607+00:00,37,1,45.95,CVS Pharmacy,Woonsocket,RI,5912,Online Transaction,0
7d44c596-9767-4103-a467-aab816aa54f9,2026-07-02T20:01:27.832607+00:00,164,2,16.34,Target,Minneapolis,MN,5411,Chip Transaction,0
09c29492-91d7-4568-bdc4-b2780a6ef024,2026-07-29T08:34:27.832607+00:00,85,0,76.86,Walmart,Bentonville,AR,5411,Swipe Transaction,0
e119d580-90eb-4e52-9713-f38b1daa0155,2026-07-25T02:03:27.832607+00:00,247,3,5.06,Uber,San Francisco,CA,4121,Chip Transaction,0
d9db97cc-7d4c-452f-af08-d959301abefc,2026-08-02T08:10:27.832607+00:00,97,0,529.06,LuxuryGoods LLC,Miami,FL,5944,Online Transaction,1
4291e3d2-da3d-4659-a37a-48b62199ea26,2026-06-29T08:23:27.832607+00:00,212,4,69.08,Home Depot,Atlanta,GA,5200,Swipe Transaction,0
a7ea9eee-28dd-46f7-9bdf-a2074e4d598a,2026-07-07T03:14:27.832607+00:00,19,1,5.32,McDonald's,Chicago,IL,5814,Chip Transaction,0
ec19ded2-e8f8-4fcf-b360-e1a868cfafd2,2026-07-12T07:08:27.832607+00:00,35,3,11.44,Best Buy,Richfield,MN,5732,Swipe Transaction,0
8d4e17c5-1001-4c7b-aaf0-e7205171af01,2026-08-05T02:41:27.832607+00:00,207,3,7.49,McDonald's,Chicago,IL,5814,Chip Transaction,0
c47771bc-1475-4873-8c82-8d118de1b437,2026-08-09T08:51:27.832607+00:00,98,2,14.22,Shell,Houston,TX,5541,Online Transaction,0
41e2b348-4925-4131-94e2-d3cc80a263dd,2026-07-15T17:03:27.832607+00:00,204,4,15.73,Shell,Houston,TX,5541,Chip Transaction,0
c30edb07-24bf-41e4-b7f3-f310c85389e5,2026-07-04T05:09:27.832607+00:00,63,2,38.26,Walmart,Bentonville,AR,5411,Chip Transaction,0
d34d629b-aa70-4f37-b142-f943628ebfb4,2026-06-24T22:45:27.832607+00:00,24,0,80.99,Target,Minneapolis,MN,5411,Chip Transaction,0
ead113c2-d388-4a6f-a951-8e2eec986bc5,2026-08-12T15:18:27.832607+00:00,154,3,32.0,CVS Pharmacy,Woonsocket,RI,5912,Chip Transaction,0
fa96ae7b-5f93-4d2e-bf3e-c0db1d084fa9,2026-07-14T15:20:27.832607+00:00,161,0,129.82,Home Depot,Atlanta,GA,5200,Swipe Transaction,0
56f847b8-3721-4461-bed9-ab4c701ab0ab,2026-06-29T11:52:27.832607+00:00,243,1,66.41,Walmart,Bentonville,AR,5411,Chip Transaction,0
508ead40-8d71-4f18-945c-0d78a0278a5a,2026-08-06T06:37:27.832607+00:00,112,1,6.29,Best Buy,Richfield,MN,5732,Chip Transaction,0
e265cc3a-4f76-4a80-b700-d31b70031714,2026-06-30T22:11:27.832607+00:00,54,1,2.09,Whole Foods,Austin,TX,5411,Online Transaction,0
b2dcb357-d1b6-4819-9dcd-5fb139c71424,2026-08-06T02:25:27.832607+00:00,11,3,8.58,Target,Minneapolis,MN,5411,Chip Transaction,0
0a0640d3-5026-4930-bc25-3cce00cd73e4,2026-08-15T13:03:27.832607+00:00,143,3,83.87,Starbucks,Seattle,WA,5814,Swipe Transaction,0
601dac26-09b1-461f-9902-8c7760ce56c5,2026-07-19T14:43:27.832607+00:00,57,3,51.62,Delta Airlines,Atlanta,GA,4511,Chip Transaction,0
5117b547-e3a4-4078-900d-a89a932bdb31,2026-07-12T18:07:27.832607+00:00,36,1,39.76,CVS Pharmacy,Woonsocket,RI,5912,Online Transaction,0
9768740d-71f1-434c-bac8-1098f196f62d,2026-06-27T18:29:27.832607+00:00,138,1,48.86,Walmart,Bentonville,AR,5411,Swipe Transaction,0
cef56bd5-ec6e-4c31-bd17-df710e69e1e7,2026-08-05T19:00:27.832607+00:00,143,2,1.06,Whole Foods,Austin,TX,5411,Chip Transaction,0
172be132-68bb-494d-86ac-df97cf3cfcfa,2026-07-07T17:10:27.832607+00:00,218,0,36.97,Shell,Houston,TX,5541,Chip Transaction,0
598cfa81-eccb-4065-b291-ffa992af21ae,2026-07-20T13:11:27.832607+00:00,231,3,21.59,Uber,San Francisco,CA,4121,Swipe Transaction,0
95dd48cd-51b8-4e48-a070-0254f89a6552,2026-07-11T07:24:27.832607+00:00,60,0,9.09,Netflix,Los Gatos,CA,4899,Chip Transaction,0
619b92a0-1238-4b85-862c-334122588638,2026-07-31T06:13:27.832607+00:00,208,2,54.87,McDonald's,Chicago,IL,5814,Chip Transaction,0
17c9f7a3-9581-4ac3-a6d2-0892b0fce8f3,2026-06-25T03:53:27.832607+00:00,67,1,49.91,Home Depot,Atlanta,GA,5200,Chip Transaction,0
fe0c43e5-b2d6-48da-9136-ac3a11d0fa56,2026-08-06T00:37:27.832607+00:00,122,0,1744.73,OnlineElectronics,Shenzhen,FOREIGN,5732,Online Transaction,1
ac29e8ce-db92-4b50-85cf-b561e2ca9476,2026-07-19T20:40:27.832607+00:00,189,4,56.36,Delta Airlines,Atlanta,GA,4511,Online Transaction,0
a5181cf8-894f-4083-9561-2d759c7c350e,2026-06-20T20:54:27.832607+00:00,236,0,35.82,Best Buy,Richfield,MN,5732,Swipe Transaction,0
b692dd4f-8d91-4c0d-abb6-74ae01261982,2026-07-28T19:31:27.832607+00:00,128,1,5.35,Netflix,Los Gatos,CA,4899,Chip Transaction,0
4851a1ce-f9ac-402d-b6a3-56473bb39f6e,2026-07-03T07:13:27.832607+00:00,54,2,26.0,Netflix,Los Gatos,CA,4899,Chip Transaction,0
bf3cf761-9072-490d-94ff-f2289d40552d,2026-06-26T22:00:27.832607+00:00,153,0,51.66,Starbucks,Seattle,WA,5814,Chip Transaction,0
c6782c8b-2dcb-4f13-a93d-23ae8ab2190b,2026-06-24T13:35:27.832607+00:00,168,4,73.0,CVS Pharmacy,Woonsocket,RI,5912,Online Transaction,0
692b9b52-b2a7-4a4b-a037-98bb3b0aaa57,2026-07-20T16:39:27.832607+00:00,156,0,24.16,CVS Pharmacy,Woonsocket,RI,5912,Chip Transaction,0
569a0d03-4d6c-4806-830a-d1ebdcd3ba9a,2026-07-03T04:43:27.832607+00:00,21,1,19.75,Walmart,Bentonville,AR,5411,Chip Transaction,0
c9a1cd1a-79f6-4b02-a50e-7844dd2b5cbf,2026-06-22T07:03:27.832607+00:00,65,3,6.45,Shell,Houston,TX,5541,Chip Transaction,0
849b3973-29b0-4981-8d26-59fd683a008e,2026-06-21T12:05:27.832607+00:00,1,4,10.1,Walmart,Bentonville,AR,5411,Chip Transaction,0
77ed585c-20a5-4d7f-a1f0-7e3b8580a4b1,2026-07-11T22:56:27.832607+00:00,212,3,9.14,Whole Foods,Austin,TX,5411,Online Transaction,0
e8119840-64b3-4e5f-8c6e-e5e13eb58ae2,2026-06-22T16:12:27.832607+00:00,124,1,780.42,AnonymousGiftCards,Panama City,FOREIGN,5947,Online Transaction,1
8dfb0cfd-4227-4577-8f39-d27538619d68,2026-06-29T12:40:27.832607+00:00,119,1,15.28,Amazon,Seattle,WA,5942,Swipe Transaction,0
9dda0d81-1ae1-4a4e-952d-0aed24d3c647,2026-07-12T13:31:27.832607+00:00,47,1,30.39,Amazon,Seattle,WA,5942,Chip Transaction,0
808b5de6-0e7f-469d-a926-2f1caf2f20f1,2026-07-06T02:29:27.832607+00:00,205,3,14.64,Shell,Houston,TX,5541,Chip Transaction,0
24fef77e-004e-4672-82b9-34946cc594d1,2026-06-26T03:11:27.832607+00:00,193,2,34.82,Target,Minneapolis,MN,5411,Swipe Transaction,0
db005867-0e37-4ad3-9c54-c67900506766,2026-07-14T20:33:27.832607+00:00,120,0,30.45,Apple Store,Cupertino,CA,5732,Online Transaction,0
ef079fe3-5fad-40d9-a971-90bbb6e14fbb,2026-08-06T00:12:27.832607+00:00,120,3,11.29,Uber,San Francisco,CA,4121,Online Transaction,0
13d6e455-b250-432f-a548-ca16a8cbbf5a,2026-07-29T02:01:27.832607+00:00,248,4,262.38,Target,Minneapolis,MN,5411,Chip Transaction,0
5f61f77f-a681-4759-b449-364b82c4b341,2026-07-09T04:54:27.832607+00:00,176,4,25.57,Netflix,Los Gatos,CA,4899,Online Transaction,0
0ba9ccd0-e53d-42ec-a384-08402da9e57b,2026-07-09T13:26:27.832607+00:00,122,1,98.22,Amazon,Seattle,WA,5942,Swipe Transaction,0
72dfb9c4-a419-46b8-8c54-c3233ed3e8b7,2026-07-16T05:38:27.832607+00:00,179,1,50.52,Apple Store,Cupertino,CA,5732,Chip Transaction,0
9a040191-3155-4b21-83bd-2890e9b32430,2026-07-10T09:55:27.832607+00:00,126,3,24.36,Whole Foods,Austin,TX,5411,Chip Transaction,0
86938df8-6476-4108-b864-b69a50275224,2026-07-02T22:38:27.832607+00:00,189,2,52.56,Whole Foods,Austin,TX,5411,Swipe Transaction,0
72e57659-3525-4223-b6f6-9bdf7c28c32f,2026-06-30T15:02:27.832607+00:00,163,2,15.53,Delta Airlines,Atlanta,GA,4511,Online Transaction,0
b9ae71fa-157a-4bcc-ad76-4af6dcfdfd5b,2026-07-07T12:15:27.832607+00:00,71,3,13.35,Uber,San Francisco,CA,4121,Swipe Transaction,0
83fb4452-dd05-4057-962e-fa6f3acc8dfd,2026-07-24T19:02:27.832607+00:00,127,1,4.52,McDonald's,Chicago,IL,5814,Chip Transaction,0
e0fbf97c-f7b1-4644-acc4-5d8d4c4cbb0c,2026-06-23T03:19:27.832607+00:00,157,3,72.45,Home Depot,Atlanta,GA,5200,Swipe Transaction,0
db30fd99-e9e0-4050-b428-836db107df07,2026-07-19T03:25:27.832607+00:00,113,2,32.67,McDonald's,Chicago,IL,5814,Chip Transaction,0
3f7d061e-0990-49de-a305-2d90e8f83804,2026-07-22T08:14:27.832607+00:00,59,4,55.33,Amazon,Seattle,WA,5942,Chip Transaction,0
1dee17e1-32d9-44f7-a566-7bac03b959d0,2026-07-28T03:29:27.832607+00:00,185,4,17.61,Home Depot,Atlanta,GA,5200,Chip Transaction,0
0e88b9e9-ac2a-4002-a40e-18ff8e19d097,2026-08-05T19:07:27.832607+00:00,200,0,27.84,Best Buy,Richfield,MN,5732,Chip Transaction,0
e64382aa-dbb6-416e-8a0a-864b3a82e7b1,2026-07-04T14:07:27.832607+00:00,99,1,14.35,Starbucks,Seattle,WA,5814,Swipe Transaction,0
a541ca36-2901-4341-91c4-56b6a546bbe4,2026-07-31T17:12:27.832607+00:00,223,4,65.96,Delta Airlines,Atlanta,GA,4511,Chip Transaction,0
c6ddd5c9-57ff-4d71-884f-0e943d3030d4,2026-07-06T15:51:27.832607+00:00,69,3,83.96,Netflix,Los Gatos,CA,4899,Swipe Transaction,0
f0ae67d8-bbc1-4056-86b6-784782df9bf9,2026-07-08T11:42:27.832607+00:00,147,4,8.24,Starbucks,Seattle,WA,5814,Online Transaction,0
342d2fff-eccd-4843-aeb2-1f311496ffdf,2026-07-04T14:31:27.832607+00:00,195,4,48.04,Uber,San Francisco,CA,4121,Swipe Transaction,0
8adf642a-749a-4ffd-9640-0748416bc40e,2026-07-21T23:27:27.832607+00:00,206,4,9.3,Walmart,Bentonville,AR,5411,Chip Transaction,0
58631d14-9760-4a5e-9926-675d0b3da5db,2026-08-06T18:29:27.832607+00:00,68,4,15.85,Best Buy,Richfield,MN,5732,Online Transaction,0
4f43286d-b4fb-4d80-9b6a-178237e79047,2026-07-05T19:02:27.832607+00:00,221,0,22.24,McDonald's,Chicago,IL,5814,Online Transaction,0
84fbaaf1-7a45-4058-8dfc-72f6c054cd4e,2026-07-08T22:07:27.832607+00:00,96,2,12.83,Shell,Houston,TX,5541,Online Transaction,0
f808f17a-c810-4f9d-b0c1-0906c5b32c14,2026-07-04T17:45:27.832607+00:00,165,1,50.71,Starbucks,Seattle,WA,5814,Swipe Transaction,0
0e7f1590-9f03-4f2d-8c65-33fdc2c5fabc,2026-07-10T11:44:27.832607+00:00,121,2,20.41,CVS Pharmacy,Woonsocket,RI,5912,Online Transaction,0
86d22a10-0408-4f61-a1e6-6653f9b37020,2026-07-08T09:53:27.832607+00:00,139,0,22.62,Amazon,Seattle,WA,5942,Online Transaction,0
84ac3275-429e-4bf5-9be6-e5880afbfeaf,2026-08-02T05:48:27.832607+00:00,56,4,65.64,Starbucks,Seattle,WA,5814,Chip Transaction,0
838fff62-958c-44ba-8817-28eb7777b848,2026-08-06T19:19:27.832607+00:00,134,2,22.36,Apple Store,Cupertino,CA,5732,Swipe Transaction,0
7ca1bc9d-5205-4d29-8fe6-3b102d0a776b,2026-08-07T11:21:27.832607+00:00,129,3,56.87,Starbucks,Seattle,WA,5814,Chip Transaction,0
925e18ef-ccc9-4dbe-9ba4-7a3027af7239,2026-08-15T23:32:27.832607+00:00,17,0,35.63,Delta Airlines,Atlanta,GA,4511,Chip Transaction,0
849ac301-efa2-461d-a317-852e45651e80,2026-06-20T15:20:27.832607+00:00,210,3,56.64,Netflix,Los Gatos,CA,4899,Online Transaction,0
736098fb-2a71-4d45-9ca0-07d776952816,2026-07-23T11:10:27.832607+00:00,175,2,112.41,Amazon,Seattle,WA,5942,Swipe Transaction,0
bfa55c64-e941-4b24-bb2f-6d2af25f479b,2026-07-07T14:59:27.832607+00:00,66,4,25.12,Shell,Houston,TX,5541,Chip Transaction,0
f2e3004c-ca25-4bf2-90da-0d842cd8cd31,2026-07-15T19:48:27.832607+00:00,174,0,65.9,Netflix,Los Gatos,CA,4899,Chip Transaction,0
92783b36-4ca1-4f1a-be4a-b2ee182bec40,2026-07-21T07:20:27.832607+00:00,3,1,12.16,Best Buy,Richfield,MN,5732,Chip Transaction,0
7e9c95cd-5b6d-4bc4-893e-6b1e2f58dc31,2026-08-06T02:04:27.832607+00:00,202,3,77.78,Home Depot,Atlanta,GA,5200,Swipe Transaction,0
4a510c46-d847-43ee-933a-fa3493f784b2,2026-07-24T11:12:27.832607+00:00,160,4,15.89,Walmart,Bentonville,AR,5411,Chip Transaction,0
20413cfa-3418-42c4-8df0-cece07f21d9b,2026-07-23T11:56:27.832607+00:00,231,2,93.34,Shell,Houston,TX,5541,Swipe Transaction,0
11a8c023-d6f5-427a-946f-af20362ae8d0,2026-06-24T07:28:27.832607+00:00,160,0,40.47,Starbucks,Seattle,WA,5814,Chip Transaction,0
68710f0c-d111-451d-8709-c91bd1357d6c,2026-08-05T11:51:27.832607+00:00,154,1,20.33,Target,Minneapolis,MN,5411,Chip Transaction,0
6b875035-6016-4edb-9bc6-580e2975f99d,2026-07-25T10:01:27.832607+00:00,71,0,35.48,Netflix,Los Gatos,CA,4899,Online Transaction,0
b34731ad-e54d-4207-8191-fdc3d62d5113,2026-07-31T09:56:27.832607+00:00,236,2,30.41,Starbucks,Seattle,WA,5814,Swipe Transaction,0
79289347-e33b-4300-bb8f-73b15f7c5eb8,2026-08-16T09:36:27.832607+00:00,180,0,105.98,QuickCash ATM,Unknown,NV,6011,Online Transaction,1
a0b47d88-69fb-4561-a2c0-f8d8eba22233,2026-07-12T19:11:27.832607+00:00,146,1,25.79,Target,Minneapolis,MN,5411,Swipe Transaction,0
c76a8bfa-f988-4df9-ae6c-eb964466c391,2026-08-11T17:01:27.832607+00:00,235,4,15.81,Uber,San Francisco,CA,4121,Chip Transaction,0
73f42ad6-50f3-4246-87bc-67168c7036a1,2026-07-15T03:06:27.832607+00:00,208,4,23.55,Costco,Issaquah,WA,5411,Chip Transaction,0
1612102f-8361-4e0f-af0f-a189840974bc,2026-08-03T02:41:27.832607+00:00,213,0,10.78,Delta Airlines,Atlanta,GA,4511,Chip Transaction,0
f21dd2e7-0aac-4158-a0e4-82bdc69c9e56,2026-07-13T16:31:27.832607+00:00,196,4,13.2,Home Depot,Atlanta,GA,5200,Swipe Transaction,0
9ab3dfb1-a55e-497b-b06d-94d81c33e3d4,2026-08-04T05:31:27.832607+00:00,26,4,91.41,Shell,Houston,TX,5541,Online Transaction,0
45bb3087-ab5e-4b30-b374-4f0d87a79af5,2026-07-16T13:13:27.832607+00:00,136,4,16.6,Uber,San Francisco,CA,4121,Chip Transaction,0
5873d02b-6382-4e7e-9f79-085aa96fc93f,2026-08-09T14:00:27.832607+00:00,32,4,29.59,Uber,San Francisco,CA,4121,Online Transaction,0
3ea446b4-699e-437f-b71d-6791b02d4cde,2026-07-09T06:37:27.832607+00:00,190,4,52.45,Costco,Issaquah,WA,5411,Chip Transaction,0
66cc3098-d9d1-487c-b9d7-9e0e83381a2b,2026-07-06T12:31:27.832607+00:00,150,0,38.72,McDonald's,Chicago,IL,5814,Swipe Transaction,0
81c4e482-48b2-42c7-a38c-651b8ea7e330,2026-07-18T04:27:27.832607+00:00,183,2,33.86,Home Depot,Atlanta,GA,5200,Chip Transaction,0
797125c5-79a0-40fc-a861-6318297366e5,2026-08-13T01:26:27.832607+00:00,91,4,3.57,Uber,San Francisco,CA,4121,Chip Transaction,0
63c1ca62-c432-49f2-8f92-55fe0158a9ae,2026-07-28T15:41:27.832607+00:00,194,1,24.88,Uber,San Francisco,CA,4121,Chip Transaction,0
f5ccb5e7-99bc-4892-a8d2-3023486de413,2026-08-02T21:55:27.832607+00:00,161,3,15.25,CVS Pharmacy,Woonsocket,RI,5912,Online Transaction,0
c2a09645-db4a-4d21-840e-55f7efbaeb47,2026-07-02T21:50:27.832607+00:00,31,1,61.33,Best Buy,Richfield,MN,5732,Online Transaction,0
17f0c240-c0bf-4f39-aca8-52e8e4b4762f,2026-07-28T01:30:27.832607+00:00,64,3,192.68,Target,Minneapolis,MN,5411,Online Transaction,0
7be45ddd-d9ac-424e-881d-c6f92b08388d,2026-06-23T12:53:27.832607+00:00,73,4,14.94,Amazon,Seattle,WA,5942,Chip Transaction,0
c689ea9b-f01a-4a7f-86ac-f32b79db3be1,2026-07-19T12:46:27.832607+00:00,217,0,7.02,Delta Airlines,Atlanta,GA,4511,Online Transaction,0
76dd7fe7-65d5-4eee-b083-09e0992be61b,2026-07-08T01:53:27.832607+00:00,217,3,37.2,Starbucks,Seattle,WA,5814,Chip Transaction,0
23f8890c-44ea-4015-ba94-365402e48ba9,2026-08-06T02:40:27.832607+00:00,44,3,30.04,Uber,San Francisco,CA,4121,Chip Transaction,0
0eb6185a-5218-4991-b0d4-f77863dfc4bd,2026-07-08T13:47:27.832607+00:00,40,3,5.99,Best Buy,Richfield,MN,5732,Online Transaction,0
6092d1fe-7fc7-4ec4-934f-d4e977fc8e1f,2026-08-03T08:53:27.832607+00:00,210,2,8.11,Netflix,Los Gatos,CA,4899,Online Transaction,0
4f362f75-9dba-4e61-bc1c-24274ebe44ca,2026-08-06T11:55:27.832607+00:00,210,0,12.36,Starbucks,Seattle,WA,5814,Online Transaction,0
8c45e92b-9ab3-47b3-9dca-41ca6262458a,2026-08-11T17:05:27.832607+00:00,92,4,17.59,Uber,San Francisco,CA,4121,Chip Transaction,0
9bdbab7c-1553-4a22-894d-cb6e3b5558b1,2026-07-17T04:42:27.832607+00:00,249,1,83.78,Uber,San Francisco,CA,4121,Swipe Transaction,0
dddb3bf3-868c-47f0-8842-f0d0fd02e052,2026-07-29T06:31:27.832607+00:00,107,3,55.23,Whole Foods,Austin,TX,5411,Online Transaction,0
69d1ab51-c226-4769-8e8b-c265a443666d,2026-07-01T11:17:27.832607+00:00,206,4,48.28,Costco,Issaquah,WA,5411,Chip Transaction,0
830bc049-a1c5-43f4-8f6c-f09708e8565c,2026-08-08T10:56:27.832607+00:00,85,3,206.49,OnlineElectronics,Shenzhen,FOREIGN,5732,Online Transaction,1
daa2062e-d0cc-4e1c-8609-01e1a078545e,2026-06-26T21:40:27.832607+00:00,99,0,22.49,Target,Minneapolis,MN,5411,Chip Transaction,0
d85253f4-5b89-47fa-a481-ac7a21cfcc1d,2026-06-21T17:21:27.832607+00:00,135,4,137.48,Starbucks,Seattle,WA,5814,Chip Transaction,0
72bef4dc-ef19-45cc-a137-232888f96a83,2026-06-30T16:20:27.832607+00:00,9,2,11.93,Home Depot,Atlanta,GA,5200,Online Transaction,0
f207f048-5aa9-43b1-80f3-f74ed60746cc,2026-07-13T22:56:27.832607+00:00,216,1,14.77,Home Depot,Atlanta,GA,5200,Chip Transaction,0
18e1766f-dcb3-40fd-9f32-b90e33a96ba7,2026-08-01T00:46:27.832607+00:00,182,1,68.27,Netflix,Los Gatos,CA,4899,Swipe Transaction,0
f329db0f-7f0f-44ab-b535-cbd7d8b00505,2026-06-25T20:31:27.832607+00:00,172,1,28.95,Apple Store,Cupertino,CA,5732,Chip Transaction,0
26e58776-5276-4c9f-a6c8-50e9cb37ca0c,2026-06-28T08:12:27.832607+00:00,17,4,41.01,Apple Store,Cupertino,CA,5732,Online Transaction,0
130d99db-6c4f-4e88-a971-c45449323106,2026-06-29T08:20:27.832607+00:00,198,3,22.51,Home Depot,Atlanta,GA,5200,Swipe Transaction,0
f701a9f8-ba9c-460f-b613-ecf42c880123,2026-07-08T10:50:27.832607+00:00,77,4,148.66,Delta Airlines,Atlanta,GA,4511,Chip Transaction,0
7ab6bf52-06a8-48e2-a8bb-414476e5aab8,2026-08-08T08:38:27.832607+00:00,72,1,46.06,Target,Minneapolis,MN,5411,Chip Transaction,0
d633f986-7036-4e64-8b36-0df0c12440ef,2026-07-10T04:53:27.832607+00:00,197,1,6.35,Costco,Issaquah,WA,5411,Swipe Transaction,0
646357ed-ebea-49c8-8478-cab2b8baff21,2026-07-02T18:01:27.832607+00:00,84,4,18.94,Netflix,Los Gatos,CA,4899,Swipe Transaction,0
d16993f0-45ee-40cd-a68b-e4963b1ae103,2026-08-08T08:10:27.832607+00:00,157,4,19.57,Home Depot,Atlanta,GA,5200,Chip Transaction,0
73c2fb7a-c171-4de4-a2bd-1aedde63cf33,2026-08-01T10:29:27.832607+00:00,66,3,22.38,Home Depot,Atlanta,GA,5200,Online Transaction,0
71d60f20-bd78-4de8-bf46-7b07a558c894,2026-06-22T06:54:27.832607+00:00,208,2,35.13,CVS Pharmacy,Woonsocket,RI,5912,Chip Transaction,0
e8f5760c-2ea1-47f9-8ef7-8261e70254ad,2026-07-17T17:39:27.832607+00:00,3,1,17.44,Netflix,Los Gatos,CA,4899,Swipe Transaction,0
22f38bf8-f186-4c7f-831e-0021be328337,2026-06-20T18:19:27.832607+00:00,145,3,27.94,CVS Pharmacy,Woonsocket,RI,5912,Swipe Transaction,0
033c3dc9-8446-4b3d-8e7e-2aaa777af10b,2026-07-23T09:07:27.832607+00:00,133,0,18.25,Best Buy,Richfield,MN,5732,Online Transaction,0
16db0b7f-7ee7-4c4d-844c-12291d7c2a19,2026-08-05T17:13:27.832607+00:00,38,1,13.87,Home Depot,Atlanta,GA,5200,Swipe Transaction,0
91cdfe33-f681-4cf8-9b3e-8b17e61ad579,2026-06-18T15:22:27.832607+00:00,36,1,33.33,Whole Foods,Austin,TX,5411,Swipe Transaction,0
5c143f80-51df-4ccd-8b13-68be2174c164,2026-08-12T00:34:27.832607+00:00,14,3,5.93,Starbucks,Seattle,WA,5814,Swipe Transaction,0
2bf7b17b-58b9-44c7-97bf-c0bee99cbec1,2026-08-10T22:39:27.832607+00:00,134,2,24.1,Netflix,Los Gatos,CA,4899,Online Transaction,0
6b3a02d9-64f8-462c-b2ba-778f584afffc,2026-07-02T16:08:27.832607+00:00,228,2,15.92,Amazon,Seattle,WA,5942,Online Transaction,0
9e0e286e-5614-4d02-809c-c89885606143,2026-07-06T21:32:27.832607+00:00,14,2,22.21,McDonald's,Chicago,IL,5814,Swipe Transaction,0
e7b6d344-021c-4c77-8dd3-e7121788da8e,2026-07-17T02:16:27.832607+00:00,167,3,9.58,Delta Airlines,Atlanta,GA,4511,Swipe Transaction,0
a343d61f-6e71-4abf-b1f9-31e07c37e3cf,2026-07-24T00:42:27.832607+00:00,112,2,7.28,Best Buy,Richfield,MN,5732,Chip Transaction,0
4bf6f066-d806-4f31-86e4-14dd91dde4c9,2026-07-30T05:48:27.832607+00:00,111,3,17.25,CVS Pharmacy,Woonsocket,RI,5912,Swipe Transaction,0
916d2121-2cb4-49a7-8aca-468a6b2e4b07,2026-07-25T00:54:27.832607+00:00,22,4,47.18,Walmart,Bentonville,AR,5411,Chip Transaction,0
54a1584e-8ffb-42fc-82b1-0ffa0de5bdb0,2026-08-08T08:41:27.832607+00:00,26,1,8.01,Home Depot,Atlanta,GA,5200,Chip Transaction,0
48847730-c437-4d40-9908-5fbf6c1fcdb7,2026-07-27T10:16:27.832607+00:00,68,1,26.49,Costco,Issaquah,WA,5411,Chip Transaction,0
139b51c1-6b04-4572-b62d-13fbf47a0bf3,2026-07-30T21:39:27.832607+00:00,109,3,51.06,Delta Airlines,Atlanta,GA,4511,Chip Transaction,0
033b4f7f-8155-4ffa-900f-0ac50331c0d1,2026-07-29T03:44:27.832607+00:00,72,1,57.97,Apple Store,Cupertino,CA,5732,Chip Transaction,0
58bf79be-a673-48fb-bcc0-f304565e7870,2026-07-28T22:30:27.832607+00:00,12,0,29.77,Walmart,Bentonville,AR,5411,Online Transaction,0
8b3feed9-798e-4c16-ab17-257f334e2d77,2026-07-14T16:48:27.832607+00:00,215,2,10.16,Best Buy,Richfield,MN,5732,Chip Transaction,0
98f4cb80-0c69-46ab-bb91-8d8342020791,2026-06-24T23:18:27.832607+00:00,34,3,14.42,Netflix,Los Gatos,CA,4899,Chip Transaction,0
c7b79c11-5935-4998-b419-97aadd0bac40,2026-08-15T01:46:27.832607+00:00,206,2,33.61,Uber,San Francisco,CA,4121,Online Transaction,0
bc49d3ad-4f91-4aa8-9552-6c2873fe2edc,2026-07-28T04:14:27.832607+00:00,94,0,22.37,Home Depot,Atlanta,GA,5200,Swipe Transaction,0
b0651f7e-1691-4d2e-b944-fc0a3747fd14,2026-07-27T16:45:27.832607+00:00,87,1,6.41,Walmart,Bentonville,AR,5411,Chip Transaction,0
d54e1d94-1ec6-49f1-b999-f6626f9dc580,2026-07-05T22:29:27.832607+00:00,114,2,9.64,Apple Store,Cupertino,CA,5732,Swipe Transaction,0
1f180cad-0d44-4ff5-bbd0-8363d9c0f728,2026-07-25T03:24:27.832607+00:00,12,1,19.57,Target,Minneapolis,MN,5411,Chip Transaction,0
21b868f4-71ac-4ced-b266-3d820a573591,2026-07-27T14:56:27.832607+00:00,65,3,19.05,Walmart,Bentonville,AR,5411,Swipe Transaction,0
6641f945-e962-4164-902f-056608876441,2026-07-18T03:18:27.832607+00:00,173,1,3.19,Target,Minneapolis,MN,5411,Online Transaction,0
37097909-03b7-430f-90fe-2d27c525e144,2026-07-10T22:01:27.832607+00:00,29,0,38.33,Apple Store,Cupertino,CA,5732,Swipe Transaction,0
8069f795-87c2-4ecf-9937-9c9d6782c8bd,2026-08-16T02:20:27.832607+00:00,82,3,26.58,Uber,San Francisco,CA,4121,Swipe Transaction,0
826b4dc9-358a-4032-bdf3-d5fe6d6b47ab,2026-08-09T21:06:27.832607+00:00,117,4,6.37,Target,Minneapolis,MN,5411,Online Transaction,0
dd11d571-450b-4b45-a090-8c2e478487e6,2026-07-29T08:33:27.832607+00:00,59,1,8.84,Starbucks,Seattle,WA,5814,Swipe Transaction,0
4029e1f1-113f-422c-8201-3ff5e9f37865,2026-08-15T06:41:27.832607+00:00,82,0,15.05,Uber,San Francisco,CA,4121,Swipe Transaction,0
7e8c3c0d-b01b-4875-80d8-123aec54560e,2026-07-09T16:42:27.832607+00:00,38,0,7.18,Costco,Issaquah,WA,5411,Chip Transaction,0
8a0507a2-f7f4-4094-b78c-ab4dad18022c,2026-06-29T17:42:27.832607+00:00,192,4,13.68,Target,Minneapolis,MN,5411,Chip Transaction,0
9f00ddfa-ae91-47b5-ab45-1b984403cf42,2026-07-17T08:48:27.832607+00:00,185,0,18.29,McDonald's,Chicago,IL,5814,Chip Transaction,0
5cc0cf92-1574-4243-8a82-23bc75b75814,2026-07-20T01:47:27.832607+00:00,140,4,31.55,CVS Pharmacy,Woonsocket,RI,5912,Swipe Transaction,0
3ca7ed0c-7161-4a18-b4c7-7140c6ac2710,2026-08-13T19:33:27.832607+00:00,199,2,10.05,Walmart,Bentonville,AR,5411,Chip Transaction,0
0791dec1-3092-4c79-88eb-e492ada3c4a4,2026-07-25T05:48:27.832607+00:00,182,2,13.44,Netflix,Los Gatos,CA,4899,Chip Transaction,0
b135ef5c-e03e-4b49-a330-fcb5c2c972ff,2026-07-20T06:00:27.832607+00:00,164,1,12.62,Delta Airlines,Atlanta,GA,4511,Chip Transaction,0
3a9ea15d-3874-45c3-8217-3c4a51da8d38,2026-08-08T01:41:27.832607+00:00,29,1,181.64,Amazon,Seattle,WA,5942,Chip Transaction,0
64270601-8d60-44a0-871a-b98353029700,2026-07-16T18:13:27.832607+00:00,207,1,37.4,Costco,Issaquah,WA,5411,Swipe Transaction,0
42104f29-2916-4f3f-a6c9-dd418fcbdb6b,2026-07-28T11:40:27.832607+00:00,165,4,169.85,McDonald's,Chicago,IL,5814,Chip Transaction,0
1877d852-bdd1-47a7-bfbf-3b089413cf3a,2026-07-13T17:54:27.832607+00:00,91,4,20.5,Walmart,Bentonville,AR,5411,Chip Transaction,0
bbc2d0d9-65ea-4aa6-bc1e-7ce94c3ae66a,2026-08-08T04:57:27.832607+00:00,8,0,6.63,Delta Airlines,Atlanta,GA,4511,Swipe Transaction,0
004c5c48-94e5-4f23-a0de-99f3b1786e40,2026-08-11T14:11:27.832607+00:00,97,4,7.31,Delta Airlines,Atlanta,GA,4511,Chip Transaction,0
d49566d9-4d55-46a3-8b09-578801649d08,2026-06-27T21:36:27.832607+00:00,228,3,38.62,Delta Airlines,Atlanta,GA,4511,Chip Transaction,0
0cddf607-71b7-488a-adef-b2785c248fc8,2026-07-21T15:03:27.832607+00:00,77,0,27.2,Amazon,Seattle,WA,5942,Chip Transaction,0
ea3d8d9e-65d0-4c32-83fd-09e0c3f82418,2026-07-12T16:34:27.832607+00:00,91,1,47.52,Delta Airlines,Atlanta,GA,4511,Online Transaction,0
cacd18e9-2946-4860-bf9a-4d24be62c3bd,2026-07-17T09:25:27.832607+00:00,219,3,65.88,Whole Foods,Austin,TX,5411,Swipe Transaction,0
22c78c8f-825a-4d29-a01e-7cb6be597eb9,2026-07-14T05:47:27.832607+00:00,226,2,121.22,LuxuryGoods LLC,Miami,FL,5944,Online Transaction,1
d3e67389-6575-4262-a2a1-f1df97961332,2026-07-09T01:54:27.832607+00:00,41,3,14.13,Delta Airlines,Atlanta,GA,4511,Swipe Transaction,0
dda6d680-9787-43f6-ae8f-f5b0fffe2191,2026-08-14T10:13:27.832607+00:00,210,0,108.76,Whole Foods,Austin,TX,5411,Swipe Transaction,0
5a02a00d-5d75-43bd-9706-eedbdcf8e66e,2026-08-05T18:13:27.832607+00:00,151,2,22.22,Home Depot,Atlanta,GA,5200,Swipe Transaction,0
c6064fd4-d939-4883-92c1-43bce038fc22,2026-06-25T18:06:27.832607+00:00,51,1,124.89,AnonymousGiftCards,Panama City,FOREIGN,5947,Chip Transaction,1
39a1929a-c262-47ae-8fb1-7728fd7d9bec,2026-07-02T07:47:27.832607+00:00,126,3,42.16,McDonald's,Chicago,IL,5814,Chip Transaction,0
426e3128-5920-4dca-b306-3df8515ba6fd,2026-08-12T06:28:27.832607+00:00,34,0,28.73,McDonald's,Chicago,IL,5814,Chip Transaction,0
0da6939a-ee8e-4918-b695-77eaa71d5635,2026-08-07T05:23:27.832607+00:00,103,2,66.87,Netflix,Los Gatos,CA,4899,Swipe Transaction,0
3ec61504-8478-44c1-98e7-0caa1586af85,2026-07-08T07:02:27.832607+00:00,93,3,500.27,OnlineElectronics,Shenzhen,FOREIGN,5732,Online Transaction,1
ca14b5e6-4c05-493d-9154-5bfc3d7f42d3,2026-06-26T13:25:27.832607+00:00,209,0,43.65,Best Buy,Richfield,MN,5732,Chip Transaction,0
d97797ed-8df3-4ac8-8904-f335887da284,2026-07-29T04:05:27.832607+00:00,190,3,186.38,Starbucks,Seattle,WA,5814,Swipe Transaction,0
39661719-ba78-43a2-a915-3336df0b38ff,2026-07-22T02:27:27.832607+00:00,127,2,33.73,CVS Pharmacy,Woonsocket,RI,5912,Chip Transaction,0
3350b78d-75de-4f53-bd53-209c6b6f2a4b,2026-08-07T03:57:27.832607+00:00,164,3,3.64,Delta Airlines,Atlanta,GA,4511,Chip Transaction,0
a9f5ad0a-7bda-4116-8a55-09642cc97437,2026-07-30T13:59:27.832607+00:00,128,2,32.87,Walmart,Bentonville,AR,5411,Chip Transaction,0
6e52d2d8-b42c-43f3-b354-708a52a544eb,2026-07-01T09:56:27.832607+00:00,158,4,24.45,Shell,Houston,TX,5541,Chip Transaction,0
80b68951-593f-431b-bf30-8d92f9fe1ce4,2026-07-17T11:30:27.832607+00:00,149,4,13.83,Shell,Houston,TX,5541,Chip Transaction,0
a8f0e042-08d5-4c8b-bdd1-ce64a1bb8237,2026-07-05T01:08:27.832607+00:00,157,1,8.88,Target,Minneapolis,MN,5411,Online Transaction,0
ad5d1f55-3299-4a5d-a317-dc79a2276ba3,2026-08-11T04:38:27.832607+00:00,98,3,8.54,Whole Foods,Austin,TX,5411,Chip Transaction,0
7a1f77c6-c4ac-4b34-aeb6-fe787abc129c,2026-08-06T14:38:27.832607+00:00,95,1,18.23,Best Buy,Richfield,MN,5732,Chip Transaction,0
66ca9b68-93ef-4852-934b-1771adf5160d,2026-08-13T09:05:27.832607+00:00,11,2,10.14,Walmart,Bentonville,AR,5411,Swipe Transaction,0
f0306ec8-7052-4910-b0a1-2cffb52d6abd,2026-06-19T10:01:27.832607+00:00,96,1,26.9,Target,Minneapolis,MN,5411,Swipe Transaction,0
8bc1d4ca-8ffa-48f5-9165-d404841ba390,2026-07-26T08:52:27.832607+00:00,154,2,4.94,Uber,San Francisco,CA,4121,Chip Transaction,0
b6b77910-bc60-4116-9ec9-83f59c362624,2026-06-27T20:09:27.832607+00:00,41,3,23.69,Shell,Houston,TX,5541,Chip Transaction,0
57df463d-c45d-4992-9d5a-60685a6aabdf,2026-06-24T00:20:27.832607+00:00,60,4,3.89,Best Buy,Richfield,MN,5732,Chip Transaction,0
7945beee-a940-4e45-80f9-24489951df1e,2026-08-01T18:16:27.832607+00:00,131,3,28.02,Target,Minneapolis,MN,5411,Swipe Transaction,0
7becb185-b58a-4cb0-9d7a-44b1e1a782e4,2026-07-17T05:56:27.832607+00:00,185,3,69.9,Amazon,Seattle,WA,5942,Chip Transaction,0
0f9608b1-207b-4d2a-ad7d-30a410c0f2b7,2026-07-13T19:11:27.832607+00:00,178,3,34.3,McDonald's,Chicago,IL,5814,Online Transaction,0
b412450f-fc1c-4d01-aa8d-533e2291376b,2026-07-03T21:05:27.832607+00:00,33,2,9.68,Best Buy,Richfield,MN,5732,Chip Transaction,0
67495883-1e11-4235-ac39-aee245ff2890,2026-07-28T12:44:27.832607+00:00,20,0,13.43,Uber,San Francisco,CA,4121,Online Transaction,0
2c1eeef8-139f-4f5d-bf4c-a057450259a3,2026-07-17T17:20:27.832607+00:00,41,0,46.6,Amazon,Seattle,WA,5942,Online Transaction,0
2f31c0f6-8146-4850-802c-b4fa7a5f67e1,2026-06-21T11:09:27.832607+00:00,219,2,38.21,Amazon,Seattle,WA,5942,Swipe Transaction,0
aedb7b76-1f6c-450b-a6b7-53a12a6e910a,2026-07-06T18:34:27.832607+00:00,148,0,7.05,Netflix,Los Gatos,CA,4899,Chip Transaction,0
0d747dce-f19e-4f47-9579-8778cfc4b4f0,2026-07-10T18:11:27.832607+00:00,134,4,62.51,Whole Foods,Austin,TX,5411,Chip Transaction,0
3f6f08df-f78e-4644-9798-924c1958835e,2026-07-19T02:06:27.832607+00:00,149,2,28.62,Netflix,Los Gatos,CA,4899,Swipe Transaction,0
765fd98d-43a2-4c0f-8c39-2e36e7500ca2,2026-07-23T14:01:27.832607+00:00,220,3,39.38,Amazon,Seattle,WA,5942,Chip Transaction,0
52c132f3-bcf4-4670-87f9-dafbb976fd76,2026-06-23T19:43:27.832607+00:00,30,0,12.72,Best Buy,Richfield,MN,5732,Swipe Transaction,0
115c6fe5-54ab-418e-951b-d4cba357cb84,2026-08-07T01:50:27.832607+00:00,107,4,5.71,CVS Pharmacy,Woonsocket,RI,5912,Swipe Transaction,0
a4291675-7312-4d08-9755-ba117bb07f4c,2026-06-21T03:24:27.832607+00:00,249,2,94.94,Starbucks,Seattle,WA,5814,Chip Transaction,0
f9f68366-794c-4445-88bc-d89b01d73b41,2026-07-28T16:06:27.832607+00:00,84,3,24.82,CVS Pharmacy,Woonsocket,RI,5912,Chip Transaction,0
efafedbb-d12c-4693-b90b-d945b5801183,2026-08-13T09:03:27.832607+00:00,223,3,22.04,Shell,Houston,TX,5541,Swipe Transaction,0
dbb691cb-2f28-4e10-9bd6-68a6502dc13a,2026-07-21T17:45:27.832607+00:00,241,2,39.22,Whole Foods,Austin,TX,5411,Chip Transaction,0
9517565a-d8a6-4187-8d98-69a6c08a2d09,2026-07-18T08:49:27.832607+00:00,204,3,11.52,Target,Minneapolis,MN,5411,Swipe Transaction,0
04411cb3-b138-463d-9643-191c482e422d,2026-06-21T02:14:27.832607+00:00,126,0,11.79,Target,Minneapolis,MN,5411,Chip Transaction,0
c2a9b21a-df6e-439b-90b2-0882f6b5b397,2026-07-07T07:26:27.832607+00:00,236,4,12.43,Shell,Houston,TX,5541,Online Transaction,0
2ecb12d2-29a8-4505-85e6-f3201b5828ad,2026-07-16T19:17:27.832607+00:00,107,0,23.45,Shell,Houston,TX,5541,Swipe Transaction,0
9381e065-a30c-4ef4-9076-c937ddf010a1,2026-07-25T01:23:27.832607+00:00,20,2,17.09,Home Depot,Atlanta,GA,5200,Chip Transaction,0
40a8498c-a392-4ef7-8d6a-04e186c1fcaa,2026-06-20T05:39:27.832607+00:00,87,3,11.97,Walmart,Bentonville,AR,5411,Chip Transaction,0
905dba28-106e-45d2-ae0b-1c3c30f3e88d,2026-08-10T15:59:27.832607+00:00,213,0,63.11,Amazon,Seattle,WA,5942,Chip Transaction,0
49451d34-dd6e-47e1-98a3-9676f3d67ed0,2026-06-29T16:01:27.832607+00:00,51,3,18.38,Whole Foods,Austin,TX,5411,Chip Transaction,0
632cb2e5-b3d4-459e-81fe-c2ba1493a6c8,2026-07-12T02:41:27.832607+00:00,195,2,64.61,CVS Pharmacy,Woonsocket,RI,5912,Chip Transaction,0
799f0ae1-24ad-4318-9019-daea0f13fdf9,2026-06-27T13:28:27.832607+00:00,141,1,41.35,McDonald's,Chicago,IL,5814,Swipe Transaction,0
0eb1bc4d-20ba-4ea7-a578-0adc9b5922ee,2026-06-26T07:06:27.832607+00:00,221,0,29.15,Uber,San Francisco,CA,4121,Online Transaction,0
3c48d6e1-757e-40cb-b701-6142c8e0f558,2026-06-19T06:14:27.832607+00:00,70,4,11.25,McDonald's,Chicago,IL,5814,Online Transaction,0
95a1b117-fb68-4ea0-b72c-7f9822c8a40e,2026-08-06T12:31:27.832607+00:00,49,4,40.24,Shell,Houston,TX,5541,Swipe Transaction,0
e853afc1-15be-4703-82bd-2f6e74c4bd18,2026-08-05T18:50:27.832607+00:00,213,1,20.9,Target,Minneapolis,MN,5411,Online Transaction,0
a70a8b19-350e-4f02-937c-563c5f454cfc,2026-08-14T00:28:27.832607+00:00,130,2,49.91,Shell,Houston,TX,5541,Swipe Transaction,0
364f2070-6033-4843-947c-1ef2265a5805,2026-07-19T20:01:27.832607+00:00,160,2,25.62,Home Depot,Atlanta,GA,5200,Chip Transaction,0
66c47698-cf5e-46f9-89df-ad5c1601276e,2026-06-28T07:18:27.832607+00:00,32,1,12.55,Home Depot,Atlanta,GA,5200,Swipe Transaction,0
ad1f9dd4-666e-4aa2-9f10-5446bedcf6fb,2026-07-12T16:50:27.832607+00:00,107,2,12.44,McDonald's,Chicago,IL,5814,Chip Transaction,0
e6c1aa25-118f-4acb-84a8-abb2f65e862c,2026-07-22T22:32:27.832607+00:00,144,0,5.98,Best Buy,Richfield,MN,5732,Swipe Transaction,0
af2db534-1cb0-4ae6-abb0-743c686017a7,2026-08-08T03:24:27.832607+00:00,92,3,30.84,Amazon,Seattle,WA,5942,Chip Transaction,0
994af03e-9fa5-48b8-8ff0-9e79dcaca1a5,2026-06-29T05:27:27.832607+00:00,240,0,67.37,Whole Foods,Austin,TX,5411,Chip Transaction,0
d97eccd4-cf09-4a11-9766-070f23705082,2026-08-05T09:15:27.832607+00:00,21,1,1.43,Delta Airlines,Atlanta,GA,4511,Chip Transaction,0
9a7f666a-eede-4ba3-8442-c0d4db90f41d,2026-08-02T09:47:27.832607+00:00,11,3,146.03,QuickCash ATM,Unknown,NV,6011,Online Transaction,1
d6c36367-25e2-4e5f-919a-d14330e90de3,2026-07-04T15:30:27.832607+00:00,167,4,74.11,Shell,Houston,TX,5541,Swipe Transaction,0
f2645d27-7d15-4cb2-a566-7806d24e74f1,2026-06-29T01:52:27.832607+00:00,121,2,73.98,Delta Airlines,Atlanta,GA,4511,Chip Transaction,0
110420b9-72fe-4b33-a164-5d12812e317d,2026-08-12T01:59:27.832607+00:00,167,2,23.96,Delta Airlines,Atlanta,GA,4511,Chip Transaction,0
44036ea9-9ec0-4407-8241-10d1ecb011cd,2026-07-31T13:16:27.832607+00:00,95,0,135.05,Costco,Issaquah,WA,5411,Online Transaction,0
34944bd6-c2d6-4ad8-bb20-3af1b2312fa2,2026-08-15T02:22:27.832607+00:00,248,1,78.9,Costco,Issaquah,WA,5411,Online Transaction,0
30402507-9231-4720-89fe-840127436c98,2026-07-21T23:30:27.832607+00:00,89,2,75.06,CVS Pharmacy,Woonsocket,RI,5912,Chip Transaction,0
7abba096-4f47-4703-826d-731960c6bf9d,2026-08-10T21:45:27.832607+00:00,152,1,42.47,CVS Pharmacy,Woonsocket,RI,5912,Swipe Transaction,0
cd1a3df3-6bcb-4a87-a4fd-4df242e48aa2,2026-07-03T14:48:27.832607+00:00,180,1,37.43,Netflix,Los Gatos,CA,4899,Swipe Transaction,0
6a08746c-53b4-40ca-8509-1cc45fd1f5d2,2026-07-27T19:35:27.832607+00:00,148,1,43.24,Walmart,Bentonville,AR,5411,Online Transaction,0
4781c17b-ab06-484b-9e74-f5f59322ed85,2026-07-13T02:08:27.832607+00:00,167,3,58.94,McDonald's,Chicago,IL,5814,Chip Transaction,0
59aedfc8-aebc-4994-9e1e-f2cdcb5ffe43,2026-06-30T20:00:27.832607+00:00,232,3,175.77,CryptoExchange OU,Tallinn,FOREIGN,6051,Swipe Transaction,1
eb2e7607-05a5-4512-8134-e6284db8db0e,2026-06-18T14:15:27.832607+00:00,211,0,32.42,Home Depot,Atlanta,GA,5200,Chip Transaction,0
2a9e58f6-b203-486c-a6ad-3d1ad0f20abc,2026-07-08T23:43:27.832607+00:00,185,0,13.0,Best Buy,Richfield,MN,5732,Swipe Transaction,0
7bb066ee-cc09-43ee-b430-b65714f8e0b4,2026-07-16T06:55:27.832607+00:00,203,3,992.34,OnlineElectronics,Shenzhen,FOREIGN,5732,Online Transaction,1
b20ef0db-55c3-4f3d-8b1c-58e85b3cd4e3,2026-07-29T19:01:27.832607+00:00,33,0,17.76,Apple Store,Cupertino,CA,5732,Online Transaction,0
f21b11db-5816-44d4-8233-f10f286b8495,2026-07-26T03:56:27.832607+00:00,142,2,13.99,Amazon,Seattle,WA,5942,Online Transaction,0
e6181dda-854a-49a2-9431-35cd50ca456a,2026-07-15T02:55:27.832607+00:00,26,1,10.73,Target,Minneapolis,MN,5411,Chip Transaction,0
49dd7f38-2303-469b-acbd-c7af823051ed,2026-07-30T14:26:27.832607+00:00,149,3,18.44,Delta Airlines,Atlanta,GA,4511,Chip Transaction,0
88efc1ca-332e-46f2-8426-5648d9caff24,2026-07-28T20:24:27.832607+00:00,173,1,33.02,Uber,San Francisco,CA,4121,Chip Transaction,0
32dd9467-e02e-410d-b0f6-8784828944f3,2026-07-08T18:14:27.832607+00:00,86,0,13.94,CVS Pharmacy,Woonsocket,RI,5912,Online Transaction,0
863903b2-06a0-4690-9543-88b992d8b96a,2026-07-24T21:04:27.832607+00:00,61,2,22.96,Starbucks,Seattle,WA,5814,Chip Transaction,0
935d4c8b-de82-41e6-9410-32d540c0a9fa,2026-08-04T13:45:27.832607+00:00,223,0,23.55,Delta Airlines,Atlanta,GA,4511,Online Transaction,0
6cebc087-a117-41fa-b9a0-d6b44c4825ff,2026-07-29T17:03:27.832607+00:00,29,1,34.87,Costco,Issaquah,WA,5411,Online Transaction,0
eab90a54-e200-4dd6-a282-365b9b641103,2026-06-30T20:02:27.832607+00:00,59,2,100.43,Walmart,Bentonville,AR,5411,Swipe Transaction,0
15a3ce5e-6bbc-48a2-a4b2-94417153907a,2026-07-19T20:03:27.832607+00:00,245,0,75.19,Delta Airlines,Atlanta,GA,4511,Online Transaction,0
dc748fde-3f82-4d2f-b340-4111d1ca8b36,2026-08-10T08:55:27.832607+00:00,210,1,15.04,Apple Store,Cupertino,CA,5732,Chip Transaction,0
1b764f21-fe7a-4377-b9da-ed69c5ab14ee,2026-08-10T09:31:27.832607+00:00,27,0,47.63,Best Buy,Richfield,MN,5732,Online Transaction,0
fbb30a4d-4bda-4ba1-a64e-7cd98df697ba,2026-06-29T02:21:27.832607+00:00,149,2,15.64,Target,Minneapolis,MN,5411,Swipe Transaction,0
4ed83419-6466-4a64-93d7-0306bf486e0f,2026-08-14T09:36:27.832607+00:00,96,0,268.64,AnonymousGiftCards,Panama City,FOREIGN,5947,Online Transaction,1
a05f06d3-6fc5-4b3f-b0d8-50adf2e0fc58,2026-08-13T09:23:27.832607+00:00,115,0,10.21,Target,Minneapolis,MN,5411,Chip Transaction,0
6ca58076-a8d2-4873-a148-ba95020fd20b,2026-08-04T12:52:27.832607+00:00,50,1,22.6,Netflix,Los Gatos,CA,4899,Swipe Transaction,0
b2f01c2f-1cb2-48f8-85c7-50b9d7dda61d,2026-08-10T22:51:27.832607+00:00,54,1,56.07,Best Buy,Richfield,MN,5732,Online Transaction,0
660722b8-b313-49c3-9450-74e373dccd1b,2026-08-14T22:09:27.832607+00:00,53,2,13.77,McDonald's,Chicago,IL,5814,Chip Transaction,0
5e210510-95d4-488f-a4a3-3ce6235e7c8f,2026-07-19T23:55:27.832607+00:00,6,2,21.19,Amazon,Seattle,WA,5942,Chip Transaction,0
a3221fff-89f0-4bb6-bdd1-9ca3f3334a6c,2026-07-11T20:03:27.832607+00:00,87,2,896.57,CryptoExchange OU,Tallinn,FOREIGN,6051,Swipe Transaction,1
e6a1019e-79d5-40da-ae3b-1868890d4a89,2026-07-17T09:37:27.832607+00:00,195,1,27.85,Apple Store,Cupertino,CA,5732,Swipe Transaction,0
8ac60cf7-ecdb-42ad-9c24-a4c4f41301c8,2026-08-05T03:45:27.832607+00:00,178,3,84.08,Best Buy,Richfield,MN,5732,Online Transaction,0
5d0b9490-54c1-4dd8-a378-b0269cd9f644,2026-08-04T22:08:27.832607+00:00,205,4,10.36,Apple Store,Cupertino,CA,5732,Swipe Transaction,0
6eeff821-f83b-4c79-89bd-ea59303fc171,2026-06-26T21:21:27.832607+00:00,117,3,24.26,Home Depot,Atlanta,GA,5200,Online Transaction,0
993d1430-6966-4d31-bc53-a8b5563014a1,2026-07-09T05:58:27.832607+00:00,33,1,10.6,Apple Store,Cupertino,CA,5732,Swipe Transaction,0
ccd64c84-933f-4922-8970-2b0cae20393d,2026-06-22T14:18:27.832607+00:00,72,4,20.4,Home Depot,Atlanta,GA,5200,Chip Transaction,0
0bcce834-4db5-4631-99f4-3445a6281132,2026-07-04T10:07:27.832607+00:00,190,4,14.61,Shell,Houston,TX,5541,Chip Transaction,0
5969079a-eb77-4e51-97c7-01b81e5442fe,2026-07-10T11:45:27.832607+00:00,213,1,102.7,CVS Pharmacy,Woonsocket,RI,5912,Swipe Transaction,0
942f4daf-14cd-443e-a71a-3ab23b2ca4dc,2026-07-22T06:17:27.832607+00:00,64,0,19.72,Home Depot,Atlanta,GA,5200,Swipe Transaction,0
d1d08b3a-7320-453f-83b8-28134227c382,2026-07-16T03:18:27.832607+00:00,146,0,16.15,CVS Pharmacy,Woonsocket,RI,5912,Chip Transaction,0
9dad5642-2270-49ce-8c17-7b6eee898614,2026-06-28T16:58:27.832607+00:00,231,2,59.89,Starbucks,Seattle,WA,5814,Chip Transaction,0
1d717afa-97c8-4001-b154-0e8587e597c8,2026-07-19T23:25:27.832607+00:00,145,2,14.89,CVS Pharmacy,Woonsocket,RI,5912,Chip Transaction,0
145a8992-9b8a-4cff-af54-7e6120f81a73,2026-07-24T21:24:27.832607+00:00,117,0,13.3,Netflix,Los Gatos,CA,4899,Chip Transaction,0
70036452-66bb-42b3-973d-77b63dad5f44,2026-08-04T00:44:27.832607+00:00,51,3,21.45,Delta Airlines,Atlanta,GA,4511,Swipe Transaction,0
21992010-baf8-4277-aff9-2942e33d35dc,2026-06-26T22:10:27.832607+00:00,194,1,13.2,Target,Minneapolis,MN,5411,Swipe Transaction,0
c9373f41-3349-4957-8d62-c91fca41156c,2026-07-18T16:58:27.832607+00:00,179,4,66.48,Whole Foods,Austin,TX,5411,Chip Transaction,0
a02a7d9b-d0e8-4ac6-b77e-020c442b583a,2026-06-29T22:54:27.832607+00:00,230,1,73.69,CVS Pharmacy,Woonsocket,RI,5912,Swipe Transaction,0
230b5eca-843b-484b-8394-3b049a45d2d5,2026-08-07T03:55:27.832607+00:00,171,0,48.49,Amazon,Seattle,WA,5942,Chip Transaction,0
66fb5ec3-40ed-4000-94ac-6c4e932e3ee4,2026-07-22T13:32:27.832607+00:00,32,1,130.92,AnonymousGiftCards,Panama City,FOREIGN,5947,Chip Transaction,1
763b3f62-27bc-42b4-8f8f-f685102b9e1f,2026-07-20T22:37:27.832607+00:00,4,2,18.86,Delta Airlines,Atlanta,GA,4511,Chip Transaction,0
ed7f1e05-b4eb-4815-9f40-ba7839d7ef34,2026-08-08T04:07:27.832607+00:00,108,2,28.1,Amazon,Seattle,WA,5942,Chip Transaction,0
246dffc4-f436-456e-bffa-79facf629a84,2026-07-22T21:52:27.832607+00:00,247,3,10.85,Netflix,Los Gatos,CA,4899,Online Transaction,0
6566ce17-86d3-4dad-9ed4-50bb28f5126e,2026-08-11T09:38:27.832607+00:00,5,0,28.27,Best Buy,Richfield,MN,5732,Chip Transaction,0
886684d8-0182-4e10-9edc-33e87504c942,2026-07-02T02:21:27.832607+00:00,169,2,7.39,CVS Pharmacy,Woonsocket,RI,5912,Swipe Transaction,0
5ceb47b5-ecb0-430d-88fa-b1b58de21e98,2026-07-27T09:32:27.832607+00:00,169,3,22.99,Amazon,Seattle,WA,5942,Online Transaction,0
ade54e96-d006-43da-99d5-1e0bf971cd52,2026-06-29T13:07:27.832607+00:00,208,0,132.78,Best Buy,Richfield,MN,5732,Chip Transaction,0
4b1ffea1-670c-4033-9391-6067a4a0c31e,2026-07-28T08:08:27.832607+00:00,160,4,25.1,Amazon,Seattle,WA,5942,Chip Transaction,0
5bafc537-04ec-412e-ac5e-fe1ec2ae2174,2026-07-02T06:26:27.832607+00:00,73,3,9.72,Best Buy,Richfield,MN,5732,Swipe Transaction,0
d0b65fa0-432d-4c4b-955c-1ceffd78962c,2026-08-14T18:22:27.832607+00:00,197,2,32.97,Home Depot,Atlanta,GA,5200,Chip Transaction,0
865a577a-22d4-4846-950d-d9607295801a,2026-07-25T11:49:27.832607+00:00,202,0,119.73,Walmart,Bentonville,AR,5411,Chip Transaction,0
34048db8-808d-406f-b4ce-9588857736ff,2026-08-01T16:25:27.832607+00:00,195,3,9.9,Best Buy,Richfield,MN,5732,Chip Transaction,0
69c6ed3d-b1be-4b02-8fc3-c691b227e9a2,2026-07-23T03:34:27.832607+00:00,209,2,59.74,Costco,Issaquah,WA,5411,Chip Transaction,0
208dda6f-90fa-44aa-844f-e33d6f598d33,2026-07-28T16:26:27.832607+00:00,32,0,4.06,Uber,San Francisco,CA,4121,Chip Transaction,0
74ddf752-144e-486e-9481-6d0d0f548ef9,2026-07-17T03:56:27.832607+00:00,7,1,4.76,McDonald's,Chicago,IL,5814,Online Transaction,0
8c20a8fc-be0c-4ff6-8601-62a6e2daf90d,2026-08-14T06:30:27.832607+00:00,93,1,32.79,Apple Store,Cupertino,CA,5732,Swipe Transaction,0
e0db8e2a-5381-476b-a466-66331d910507,2026-07-31T17:31:27.832607+00:00,201,3,17.25,McDonald's,Chicago,IL,5814,Online Transaction,0
cf11ad58-181c-4240-aa99-d3acb520b7a5,2026-06-18T06:30:27.832607+00:00,68,1,44.89,Starbucks,Seattle,WA,5814,Chip Transaction,0
f127e546-f673-4078-a7ab-c774ad430c18,2026-07-19T00:56:27.832607+00:00,81,4,9.17,Walmart,Bentonville,AR,5411,Online Transaction,0
fb5e5e01-9379-4301-a5ac-54e55184c6f6,2026-06-25T20:04:27.832607+00:00,22,4,16.22,Shell,Houston,TX,5541,Swipe Transaction,0
1b90ceac-1382-452e-94bd-88bf22b0394d,2026-07-22T17:57:27.832607+00:00,225,2,14.73,Uber,San Francisco,CA,4121,Swipe Transaction,0
89310df9-3a39-4951-9f27-074acbfc4baa,2026-06-29T01:45:27.832607+00:00,16,4,28.94,Netflix,Los Gatos,CA,4899,Swipe Transaction,0
dbb779e1-28a0-4c97-92ec-30a4ddf82107,2026-08-07T02:35:27.832607+00:00,9,1,56.86,Best Buy,Richfield,MN,5732,Chip Transaction,0
f21fc9db-3535-48eb-9d3b-40bf631b44eb,2026-07-30T08:49:27.832607+00:00,131,0,30.25,Uber,San Francisco,CA,4121,Online Transaction,0
724c8ce0-c3c8-4a54-b7f2-4d4470404f7c,2026-07-29T00:35:27.832607+00:00,131,4,66.86,Delta Airlines,Atlanta,GA,4511,Swipe Transaction,0
405fe09e-f33f-4225-9ee9-0bd6483b6145,2026-08-14T01:03:27.832607+00:00,184,4,48.94,Whole Foods,Austin,TX,5411,Online Transaction,0
4f800ed6-b208-45d1-9fd6-d3b5da50e28b,2026-08-08T18:51:27.832607+00:00,211,2,51.65,Whole Foods,Austin,TX,5411,Swipe Transaction,0
0ad6460f-3e31-4755-a49c-5625d6486b5d,2026-08-04T19:52:27.832607+00:00,65,2,44.58,Shell,Houston,TX,5541,Chip Transaction,0
d702e018-045c-4d84-85ec-40642c139cbd,2026-07-22T21:45:27.832607+00:00,73,0,44.8,Shell,Houston,TX,5541,Chip Transaction,0
d46be3be-ee80-4a90-83dd-61eee27949e2,2026-08-12T08:32:27.832607+00:00,100,2,56.57,Netflix,Los Gatos,CA,4899,Online Transaction,0
8d19f070-dad7-4714-a612-28e33dd5958c,2026-06-28T01:40:27.832607+00:00,54,3,37.21,Delta Airlines,Atlanta,GA,4511,Chip Transaction,0
2de5b547-4b67-46b7-aacc-17bd32ac7de0,2026-07-05T16:31:27.832607+00:00,206,3,12.71,CVS Pharmacy,Woonsocket,RI,5912,Chip Transaction,0
be50d1e0-822f-44ac-811d-8683fe1d18a3,2026-08-14T21:57:27.832607+00:00,65,2,12.02,Target,Minneapolis,MN,5411,Online Transaction,0
9e640406-ea75-4582-b48e-72f0d8a225c0,2026-07-29T18:22:27.832607+00:00,158,1,8.07,Amazon,Seattle,WA,5942,Swipe Transaction,0
5560398d-435d-4885-8de5-368708637271,2026-08-03T22:24:27.832607+00:00,172,0,28.88,Delta Airlines,Atlanta,GA,4511,Chip Transaction,0
7b946109-5050-4407-be4a-9f4c1b7a65f6,2026-07-04T09:18:27.832607+00:00,96,0,87.13,Walmart,Bentonville,AR,5411,Chip Transaction,0
7a8c4c49-ee6c-4ac8-8d8c-519f6478698a,2026-06-18T17:13:27.832607+00:00,64,4,60.7,Delta Airlines,Atlanta,GA,4511,Swipe Transaction,0
19dbef1f-31b5-40aa-b468-f00cd20b51f5,2026-07-01T12:17:27.832607+00:00,237,1,21.22,Shell,Houston,TX,5541,Chip Transaction,0
57f53720-1e0d-435e-a03e-78b1afd92744,2026-07-08T21:32:27.832607+00:00,186,2,24.27,Costco,Issaquah,WA,5411,Swipe Transaction,0
f84cee89-e6c8-4c42-a2d1-661bb7619227,2026-07-17T04:53:27.832607+00:00,160,2,46.59,Shell,Houston,TX,5541,Chip Transaction,0
90479f0f-da0f-4256-a7a5-344a4c9b5a00,2026-07-06T06:06:27.832607+00:00,28,3,8.37,Whole Foods,Austin,TX,5411,Chip Transaction,0
e7068d14-5095-433e-adba-2037684978f9,2026-07-21T14:14:27.832607+00:00,136,1,32.66,Costco,Issaquah,WA,5411,Swipe Transaction,0
94af0b88-3b44-4c02-85ba-6545a250a0bd,2026-08-04T17:13:27.832607+00:00,221,1,6.65,Whole Foods,Austin,TX,5411,Chip Transaction,0
379c0eb8-287b-47a7-9c5d-b747a4b371ac,2026-07-04T11:46:27.832607+00:00,197,2,11.41,Apple Store,Cupertino,CA,5732,Swipe Transaction,0
d10fdff6-fe1f-4b88-8ee6-16232ec0e7eb,2026-08-13T02:50:27.832607+00:00,42,4,14.77,Whole Foods,Austin,TX,5411,Chip Transaction,0
d0cdd19d-5034-46cd-97ff-e89e745f00bf,2026-07-13T09:54:27.832607+00:00,155,1,126.33,Walmart,Bentonville,AR,5411,Chip Transaction,0
dfea8884-7f83-4b07-b0e0-9864391e031d,2026-08-13T08:27:27.832607+00:00,44,4,10.14,McDonald's,Chicago,IL,5814,Swipe Transaction,0
cd22df7a-c1bc-4891-aaf5-2238a1f73748,2026-08-04T12:37:27.832607+00:00,47,1,82.4,Whole Foods,Austin,TX,5411,Swipe Transaction,0
9e427c36-afa6-43fc-a743-a2cd6a57555d,2026-06-20T21:56:27.832607+00:00,50,1,7.71,Delta Airlines,Atlanta,GA,4511,Online Transaction,0
6f41fb4f-6e88-4832-a7a3-3fa4f40adfce,2026-07-07T16:57:27.832607+00:00,21,2,50.58,Starbucks,Seattle,WA,5814,Swipe Transaction,0
7e0379d8-0f38-410d-9907-bee68244c3fa,2026-08-05T21:41:27.832607+00:00,18,2,17.03,Target,Minneapolis,MN,5411,Swipe Transaction,0
3ca02c94-52cb-480f-9e69-61acf9d618ac,2026-07-30T04:00:27.832607+00:00,202,3,53.34,McDonald's,Chicago,IL,5814,Swipe Transaction,0
9bc34727-23d5-4fe0-9066-32e1ca0c9eff,2026-07-16T13:17:27.832607+00:00,47,0,23.55,Apple Store,Cupertino,CA,5732,Chip Transaction,0
659f770c-0a60-4afd-ba77-8e4b03ebddfd,2026-06-26T19:08:27.832607+00:00,208,4,7.19,Starbucks,Seattle,WA,5814,Chip Transaction,0
6986e163-0980-4d1b-824a-b9acd784d75c,2026-07-14T21:46:27.832607+00:00,213,1,13.67,Best Buy,Richfield,MN,5732,Chip Transaction,0
7938384c-a5e3-439a-8d48-2ed26b8f899e,2026-08-07T04:48:27.832607+00:00,241,0,23.45,Best Buy,Richfield,MN,5732,Online Transaction,0
d0c88afa-be9d-42ff-a8f7-28f0041bd97c,2026-07-19T11:01:27.832607+00:00,96,4,41.31,Amazon,Seattle,WA,5942,Online Transaction,0
cc4d7310-c464-4ef5-82bc-9fdce210cf2a,2026-06-19T15:27:27.832607+00:00,121,1,26.3,Delta Airlines,Atlanta,GA,4511,Swipe Transaction,0
ea40c9f6-d1f6-4be3-91e6-8f943fe754c3,2026-08-01T01:37:27.832607+00:00,250,2,1981.05,OnlineElectronics,Shenzhen,FOREIGN,5732,Online Transaction,1
431cd512-4b5e-4a87-b4ac-76a7733846fd,2026-07-16T04:45:27.832607+00:00,54,0,39.51,Best Buy,Richfield,MN,5732,Chip Transaction,0
31e96470-4af6-4e9d-980c-b986b3780dce,2026-07-17T22:57:27.832607+00:00,243,2,77.35,Whole Foods,Austin,TX,5411,Swipe Transaction,0
8f4628e6-6554-4c03-86b6-8659e0c40df6,2026-08-06T07:58:27.832607+00:00,112,0,101.43,Apple Store,Cupertino,CA,5732,Chip Transaction,0
4f632b2e-eb71-42f2-97a9-cb19ba7570a6,2026-06-22T17:30:27.832607+00:00,188,2,23.22,Walmart,Bentonville,AR,5411,Online Transaction,0
3e2ccac1-6a5c-41c0-92ee-2d934dcdddb8,2026-08-05T17:10:27.832607+00:00,109,3,6.55,Whole Foods,Austin,TX,5411,Swipe Transaction,0
0f5c6485-097e-48eb-90af-ad3edfee0cbc,2026-06-18T16:02:27.832607+00:00,87,0,46.67,Delta Airlines,Atlanta,GA,4511,Swipe Transaction,0
5451b025-8b9c-4e3d-b0a7-d8a7662d7eeb,2026-06-24T07:18:27.832607+00:00,213,3,9.62,CVS Pharmacy,Woonsocket,RI,5912,Chip Transaction,0
143fbd99-c674-487d-8b9d-cc50b755fe38,2026-07-31T18:44:27.832607+00:00,115,1,20.27,Netflix,Los Gatos,CA,4899,Chip Transaction,0
e971ea19-7353-4e3d-9b81-7cd29863e01c,2026-07-02T03:10:27.832607+00:00,204,1,8.54,Uber,San Francisco,CA,4121,Chip Transaction,0
04582de3-ef5e-464b-aadc-bc16aacac8ac,2026-06-18T12:22:27.832607+00:00,38,0,60.51,CVS Pharmacy,Woonsocket,RI,5912,Online Transaction,0
fb89b091-5a65-4ebf-a33b-4c2379260c61,2026-07-03T11:18:27.832607+00:00,74,0,30.04,Shell,Houston,TX,5541,Swipe Transaction,0
b5b91fdf-3989-4f4a-b3f7-8f0e4654fad5,2026-07-09T01:06:27.832607+00:00,143,4,19.03,Whole Foods,Austin,TX,5411,Chip Transaction,0
c54ae570-9c91-47bc-b349-189b768fca39,2026-07-09T14:49:27.832607+00:00,246,0,26.89,Delta Airlines,Atlanta,GA,4511,Swipe Transaction,0
d6e88bb1-7b3c-4012-bd5d-5a2b261a9ab8,2026-08-11T19:53:27.832607+00:00,110,2,85.19,CVS Pharmacy,Woonsocket,RI,5912,Chip Transaction,0
132b4edc-a47d-4b47-81e0-497aedfab38d,2026-08-08T10:57:27.832607+00:00,229,2,9.32,Best Buy,Richfield,MN,5732,Chip Transaction,0
290b189e-85e4-46c1-9305-34cedc27f7cd,2026-07-28T01:56:27.832607+00:00,190,2,63.78,Amazon,Seattle,WA,5942,Chip Transaction,0
8a2e39f9-6d16-4f63-86e6-824586100cc9,2026-07-15T08:39:27.832607+00:00,64,3,25.51,Best Buy,Richfield,MN,5732,Online Transaction,0
ed333827-d962-4a80-a813-0328389cf0a4,2026-06-28T01:08:27.832607+00:00,206,4,925.6,OnlineElectronics,Shenzhen,FOREIGN,5732,Online Transaction,1
4e6a4602-a871-46db-866e-0dd5a9f0e52a,2026-07-07T02:33:27.832607+00:00,229,3,39.79,CVS Pharmacy,Woonsocket,RI,5912,Chip Transaction,0
c49e8935-2817-43e8-8906-5be385c09e24,2026-07-30T23:55:27.832607+00:00,221,4,27.75,Target,Minneapolis,MN,5411,Swipe Transaction,0
4758f1ca-5b2e-4912-be22-3b275d93a5be,2026-07-16T00:55:27.832607+00:00,88,3,19.33,Walmart,Bentonville,AR,5411,Chip Transaction,0
d3421553-b62b-4153-bbdf-c6b72d03906b,2026-07-13T03:36:27.832607+00:00,224,2,894.02,AnonymousGiftCards,Panama City,FOREIGN,5947,Chip Transaction,1
bac25662-8e23-4dac-acf3-9d407f74181e,2026-07-03T02:19:27.832607+00:00,53,0,17.06,Starbucks,Seattle,WA,5814,Swipe Transaction,0
e9ef1df5-75e4-46ef-9526-ed0d637c30d3,2026-07-29T09:29:27.832607+00:00,49,1,8.33,Shell,Houston,TX,5541,Chip Transaction,0
c8b0bd18-0211-444d-99e6-5b125e06ca7e,2026-06-24T05:59:27.832607+00:00,174,4,53.15,Netflix,Los Gatos,CA,4899,Swipe Transaction,0
333c369a-1d71-4687-96a1-2ef1a60e6b9e,2026-07-07T09:39:27.832607+00:00,206,0,1.79,CVS Pharmacy,Woonsocket,RI,5912,Swipe Transaction,0
75422b57-251d-4a0f-a464-10c881e3c6b1,2026-07-09T00:08:27.832607+00:00,202,1,13.95,Apple Store,Cupertino,CA,5732,Online Transaction,0
05a78864-2460-405b-9587-7af7ced8a776,2026-07-25T06:26:27.832607+00:00,125,2,36.28,Amazon,Seattle,WA,5942,Online Transaction,0
a6ebc8d5-9bde-4b4a-b706-8dea431235f3,2026-07-21T23:23:27.832607+00:00,217,3,18.48,Home Depot,Atlanta,GA,5200,Swipe Transaction,0
a8aaaba9-2bb2-42c5-9dc7-f6ef108a1c68,2026-07-26T02:27:27.832607+00:00,92,3,22.67,Delta Airlines,Atlanta,GA,4511,Chip Transaction,0
d8b4d1ad-762b-448c-8455-d7eba6d6b7e9,2026-07-03T05:11:27.832607+00:00,195,4,21.96,Costco,Issaquah,WA,5411,Chip Transaction,0
01ef4f84-4488-457b-bf1d-e47521b21231,2026-07-02T08:03:27.832607+00:00,161,0,8.76,Shell,Houston,TX,5541,Online Transaction,0
9b72b171-e068-4529-9cc9-5dd5d052e207,2026-07-24T23:31:27.832607+00:00,54,2,33.87,Delta Airlines,Atlanta,GA,4511,Chip Transaction,0
23c711c5-2d5b-451c-a119-06428b116b3e,2026-06-25T17:42:27.832607+00:00,223,4,12.7,McDonald's,Chicago,IL,5814,Chip Transaction,0
b29727f9-31d0-41da-8d58-324d7d7e8cb2,2026-06-30T02:08:27.832607+00:00,211,0,27.11,Costco,Issaquah,WA,5411,Chip Transaction,0
549cb9d8-38a2-42ee-a55e-637f3b75b1dc,2026-07-28T12:52:27.832607+00:00,237,3,4.49,Target,Minneapolis,MN,5411,Chip Transaction,0
8a1b8147-ea18-4d49-8020-db1fbd48e20f,2026-08-10T07:54:27.832607+00:00,167,3,32.77,Costco,Issaquah,WA,5411,Online Transaction,0
4f763a64-dcc6-420d-94c4-1c6e8fc9605e,2026-07-12T05:54:27.832607+00:00,22,0,440.37,LuxuryGoods LLC,Miami,FL,5944,Swipe Transaction,1
ecd7c5bf-c19c-4f76-906f-cb3d8031a6ee,2026-07-11T05:16:27.832607+00:00,236,3,14.53,Delta Airlines,Atlanta,GA,4511,Chip Transaction,0
2a50e4a7-8f06-4447-b643-fcbeb19c2a0f,2026-07-11T10:26:27.832607+00:00,65,3,22.85,Costco,Issaquah,WA,5411,Chip Transaction,0
18fc3bbd-d342-40e9-ae9a-623c6cf08672,2026-07-11T22:21:27.832607+00:00,88,1,7.72,Uber,San Francisco,CA,4121,Swipe Transaction,0
be8e2d53-6cbb-4b87-86bc-edd4a93a8d28,2026-06-24T10:46:27.832607+00:00,160,4,8.65,Uber,San Francisco,CA,4121,Chip Transaction,0
b010502f-0bb8-4ea2-8f7b-4f5cfd13d696,2026-06-30T12:30:27.832607+00:00,120,2,32.75,Target,Minneapolis,MN,5411,Online Transaction,0
cbabc9f4-aa15-4dea-bed4-5151ff3cdea9,2026-07-20T13:48:27.832607+00:00,142,2,9.93,Target,Minneapolis,MN,5411,Swipe Transaction,0
44c73dd9-b567-425a-b78f-649cc722f1df,2026-08-13T02:29:27.832607+00:00,111,2,20.97,Best Buy,Richfield,MN,5732,Swipe Transaction,0
09d76e9b-9e64-4680-9d48-9183550cfb47,2026-08-13T15:21:27.832607+00:00,111,1,23.41,CVS Pharmacy,Woonsocket,RI,5912,Online Transaction,0
5f818072-973d-4f6d-831a-f8d7b807de5b,2026-06-24T15:03:27.832607+00:00,50,0,40.77,Target,Minneapolis,MN,5411,Chip Transaction,0
b615469e-45eb-4b7c-8b70-5a1e52c821ce,2026-06-28T06:48:27.832607+00:00,230,0,47.03,Best Buy,Richfield,MN,5732,Online Transaction,0
2b2697f7-8faf-4c33-8b27-a858a7b3111b,2026-08-06T22:09:27.832607+00:00,91,2,53.12,CVS Pharmacy,Woonsocket,RI,5912,Chip Transaction,0
f6991a95-e41f-4a3e-a790-1d123715eb6f,2026-07-02T03:02:27.832607+00:00,75,2,25.85,Uber,San Francisco,CA,4121,Chip Transaction,0
ba330321-f5c9-460a-a1ac-f8f869e90214,2026-08-02T19:53:27.832607+00:00,118,2,17.57,Walmart,Bentonville,AR,5411,Chip Transaction,0
f7a7fb7a-e74d-4ddb-805e-3bc0fa96b86c,2026-07-16T06:21:27.832607+00:00,147,4,15.16,Home Depot,Atlanta,GA,5200,Chip Transaction,0
f3d75aa8-118f-4cb8-9d1e-8eb0b80c4fcd,2026-07-29T14:52:27.832607+00:00,90,3,35.18,Apple Store,Cupertino,CA,5732,Chip Transaction,0
1f632883-1421-4b0d-8135-a8ebb20f9596,2026-07-09T04:27:27.832607+00:00,227,4,34.41,Netflix,Los Gatos,CA,4899,Chip Transaction,0
d6cb21f7-bf9e-478b-81cb-bea8a71da9ca,2026-07-07T23:43:27.832607+00:00,242,3,21.77,Walmart,Bentonville,AR,5411,Chip Transaction,0
9dc227cb-0011-4639-a042-a4672f7575df,2026-08-12T14:52:27.832607+00:00,211,3,37.52,Best Buy,Richfield,MN,5732,Chip Transaction,0
b1aea943-4b2f-46b6-8ee0-9440f7b3a13e,2026-08-05T01:33:27.832607+00:00,181,1,64.51,Netflix,Los Gatos,CA,4899,Chip Transaction,0
01ba570e-5dd4-43b2-99fe-bde546cb74d3,2026-06-23T22:07:27.832607+00:00,215,0,13.64,CVS Pharmacy,Woonsocket,RI,5912,Online Transaction,0
824b2fc7-7f44-49ff-ac48-96925bc11ae0,2026-07-03T15:07:27.832607+00:00,156,0,9.78,Apple Store,Cupertino,CA,5732,Swipe Transaction,0
b7395265-4d17-4e92-833d-86a328c4bfec,2026-08-08T13:33:27.832607+00:00,195,0,64.54,Amazon,Seattle,WA,5942,Chip Transaction,0
e6e10383-846d-4f87-aa18-c0d131dd32e6,2026-06-21T08:25:27.832607+00:00,117,1,46.53,Delta Airlines,Atlanta,GA,4511,Online Transaction,0
d8325032-9107-4707-9166-973e73709546,2026-08-07T14:50:27.832607+00:00,147,0,210.02,Walmart,Bentonville,AR,5411,Swipe Transaction,0
fa2ddfcb-62d7-4750-bb9f-9b7427d5ad79,2026-06-20T02:21:27.832607+00:00,209,2,43.72,Uber,San Francisco,CA,4121,Online Transaction,0
1b54e950-e2cb-4362-a630-1b36e2c9ff9b,2026-07-09T20:03:27.832607+00:00,56,1,7.56,Target,Minneapolis,MN,5411,Chip Transaction,0
9db09474-68e5-4988-8449-6f604cef13de,2026-06-23T00:53:27.832607+00:00,188,1,15.25,McDonald's,Chicago,IL,5814,Chip Transaction,0
37c9466c-5136-4866-8bc8-ae5de8479802,2026-07-12T21:55:27.832607+00:00,61,0,32.95,Starbucks,Seattle,WA,5814,Chip Transaction,0
94512ec4-30a5-4145-ae17-ccd6c865d2e3,2026-06-19T06:03:27.832607+00:00,73,0,133.68,Uber,San Francisco,CA,4121,Chip Transaction,0
0f72f259-212a-4fec-996c-432c469e6231,2026-07-22T21:21:27.832607+00:00,193,2,11.33,Amazon,Seattle,WA,5942,Chip Transaction,0
62c64b80-a0ac-40f9-9b33-99d4c14c5ab2,2026-08-12T07:32:27.832607+00:00,48,4,44.24,Uber,San Francisco,CA,4121,Chip Transaction,0
7a2c5f06-6782-4112-88b0-38d82bf9cd5a,2026-08-11T20:57:27.832607+00:00,7,1,117.06,McDonald's,Chicago,IL,5814,Swipe Transaction,0
ca276ca6-5bdd-46dc-92f3-c83bf5758ac1,2026-07-23T16:16:27.832607+00:00,159,0,56.15,Shell,Houston,TX,5541,Chip Transaction,0
aedda987-7ba4-4450-a237-b1e5e8b21898,2026-07-05T04:40:27.832607+00:00,177,1,27.54,McDonald's,Chicago,IL,5814,Chip Transaction,0
38a38890-2fd0-49d4-8f25-d17e9395a37d,2026-08-05T00:53:27.832607+00:00,91,2,21.99,Apple Store,Cupertino,CA,5732,Chip Transaction,0
c25b6a9a-a150-404b-96c1-70ff687d2c43,2026-07-24T09:11:27.832607+00:00,58,2,20.63,Walmart,Bentonville,AR,5411,Chip Transaction,0
ea9a6410-f93b-4b2d-8850-e3678441a11f,2026-07-18T15:02:27.832607+00:00,233,3,7.83,Whole Foods,Austin,TX,5411,Chip Transaction,0
d3cf68a6-68a4-4737-bdd6-07ebb6e71c08,2026-07-10T19:37:27.832607+00:00,198,4,54.73,Uber,San Francisco,CA,4121,Chip Transaction,0
2f84aa2f-9727-4cbd-a686-3e951f850f9d,2026-08-05T04:33:27.832607+00:00,18,2,23.09,Target,Minneapolis,MN,5411,Chip Transaction,0
6e69163e-d99a-475d-93d2-1c486a05fced,2026-08-11T10:33:27.832607+00:00,163,1,13.39,Walmart,Bentonville,AR,5411,Online Transaction,0
e25ad9bc-23f9-485d-9feb-5eb07b180dde,2026-06-25T23:18:27.832607+00:00,157,2,18.33,Target,Minneapolis,MN,5411,Chip Transaction,0
f7255e62-05f4-4693-8b93-888c4670c61d,2026-07-01T21:37:27.832607+00:00,227,4,61.28,Shell,Houston,TX,5541,Chip Transaction,0
dd5c5169-758c-4a33-b56e-84e928288fa9,2026-08-10T10:31:27.832607+00:00,89,4,34.03,Best Buy,Richfield,MN,5732,Online Transaction,0
e385f3fc-f462-458f-a5be-6035c6fa84bb,2026-07-25T17:35:27.832607+00:00,243,2,16.54,CVS Pharmacy,Woonsocket,RI,5912,Online Transaction,0
29ada9c9-e0da-4f1f-b32e-8be980e9d606,2026-07-31T08:17:27.832607+00:00,181,3,13.63,Delta Airlines,Atlanta,GA,4511,Online Transaction,0
f75cdd8d-58fa-4ac3-b782-eb9617797ace,2026-06-18T07:41:27.832607+00:00,214,2,28.75,Uber,San Francisco,CA,4121,Swipe Transaction,0
d183de90-c15f-47e2-8ad0-95cff1112005,2026-07-30T13:00:27.832607+00:00,211,1,13.48,Whole Foods,Austin,TX,5411,Chip Transaction,0
eaaf3883-1af4-4f72-8f22-ee715141f808,2026-06-26T12:20:27.832607+00:00,195,0,29.44,Netflix,Los Gatos,CA,4899,Chip Transaction,0
cd8fb95f-bf35-4d8f-a7ca-7acf6e517ff2,2026-06-20T07:32:27.832607+00:00,82,1,79.33,McDonald's,Chicago,IL,5814,Chip Transaction,0
bcb0ec1c-49d0-4a70-a8d7-49e6cc3ecea5,2026-07-05T18:18:27.832607+00:00,236,4,183.73,Costco,Issaquah,WA,5411,Online Transaction,0
66d933ac-8d0f-432f-b9ca-a6898d3f5226,2026-07-18T16:58:27.832607+00:00,4,0,3.56,Walmart,Bentonville,AR,5411,Chip Transaction,0
152b1cd4-02f4-455d-88a2-9cd7121e6f01,2026-06-24T06:39:27.832607+00:00,88,4,33.93,Amazon,Seattle,WA,5942,Online Transaction,0
bba97c7f-0716-444a-aa12-edd91b3be252,2026-07-09T04:38:27.832607+00:00,123,1,14.44,Apple Store,Cupertino,CA,5732,Chip Transaction,0
1fd7f3e2-d2c6-4340-8d89-964da831c639,2026-06-27T11:41:27.832607+00:00,108,1,33.58,Apple Store,Cupertino,CA,5732,Chip Transaction,0
f3c8d0f2-796f-443f-a6c3-6a09aca3f65d,2026-07-27T18:05:27.832607+00:00,195,3,52.7,Shell,Houston,TX,5541,Swipe Transaction,0
c22b1c87-f754-4021-9642-4c009a850e83,2026-06-29T16:56:27.832607+00:00,189,1,46.01,Costco,Issaquah,WA,5411,Swipe Transaction,0
8fbd45fd-1749-4e03-99ba-a3727d61bd0d,2026-07-17T11:56:27.832607+00:00,18,4,24.26,Uber,San Francisco,CA,4121,Online Transaction,0
65f63e1c-ba76-41a4-9bc5-52368b38d315,2026-07-14T10:38:27.832607+00:00,99,2,70.73,Delta Airlines,Atlanta,GA,4511,Swipe Transaction,0
ec9be619-c5a8-4302-bd3a-fb0264aecfe4,2026-06-26T06:01:27.832607+00:00,202,1,12.55,Best Buy,Richfield,MN,5732,Chip Transaction,0
3e9566e5-8410-4c77-aa9a-ee8546854938,2026-07-27T20:54:27.832607+00:00,70,4,7.08,Uber,San Francisco,CA,4121,Chip Transaction,0
df9344b2-191b-4d33-82cb-49c8e3f69e36,2026-07-24T11:17:27.832607+00:00,235,4,10.42,Walmart,Bentonville,AR,5411,Chip Transaction,0
e783e81b-86eb-4049-9a18-637def2b2d1a,2026-06-20T02:23:27.832607+00:00,102,3,6.69,Delta Airlines,Atlanta,GA,4511,Chip Transaction,0
c7be0fbd-b61a-49a7-bf5f-998be8f42735,2026-08-12T16:42:27.832607+00:00,48,4,9.36,Shell,Houston,TX,5541,Chip Transaction,0
e3fd5d4b-38b5-4896-a853-0d9c08cac26d,2026-07-04T20:21:27.832607+00:00,144,1,10.59,Walmart,Bentonville,AR,5411,Chip Transaction,0
32a48581-6e77-4926-b0f8-2f18d3de1d8e,2026-08-05T16:57:27.832607+00:00,172,1,205.9,QuickCash ATM,Unknown,NV,6011,Online Transaction,1
2d913b79-fcc9-4c36-9d53-192f5f656a71,2026-06-22T15:05:27.832607+00:00,173,2,30.58,Best Buy,Richfield,MN,5732,Swipe Transaction,0
dbc41175-8933-49a1-b05f-7c17cb680aeb,2026-06-26T02:51:27.832607+00:00,174,4,26.85,Target,Minneapolis,MN,5411,Online Transaction,0
25cf3cf6-5828-4472-966d-57d21314c8bf,2026-07-17T21:43:27.832607+00:00,169,2,83.25,Amazon,Seattle,WA,5942,Online Transaction,0
e40cdca7-860f-4124-a62c-2cfa5ac9579c,2026-07-02T09:27:27.832607+00:00,130,1,30.0,McDonald's,Chicago,IL,5814,Online Transaction,0
5886c595-f671-487b-991e-c77fb1996fc1,2026-07-19T12:25:27.832607+00:00,144,1,80.76,Netflix,Los Gatos,CA,4899,Chip Transaction,0
aa51c37f-ff84-4177-b494-765a235d2a0d,2026-07-08T12:41:27.832607+00:00,41,2,31.87,Costco,Issaquah,WA,5411,Chip Transaction,0
d67091e8-f1dd-46a7-acf8-71939d68594e,2026-08-15T07:20:27.832607+00:00,43,4,29.48,Uber,San Francisco,CA,4121,Swipe Transaction,0
5cf3dff5-68b7-42e3-b7cc-d32efff6d484,2026-07-04T09:44:27.832607+00:00,207,1,11.69,Netflix,Los Gatos,CA,4899,Chip Transaction,0
308bd306-112a-4dc5-8795-edf2aaa7a71f,2026-07-17T23:57:27.832607+00:00,184,3,12.21,Costco,Issaquah,WA,5411,Online Transaction,0
629b3e29-0247-47a1-8ef1-5d2854d9043c,2026-06-28T14:52:27.832607+00:00,175,2,45.63,Best Buy,Richfield,MN,5732,Chip Transaction,0
71679e58-0e95-423f-a4c3-bfda54e2cb85,2026-07-05T05:50:27.832607+00:00,225,3,34.81,CVS Pharmacy,Woonsocket,RI,5912,Swipe Transaction,0
d5b9e6c0-773a-40e5-b1a1-616ec2f8b97a,2026-07-09T21:59:27.832607+00:00,140,0,7.78,Amazon,Seattle,WA,5942,Chip Transaction,0
f1ba40b9-a075-41c2-b2c4-bd209a9e9b54,2026-07-13T08:28:27.832607+00:00,134,3,12.51,Netflix,Los Gatos,CA,4899,Chip Transaction,0
fcd26e74-0388-46bc-b8a1-9b91f5ffb662,2026-06-21T17:19:27.832607+00:00,167,4,83.58,Shell,Houston,TX,5541,Swipe Transaction,0
09108cf7-41c0-42f2-a9cc-03305e45445c,2026-07-15T00:14:27.832607+00:00,59,2,32.39,Netflix,Los Gatos,CA,4899,Online Transaction,0
f4716ddd-26ac-429b-b804-6d5344241623,2026-07-22T22:37:27.832607+00:00,140,0,153.48,Home Depot,Atlanta,GA,5200,Chip Transaction,0
471ce04a-ed6a-4e95-8b95-d30daecd270e,2026-08-05T18:10:27.832607+00:00,206,1,9.98,Delta Airlines,Atlanta,GA,4511,Swipe Transaction,0
2d0029e9-5fa0-4d9c-8dd6-c65e032efbd0,2026-06-19T01:15:27.832607+00:00,157,4,51.21,Whole Foods,Austin,TX,5411,Swipe Transaction,0
f14a990f-e133-436e-ae90-99de887caf72,2026-08-16T14:00:27.832607+00:00,20,3,49.02,McDonald's,Chicago,IL,5814,Swipe Transaction,0
2d48259c-0c31-4284-982e-faf12894ed30,2026-07-28T05:21:27.832607+00:00,62,4,19.85,CVS Pharmacy,Woonsocket,RI,5912,Swipe Transaction,0
14ecf726-9a84-40a8-8d8f-2ee55c82f08a,2026-08-07T18:00:27.832607+00:00,102,1,10.82,Starbucks,Seattle,WA,5814,Online Transaction,0
2630f00c-215e-4c94-87c6-154e8d53938f,2026-08-10T17:44:27.832607+00:00,12,1,29.25,Amazon,Seattle,WA,5942,Chip Transaction,0
50502f42-ccaf-4517-ab64-5748ac4f3921,2026-07-25T13:15:27.832607+00:00,29,1,84.94,Best Buy,Richfield,MN,5732,Chip Transaction,0
242f604d-c0d8-44fb-b474-6fbe1caa087e,2026-06-21T03:27:27.832607+00:00,179,0,23.76,Amazon,Seattle,WA,5942,Online Transaction,0
3277e9ff-500d-4d5f-8966-c37d2cfe18e6,2026-08-16T02:07:27.832607+00:00,192,0,5.71,Delta Airlines,Atlanta,GA,4511,Online Transaction,0
4fc974f8-f225-42b3-be8c-bdd64d27fa50,2026-07-05T15:54:27.832607+00:00,80,4,44.69,Uber,San Francisco,CA,4121,Chip Transaction,0
c335603f-511a-4990-8ca0-8821f736a058,2026-07-26T02:14:27.832607+00:00,30,2,60.1,Starbucks,Seattle,WA,5814,Swipe Transaction,0
1f2f13b6-df66-4a2b-992e-dd10d5b90c4a,2026-08-10T04:17:27.832607+00:00,120,0,24.06,Delta Airlines,Atlanta,GA,4511,Chip Transaction,0
347d0c85-0d9b-44ec-973e-b98be2663c53,2026-06-27T12:19:27.832607+00:00,9,2,23.16,Target,Minneapolis,MN,5411,Chip Transaction,0
92a0df6c-1b0a-4a52-851e-9f495997a765,2026-08-11T22:53:27.832607+00:00,221,4,60.7,Starbucks,Seattle,WA,5814,Chip Transaction,0
81920913-224e-45cb-9c44-44be9b4f43cb,2026-07-29T09:39:27.832607+00:00,43,0,27.61,Delta Airlines,Atlanta,GA,4511,Online Transaction,0
a534d969-de1e-4a4f-b6a0-e846dbb23d28,2026-07-13T04:05:27.832607+00:00,20,4,50.82,Amazon,Seattle,WA,5942,Chip Transaction,0
55102863-231e-410a-813e-97c1ae70cad4,2026-07-26T13:13:27.832607+00:00,42,2,39.75,Delta Airlines,Atlanta,GA,4511,Chip Transaction,0
ee0912da-bdbc-4b70-bb7d-b51d6abdf2c0,2026-08-03T08:49:27.832607+00:00,186,2,8.46,Amazon,Seattle,WA,5942,Swipe Transaction,0
767bbc14-a946-4a8e-ae15-1128e3b85959,2026-08-01T17:21:27.832607+00:00,174,0,38.65,Whole Foods,Austin,TX,5411,Chip Transaction,0
941fe9f3-4d54-4b07-9c63-9c5844d7cb19,2026-08-07T13:24:27.832607+00:00,111,3,18.0,Walmart,Bentonville,AR,5411,Chip Transaction,0
47d2c1d0-5281-4fc1-834d-e2bf1767061f,2026-06-28T22:02:27.832607+00:00,224,2,16.17,Target,Minneapolis,MN,5411,Chip Transaction,0
df476b61-6947-49d9-9ebb-cdb514f52f6d,2026-08-01T09:21:27.832607+00:00,147,2,41.29,Starbucks,Seattle,WA,5814,Chip Transaction,0
baa72934-fef7-40a4-8d61-79367ee33991,2026-08-09T04:23:27.832607+00:00,6,2,67.05,CVS Pharmacy,Woonsocket,RI,5912,Swipe Transaction,0
83480a39-5076-4492-bcfe-6203dc7f2406,2026-08-15T17:06:27.832607+00:00,16,2,6.27,Starbucks,Seattle,WA,5814,Swipe Transaction,0
98b28480-da81-4c78-a3bf-f4c532b703c2,2026-08-14T07:09:27.832607+00:00,42,4,13.61,CVS Pharmacy,Woonsocket,RI,5912,Chip Transaction,0
c3e8e8c9-8b64-4ef8-a055-0581060c3e01,2026-07-21T07:00:27.832607+00:00,65,3,22.03,Apple Store,Cupertino,CA,5732,Chip Transaction,0
6c80d3b4-867a-49d3-a164-42a56c5c696e,2026-07-06T15:34:27.832607+00:00,7,3,55.64,Amazon,Seattle,WA,5942,Swipe Transaction,0
964fe89e-1d8e-4a6c-8f8b-20ce214ffc36,2026-07-12T01:17:27.832607+00:00,83,2,53.17,Shell,Houston,TX,5541,Chip Transaction,0
2d6ee250-0dbf-408b-8d7c-10a749550c35,2026-08-16T02:10:27.832607+00:00,114,1,13.15,Whole Foods,Austin,TX,5411,Swipe Transaction,0
b16768df-ccef-4e0c-bbee-7c28f28c492b,2026-08-04T06:41:27.832607+00:00,28,0,26.99,Best Buy,Richfield,MN,5732,Chip Transaction,0
be567e9b-e60c-4f12-8193-b6daa60bd107,2026-08-02T10:46:27.832607+00:00,99,4,12.7,Starbucks,Seattle,WA,5814,Chip Transaction,0
79a3bba6-78c8-447f-b3bc-ac081455f169,2026-08-13T23:22:27.832607+00:00,11,3,31.01,Best Buy,Richfield,MN,5732,Chip Transaction,0
6dd6eb1a-3d71-4de7-8f90-6bf40f0eb761,2026-07-19T03:28:27.832607+00:00,244,3,20.77,McDonald's,Chicago,IL,5814,Chip Transaction,0
5e774f9c-e133-4bbf-8f8d-7bac8b966677,2026-08-09T17:33:27.832607+00:00,241,3,7.79,Apple Store,Cupertino,CA,5732,Chip Transaction,0
08e3f888-dc89-414d-ad4b-486fd4340c09,2026-06-26T05:06:27.832607+00:00,23,1,150.05,Home Depot,Atlanta,GA,5200,Swipe Transaction,0
117a2d3d-c98a-463c-9bd0-24a51246a7b5,2026-07-24T14:56:27.832607+00:00,77,4,62.14,Apple Store,Cupertino,CA,5732,Chip Transaction,0
5cf5e879-e2fb-40f5-bf57-24355a923246,2026-08-09T11:51:27.832607+00:00,193,2,98.58,Home Depot,Atlanta,GA,5200,Chip Transaction,0
3bf68065-8c0e-45b1-806b-bcfdd9b9fa2b,2026-07-17T06:45:27.832607+00:00,231,0,52.65,Apple Store,Cupertino,CA,5732,Chip Transaction,0
b6a784a7-2738-409f-ae1c-bc074e32acc1,2026-06-24T14:22:27.832607+00:00,124,0,13.52,Target,Minneapolis,MN,5411,Chip Transaction,0
c073c2b5-728a-4462-aa89-049554ed3986,2026-06-26T01:49:27.832607+00:00,231,3,21.94,Walmart,Bentonville,AR,5411,Chip Transaction,0
2494e7ef-7603-4292-8ff1-57892a4f72bc,2026-07-05T07:38:27.832607+00:00,2,2,12.48,Amazon,Seattle,WA,5942,Chip Transaction,0
70db184a-3676-47fe-9773-1c3564ac6598,2026-07-15T22:33:27.832607+00:00,169,1,13.64,Shell,Houston,TX,5541,Chip Transaction,0
8c4c9e30-ef01-47f3-a639-57dcbde94cba,2026-07-18T10:26:27.832607+00:00,151,1,5.95,Delta Airlines,Atlanta,GA,4511,Chip Transaction,0
ce2aaadf-8a34-4898-8ba7-54cf9461468d,2026-06-29T08:44:27.832607+00:00,129,3,36.5,Best Buy,Richfield,MN,5732,Chip Transaction,0
0905efe9-6644-4f8d-b385-9e9c2d2748cf,2026-07-31T21:38:27.832607+00:00,161,2,109.03,Target,Minneapolis,MN,5411,Chip Transaction,0
aa86f7d0-9a1c-4e75-8f87-04827b906238,2026-07-04T18:45:27.832607+00:00,109,1,36.92,McDonald's,Chicago,IL,5814,Chip Transaction,0
c0dc505c-7a84-4683-bfa4-25fdb85ab498,2026-06-22T14:24:27.832607+00:00,35,3,43.59,Shell,Houston,TX,5541,Chip Transaction,0
34dd709d-759b-4e15-93e2-4aa351198736,2026-07-25T04:23:27.832607+00:00,89,1,7.71,Starbucks,Seattle,WA,5814,Swipe Transaction,0
75fa408b-ea89-43ce-af9e-154e2866214f,2026-07-25T23:25:27.832607+00:00,43,1,45.44,Home Depot,Atlanta,GA,5200,Chip Transaction,0
e5210543-00f8-42aa-84f3-afd836121335,2026-07-04T17:10:27.832607+00:00,1,3,14.11,Costco,Issaquah,WA,5411,Chip Transaction,0
6115adb7-db38-4fa3-99cc-c05b6a7d3a74,2026-06-20T09:13:27.832607+00:00,200,0,8.49,Costco,Issaquah,WA,5411,Chip Transaction,0
cc678165-867e-4789-aae8-c84e4575b95d,2026-08-06T04:15:27.832607+00:00,66,2,9.92,Whole Foods,Austin,TX,5411,Swipe Transaction,0
2e84adaa-44f6-43c9-9813-9f2c8285a5ca,2026-07-31T16:23:27.832607+00:00,143,3,14.34,Netflix,Los Gatos,CA,4899,Online Transaction,0
0621bb1e-85b8-4dae-a636-a457359080d6,2026-07-31T05:41:27.832607+00:00,94,2,19.76,Starbucks,Seattle,WA,5814,Chip Transaction,0
be4a7418-9527-4f8e-a45e-7220f6a7e6bd,2026-08-06T03:09:27.832607+00:00,75,1,34.44,Whole Foods,Austin,TX,5411,Chip Transaction,0
0be23933-a196-45b5-93e7-bc9e7469454e,2026-08-09T03:33:27.832607+00:00,146,2,2.61,Apple Store,Cupertino,CA,5732,Chip Transaction,0
1c5fec08-6d08-46a6-b94a-79014f8b36e8,2026-07-04T06:50:27.832607+00:00,184,2,38.31,Target,Minneapolis,MN,5411,Swipe Transaction,0
0b997b77-7362-4f42-b160-1fc9e88b045d,2026-07-31T10:45:27.832607+00:00,94,0,16.37,CVS Pharmacy,Woonsocket,RI,5912,Chip Transaction,0
6956761b-d370-4931-9084-613fca99441b,2026-08-02T02:32:27.832607+00:00,165,4,85.47,Walmart,Bentonville,AR,5411,Swipe Transaction,0
2955c223-58ca-4772-9e42-953b44e08cf3,2026-07-31T23:50:27.832607+00:00,129,3,19.86,McDonald's,Chicago,IL,5814,Swipe Transaction,0
818e3381-fdb2-481f-87fa-73f968ef3dff,2026-08-01T00:05:27.832607+00:00,159,4,13.72,Delta Airlines,Atlanta,GA,4511,Online Transaction,0
961f5f78-1b81-4b24-a528-a5813afe0cc2,2026-07-02T15:58:27.832607+00:00,1,0,27.73,McDonald's,Chicago,IL,5814,Chip Transaction,0
585bba2c-4983-4341-bcc3-7c1760eb723d,2026-07-05T11:58:27.832607+00:00,72,3,77.28,Walmart,Bentonville,AR,5411,Chip Transaction,0
e2db0182-9c9f-489d-ae6f-efc7abf778fd,2026-06-26T00:31:27.832607+00:00,20,0,27.67,McDonald's,Chicago,IL,5814,Swipe Transaction,0
22cdd42b-d73f-4436-adb9-4194c7fb407c,2026-07-01T23:58:27.832607+00:00,191,3,19.87,Shell,Houston,TX,5541,Online Transaction,0
19c784e7-15d1-4994-b59f-d5a40907a794,2026-06-29T02:16:27.832607+00:00,163,0,7.7,Costco,Issaquah,WA,5411,Online Transaction,0
215bba1b-29fb-4a15-9929-018af0a11988,2026-07-23T08:17:27.832607+00:00,30,0,15.88,Amazon,Seattle,WA,5942,Swipe Transaction,0
bd30bb2c-9c7f-459f-a0ff-9bab437fbe61,2026-07-13T10:14:27.832607+00:00,80,4,31.76,Best Buy,Richfield,MN,5732,Chip Transaction,0
28067c08-c096-4485-941a-25039fc918f8,2026-08-07T11:23:27.832607+00:00,126,4,235.24,Target,Minneapolis,MN,5411,Chip Transaction,0
b3b17741-0f25-4332-8570-54c0001890fe,2026-06-20T13:28:27.832607+00:00,3,0,51.88,Uber,San Francisco,CA,4121,Chip Transaction,0
afd0bceb-c705-4f4d-adc0-e8fd70bbb143,2026-08-07T00:22:27.832607+00:00,66,0,10.85,Uber,San Francisco,CA,4121,Chip Transaction,0
129e52af-9ff0-40ed-8f6d-96be1d333e0c,2026-07-30T18:07:27.832607+00:00,221,4,33.77,Apple Store,Cupertino,CA,5732,Online Transaction,0
f29c76e3-467b-459e-b24d-a3e5919f78b1,2026-07-27T03:38:27.832607+00:00,158,4,20.44,Walmart,Bentonville,AR,5411,Swipe Transaction,0
3d78095c-c93a-4c20-9dd7-229225f7b87a,2026-07-20T21:56:27.832607+00:00,159,4,101.32,Amazon,Seattle,WA,5942,Swipe Transaction,0
e04b5c6c-e1ec-460d-821c-93239e8b155f,2026-06-19T20:22:27.832607+00:00,16,0,24.8,Apple Store,Cupertino,CA,5732,Chip Transaction,0
6816a403-0ad5-44eb-b7eb-c2eb9ffb9796,2026-07-21T18:34:27.832607+00:00,122,1,15.2,Costco,Issaquah,WA,5411,Chip Transaction,0
422f09a3-d169-4c0b-8ee0-724ef5a366f5,2026-07-03T08:22:27.832607+00:00,216,2,28.4,Delta Airlines,Atlanta,GA,4511,Swipe Transaction,0
6cc9cb94-1de4-45e0-91d7-0c134f7d0359,2026-06-23T06:41:27.832607+00:00,193,3,55.43,Best Buy,Richfield,MN,5732,Chip Transaction,0
3981fd98-ee3b-47bd-901a-c877c270360c,2026-06-22T09:12:27.832607+00:00,148,3,13.03,Best Buy,Richfield,MN,5732,Chip Transaction,0
dbb6b336-1f9d-4742-9fdc-a35d524a6dce,2026-06-23T02:39:27.832607+00:00,121,2,56.81,Costco,Issaquah,WA,5411,Chip Transaction,0
90ecfe5e-a670-420b-82e8-934416c64a58,2026-06-20T20:13:27.832607+00:00,138,0,34.43,Uber,San Francisco,CA,4121,Swipe Transaction,0
bc0f9912-df34-45cb-b852-b96276ac0d32,2026-07-18T23:51:27.832607+00:00,61,2,1553.42,LuxuryGoods LLC,Miami,FL,5944,Chip Transaction,1
98ff78fa-7e41-4607-ad2f-e8a43b46a4a6,2026-07-08T07:50:27.832607+00:00,105,4,10.19,Costco,Issaquah,WA,5411,Swipe Transaction,0
5dd71ddb-8402-4af0-abed-dac795c29386,2026-06-20T04:57:27.832607+00:00,92,2,244.91,Netflix,Los Gatos,CA,4899,Chip Transaction,0
aaacd784-f29a-47ed-824e-cdcd7be13188,2026-07-05T04:47:27.832607+00:00,205,1,5.75,Netflix,Los Gatos,CA,4899,Online Transaction,0
6ebc0fd9-954e-48ad-ac89-ea15c863b63c,2026-08-08T20:57:27.832607+00:00,98,2,14.46,Home Depot,Atlanta,GA,5200,Swipe Transaction,0
8bdb22b1-ef7f-4795-8c77-1db5d320786b,2026-06-18T03:25:27.832607+00:00,72,2,34.12,Walmart,Bentonville,AR,5411,Chip Transaction,0
7dc29b55-3f98-4cb6-a3a2-45f1a509c9b8,2026-06-24T18:50:27.832607+00:00,83,3,8.25,Home Depot,Atlanta,GA,5200,Swipe Transaction,0
c4b2af8b-30b8-4f43-9c16-19097190680b,2026-07-13T19:14:27.832607+00:00,117,4,89.54,Target,Minneapolis,MN,5411,Chip Transaction,0
2adeb055-8c74-4b1b-ac58-787e9645c7a3,2026-07-17T16:24:27.832607+00:00,93,2,44.27,Apple Store,Cupertino,CA,5732,Swipe Transaction,0
e45236d1-f54a-4cfe-926f-a4457695d53b,2026-07-06T01:01:27.832607+00:00,205,2,53.25,Apple Store,Cupertino,CA,5732,Online Transaction,0
e2fd4381-6519-426a-b1e2-e29c64fc8b7b,2026-08-02T17:11:27.832607+00:00,142,2,11.47,Target,Minneapolis,MN,5411,Online Transaction,0
4cf6ac92-52ee-481a-970d-33fd50dc1e7e,2026-07-09T15:10:27.832607+00:00,219,1,87.1,Best Buy,Richfield,MN,5732,Swipe Transaction,0
f36a46f1-a03f-41f9-a902-e6fa792dbd9b,2026-07-04T01:56:27.832607+00:00,195,3,129.27,McDonald's,Chicago,IL,5814,Swipe Transaction,0
82da8770-8cd1-4be7-a8a4-3951d32d2099,2026-07-17T23:10:27.832607+00:00,224,4,51.12,Starbucks,Seattle,WA,5814,Chip Transaction,0
263d585f-5ddf-4707-ab6a-1d3ae0b28a4c,2026-06-26T11:39:27.832607+00:00,69,0,10.23,Target,Minneapolis,MN,5411,Chip Transaction,0
693515da-ec2f-46a0-a404-8268596ea7b9,2026-07-07T23:05:27.832607+00:00,22,1,388.5,AnonymousGiftCards,Panama City,FOREIGN,5947,Online Transaction,1
6708c174-2a8e-47e7-918e-78107eed6e36,2026-07-22T01:13:27.832607+00:00,215,4,49.32,Best Buy,Richfield,MN,5732,Chip Transaction,0
fcdd3c6e-cce7-4c05-8aa2-322ff594a043,2026-07-16T18:52:27.832607+00:00,181,1,49.04,Starbucks,Seattle,WA,5814,Chip Transaction,0
e5f368eb-eb20-40c9-8b13-99506f1a139f,2026-07-17T10:10:27.832607+00:00,192,1,20.37,Shell,Houston,TX,5541,Swipe Transaction,0
7298776b-2897-4206-b64d-8451e1e202c2,2026-08-14T19:37:27.832607+00:00,53,2,19.49,Home Depot,Atlanta,GA,5200,Swipe Transaction,0
1709882e-bc89-401d-b283-bde2f18dec61,2026-07-10T16:42:27.832607+00:00,37,4,33.84,Home Depot,Atlanta,GA,5200,Chip Transaction,0
49559d01-055f-4cc2-b8ea-125d4ececad3,2026-07-31T10:54:27.832607+00:00,169,1,13.65,Whole Foods,Austin,TX,5411,Online Transaction,0
ed201cc2-efea-47f7-ab11-66733e816884,2026-07-01T14:19:27.832607+00:00,206,3,57.13,Walmart,Bentonville,AR,5411,Chip Transaction,0
f2a19a0d-78d3-4c59-a4ed-c13b1da4c23b,2026-08-12T09:43:27.832607+00:00,75,2,32.84,Starbucks,Seattle,WA,5814,Online Transaction,0
bf1a51b5-d1fd-4d5b-bf80-66194ae25b61,2026-08-08T21:28:27.832607+00:00,14,1,8.07,Shell,Houston,TX,5541,Online Transaction,0
a5419149-a803-4308-8417-267b3f5b88d1,2026-08-15T08:26:27.832607+00:00,139,0,13.5,Whole Foods,Austin,TX,5411,Online Transaction,0
b72d7c50-a45d-493a-84cd-f0f00713f5db,2026-08-02T09:15:27.832607+00:00,106,3,15.27,Walmart,Bentonville,AR,5411,Swipe Transaction,0
82b41315-6301-4ece-81ff-e01a3bac9be2,2026-07-06T03:20:27.832607+00:00,117,3,12.34,Apple Store,Cupertino,CA,5732,Swipe Transaction,0
2070f0ee-2c6c-4004-b4af-40f447787f5b,2026-07-19T11:26:27.832607+00:00,231,4,2.5,Shell,Houston,TX,5541,Chip Transaction,0
e62da5fa-cc98-4c84-acc0-4a26cec0a52d,2026-08-06T17:03:27.832607+00:00,190,0,51.57,CVS Pharmacy,Woonsocket,RI,5912,Chip Transaction,0
05fd82dd-290e-42cb-a773-507af5af954d,2026-08-06T23:30:27.832607+00:00,53,1,19.51,Target,Minneapolis,MN,5411,Chip Transaction,0
cc02288d-1951-42a5-824d-bbe652ca9583,2026-08-12T07:26:27.832607+00:00,168,0,39.64,Delta Airlines,Atlanta,GA,4511,Chip Transaction,0
1127167f-a9e5-44b8-8bcf-d708756bc800,2026-07-29T01:38:27.832607+00:00,81,2,72.51,Delta Airlines,Atlanta,GA,4511,Swipe Transaction,0
c50578ef-4efd-48f5-b18f-d10dac42371e,2026-08-14T04:55:27.832607+00:00,204,3,20.21,Target,Minneapolis,MN,5411,Chip Transaction,0
edf2f689-a215-4f8b-8481-984f0bcf61c6,2026-08-15T12:08:27.832607+00:00,192,2,40.18,Shell,Houston,TX,5541,Online Transaction,0
67bfb300-0933-44cf-bc18-43bc7c24a3ff,2026-07-19T23:20:27.832607+00:00,108,2,22.0,Apple Store,Cupertino,CA,5732,Online Transaction,0
4d53e506-02c3-4515-a693-3d0a06670e54,2026-06-26T14:23:27.832607+00:00,117,1,13.51,Delta Airlines,Atlanta,GA,4511,Online Transaction,0
3f2fae62-4e79-4fee-91c7-6213c0ba5df9,2026-08-11T20:02:27.832607+00:00,236,1,5.0,Shell,Houston,TX,5541,Online Transaction,0
8c867dbb-e638-4738-9056-cca20ef59a2a,2026-07-16T09:46:27.832607+00:00,93,4,3.2,Amazon,Seattle,WA,5942,Swipe Transaction,0
116aa1a5-3818-4549-b4bd-79cd797757f2,2026-06-21T08:44:27.832607+00:00,138,2,40.2,Apple Store,Cupertino,CA,5732,Chip Transaction,0
057be119-48bc-4156-875e-9abd8643de26,2026-06-29T11:47:27.832607+00:00,212,4,29.17,Home Depot,Atlanta,GA,5200,Swipe Transaction,0
15219988-72ad-4b92-9a69-b286bde0bdae,2026-07-20T11:27:27.832607+00:00,160,4,76.12,Uber,San Francisco,CA,4121,Swipe Transaction,0
6049f046-5594-4423-a330-2bebc49bcbc2,2026-08-10T16:19:27.832607+00:00,169,2,29.63,Delta Airlines,Atlanta,GA,4511,Online Transaction,0
6d3cb55e-bd42-4296-a22c-0edc4dc2f03c,2026-07-20T15:01:27.832607+00:00,8,2,17.08,CVS Pharmacy,Woonsocket,RI,5912,Swipe Transaction,0
1b5d5aa2-5ff3-484f-aceb-e4d2b780a71a,2026-08-10T04:40:27.832607+00:00,219,4,17.11,Target,Minneapolis,MN,5411,Online Transaction,0
f8eec892-065c-4790-8691-59cd1d04d9d9,2026-07-13T14:28:27.832607+00:00,18,4,14.62,Uber,San Francisco,CA,4121,Chip Transaction,0
989248f1-dafe-4a7e-bbb7-354cc050c5b3,2026-06-24T06:49:27.832607+00:00,229,2,31.01,Apple Store,Cupertino,CA,5732,Chip Transaction,0
e37661a5-b64c-4a96-82b8-2b3399f76a92,2026-07-13T14:19:27.832607+00:00,109,3,66.67,Amazon,Seattle,WA,5942,Swipe Transaction,0
788f4f2e-55ed-4635-a4d5-7bb4e18020e3,2026-08-03T18:13:27.832607+00:00,9,3,39.49,Uber,San Francisco,CA,4121,Online Transaction,0
5f438a8e-1ffa-460e-8079-63cbe0e57adb,2026-07-25T20:00:27.832607+00:00,26,1,17.09,Costco,Issaquah,WA,5411,Chip Transaction,0
e5e3b761-5ecd-42e1-9673-79cfb5da812e,2026-07-20T16:01:27.832607+00:00,23,3,817.48,OnlineElectronics,Shenzhen,FOREIGN,5732,Online Transaction,1
31c8a041-a587-4db9-bc6e-c3ed8adfc998,2026-07-23T09:17:27.832607+00:00,46,4,68.99,Uber,San Francisco,CA,4121,Chip Transaction,0
2625ddf9-c5ba-4064-92c6-029319c891a4,2026-07-29T11:35:27.832607+00:00,129,2,28.74,CVS Pharmacy,Woonsocket,RI,5912,Swipe Transaction,0
6c05f93a-5ba9-4df4-b1c4-f9150b816ce9,2026-08-08T13:52:27.832607+00:00,92,3,1.81,McDonald's,Chicago,IL,5814,Chip Transaction,0
436f56c8-bb9b-455a-a267-0611e53fca0a,2026-08-06T19:16:27.832607+00:00,108,3,122.38,Uber,San Francisco,CA,4121,Chip Transaction,0
47b0f5e5-dfb8-4569-ba93-5f105cb4e1a8,2026-06-26T20:31:27.832607+00:00,240,1,17.81,Whole Foods,Austin,TX,5411,Chip Transaction,0
2c69122e-294a-4ebd-9b41-33305f648807,2026-07-12T11:32:27.832607+00:00,222,0,19.55,McDonald's,Chicago,IL,5814,Chip Transaction,0
8f200b23-ba48-4c1b-a1ed-fdfa0010a421,2026-07-27T20:34:27.832607+00:00,233,2,20.88,Uber,San Francisco,CA,4121,Chip Transaction,0
34b3f827-924b-4dd9-929d-7b9e62a97146,2026-08-10T00:06:27.832607+00:00,21,1,18.69,Uber,San Francisco,CA,4121,Swipe Transaction,0
c192d8cd-904a-44c6-ad48-7875ed84b369,2026-06-19T10:21:27.832607+00:00,143,3,48.2,Whole Foods,Austin,TX,5411,Online Transaction,0
a8a0c60c-d65a-4494-a628-66a7de87b2ac,2026-06-25T00:43:27.832607+00:00,161,4,26.9,Shell,Houston,TX,5541,Online Transaction,0
7f4db6c0-ee80-48b6-a023-daf383016ae3,2026-07-10T15:06:27.832607+00:00,42,3,118.39,Walmart,Bentonville,AR,5411,Chip Transaction,0
950a237a-e602-4aba-ba4a-e2509bc54e1d,2026-06-20T17:31:27.832607+00:00,47,1,8.49,Delta Airlines,Atlanta,GA,4511,Online Transaction,0
1eefccdd-dd3c-49e4-a644-be4d3e323b43,2026-07-16T03:56:27.832607+00:00,241,0,10.3,Delta Airlines,Atlanta,GA,4511,Chip Transaction,0
b197a6eb-1be5-4dbe-a5b5-2ff33048dbe8,2026-08-04T14:07:27.832607+00:00,125,3,39.41,Netflix,Los Gatos,CA,4899,Chip Transaction,0
880d514d-80ec-497e-a41d-717ddbe0129e,2026-07-29T05:57:27.832607+00:00,109,1,35.91,CVS Pharmacy,Woonsocket,RI,5912,Chip Transaction,0
35fd82dd-eec6-4d81-98f2-34ecdf4162b5,2026-07-05T07:39:27.832607+00:00,108,1,34.26,McDonald's,Chicago,IL,5814,Chip Transaction,0
57772d8f-917f-47bd-8ee8-14e4cc021986,2026-07-31T23:32:27.832607+00:00,189,2,10.75,Netflix,Los Gatos,CA,4899,Chip Transaction,0
523f2833-c2b8-41a5-90fd-727fa5406680,2026-07-03T04:01:27.832607+00:00,134,2,31.86,Netflix,Los Gatos,CA,4899,Swipe Transaction,0
bb751678-c4a0-417d-b0b3-101340085af4,2026-08-10T21:25:27.832607+00:00,121,1,1155.18,LuxuryGoods LLC,Miami,FL,5944,Online Transaction,1
bc43dafd-7348-4c8e-b7bd-f6fe13f6a072,2026-08-15T02:49:27.832607+00:00,78,3,13.19,Target,Minneapolis,MN,5411,Swipe Transaction,0
92669c15-99b6-4008-b044-376600a91065,2026-07-28T22:55:27.832607+00:00,39,0,5.7,Uber,San Francisco,CA,4121,Swipe Transaction,0
f49dda8a-5cf5-424d-bf9d-cefc83c8259e,2026-07-25T16:41:27.832607+00:00,85,4,132.07,Home Depot,Atlanta,GA,5200,Swipe Transaction,0
c190d967-3948-4f7e-b61a-ca62bd6436e4,2026-07-10T04:46:27.832607+00:00,248,0,8.98,McDonald's,Chicago,IL,5814,Online Transaction,0
0739b002-b529-4750-ac69-9eee4fb2991e,2026-08-07T10:12:27.832607+00:00,241,1,19.08,Whole Foods,Austin,TX,5411,Chip Transaction,0
029f5620-c16e-40d8-b9f0-193c704c9fcc,2026-06-19T18:25:27.832607+00:00,158,2,18.7,Netflix,Los Gatos,CA,4899,Swipe Transaction,0
2f08dd63-e239-4338-bfe0-432861e2f5a7,2026-07-04T02:14:27.832607+00:00,84,4,32.31,Walmart,Bentonville,AR,5411,Online Transaction,0
eb076785-e212-46ac-8cdc-f65b1de1bd62,2026-06-30T21:12:27.832607+00:00,170,4,24.19,Amazon,Seattle,WA,5942,Chip Transaction,0
32703a77-8f71-494a-a7db-4c009ff7544a,2026-07-22T11:41:27.832607+00:00,163,1,67.23,Amazon,Seattle,WA,5942,Chip Transaction,0
42a6db91-1849-4339-bc32-4562bce2381e,2026-08-06T23:59:27.832607+00:00,177,3,85.48,Target,Minneapolis,MN,5411,Chip Transaction,0
63cc8601-2f1e-436c-b8bd-726ca8f7f920,2026-07-17T18:13:27.832607+00:00,207,1,4.56,Costco,Issaquah,WA,5411,Chip Transaction,0
9d078f4e-262d-4637-81c3-82bfe1dfbf05,2026-08-11T20:04:27.832607+00:00,33,3,22.77,Home Depot,Atlanta,GA,5200,Swipe Transaction,0
8fa5fc81-cf3d-4368-9c2c-160de979eec5,2026-07-17T18:47:27.832607+00:00,19,4,53.13,Costco,Issaquah,WA,5411,Chip Transaction,0
b8e11ab5-6ec8-4011-a0e4-1488b51c6ea8,2026-07-15T10:28:27.832607+00:00,231,1,33.46,Delta Airlines,Atlanta,GA,4511,Chip Transaction,0
10747bfc-a62e-4407-b150-b9f15ff29dbb,2026-08-16T10:28:27.832607+00:00,128,3,17.0,Walmart,Bentonville,AR,5411,Chip Transaction,0
f628d32a-e0fa-488b-8c41-04eed2681a87,2026-07-23T09:10:27.832607+00:00,113,3,20.72,Starbucks,Seattle,WA,5814,Online Transaction,0
68c051f4-1eae-44cd-8dce-3de60593dbc1,2026-07-16T06:29:27.832607+00:00,215,4,122.49,Whole Foods,Austin,TX,5411,Chip Transaction,0
23c978db-6d9c-4766-91a1-7c9afe3885dc,2026-06-18T03:10:27.832607+00:00,228,1,51.28,Shell,Houston,TX,5541,Online Transaction,0
76312fd1-1ddf-4dec-ae3b-5410a089743d,2026-06-26T13:52:27.832607+00:00,219,2,4.71,Costco,Issaquah,WA,5411,Chip Transaction,0
035b0fcb-0ae9-412f-8a90-dafcfd34c565,2026-07-18T16:27:27.832607+00:00,185,1,54.99,Costco,Issaquah,WA,5411,Chip Transaction,0
43c485fb-73b7-4879-899b-1d557ed90aa5,2026-06-28T10:25:27.832607+00:00,245,0,17.0,Netflix,Los Gatos,CA,4899,Swipe Transaction,0
3c080439-4627-448d-a3db-ba3e4cd3cd2c,2026-06-24T18:24:27.832607+00:00,114,4,17.94,Delta Airlines,Atlanta,GA,4511,Chip Transaction,0
03397051-c72f-4e6f-87e7-a70c981166bc,2026-07-30T17:32:27.832607+00:00,196,2,32.61,Starbucks,Seattle,WA,5814,Swipe Transaction,0
bd2b01ef-36cc-4728-9135-b324f23dd695,2026-06-23T23:46:27.832607+00:00,118,0,29.11,Netflix,Los Gatos,CA,4899,Chip Transaction,0
b74d52be-8c3f-45c2-9fcf-9023e21a2959,2026-07-10T00:26:27.832607+00:00,181,4,89.3,Home Depot,Atlanta,GA,5200,Chip Transaction,0
131fbfad-b172-4f7b-8f2e-8ed4f73c0280,2026-07-02T22:47:27.832607+00:00,242,0,50.81,Whole Foods,Austin,TX,5411,Chip Transaction,0
78c1aff5-c5b0-406b-ba97-ded13fe8df5a,2026-08-02T10:08:27.832607+00:00,57,3,993.8,AnonymousGiftCards,Panama City,FOREIGN,5947,Online Transaction,1
da7b264a-b32f-4586-b658-d7e77dbc7a0f,2026-08-01T21:08:27.832607+00:00,129,1,32.85,Starbucks,Seattle,WA,5814,Swipe Transaction,0
1c7318dc-cfe6-48ee-af9c-863986f90042,2026-07-13T15:14:27.832607+00:00,169,2,36.73,Apple Store,Cupertino,CA,5732,Chip Transaction,0
b35e4ecb-2df9-481e-a676-aaf17f6f6ebc,2026-07-03T03:54:27.832607+00:00,123,0,49.07,Costco,Issaquah,WA,5411,Chip Transaction,0
adace007-77ef-4812-9701-b048b9d8ddc4,2026-07-18T21:15:27.832607+00:00,65,4,20.26,Costco,Issaquah,WA,5411,Chip Transaction,0
470ea298-c664-40c8-9074-387a009a35f9,2026-08-16T06:51:27.832607+00:00,192,1,19.02,Delta Airlines,Atlanta,GA,4511,Chip Transaction,0
de1a0955-ccb5-4df7-9815-48905f119ac3,2026-08-12T05:46:27.832607+00:00,218,1,86.94,Home Depot,Atlanta,GA,5200,Chip Transaction,0
2ec133da-29f5-43a2-96ec-9c642e7512ab,2026-07-17T17:08:27.832607+00:00,215,3,6.25,Walmart,Bentonville,AR,5411,Chip Transaction,0
0072f24a-2254-4c15-8df4-175ded69c516,2026-08-05T04:01:27.832607+00:00,79,0,47.44,Apple Store,Cupertino,CA,5732,Chip Transaction,0
0c87298c-c29c-4e3c-b31c-c596b0d7e1ca,2026-08-08T13:11:27.832607+00:00,197,0,10.46,Netflix,Los Gatos,CA,4899,Swipe Transaction,0
4f7c238e-cbe0-45e9-a12d-e05046992240,2026-08-13T01:51:27.832607+00:00,241,2,3273.88,AnonymousGiftCards,Panama City,FOREIGN,5947,Online Transaction,1
0a627b33-26b0-41e7-b2a7-446eb4fb529e,2026-07-24T08:21:27.832607+00:00,128,2,41.23,Whole Foods,Austin,TX,5411,Chip Transaction,0
6916d4c0-776d-48f8-b3b8-598ff742e87b,2026-07-25T14:06:27.832607+00:00,9,4,45.72,CVS Pharmacy,Woonsocket,RI,5912,Swipe Transaction,0
d0f688b3-a864-4748-908e-fc06da715d6c,2026-06-22T18:52:27.832607+00:00,97,3,6.73,Starbucks,Seattle,WA,5814,Online Transaction,0
bcfab065-17c2-427c-ac59-f17518dcce4f,2026-08-10T15:18:27.832607+00:00,164,2,18.83,Target,Minneapolis,MN,5411,Swipe Transaction,0
6a801d01-31f3-4445-873e-c65c2b2cb692,2026-06-18T04:51:27.832607+00:00,232,4,19.41,Target,Minneapolis,MN,5411,Chip Transaction,0
843b5f7b-e8ce-44c6-95f5-83c2557e26e3,2026-06-18T01:38:27.832607+00:00,148,2,17.75,CVS Pharmacy,Woonsocket,RI,5912,Swipe Transaction,0
07c968ea-aaeb-4e1e-8f5a-7d87f33587f6,2026-08-01T16:25:27.832607+00:00,151,0,31.94,Shell,Houston,TX,5541,Swipe Transaction,0
b6a563fb-4fd8-4d25-b2f1-c0510b0a64e3,2026-07-27T00:30:27.832607+00:00,108,3,10.45,Target,Minneapolis,MN,5411,Chip Transaction,0
5c82d3d7-e6c9-4ad5-8190-b06be1617f58,2026-07-12T08:58:27.832607+00:00,187,4,85.12,Amazon,Seattle,WA,5942,Chip Transaction,0
3b7250e4-c644-46b1-9dc9-b52bcf3c49d2,2026-06-25T06:10:27.832607+00:00,210,3,10.66,Whole Foods,Austin,TX,5411,Swipe Transaction,0
03f4e196-235b-4a4f-ab59-df751d08e2a6,2026-06-27T17:25:27.832607+00:00,6,4,9.07,Apple Store,Cupertino,CA,5732,Swipe Transaction,0
2d1822e3-20f9-4a9a-b570-c7a4909a29f2,2026-08-07T16:53:27.832607+00:00,53,4,6.66,Netflix,Los Gatos,CA,4899,Swipe Transaction,0
552f6153-15f5-4068-b00d-22b8ef52f491,2026-07-07T01:06:27.832607+00:00,225,0,18.4,Target,Minneapolis,MN,5411,Chip Transaction,0
98d478cf-8f97-481b-90b4-07b7122fd4e7,2026-07-04T20:14:27.832607+00:00,57,1,17.8,Whole Foods,Austin,TX,5411,Chip Transaction,0
8ee19c4a-5a78-4861-ae52-a96cedffa8ad,2026-08-07T04:49:27.832607+00:00,115,3,24.91,Apple Store,Cupertino,CA,5732,Chip Transaction,0
42f9b3b7-0c4a-48f8-b3a5-7caada3696e6,2026-07-06T15:03:27.832607+00:00,171,4,3.68,Best Buy,Richfield,MN,5732,Online Transaction,0
2b5cacc5-7c0e-4ad9-a829-e274861f9926,2026-06-27T11:50:27.832607+00:00,114,2,98.28,CVS Pharmacy,Woonsocket,RI,5912,Online Transaction,0
3e55d959-1ba3-49fd-9a94-622d7101ad53,2026-07-07T22:39:27.832607+00:00,174,0,25.07,Uber,San Francisco,CA,4121,Chip Transaction,0
437def82-4832-4ee7-90f7-2613200a5616,2026-07-28T18:07:27.832607+00:00,224,1,20.01,Netflix,Los Gatos,CA,4899,Chip Transaction,0
fcbebc43-df5d-4ad1-a9d3-3ab187d01417,2026-07-23T13:27:27.832607+00:00,193,3,33.24,Apple Store,Cupertino,CA,5732,Chip Transaction,0
03665f5a-562e-4b33-af75-0176f78d5b7b,2026-08-10T23:02:27.832607+00:00,67,2,2.93,Netflix,Los Gatos,CA,4899,Chip Transaction,0
b92e8b5a-5dbc-4995-ac02-93343efbf9ee,2026-08-08T04:11:27.832607+00:00,91,3,14.61,Shell,Houston,TX,5541,Swipe Transaction,0
db599207-ec67-458e-94d1-b43684401e19,2026-07-20T10:49:27.832607+00:00,36,3,25.35,Shell,Houston,TX,5541,Online Transaction,0
b8db33d4-55c5-4b79-bb14-ffea4d976d7e,2026-06-18T04:57:27.832607+00:00,134,2,27.64,Best Buy,Richfield,MN,5732,Chip Transaction,0
3932f11b-885f-415c-adab-c8c9be1aa68b,2026-08-07T07:28:27.832607+00:00,229,1,50.33,Walmart,Bentonville,AR,5411,Chip Transaction,0
c7f30a28-86f6-47bb-9abb-a7124172d478,2026-07-26T15:52:27.832607+00:00,108,3,7.27,Uber,San Francisco,CA,4121,Chip Transaction,0
56a9ffb3-9c28-4436-a3a2-99e1ddc89585,2026-08-13T10:10:27.832607+00:00,137,0,66.56,Amazon,Seattle,WA,5942,Online Transaction,0
588c9452-7616-4dcb-a65a-2dde2469bab5,2026-06-22T09:50:27.832607+00:00,180,0,50.13,Home Depot,Atlanta,GA,5200,Chip Transaction,0
36913c35-1e29-417c-a749-c3d39a962d25,2026-07-31T15:27:27.832607+00:00,161,2,25.15,Uber,San Francisco,CA,4121,Chip Transaction,0
3ef84bb4-b4a8-4ee2-9c01-7bc7ca4c8d7a,2026-07-16T11:27:27.832607+00:00,39,1,14.82,Delta Airlines,Atlanta,GA,4511,Chip Transaction,0
f1ac1306-aa44-4edf-969d-2618a6944716,2026-07-20T10:22:27.832607+00:00,14,2,18.16,Whole Foods,Austin,TX,5411,Chip Transaction,0
bf73aaae-e536-4491-adbc-c86a0a7a0e6f,2026-08-09T18:40:27.832607+00:00,2,1,35.04,Whole Foods,Austin,TX,5411,Chip Transaction,0
124314a7-79a2-4b66-b656-e4bfbd5b57b4,2026-08-01T16:07:27.832607+00:00,192,3,22.44,McDonald's,Chicago,IL,5814,Swipe Transaction,0
a6fa5bb4-1dfc-4f16-a4de-6d18fe8755bb,2026-08-02T04:06:27.832607+00:00,119,2,25.72,Delta Airlines,Atlanta,GA,4511,Swipe Transaction,0
01ac9bf1-9346-4f04-88a1-a81442a3360d,2026-07-03T23:31:27.832607+00:00,143,2,10.72,CVS Pharmacy,Woonsocket,RI,5912,Chip Transaction,0
5bfcd462-5705-43db-b198-3a2a9efddc0f,2026-06-18T12:02:27.832607+00:00,48,3,29.0,Apple Store,Cupertino,CA,5732,Online Transaction,0
f9a94631-ccd9-48c1-95d6-695f5e9a7bb3,2026-06-29T20:46:27.832607+00:00,46,4,14.2,Costco,Issaquah,WA,5411,Swipe Transaction,0
de5e65e3-8da7-45c2-982a-ed60ba1aec54,2026-07-22T06:21:27.832607+00:00,58,1,36.54,CVS Pharmacy,Woonsocket,RI,5912,Online Transaction,0
676e1408-78d1-417c-8e2d-ca498e30b206,2026-07-01T08:07:27.832607+00:00,149,2,48.11,Amazon,Seattle,WA,5942,Chip Transaction,0
db9e9d53-0f54-45a2-a94b-1b4eae9c7db7,2026-08-08T04:05:27.832607+00:00,139,4,14.14,Uber,San Francisco,CA,4121,Chip Transaction,0
56a90ad6-a297-4df0-8413-792ea76a139f,2026-08-01T20:29:27.832607+00:00,67,0,44.44,Whole Foods,Austin,TX,5411,Chip Transaction,0
f0be7b10-8871-4c2e-8777-27a73523e3da,2026-08-12T03:23:27.832607+00:00,41,4,21.01,Uber,San Francisco,CA,4121,Online Transaction,0
3c3126b9-be0e-4164-9f82-ede166ed62a4,2026-08-03T02:02:27.832607+00:00,79,3,16.7,Starbucks,Seattle,WA,5814,Swipe Transaction,0
5cb2b9a1-0aa1-4541-adf5-c62dab527b42,2026-06-25T01:04:27.832607+00:00,213,4,72.9,Home Depot,Atlanta,GA,5200,Chip Transaction,0
5527ec8f-2aea-4660-8b19-627d61ff7b08,2026-06-24T14:55:27.832607+00:00,204,2,12.29,McDonald's,Chicago,IL,5814,Swipe Transaction,0
93df7e6f-a7b9-42aa-9de8-38817f902f9b,2026-08-11T08:47:27.832607+00:00,99,2,61.17,Target,Minneapolis,MN,5411,Chip Transaction,0
c35b275b-4e93-4d21-b346-b089d3aaaf4a,2026-06-20T21:35:27.832607+00:00,224,4,14.07,Apple Store,Cupertino,CA,5732,Chip Transaction,0
4e75830a-b382-4915-9b79-49d2662210a9,2026-07-31T21:13:27.832607+00:00,134,4,11.05,Best Buy,Richfield,MN,5732,Chip Transaction,0
cb1d2058-693b-4c25-b463-2d661a23c6be,2026-06-18T12:53:27.832607+00:00,54,0,16.28,Netflix,Los Gatos,CA,4899,Chip Transaction,0
4929fdec-7aad-4480-8724-8b58c321216f,2026-07-11T16:43:27.832607+00:00,121,1,52.94,Amazon,Seattle,WA,5942,Chip Transaction,0
59277542-feec-4d4e-999e-709b82110128,2026-07-11T22:10:27.832607+00:00,180,3,25.08,Target,Minneapolis,MN,5411,Online Transaction,0
77d6e170-eb4a-4975-a33b-84a4a4d861ae,2026-07-19T10:28:27.832607+00:00,128,2,49.48,Home Depot,Atlanta,GA,5200,Online Transaction,0
40a4fc4d-c2ac-442a-9d9b-c8c7263ad80b,2026-06-25T19:52:27.832607+00:00,175,0,8.24,Walmart,Bentonville,AR,5411,Chip Transaction,0
157264a5-e5ec-42ac-859e-59c29a956072,2026-07-26T23:28:27.832607+00:00,61,3,70.91,Amazon,Seattle,WA,5942,Chip Transaction,0
abdeb75f-f446-4b99-9019-c094e577d68e,2026-07-08T12:28:27.832607+00:00,82,2,113.13,CVS Pharmacy,Woonsocket,RI,5912,Chip Transaction,0
96486a16-8c18-456d-934a-b4fda8721aaa,2026-08-10T05:04:27.832607+00:00,238,3,26.5,Amazon,Seattle,WA,5942,Swipe Transaction,0
6be397e2-50d7-499a-aa0e-ce1d3e2e5e62,2026-08-02T22:32:27.832607+00:00,1,4,9.32,Best Buy,Richfield,MN,5732,Chip Transaction,0
6eaf9b22-73d9-4a06-bc85-fa8410fc1cfc,2026-07-19T09:09:27.832607+00:00,203,0,131.1,Walmart,Bentonville,AR,5411,Swipe Transaction,0
0f5240e3-0f5d-4a37-8c82-871c3913b366,2026-07-31T04:08:27.832607+00:00,27,3,6.61,Whole Foods,Austin,TX,5411,Chip Transaction,0
e0be9484-affd-4fc4-960f-4c383184f900,2026-07-23T23:09:27.832607+00:00,229,1,202.07,Uber,San Francisco,CA,4121,Swipe Transaction,0
4fe4db28-f7b0-4c36-af51-44d2eff9a734,2026-07-19T09:00:27.832607+00:00,74,2,17.37,Amazon,Seattle,WA,5942,Chip Transaction,0
9406f770-61c7-4f11-9cd7-6139cbc25133,2026-07-04T23:02:27.832607+00:00,90,0,46.11,Starbucks,Seattle,WA,5814,Chip Transaction,0
e03c358e-2c71-4e81-8053-bd721bb50096,2026-07-31T14:58:27.832607+00:00,50,2,12.43,Shell,Houston,TX,5541,Chip Transaction,0
f5019f3a-edb7-444b-b016-d65168a1b9e9,2026-07-23T13:54:27.832607+00:00,165,0,64.12,Costco,Issaquah,WA,5411,Online Transaction,0
a3132af4-70c4-4640-a79e-755de4f57a49,2026-07-05T13:25:27.832607+00:00,169,0,25.15,Best Buy,Richfield,MN,5732,Chip Transaction,0
58d3ac9d-f3b6-48e1-8676-8f8a6dd421eb,2026-07-16T07:11:27.832607+00:00,65,4,6.94,Delta Airlines,Atlanta,GA,4511,Chip Transaction,0
7150bc8c-004f-41a8-8027-eba47218162b,2026-07-16T20:49:27.832607+00:00,21,2,72.5,Starbucks,Seattle,WA,5814,Chip Transaction,0
adc1bbab-925b-4139-816b-07d260030239,2026-07-06T09:01:27.832607+00:00,145,4,10.63,Uber,San Francisco,CA,4121,Chip Transaction,0
ab0c5509-8914-4fc5-8dd9-b719586657bd,2026-08-01T16:53:27.832607+00:00,47,4,28.35,CVS Pharmacy,Woonsocket,RI,5912,Online Transaction,0
3aef7672-5498-4ea4-b014-206d3ab88165,2026-06-27T20:07:27.832607+00:00,175,2,31.47,CVS Pharmacy,Woonsocket,RI,5912,Swipe Transaction,0
ef460fbb-77e4-4276-bd03-ff5108420d26,2026-08-04T04:11:27.832607+00:00,209,1,87.59,Apple Store,Cupertino,CA,5732,Chip Transaction,0
4529a13e-07ac-4960-843b-b0cc40886462,2026-07-09T20:05:27.832607+00:00,15,3,18.76,Target,Minneapolis,MN,5411,Chip Transaction,0
24603c62-af1f-4de1-9509-a4e2cef3a238,2026-07-27T01:09:27.832607+00:00,177,1,17.57,Target,Minneapolis,MN,5411,Online Transaction,0
a29d3e37-ee5d-4192-8204-dbbd124a138e,2026-07-14T12:59:27.832607+00:00,39,1,12.39,CVS Pharmacy,Woonsocket,RI,5912,Chip Transaction,0
ce24acbd-1baa-47b8-b0bd-fe2b7d3aacf0,2026-06-26T17:18:27.832607+00:00,250,1,6.64,Shell,Houston,TX,5541,Online Transaction,0
bd32cf23-d796-41e3-ab37-f1f5ced8ae02,2026-07-03T22:35:27.832607+00:00,40,4,9.69,Uber,San Francisco,CA,4121,Swipe Transaction,0
d3791f06-8a90-4076-8311-640f9e89afc0,2026-07-15T08:40:27.832607+00:00,74,4,27.05,Amazon,Seattle,WA,5942,Online Transaction,0
636ba1f3-3e7c-4c25-80e2-50880782a41e,2026-07-10T08:18:27.832607+00:00,208,0,4.78,Costco,Issaquah,WA,5411,Chip Transaction,0
539dfd0f-7272-4627-b04c-32a578687233,2026-07-17T12:22:27.832607+00:00,150,0,25.38,CVS Pharmacy,Woonsocket,RI,5912,Chip Transaction,0
800e1c65-c819-4254-a0d9-8c5829b37048,2026-07-19T03:08:27.832607+00:00,16,4,80.69,Target,Minneapolis,MN,5411,Chip Transaction,0
5c041990-476b-4451-b4ec-0bab6192da8c,2026-08-12T01:36:27.832607+00:00,28,0,10.21,Shell,Houston,TX,5541,Chip Transaction,0
ad65e059-53b1-4c9f-8d63-53f3bf43b8cb,2026-07-04T20:47:27.832607+00:00,174,4,13.17,Shell,Houston,TX,5541,Chip Transaction,0
c0522822-c61d-40f9-b6db-0ab9ee421aa8,2026-07-22T13:57:27.832607+00:00,54,3,15.0,Home Depot,Atlanta,GA,5200,Chip Transaction,0
cc9a2c3d-c774-4659-b7c0-184bca649844,2026-07-21T01:24:27.832607+00:00,35,1,18.15,Best Buy,Richfield,MN,5732,Chip Transaction,0
9d70e72e-d824-414e-85cc-614d13823575,2026-07-11T22:59:27.832607+00:00,143,0,45.52,Amazon,Seattle,WA,5942,Chip Transaction,0
88f18524-3147-41cb-b0e7-7534f8ef9e02,2026-06-28T08:27:27.832607+00:00,92,1,694.86,OnlineElectronics,Shenzhen,FOREIGN,5732,Online Transaction,1
31b519a7-8850-4d8f-b42e-986964074960,2026-06-29T05:45:27.832607+00:00,103,0,13.7,Best Buy,Richfield,MN,5732,Chip Transaction,0
d2b961ce-9a50-4ea0-b1c8-54746b359dbd,2026-08-04T08:28:27.832607+00:00,34,3,45.74,CVS Pharmacy,Woonsocket,RI,5912,Chip Transaction,0
578b758a-00c2-4f5d-99ff-064011c91199,2026-07-09T16:25:27.832607+00:00,110,1,57.88,Home Depot,Atlanta,GA,5200,Swipe Transaction,0
c5aef2b8-84cb-43ff-a89a-069cb0401b80,2026-07-11T08:31:27.832607+00:00,142,0,22.81,Walmart,Bentonville,AR,5411,Online Transaction,0
ce8f1e6f-f39a-4c27-9fd7-679118ec42ff,2026-07-25T04:19:27.832607+00:00,226,4,19.27,Apple Store,Cupertino,CA,5732,Swipe Transaction,0
03fa8780-db4c-454f-bbbc-92773b1e1596,2026-07-26T20:38:27.832607+00:00,35,3,46.16,Starbucks,Seattle,WA,5814,Swipe Transaction,0
fe12df53-bca8-42a9-a4e2-3808989415f6,2026-08-12T23:55:27.832607+00:00,61,2,34.82,Home Depot,Atlanta,GA,5200,Chip Transaction,0
a3da9021-7a40-4fef-b44d-03fe472280a1,2026-08-14T01:12:27.832607+00:00,78,3,39.0,Shell,Houston,TX,5541,Online Transaction,0
dc327c5c-5ba8-4455-bafb-feba22c36899,2026-07-17T20:21:27.832607+00:00,151,4,21.22,Apple Store,Cupertino,CA,5732,Chip Transaction,0
3ca756d6-234c-4114-9c65-be7c7da05015,2026-08-13T04:06:27.832607+00:00,211,3,22.92,Netflix,Los Gatos,CA,4899,Chip Transaction,0
6f683c07-16b1-46bc-95cc-76a4d3edd714,2026-07-17T04:18:27.832607+00:00,9,1,12.55,Apple Store,Cupertino,CA,5732,Swipe Transaction,0
e316754a-8147-4118-8542-8562b04dd3b8,2026-07-24T23:14:27.832607+00:00,237,0,1169.8,OnlineElectronics,Shenzhen,FOREIGN,5732,Online Transaction,1
0f3a9fc8-7cd9-44ac-b8e8-71e5f7b09e59,2026-06-30T13:38:27.832607+00:00,248,2,17.14,Amazon,Seattle,WA,5942,Swipe Transaction,0
a0460830-be1f-4274-b49c-f80dfb80596a,2026-07-08T17:18:27.832607+00:00,117,0,25.06,Shell,Houston,TX,5541,Chip Transaction,0
dabb5ec9-1dc1-48ff-8f8e-de9e671be64e,2026-07-09T04:10:27.832607+00:00,47,1,30.64,Best Buy,Richfield,MN,5732,Chip Transaction,0
b89fba6a-8834-41d1-8bf2-f5a7b92bf898,2026-07-10T11:06:27.832607+00:00,235,3,26.79,CVS Pharmacy,Woonsocket,RI,5912,Online Transaction,0
cc75f152-09b4-4b39-95df-7edbb964022f,2026-07-06T21:45:27.832607+00:00,178,1,74.21,Walmart,Bentonville,AR,5411,Online Transaction,0
46c9a646-9018-43ac-b68a-9833db5eed00,2026-06-27T19:23:27.832607+00:00,195,4,28.56,Home Depot,Atlanta,GA,5200,Online Transaction,0
2e7709c9-c9c9-4c6a-83a0-07d5b908fdfa,2026-06-21T00:28:27.832607+00:00,148,4,28.66,Home Depot,Atlanta,GA,5200,Chip Transaction,0
bd21d75e-fa1e-43b4-ab28-325d986f69c0,2026-08-10T23:23:27.832607+00:00,179,2,5.17,Netflix,Los Gatos,CA,4899,Chip Transaction,0
4341da0d-fdb4-4074-838a-ea3584e6a7d1,2026-06-26T19:15:27.832607+00:00,181,2,16.75,Whole Foods,Austin,TX,5411,Chip Transaction,0
3f1315d5-5f5a-464b-ad38-0240fb785552,2026-07-28T06:34:27.832607+00:00,104,3,9.26,Netflix,Los Gatos,CA,4899,Chip Transaction,0
16f4928e-9dd8-474d-bf56-19b0d1d4345a,2026-08-14T19:32:27.832607+00:00,141,0,18.82,Walmart,Bentonville,AR,5411,Chip Transaction,0
bbe73be3-8e71-44c0-9b70-3b5378734b12,2026-07-23T03:11:27.832607+00:00,12,1,4.79,Amazon,Seattle,WA,5942,Chip Transaction,0
0fe0290c-6ce1-4017-a1ab-f31a0629d525,2026-07-26T02:16:27.832607+00:00,11,3,7.38,Walmart,Bentonville,AR,5411,Online Transaction,0
91e2d286-e291-4c20-8001-010a7d8f95e8,2026-06-22T12:34:27.832607+00:00,144,4,14.45,Best Buy,Richfield,MN,5732,Chip Transaction,0
f0edd1ba-a1d9-4a9d-95fb-3af00e954b54,2026-07-17T17:51:27.832607+00:00,125,4,40.66,Shell,Houston,TX,5541,Swipe Transaction,0
3d5708a9-fe81-4e89-9ae3-63716c33760f,2026-06-23T06:10:27.832607+00:00,153,3,9.47,Costco,Issaquah,WA,5411,Swipe Transaction,0
6553e9f2-fd2e-4442-9eb0-8e2bc2b83026,2026-07-30T01:23:27.832607+00:00,115,2,127.21,Netflix,Los Gatos,CA,4899,Online Transaction,0
db2e6077-e3d1-4466-9c9e-047211dfef4e,2026-07-01T11:49:27.832607+00:00,248,1,140.32,Apple Store,Cupertino,CA,5732,Online Transaction,0
c5ba8e02-c219-457f-b402-e907590c64c9,2026-07-03T17:09:27.832607+00:00,91,4,7.63,Whole Foods,Austin,TX,5411,Swipe Transaction,0
64dfe98e-06d6-44f1-89af-3c40f63a54b9,2026-08-11T18:42:27.832607+00:00,50,3,58.9,Delta Airlines,Atlanta,GA,4511,Swipe Transaction,0
57e9c3d7-3f4d-43a2-96ae-df5801207629,2026-08-16T14:44:27.832607+00:00,66,0,14.45,Walmart,Bentonville,AR,5411,Swipe Transaction,0
0386c592-aa3c-4523-868c-eb4796e52fe5,2026-08-02T10:26:27.832607+00:00,26,3,9.36,CVS Pharmacy,Woonsocket,RI,5912,Chip Transaction,0
df3b6380-ced9-4379-9668-96787002acba,2026-07-11T16:14:27.832607+00:00,113,0,15.81,Apple Store,Cupertino,CA,5732,Online Transaction,0
74d9dbc3-f92d-4a41-9322-e3d843a18e17,2026-08-02T14:55:27.832607+00:00,246,2,22.51,Best Buy,Richfield,MN,5732,Chip Transaction,0
be616b35-6144-46e2-b7e6-368d3452dbc2,2026-08-15T22:54:27.832607+00:00,41,4,40.07,CVS Pharmacy,Woonsocket,RI,5912,Swipe Transaction,0
d8c3c6b9-0f71-45ca-a19b-61afa1dc8383,2026-06-22T12:05:27.832607+00:00,125,3,12.79,Delta Airlines,Atlanta,GA,4511,Swipe Transaction,0
580fd3f9-b6aa-48ce-a542-299828546fa8,2026-07-05T18:13:27.832607+00:00,64,0,21.95,Whole Foods,Austin,TX,5411,Chip Transaction,0
224d5c4f-909f-4b4e-a2cf-a9a15f7f85aa,2026-07-11T17:30:27.832607+00:00,108,2,29.05,Starbucks,Seattle,WA,5814,Chip Transaction,0
2d3aa904-e0b0-4e0a-a739-4127eb798ebb,2026-07-03T21:08:27.832607+00:00,229,4,9.4,Netflix,Los Gatos,CA,4899,Online Transaction,0
c47a56f1-25f5-44e2-88bd-955292951ba3,2026-08-02T10:56:27.832607+00:00,178,0,40.38,Amazon,Seattle,WA,5942,Chip Transaction,0
77684ea2-774d-4f68-ba0b-15a84cbcb5aa,2026-07-18T15:31:27.832607+00:00,234,0,12.39,Delta Airlines,Atlanta,GA,4511,Chip Transaction,0
cf3a0300-7989-4acd-93f6-dbefcbe1ad8a,2026-07-26T04:12:27.832607+00:00,83,2,20.34,Delta Airlines,Atlanta,GA,4511,Chip Transaction,0
f3c5ba52-1e7c-4d19-a403-91f84ebdc8cd,2026-06-18T02:08:27.832607+00:00,249,0,1201.47,QuickCash ATM,Unknown,NV,6011,Swipe Transaction,1
4fd47080-58ad-4b8d-9db5-ff7857439fb5,2026-07-10T07:24:27.832607+00:00,248,4,14.09,Shell,Houston,TX,5541,Chip Transaction,0
ebc3403a-290f-48f5-a694-666cb53a61a6,2026-07-08T06:20:27.832607+00:00,18,1,26.53,Apple Store,Cupertino,CA,5732,Swipe Transaction,0
0cf12fb1-0c48-4a69-9529-fb12486f0cec,2026-06-30T12:45:27.832607+00:00,199,3,22.44,Uber,San Francisco,CA,4121,Chip Transaction,0
d40f1a1c-926b-410c-b4d6-cb297571a474,2026-06-27T00:22:27.832607+00:00,214,2,36.06,Whole Foods,Austin,TX,5411,Chip Transaction,0
d352dea6-ed47-4654-bf2b-6220d1e3b9d4,2026-08-04T15:47:27.832607+00:00,90,2,8.58,Uber,San Francisco,CA,4121,Online Transaction,0
4539d9d8-b3b1-4146-9a35-53e45244e0e8,2026-07-02T11:52:27.832607+00:00,137,3,996.06,QuickCash ATM,Unknown,NV,6011,Online Transaction,1
a025a6d7-c409-4d83-b025-3dd713e61b9c,2026-07-23T12:02:27.832607+00:00,150,4,46.57,Target,Minneapolis,MN,5411,Swipe Transaction,0
44da673e-d7ef-4fc8-9e15-be742136d94a,2026-06-24T03:45:27.832607+00:00,39,3,65.35,Target,Minneapolis,MN,5411,Chip Transaction,0
bb978dcc-b91c-4cfe-9520-dc3bc77cc986,2026-07-25T08:39:27.832607+00:00,124,4,16.61,Amazon,Seattle,WA,5942,Chip Transaction,0
0585ddb6-9050-4d38-ad82-63390d9c9357,2026-07-07T03:15:27.832607+00:00,134,2,5.06,Uber,San Francisco,CA,4121,Chip Transaction,0
17bf7397-b878-412a-9b5d-b0278f19ab78,2026-06-24T06:44:27.832607+00:00,69,2,45.85,Walmart,Bentonville,AR,5411,Online Transaction,0
19f9f6c7-f1b6-44ba-8bc0-b0129ce75ed9,2026-07-17T09:01:27.832607+00:00,177,1,49.15,Amazon,Seattle,WA,5942,Chip Transaction,0
04453d29-42d5-402c-80ff-056601003560,2026-08-06T14:30:27.832607+00:00,97,0,21.31,Shell,Houston,TX,5541,Chip Transaction,0
cbb14b9d-de19-4a79-95c4-6898e0626ea0,2026-07-18T16:27:27.832607+00:00,39,1,56.1,Delta Airlines,Atlanta,GA,4511,Chip Transaction,0
c683965a-ec85-4086-8191-94432af30afe,2026-08-05T04:37:27.832607+00:00,1,0,18.16,CVS Pharmacy,Woonsocket,RI,5912,Chip Transaction,0
fcc4cb4e-acba-41a5-ae3f-bfd34b78dc1e,2026-07-23T05:50:27.832607+00:00,143,4,3.91,Walmart,Bentonville,AR,5411,Chip Transaction,0
e8fb7d97-64e2-47a8-89f0-f084e040632f,2026-07-22T23:56:27.832607+00:00,64,3,50.06,Costco,Issaquah,WA,5411,Swipe Transaction,0
a01f3e3b-f444-4b39-a5be-4f64e89b977f,2026-07-20T07:20:27.832607+00:00,226,0,152.91,CVS Pharmacy,Woonsocket,RI,5912,Online Transaction,0
c1ca3b2a-465b-4635-baf7-4bd6f1365068,2026-08-04T10:35:27.832607+00:00,219,0,28.73,Home Depot,Atlanta,GA,5200,Chip Transaction,0
72004198-c567-4e77-8433-a002f5858fe2,2026-07-18T08:11:27.832607+00:00,168,4,75.53,CVS Pharmacy,Woonsocket,RI,5912,Chip Transaction,0
a827fe51-2d9e-4072-9386-e9e2e60694e8,2026-08-12T23:51:27.832607+00:00,87,3,83.09,Shell,Houston,TX,5541,Online Transaction,0
481ddbed-4859-4213-be46-cfc9f9b91f85,2026-07-27T15:36:27.832607+00:00,206,4,28.77,McDonald's,Chicago,IL,5814,Chip Transaction,0
5ee652ea-090f-4b70-a295-06784d778a17,2026-06-24T01:38:27.832607+00:00,228,1,50.47,Target,Minneapolis,MN,5411,Chip Transaction,0
fb607cb5-3bdb-491b-aa0d-b7522f4c541f,2026-06-19T20:59:27.832607+00:00,115,3,66.19,Whole Foods,Austin,TX,5411,Chip Transaction,0
b3c1fd2d-ba03-4110-9ab4-73a21393f2d7,2026-07-24T06:56:27.832607+00:00,145,4,4.38,Walmart,Bentonville,AR,5411,Swipe Transaction,0
55cf7f13-04ee-4d3a-a636-2c6f4a87c8b0,2026-07-30T11:47:27.832607+00:00,215,2,11.8,Target,Minneapolis,MN,5411,Swipe Transaction,0
619d48be-3104-4092-9e50-6e9ba70f4f82,2026-06-24T13:40:27.832607+00:00,2,4,18.2,Delta Airlines,Atlanta,GA,4511,Chip Transaction,0
c06dfacf-e218-4ea0-96cc-986491df83da,2026-08-03T06:28:27.832607+00:00,91,3,1480.53,QuickCash ATM,Unknown,NV,6011,Online Transaction,1
c38df6d8-d82e-4a81-8f23-0575de5aebcd,2026-08-05T21:03:27.832607+00:00,162,0,5.45,Netflix,Los Gatos,CA,4899,Online Transaction,0
8d44af5c-9c7f-4838-b481-d0771471e174,2026-07-28T14:03:27.832607+00:00,238,4,3602.76,AnonymousGiftCards,Panama City,FOREIGN,5947,Online Transaction,1
6d25ee0c-9178-4721-b4a8-cbeb25cc23bd,2026-06-25T22:23:27.832607+00:00,11,4,17.13,Netflix,Los Gatos,CA,4899,Chip Transaction,0
6596797a-3561-4939-9088-80a13bd5f803,2026-07-12T16:46:27.832607+00:00,204,1,50.92,Delta Airlines,Atlanta,GA,4511,Chip Transaction,0
e1504d00-4dbb-4102-9a29-021f7e39c0eb,2026-08-05T05:33:27.832607+00:00,187,4,23.31,Amazon,Seattle,WA,5942,Chip Transaction,0
df00ae80-5f89-4866-bc75-cb589ad7d019,2026-07-03T06:29:27.832607+00:00,172,4,73.47,Walmart,Bentonville,AR,5411,Online Transaction,0
e56934a9-e86e-4571-8860-ff0f683d9ed6,2026-07-14T15:50:27.832607+00:00,102,0,57.14,Whole Foods,Austin,TX,5411,Chip Transaction,0
d9cfbd8c-6a2b-4980-8101-da2679c819ed,2026-07-01T22:11:27.832607+00:00,80,0,14.14,Delta Airlines,Atlanta,GA,4511,Swipe Transaction,0
fa3dbe84-536c-4808-83a7-2ec71f8d53d1,2026-06-30T15:24:27.832607+00:00,173,3,390.27,Shell,Houston,TX,5541,Online Transaction,0
71c89289-c2f9-4f2b-ba79-b57e844fb274,2026-06-30T22:13:27.832607+00:00,4,3,28.33,Best Buy,Richfield,MN,5732,Swipe Transaction,0
3ae5a6b3-0be8-43f4-bac2-ec0c1752eeb4,2026-06-22T02:25:27.832607+00:00,154,3,30.34,Netflix,Los Gatos,CA,4899,Swipe Transaction,0
47cad97a-37a9-4c42-892a-ad659b79a823,2026-08-03T20:48:27.832607+00:00,61,0,34.39,Netflix,Los Gatos,CA,4899,Chip Transaction,0
614a0116-26bc-4b65-83b1-9487f2e85f74,2026-07-31T23:01:27.832607+00:00,89,2,4.29,Starbucks,Seattle,WA,5814,Swipe Transaction,0
c2d827ae-b140-453e-bbc6-2cda33bc094a,2026-06-20T00:28:27.832607+00:00,42,1,35.68,Costco,Issaquah,WA,5411,Online Transaction,0
ff10cba0-ba21-4df3-9e58-ed944847bc44,2026-07-01T00:29:27.832607+00:00,34,4,653.07,OnlineElectronics,Shenzhen,FOREIGN,5732,Chip Transaction,1
43a97446-f1f4-4328-afd0-fa6ca4d7d62b,2026-07-20T20:06:27.832607+00:00,58,2,43.74,Whole Foods,Austin,TX,5411,Chip Transaction,0
d96bcf77-622f-436a-a2f0-e705f5b51144,2026-07-28T08:39:27.832607+00:00,19,0,50.84,Whole Foods,Austin,TX,5411,Chip Transaction,0
1c30b87f-53d2-42f5-b860-e6faf8f23b03,2026-07-28T01:12:27.832607+00:00,215,3,37.18,Starbucks,Seattle,WA,5814,Chip Transaction,0
971978bb-8450-4b44-bc28-1698ddb937b9,2026-07-05T03:21:27.832607+00:00,246,2,7.33,McDonald's,Chicago,IL,5814,Swipe Transaction,0
2db5b3bd-fa96-4641-841b-ea91cc91ae24,2026-07-04T22:55:27.832607+00:00,131,2,55.48,McDonald's,Chicago,IL,5814,Swipe Transaction,0
724b50c3-c1b4-4ec7-b42d-075ce6e22a38,2026-07-25T07:48:27.832607+00:00,165,4,28.43,Costco,Issaquah,WA,5411,Swipe Transaction,0
11da67ed-7743-4083-a945-ed1519d03633,2026-07-07T02:45:27.832607+00:00,49,2,146.4,Apple Store,Cupertino,CA,5732,Swipe Transaction,0
22a8dbae-b583-4f57-9fa3-4343090854d4,2026-08-03T19:56:27.832607+00:00,68,1,270.67,Starbucks,Seattle,WA,5814,Chip Transaction,0
dd4f304c-d981-429c-b59a-bf6962fc21d2,2026-07-15T00:33:27.832607+00:00,65,2,21.01,Apple Store,Cupertino,CA,5732,Chip Transaction,0
f8746a9d-af2f-4a7f-af95-49e33c57792b,2026-07-07T05:04:27.832607+00:00,135,2,13.75,Amazon,Seattle,WA,5942,Online Transaction,0
1d6b777b-177b-4d3e-9a13-f09b2545fde1,2026-07-30T19:18:27.832607+00:00,9,1,98.22,Whole Foods,Austin,TX,5411,Chip Transaction,0
8c9e39b9-3f52-4316-abaf-a89236990b7d,2026-07-13T08:24:27.832607+00:00,126,4,30.29,Starbucks,Seattle,WA,5814,Swipe Transaction,0
b14a8b61-c3ec-4a71-afa7-b00c74786d17,2026-07-01T18:53:27.832607+00:00,231,4,77.54,Target,Minneapolis,MN,5411,Chip Transaction,0
05e813df-d5c3-4457-a5ec-03f96c019e6f,2026-06-26T18:51:27.832607+00:00,122,0,24.81,McDonald's,Chicago,IL,5814,Chip Transaction,0
b8753857-a348-4ca5-b63c-9f7045c683ae,2026-07-12T21:47:27.832607+00:00,88,1,121.71,Delta Airlines,Atlanta,GA,4511,Chip Transaction,0
a022655c-3cea-4c79-be57-131be70a799d,2026-08-04T21:25:27.832607+00:00,183,3,15.24,Amazon,Seattle,WA,5942,Online Transaction,0
581e6e64-de0a-4dfa-a874-babc8d099a2c,2026-06-23T21:48:27.832607+00:00,171,0,48.66,Netflix,Los Gatos,CA,4899,Chip Transaction,0
bc10152c-8f42-45c4-860e-e3a8a3daf01f,2026-06-30T11:36:27.832607+00:00,192,0,25.68,Best Buy,Richfield,MN,5732,Swipe Transaction,0
711a0559-7271-414b-9f8d-1dab6c4a817c,2026-07-27T08:01:27.832607+00:00,202,4,31.74,Uber,San Francisco,CA,4121,Swipe Transaction,0
79f64c5c-4138-420d-9a0c-631af938517a,2026-08-04T12:06:27.832607+00:00,45,1,6.34,Walmart,Bentonville,AR,5411,Swipe Transaction,0
08d5799c-d8a9-42d9-80d7-d11da302996e,2026-06-20T05:19:27.832607+00:00,36,3,21.75,McDonald's,Chicago,IL,5814,Swipe Transaction,0
214debed-3dec-4eed-b382-eab8727057d3,2026-07-29T21:27:27.832607+00:00,197,4,73.99,CVS Pharmacy,Woonsocket,RI,5912,Chip Transaction,0
f938bab6-c8f8-4363-82b7-e0e94c42ca63,2026-06-21T03:46:27.832607+00:00,161,1,23.12,McDonald's,Chicago,IL,5814,Chip Transaction,0
c2d6bd72-89bf-4e30-8570-4bc013683468,2026-08-04T11:56:27.832607+00:00,25,2,1110.03,AnonymousGiftCards,Panama City,FOREIGN,5947,Online Transaction,1
949798a8-b000-41b8-9cfb-3db8dc7ddb25,2026-07-31T14:31:27.832607+00:00,82,0,46.6,Netflix,Los Gatos,CA,4899,Chip Transaction,0
bec3bd1c-a389-4ba8-84a8-a2c267066755,2026-07-18T12:09:27.832607+00:00,194,0,17.63,Best Buy,Richfield,MN,5732,Swipe Transaction,0
3d294758-33b5-46e7-8128-b685d23c35b9,2026-06-26T08:46:27.832607+00:00,3,0,94.49,Apple Store,Cupertino,CA,5732,Swipe Transaction,0
4a2a88dc-8ed3-4c10-8242-1ebbf16582b8,2026-07-23T15:53:27.832607+00:00,41,1,25.65,Uber,San Francisco,CA,4121,Chip Transaction,0
be31a27e-1369-4575-95cb-7664e065cc43,2026-07-03T18:21:27.832607+00:00,151,3,143.33,Whole Foods,Austin,TX,5411,Swipe Transaction,0
e67ef8ef-571f-44b5-8a14-db5995b5915f,2026-07-09T05:55:27.832607+00:00,219,0,10.84,McDonald's,Chicago,IL,5814,Chip Transaction,0
793479a5-9522-4e2d-8366-328b887deb93,2026-07-16T08:46:27.832607+00:00,47,1,28.73,Walmart,Bentonville,AR,5411,Chip Transaction,0
7c7393ed-6bbc-45d6-b757-dba0f7795861,2026-07-24T11:53:27.832607+00:00,128,3,20.6,Starbucks,Seattle,WA,5814,Swipe Transaction,0
6058241f-2437-43ac-bfc7-72bb7c9c3224,2026-07-28T10:34:27.832607+00:00,197,2,40.83,Delta Airlines,Atlanta,GA,4511,Swipe Transaction,0
c4d78e47-8e2b-47f4-8780-ab93111f15a3,2026-06-29T08:55:27.832607+00:00,121,3,34.74,Uber,San Francisco,CA,4121,Chip Transaction,0
9f9b59ef-5093-4350-95de-75834b82ab6c,2026-08-09T23:17:27.832607+00:00,202,3,108.65,McDonald's,Chicago,IL,5814,Chip Transaction,0
a787130b-9677-4dd6-bb69-4ea6a7678620,2026-08-09T00:44:27.832607+00:00,101,3,32.68,Best Buy,Richfield,MN,5732,Chip Transaction,0
bd9fd526-8a5c-4904-aab7-f14955e07ac0,2026-07-10T06:28:27.832607+00:00,217,0,49.71,Apple Store,Cupertino,CA,5732,Chip Transaction,0
e4506144-cdce-4f7e-af48-0a1d193e91b3,2026-07-05T23:27:27.832607+00:00,63,0,17.24,Whole Foods,Austin,TX,5411,Swipe Transaction,0
b76c9c0a-07df-44a4-af0a-550b547d206c,2026-07-27T22:53:27.832607+00:00,227,2,86.16,CVS Pharmacy,Woonsocket,RI,5912,Swipe Transaction,0
3552c2ad-26b5-4d7b-b588-034aa81bcf8e,2026-07-18T03:10:27.832607+00:00,187,0,44.14,Delta Airlines,Atlanta,GA,4511,Chip Transaction,0
55a4b804-efe0-4880-993d-64ec1362135a,2026-07-04T14:29:27.832607+00:00,153,2,24.47,CVS Pharmacy,Woonsocket,RI,5912,Chip Transaction,0
08ba2113-0ca3-4880-9767-d72cc4a38574,2026-07-05T19:32:27.832607+00:00,241,0,79.91,Shell,Houston,TX,5541,Swipe Transaction,0
35f86ed0-7efb-40a3-96a9-29ba1279da0c,2026-07-31T02:29:27.832607+00:00,53,3,7.21,Walmart,Bentonville,AR,5411,Swipe Transaction,0
8217341e-ce66-437e-a8fb-1e0629a8bf36,2026-07-26T06:26:27.832607+00:00,86,3,7.65,Best Buy,Richfield,MN,5732,Online Transaction,0
99b29201-f935-450f-9b8e-861d5fa783f6,2026-07-20T15:55:27.832607+00:00,101,3,11.51,Best Buy,Richfield,MN,5732,Online Transaction,0
fef9d6f2-b3bb-4b2a-b259-d42213abcfd3,2026-07-27T23:34:27.832607+00:00,237,0,32.9,Amazon,Seattle,WA,5942,Chip Transaction,0
004c3f98-b2c2-43a3-9737-43b4e15b9dfc,2026-08-11T21:36:27.832607+00:00,223,0,20.45,Walmart,Bentonville,AR,5411,Chip Transaction,0
c4cfd5ba-1fb0-4659-bfdf-a5140a9bd1c5,2026-07-20T10:48:27.832607+00:00,196,1,11.47,Home Depot,Atlanta,GA,5200,Swipe Transaction,0
c9b00f2e-0b1b-408c-9ebd-c89ce98f34cc,2026-07-04T10:24:27.832607+00:00,41,3,40.9,McDonald's,Chicago,IL,5814,Chip Transaction,0
3c81ca15-cf86-421e-92b5-35fbe9d7827b,2026-06-20T13:57:27.832607+00:00,101,3,48.53,CVS Pharmacy,Woonsocket,RI,5912,Swipe Transaction,0
3720c820-9be1-43c6-bc4c-473da87a5b42,2026-07-05T20:30:27.832607+00:00,183,0,17.05,Amazon,Seattle,WA,5942,Swipe Transaction,0
a0e5ade3-f0a4-4855-b311-a3540ecff6b9,2026-07-04T15:15:27.832607+00:00,84,2,11.44,Target,Minneapolis,MN,5411,Online Transaction,0
349a63f7-7ca6-4b2a-a831-9c1200d57237,2026-06-27T19:39:27.832607+00:00,179,0,43.31,Costco,Issaquah,WA,5411,Chip Transaction,0
54b3b2a2-5e45-4f56-ba9f-61ef000908e3,2026-07-28T11:43:27.832607+00:00,108,0,24.97,Netflix,Los Gatos,CA,4899,Online Transaction,0
9d384e91-c317-4dbc-beb2-127672de32b8,2026-08-02T13:03:27.832607+00:00,178,1,14.68,Netflix,Los Gatos,CA,4899,Chip Transaction,0
fd27f648-f9d3-4faf-b6cb-e8e4caf2fd1a,2026-06-22T12:00:27.832607+00:00,17,4,7.34,Home Depot,Atlanta,GA,5200,Swipe Transaction,0
